HIERARCHY
ROOT Root
{
  OFFSET 0.0 0.0 0.0
  CHANNELS 6 Xposition Yposition Zposition Zrotation Yrotation Xrotation
  JOINT Hips
  {
    OFFSET 0.0 100.0 0.0
    CHANNELS 6 Xposition Yposition Zposition Zrotation Yrotation Xrotation
    JOINT Spine1
    {
      OFFSET -0.013727 5.003763 -0.053727
      CHANNELS 3 Zrotation Yrotation Xrotation
      JOINT Spine2
      {
        OFFSET -0.0 7.125301 -0.029825
        CHANNELS 3 Zrotation Yrotation Xrotation
        JOINT Chest
        {
          OFFSET -1e-06 7.550063 -0.815971
          CHANNELS 3 Zrotation Yrotation Xrotation
          JOINT Neck1
          {
            OFFSET -0.181677 26.311295 -0.553348
            CHANNELS 3 Zrotation Yrotation Xrotation
            JOINT Neck2
            {
              OFFSET -3e-06 7.709397 2.302585
              CHANNELS 3 Zrotation Yrotation Xrotation
              JOINT Head
              {
                OFFSET -5e-06 6.128916 1.953709
                CHANNELS 3 Zrotation Yrotation Xrotation
                JOINT HeadEnd
                {
                  OFFSET 0.003598 16.065403 -1.835379
                  CHANNELS 3 Zrotation Yrotation Xrotation
                }
                JOINT Jaw
                {
                  OFFSET 0.002637 0.475592 3.094941
                  CHANNELS 3 Zrotation Yrotation Xrotation
                }
                JOINT LeftEye
                {
                  OFFSET 3.206381 5.380205 7.586883
                  CHANNELS 3 Zrotation Yrotation Xrotation
                }
                JOINT RightEye
                {
                  OFFSET -3.22244 5.361869 7.558234
                  CHANNELS 3 Zrotation Yrotation Xrotation
                }
              }
            }
          }
          JOINT LeftShoulder
          {
            OFFSET 1.621652 23.237164 5.113413
            CHANNELS 3 Zrotation Yrotation Xrotation
            JOINT LeftArm
            {
              OFFSET 14.919846 2e-06 -5.502326
              CHANNELS 3 Zrotation Yrotation Xrotation
              JOINT LeftForeArm
              {
                OFFSET 28.739307 0.0 -0.002588
                CHANNELS 3 Zrotation Yrotation Xrotation
                JOINT LeftHand
                {
                  OFFSET 27.093981 -1e-06 0.002609
                  CHANNELS 3 Zrotation Yrotation Xrotation
                  JOINT LeftHandThumb1
                  {
                    OFFSET 2.276482 -1.392045 3.191413
                    CHANNELS 3 Zrotation Yrotation Xrotation
                    JOINT LeftHandThumb2
                    {
                      OFFSET 4.012836 -1.828127 1.641654
                      CHANNELS 3 Zrotation Yrotation Xrotation
                      JOINT LeftHandThumb3
                      {
                        OFFSET 2.798515 0.0 -3e-06
                        CHANNELS 3 Zrotation Yrotation Xrotation
                        JOINT LeftHandThumbEnd
                        {
                          OFFSET 3.180793 -4e-06 4e-06
                          CHANNELS 3 Zrotation Yrotation Xrotation
                        }
                      }
                    }
                  }
                  JOINT LeftHandIndex1
                  {
                    OFFSET 3.247555 -0.531998 2.296169
                    CHANNELS 3 Zrotation Yrotation Xrotation
                    JOINT LeftHandIndex2
                    {
                      OFFSET 6.364578 0.01206 0.1786
                      CHANNELS 3 Zrotation Yrotation Xrotation
                      JOINT LeftHandIndex3
                      {
                        OFFSET 3.662364 0.0 0.0
                        CHANNELS 3 Zrotation Yrotation Xrotation
                        JOINT LeftHandIndex4
                        {
                          OFFSET 2.329242 4e-06 4e-06
                          CHANNELS 3 Zrotation Yrotation Xrotation
                          JOINT LeftHandIndexEnd
                          {
                            OFFSET 2.759615 -0.180537 -0.113024
                            CHANNELS 3 Zrotation Yrotation Xrotation
                          }
                        }
                      }
                    }
                  }
                  JOINT LeftHandMiddle1
                  {
                    OFFSET 3.163495 0.240981 1.000332
                    CHANNELS 3 Zrotation Yrotation Xrotation
                    JOINT LeftHandMiddle2
                    {
                      OFFSET 6.19078 -0.259278 -1.002548
                      CHANNELS 3 Zrotation Yrotation Xrotation
                      JOINT LeftHandMiddle3
                      {
                        OFFSET 4.35652 -4e-06 -1e-06
                        CHANNELS 3 Zrotation Yrotation Xrotation
                        JOINT LeftHandMiddle4
                        {
                          OFFSET 2.996877 -8e-06 0.0
                          CHANNELS 3 Zrotation Yrotation Xrotation
                          JOINT LeftHandMiddleEnd
                          {
                            OFFSET 2.304287 -0.294569 -0.031741
                            CHANNELS 3 Zrotation Yrotation Xrotation
                          }
                        }
                      }
                    }
                  }
                  JOINT LeftHandRing1
                  {
                    OFFSET 2.882643 -0.053652 -0.322543
                    CHANNELS 3 Zrotation Yrotation Xrotation
                    JOINT LeftHandRing2
                    {
                      OFFSET 5.854541 -0.486202 -1.373841
                      CHANNELS 3 Zrotation Yrotation Xrotation
                      JOINT LeftHandRing3
                      {
                        OFFSET 4.350578 0.0 3e-06
                        CHANNELS 3 Zrotation Yrotation Xrotation
                        JOINT LeftHandRing4
                        {
                          OFFSET 2.651321 7e-06 2e-06
                          CHANNELS 3 Zrotation Yrotation Xrotation
                          JOINT LeftHandRingEnd
                          {
                            OFFSET 1.936105 0.077687 -7.1e-05
                            CHANNELS 3 Zrotation Yrotation Xrotation
                          }
                        }
                      }
                    }
                  }
                  JOINT LeftHandPinky1
                  {
                    OFFSET 2.8655 -0.310005 -1.600378
                    CHANNELS 3 Zrotation Yrotation Xrotation
                    JOINT LeftHandPinky2
                    {
                      OFFSET 5.087849 -1.331141 -1.77123
                      CHANNELS 3 Zrotation Yrotation Xrotation
                      JOINT LeftHandPinky3
                      {
                        OFFSET 3.070974 4e-06 0.0
                        CHANNELS 3 Zrotation Yrotation Xrotation
                        JOINT LeftHandPinky4
                        {
                          OFFSET 1.549672 0.0 1e-06
                          CHANNELS 3 Zrotation Yrotation Xrotation
                          JOINT LeftHandPinkyEnd
                          {
                            OFFSET 1.944893 -0.157802 0.057219
                            CHANNELS 3 Zrotation Yrotation Xrotation
                          }
                        }
                      }
                    }
                  }
                }
              }
            }
          }
          JOINT RightShoulder
          {
            OFFSET -1.380118 23.180309 5.214158
            CHANNELS 3 Zrotation Yrotation Xrotation
            JOINT RightArm
            {
              OFFSET -15.037196 1.2e-05 -5.545604
              CHANNELS 3 Zrotation Yrotation Xrotation
              JOINT RightForeArm
              {
                OFFSET -28.736639 2e-06 -0.002597
                CHANNELS 3 Zrotation Yrotation Xrotation
                JOINT RightHand
                {
                  OFFSET -27.133619 -0.0 0.002613
                  CHANNELS 3 Zrotation Yrotation Xrotation
                  JOINT RightHandThumb1
                  {
                    OFFSET -2.274032 -1.383988 3.163127
                    CHANNELS 3 Zrotation Yrotation Xrotation
                    JOINT RightHandThumb2
                    {
                      OFFSET -4.011429 -1.827466 1.640914
                      CHANNELS 3 Zrotation Yrotation Xrotation
                      JOINT RightHandThumb3
                      {
                        OFFSET -2.794935 -4e-06 -3e-06
                        CHANNELS 3 Zrotation Yrotation Xrotation
                        JOINT RightHandThumbEnd
                        {
                          OFFSET -3.183852 4e-06 1e-06
                          CHANNELS 3 Zrotation Yrotation Xrotation
                        }
                      }
                    }
                  }
                  JOINT RightHandIndex1
                  {
                    OFFSET -3.253266 -0.520057 2.282866
                    CHANNELS 3 Zrotation Yrotation Xrotation
                    JOINT RightHandIndex2
                    {
                      OFFSET -6.341917 0.012471 0.178266
                      CHANNELS 3 Zrotation Yrotation Xrotation
                      JOINT RightHandIndex3
                      {
                        OFFSET -3.654871 -8e-06 -0.0
                        CHANNELS 3 Zrotation Yrotation Xrotation
                        JOINT RightHandIndex4
                        {
                          OFFSET -2.327586 0.0 1e-06
                          CHANNELS 3 Zrotation Yrotation Xrotation
                          JOINT RightHandIndexEnd
                          {
                            OFFSET -2.76179 -0.180656 -0.113078
                            CHANNELS 3 Zrotation Yrotation Xrotation
                          }
                        }
                      }
                    }
                  }
                  JOINT RightHandMiddle1
                  {
                    OFFSET -3.168106 0.246593 1.00103
                    CHANNELS 3 Zrotation Yrotation Xrotation
                    JOINT RightHandMiddle2
                    {
                      OFFSET -6.180828 -0.258836 -1.000895
                      CHANNELS 3 Zrotation Yrotation Xrotation
                      JOINT RightHandMiddle3
                      {
                        OFFSET -4.348901 0.0 -0.0
                        CHANNELS 3 Zrotation Yrotation Xrotation
                        JOINT RightHandMiddle4
                        {
                          OFFSET -3.00024 -4e-06 -2e-06
                          CHANNELS 3 Zrotation Yrotation Xrotation
                          JOINT RightHandMiddleEnd
                          {
                            OFFSET -2.30252 -0.29437 -0.031706
                            CHANNELS 3 Zrotation Yrotation Xrotation
                          }
                        }
                      }
                    }
                  }
                  JOINT RightHandRing1
                  {
                    OFFSET -2.88569 -0.067952 -0.308858
                    CHANNELS 3 Zrotation Yrotation Xrotation
                    JOINT RightHandRing2
                    {
                      OFFSET -5.854198 -0.48613 -1.373731
                      CHANNELS 3 Zrotation Yrotation Xrotation
                      JOINT RightHandRing3
                      {
                        OFFSET -4.33881 -4e-06 -0.0
                        CHANNELS 3 Zrotation Yrotation Xrotation
                        JOINT RightHandRing4
                        {
                          OFFSET -2.654903 -4e-06 4e-06
                          CHANNELS 3 Zrotation Yrotation Xrotation
                          JOINT RightHandRingEnd
                          {
                            OFFSET -1.933568 0.077527 -5.2e-05
                            CHANNELS 3 Zrotation Yrotation Xrotation
                          }
                        }
                      }
                    }
                  }
                  JOINT RightHandPinky1
                  {
                    OFFSET -2.866425 -0.342796 -1.584145
                    CHANNELS 3 Zrotation Yrotation Xrotation
                    JOINT RightHandPinky2
                    {
                      OFFSET -5.091371 -1.332055 -1.772385
                      CHANNELS 3 Zrotation Yrotation Xrotation
                      JOINT RightHandPinky3
                      {
                        OFFSET -3.062664 -4e-06 1e-06
                        CHANNELS 3 Zrotation Yrotation Xrotation
                        JOINT RightHandPinky4
                        {
                          OFFSET -1.546529 4e-06 -2e-06
                          CHANNELS 3 Zrotation Yrotation Xrotation
                          JOINT RightHandPinkyEnd
                          {
                            OFFSET -1.945119 -0.157718 0.057211
                            CHANNELS 3 Zrotation Yrotation Xrotation
                          }
                        }
                      }
                    }
                  }
                }
              }
            }
          }
        }
      }
    }
    JOINT LeftLeg
    {
      OFFSET 10.043214 -8.434526 2.595655
      CHANNELS 3 Zrotation Yrotation Xrotation
      JOINT LeftShin
      {
        OFFSET -1e-06 -43.221752 -0.802913
        CHANNELS 3 Zrotation Yrotation Xrotation
        JOINT LeftFoot
        {
          OFFSET 1e-06 -42.155094 -3.481523
          CHANNELS 3 Zrotation Yrotation Xrotation
          JOINT LeftToeBase
          {
            OFFSET 0.0 -5.059472 13.231529
            CHANNELS 3 Zrotation Yrotation Xrotation
            JOINT LeftToeEnd
            {
              OFFSET -0.009607 -1.647619 6.513017
              CHANNELS 3 Zrotation Yrotation Xrotation
            }
          }
        }
      }
    }
    JOINT RightLeg
    {
      OFFSET -10.047278 -8.29526 2.620317
      CHANNELS 3 Zrotation Yrotation Xrotation
      JOINT RightShin
      {
        OFFSET 1e-06 -43.362206 -0.805556
        CHANNELS 3 Zrotation Yrotation Xrotation
        JOINT RightFoot
        {
          OFFSET 2e-06 -42.117393 -3.478398
          CHANNELS 3 Zrotation Yrotation Xrotation
          JOINT RightToeBase
          {
            OFFSET -0.0 -5.079609 13.284196
            CHANNELS 3 Zrotation Yrotation Xrotation
            JOINT RightToeEnd
            {
              OFFSET 0.009532 -1.634378 6.460591
              CHANNELS 3 Zrotation Yrotation Xrotation
            }
          }
        }
      }
    }
  }
}
MOTION
Frames: 180
Frame Time: 0.03333333333333333
0.0 0.0 0.0 0.0 -0.0 0.0 -1.202625 97.127808 -4.973217 5.086533 0.151181 -6.178017 -1.598056 0.454042 0.174865 -0.985708 1.405186 -5.303149 -3.027498 -0.84621 12.997361 -4.452092 6.062444 16.208624 -0.715276 -0.845258 -3.888109 2.944768 -1.715854 -11.584759 7.7e-05 -2.2e-05 6e-06 0.034443 -0.015603 -0.031194 0.669098 -3.768241 -10.659225 -0.608064 3.746637 -10.708117 -19.539715 -3.053107 15.215993 -56.690166 -0.681458 13.199553 0.000192 -27.157343 0.392636 8.264892 3.442219 -32.925014 -5.882108 9.861288 0.70259 -10.936875 -0.360575 7.156206 0.0 8.774828 -2e-06 -15.55057 17.979408 6.446939 -1.844032 2.498505 -2.507277 -10.163602 4.678946 4.621109 -20.97603 -3e-06 2e-06 -21.226294 2.451697 -3.594001 0.0 -6e-06 -1e-06 -1.362682 2.240799 -0.746323 -21.334921 0.584909 3.008322 -13.821217 -4e-06 2e-06 -23.887171 -0.249079 -0.839483 -60.804939 2.648657 -0.971416 -0.294024 1.679688 0.833256 -14.218212 0.093214 1.30058 -34.212063 -0.287564 0.96717 -20.033222 0.964536 1.212842 -1e-06 0.0 -1e-06 -3.44039 0.788233 0.501656 -15.928192 -3.16731 2.999707 -6.338829 -0.0 1e-06 -18.123455 3.648183 -4.905673 -3e-06 0.0 -2e-06 11.445751 11.664933 15.93524 66.315475 9.964513 23.236979 -0.681637 16.06974 -0.14057 -2.831795 0.321838 -21.836157 2.243541 -5.255037 -3.180158 14.282892 -0.826594 6.952503 -3e-06 -12.690607 0.0 16.289919 -17.553564 2.290658 1.665666 -1.955921 -2.878299 4.727798 -4.170588 4.993925 11.020526 3e-06 -0.0 12.109051 -3.735716 -2.866782 0.0 -0.0 -0.0 1.291986 -1.92855 -1.49809 14.800129 0.567468 3.86561 14.242571 -1.341737 -6.660657 19.631968 0.143925 -0.648244 49.509007 -0.221681 -6.326427 0.353029 -1.51115 -0.031941 20.222795 3.684311 2.316631 18.787273 5e-06 -1e-06 10.751631 -0.479869 1.397906 -2e-06 -1e-06 -0.0 3.273807 0.305947 -0.580111 21.486814 11.830376 2.266134 8.162928 2e-06 -0.0 18.399076 -3.798988 -4.940574 3e-06 1e-06 -1e-06 -7.266818 8.309742 -12.012965 -0.031289 0.077026 1.059573 -1.171028 10.819118 15.217554 1.725174 -2.002547 -2.492697 0.0 -0.0 2e-06 -4.720071 -0.020617 23.784563 -0.179837 0.312117 16.234346 1.428317 -10.521845 -7.992508 -1.433056 0.780737 -8.490416 0.0 0.0 -2e-06 
0.0 0.0 0.0 0.0 -0.0 0.0 -0.206003 97.365036 -1.612507 6.545272 0.206223 -6.979403 -2.27294 0.482284 0.124361 -1.052926 1.501607 -5.320599 -3.717566 -0.814504 12.964222 -4.447306 6.215002 16.831764 -0.819283 -0.876238 -3.887918 2.96157 -1.955406 -11.390225 7.7e-05 -2.2e-05 6e-06 0.039943 0.054109 -0.025845 0.653023 -3.702939 -10.653646 -0.582464 3.816516 -10.708792 -19.318811 -2.441131 15.262929 -57.158619 0.108459 12.816526 -0.214827 -28.846291 0.389054 8.915991 3.037449 -31.869164 -5.882107 9.861286 0.70259 -10.936873 -0.360576 7.156208 0.0 8.774826 -2e-06 -15.67134 17.958794 6.254355 -1.844032 2.498504 -2.507279 -10.163602 4.678945 4.621109 -20.976027 -4e-06 2e-06 -21.226292 2.451696 -3.594 0.0 -6e-06 -1e-06 -1.362682 2.240798 -0.746323 -21.334921 0.58491 3.008323 -13.821218 -2e-06 2e-06 -23.887178 -0.24908 -0.839483 -60.878002 2.654395 -1.165535 -0.294025 1.679687 0.833256 -14.218211 0.093215 1.300581 -34.212048 -0.287565 0.967172 -20.033216 0.964537 1.212845 0.0 -0.0 0.0 -3.440389 0.788233 0.501656 -15.928191 -3.167309 2.999708 -6.338828 -1e-06 1e-06 -18.123453 3.648183 -4.905673 -2e-06 1e-06 -1e-06 11.047461 11.507934 16.250048 66.949409 8.835174 22.488895 -0.667765 16.222105 -0.139459 -3.032982 0.106336 -21.79553 2.243542 -5.255037 -3.180159 14.282894 -0.826594 6.952502 -3e-06 -12.690605 1e-06 16.569889 -17.815605 2.383532 1.665666 -1.955921 -2.878298 4.7278 -4.170588 4.993923 11.020529 4e-06 -2e-06 12.109055 -3.735715 -2.866786 0.0 0.0 -0.0 1.291986 -1.92855 -1.49809 14.800132 0.567468 3.865609 14.242577 -1.341736 -6.660659 19.631973 0.143927 -0.648246 50.028145 -0.206303 -6.285048 0.353029 -1.51115 -0.03194 20.222795 3.684311 2.31663 18.787273 6e-06 -2e-06 10.751629 -0.479869 1.397907 -1e-06 -0.0 2e-06 3.273808 0.305947 -0.58011 21.486818 11.830377 2.266133 8.16293 2e-06 -0.0 18.399084 -3.798983 -4.940575 3e-06 1e-06 -1e-06 -9.081056 8.894311 -9.312106 -0.086036 0.087903 1.55258 0.517818 9.587767 13.974334 1.707109 -2.06792 -1.278814 0.0 1e-06 2e-06 -7.048922 -0.059547 22.798794 -0.16833 0.403833 23.115234 2.186454 -10.064643 -4.329946 -1.483362 0.775563 -11.365149 -0.0 0.0 -1e-06 
0.0 0.0 0.0 0.0 -0.0 0.0 0.800608 97.604156 1.646869 7.854201 0.151459 -7.873888 -2.878439 0.491581 0.13839 -1.16068 1.506742 -5.300239 -4.210639 -0.675822 12.951174 -4.458503 6.328585 17.421434 -0.799276 -0.899287 -3.826329 2.914144 -1.986609 -11.28822 7.7e-05 -2.3e-05 6e-06 0.041463 0.074901 -0.011082 0.638171 -3.678489 -10.619843 -0.564937 3.830825 -10.673792 -19.034733 -2.029482 15.391021 -57.498535 0.822758 13.107748 -0.277967 -30.728472 0.343338 9.297426 2.690732 -31.152363 -5.88211 9.861293 0.702592 -10.936877 -0.360573 7.156209 -0.0 8.774831 -0.0 -15.769294 17.987083 6.164186 -1.844034 2.498507 -2.507279 -10.163605 4.678949 4.621111 -20.976034 -2e-06 1e-06 -21.226299 2.451699 -3.594003 1e-06 -6e-06 -0.0 -1.362683 2.240801 -0.746323 -21.334927 0.584912 3.008323 -13.821222 -0.0 1e-06 -23.887184 -0.249077 -0.839486 -60.90694 2.580517 -1.395452 -0.294024 1.679688 0.833256 -14.218215 0.093216 1.30058 -34.212067 -0.287562 0.967167 -20.033222 0.964539 1.212842 1e-06 0.0 -0.0 -3.44039 0.788235 0.501656 -15.928192 -3.167309 2.999707 -6.338829 -0.0 1e-06 -18.123459 3.648186 -4.905675 -3e-06 0.0 -2e-06 10.746053 11.274732 16.571316 67.266922 7.942928 21.590092 -0.459386 16.705391 -0.096513 -3.28476 0.093969 -21.725788 2.243542 -5.255039 -3.180159 14.282894 -0.826597 6.952503 0.0 -12.690611 1e-06 16.698256 -17.942266 2.389456 1.665666 -1.955922 -2.878298 4.727799 -4.170589 4.993925 11.020526 1e-06 -2e-06 12.109055 -3.735719 -2.866785 0.0 -0.0 -1e-06 1.291986 -1.92855 -1.49809 14.800129 0.567466 3.865607 14.242576 -1.34174 -6.660658 19.631969 0.143923 -0.648246 50.200726 -0.173748 -6.338684 0.353029 -1.511152 -0.03194 20.222797 3.684309 2.31663 18.787281 2e-06 -2e-06 10.751632 -0.47987 1.397906 -0.0 -0.0 2e-06 3.273807 0.305947 -0.58011 21.486816 11.830378 2.266133 8.16293 1e-06 -1e-06 18.399086 -3.798989 -4.940579 3e-06 1e-06 -1e-06 -10.713934 9.392471 -6.333165 -0.0901 0.048046 1.949956 1.511017 9.065026 11.169598 1.692541 -2.087898 -0.676717 0.0 -0.0 2e-06 -9.265057 0.146741 20.926712 -0.134721 0.593362 31.152132 3.116592 -9.319826 0.518526 -1.523336 0.779884 -13.14887 0.0 0.0 -3e-06 
0.0 0.0 0.0 0.0 -0.0 0.0 1.726072 97.687622 4.871197 8.921343 -0.140676 -8.737782 -3.424898 0.527907 0.298011 -1.254669 1.526659 -5.218626 -4.506855 -0.592117 12.93724 -4.541414 6.470503 17.696146 -0.68797 -0.780605 -3.784504 2.80896 -1.865788 -11.511373 7.7e-05 -2.2e-05 6e-06 0.044092 0.076315 0.011664 0.637826 -3.676378 -10.598524 -0.560052 3.830126 -10.652906 -18.769018 -1.832557 15.448806 -57.564945 1.267505 13.837416 -0.29735 -32.12706 0.296103 9.408728 2.479371 -30.584816 -5.882106 9.86129 0.70259 -10.936873 -0.360576 7.156205 1e-06 8.77483 -2e-06 -15.867064 17.968309 6.109678 -1.844032 2.498506 -2.507278 -10.163601 4.678944 4.621107 -20.976027 -6e-06 1e-06 -21.22629 2.451694 -3.594002 -0.0 -5e-06 -0.0 -1.362682 2.240799 -0.746324 -21.334917 0.584907 3.008322 -13.821217 -4e-06 1e-06 -23.887175 -0.249081 -0.839482 -60.859848 2.577302 -1.525564 -0.294024 1.679688 0.833256 -14.218212 0.093213 1.30058 -34.212063 -0.287568 0.967169 -20.033215 0.964534 1.212844 0.0 0.0 -0.0 -3.440388 0.788234 0.501655 -15.928189 -3.167313 2.999707 -6.338826 -1e-06 1e-06 -18.123447 3.648183 -4.905674 -2e-06 1e-06 -2e-06 10.651881 11.085608 16.822815 67.180038 7.432127 21.294561 -0.310628 17.476566 -0.06842 -3.446718 0.105483 -21.548267 2.243542 -5.255038 -3.180157 14.282894 -0.826596 6.952501 -1e-06 -12.690609 0.0 16.732927 -17.952932 2.387729 1.665667 -1.955922 -2.878298 4.7278 -4.170589 4.993922 11.020529 2e-06 -1e-06 12.109055 -3.735718 -2.866783 0.0 -0.0 -0.0 1.291986 -1.92855 -1.49809 14.800131 0.567467 3.865608 14.242577 -1.341739 -6.660657 19.631973 0.143925 -0.648245 50.179268 -0.130956 -6.27792 0.353029 -1.511151 -0.03194 20.222797 3.684309 2.316629 18.787275 3e-06 -3e-06 10.751629 -0.479869 1.397905 -1e-06 0.0 2e-06 3.273807 0.305947 -0.580111 21.486816 11.830378 2.26613 8.16293 1e-06 -1e-06 18.399088 -3.798985 -4.94058 3e-06 1e-06 0.0 -12.118102 10.051007 -3.599449 -0.087201 0.03605 2.437928 2.448844 8.919473 8.307087 1.675676 -2.104969 -0.452835 -0.0 -1e-06 2e-06 -11.186911 0.60103 18.113295 -0.058909 0.722847 39.669441 4.004913 -8.946566 5.142102 -1.498395 0.796777 -10.20218 0.0 -0.0 -3e-06 
0.0 0.0 0.0 0.0 -0.0 0.0 2.509568 97.675247 7.876523 9.822822 -0.606197 -9.53848 -3.932535 0.55782 0.616167 -1.356991 1.546533 -5.084035 -4.72449 -0.545745 12.95469 -4.580183 6.521317 17.759644 -0.572114 -0.564056 -3.768164 2.755009 -1.658281 -12.276239 7.7e-05 -2.3e-05 6e-06 0.044141 0.087571 0.035748 0.650878 -3.663549 -10.577631 -0.573741 3.840744 -10.634507 -18.399107 -1.964612 15.492881 -57.382347 1.118378 14.981718 -0.302346 -32.588432 0.24092 9.454327 2.421746 -30.301092 -5.88211 9.86129 0.70259 -10.936875 -0.360573 7.156206 -1e-06 8.774828 -0.0 -15.863326 17.926874 6.136394 -1.844033 2.498506 -2.507278 -10.163603 4.678947 4.621109 -20.97603 -2e-06 -0.0 -21.226297 2.451699 -3.594004 1e-06 -6e-06 -0.0 -1.362682 2.240799 -0.746323 -21.334921 0.584913 3.008322 -13.821219 0.0 0.0 -23.88718 -0.249077 -0.839487 -60.772362 2.607325 -1.50016 -0.294025 1.679688 0.833256 -14.218213 0.093216 1.30058 -34.212059 -0.287563 0.967167 -20.033218 0.964538 1.212841 0.0 1e-06 -0.0 -3.440389 0.788235 0.501656 -15.928189 -3.167309 2.999707 -6.338828 -0.0 1e-06 -18.123453 3.648186 -4.905675 -5e-06 0.0 -2e-06 10.604844 10.903295 17.013521 67.035965 7.587493 21.137373 -0.165321 18.22086 -0.045333 -3.841336 0.225242 -20.936972 2.243541 -5.255037 -3.180158 14.28289 -0.826593 6.952504 -4e-06 -12.690607 2e-06 16.712801 -17.882143 2.371008 1.665666 -1.955922 -2.878298 4.727799 -4.170588 4.993924 11.020528 4e-06 -0.0 12.109053 -3.735715 -2.866784 0.0 -0.0 -1e-06 1.291985 -1.92855 -1.498089 14.800129 0.56747 3.865608 14.242571 -1.341735 -6.660657 19.631969 0.143928 -0.648243 50.079018 -0.116245 -6.170184 0.353029 -1.511151 -0.03194 20.222794 3.684314 2.316631 18.787273 7e-06 -0.0 10.751629 -0.479868 1.397906 -0.0 -1e-06 1e-06 3.273807 0.305948 -0.58011 21.486818 11.830381 2.266134 8.162929 3e-06 1e-06 18.39908 -3.798985 -4.940575 3e-06 1e-06 -1e-06 -13.238492 10.814939 -1.776458 -0.040792 0.063363 4.240281 3.150792 9.0385 5.273064 1.651858 -2.124802 -0.367087 0.0 -0.0 2e-06 -12.715067 1.206207 14.436519 0.023581 0.737766 47.999027 4.448088 -8.936439 8.265054 -1.454256 0.865514 -4.920187 -0.0 0.0 -1e-06 
0.0 0.0 0.0 0.0 -0.0 0.0 3.117355 97.718506 10.63674 10.199908 -0.935359 -10.145388 -4.190031 0.549028 0.991551 -1.451568 1.456667 -4.916683 -4.804639 -0.690069 12.989346 -4.530626 6.496142 17.741709 -0.568042 -0.336527 -3.747802 2.816206 -1.441824 -13.257867 7.7e-05 -2.2e-05 6e-06 0.041811 0.113503 0.052993 0.663738 -3.63728 -10.579723 -0.591437 3.868039 -10.634398 -17.920019 -2.311085 15.559564 -57.041969 0.243544 16.332256 -0.285736 -32.131561 0.167845 9.472691 2.620717 -29.659367 -5.882108 9.86129 0.70259 -10.936875 -0.360576 7.156209 -0.0 8.774828 -1e-06 -15.795574 17.916771 6.219357 -1.844033 2.498506 -2.507279 -10.163602 4.678947 4.62111 -20.97603 -3e-06 2e-06 -21.226294 2.451698 -3.594002 1e-06 -6e-06 -0.0 -1.362682 2.240799 -0.746324 -21.334917 0.584909 3.008324 -13.821217 -2e-06 1e-06 -23.887177 -0.249078 -0.839484 -60.703777 2.662877 -1.407832 -0.294025 1.679688 0.833256 -14.218212 0.093215 1.300581 -34.212059 -0.287562 0.967169 -20.033222 0.964537 1.212845 1e-06 1e-06 -1e-06 -3.440389 0.788233 0.501656 -15.928189 -3.167311 2.999708 -6.338827 -1e-06 1e-06 -18.123447 3.648184 -4.905672 -5e-06 -0.0 -2e-06 10.442456 10.772482 17.115597 67.165276 8.273092 20.782795 -0.046701 18.717634 -0.024973 -4.788635 0.448605 -20.354046 2.243542 -5.255038 -3.180158 14.282892 -0.826596 6.952499 -1e-06 -12.690605 1e-06 16.722807 -17.838326 2.342205 1.665666 -1.955921 -2.878298 4.727798 -4.170588 4.993924 11.020526 2e-06 -2e-06 12.109053 -3.735717 -2.866784 0.0 -0.0 -0.0 1.291986 -1.92855 -1.49809 14.800129 0.567467 3.865607 14.242571 -1.341738 -6.660658 19.631968 0.143925 -0.648246 50.086681 -0.089214 -6.060011 0.353029 -1.511151 -0.031939 20.222794 3.684309 2.316631 18.787273 4e-06 -2e-06 10.751627 -0.479869 1.397906 -1e-06 -1e-06 0.0 3.273807 0.305947 -0.58011 21.486813 11.830374 2.266131 8.162928 2e-06 0.0 18.399082 -3.798985 -4.940578 4e-06 -0.0 -2e-06 -13.672372 11.365276 0.157251 0.012779 0.056093 5.213474 3.485506 9.161533 2.926313 1.630748 -2.133498 -0.28507 0.0 -0.0 2e-06 -13.259702 1.659807 10.242007 0.068284 0.653121 55.129253 4.408424 -9.060224 7.185077 -1.477395 0.925363 -2.797236 -0.0 -0.0 0.0 
0.0 0.0 0.0 0.0 -0.0 0.0 3.58477 97.88662 13.085383 9.804113 -0.968441 -10.482004 -4.063094 0.476548 1.365573 -1.478095 1.230392 -4.729965 -4.641748 -1.050786 12.962298 -4.430174 6.512725 17.785007 -0.611715 -0.198397 -3.733295 2.86326 -1.234524 -13.995874 7.7e-05 -2.2e-05 6e-06 0.039007 0.13257 0.059827 0.66901 -3.619566 -10.584929 -0.601816 3.889938 -10.638583 -17.344128 -2.814751 15.598752 -56.769077 -1.049572 17.61305 -0.234456 -31.309475 0.09986 9.422359 3.006281 -28.767042 -5.88211 9.86129 0.70259 -10.936878 -0.360575 7.156207 1e-06 8.774828 -1e-06 -15.776846 17.885336 6.280668 -1.844034 2.498506 -2.507278 -10.163606 4.678946 4.621108 -20.976038 -5e-06 1e-06 -21.226301 2.451697 -3.594002 1e-06 -6e-06 -1e-06 -1.362682 2.240799 -0.746324 -21.334929 0.584908 3.008321 -13.82122 -3e-06 0.0 -23.887184 -0.24908 -0.839486 -60.633244 2.673136 -1.250862 -0.294025 1.679688 0.833256 -14.218219 0.093215 1.300579 -34.212074 -0.287566 0.967167 -20.03323 0.964535 1.212843 1e-06 0.0 -0.0 -3.44039 0.788233 0.501655 -15.928198 -3.167311 2.999706 -6.338831 -1e-06 -1e-06 -18.123459 3.648183 -4.905674 -3e-06 0.0 -2e-06 10.240864 10.665255 17.173037 67.48101 9.095454 20.013636 -0.002575 19.115385 -0.01106 -5.83891 0.707315 -20.269176 2.243543 -5.25504 -3.18016 14.282905 -0.826595 6.952506 -4e-06 -12.690617 2e-06 16.751745 -17.845446 2.345108 1.665669 -1.955923 -2.878301 4.727804 -4.170591 4.993927 11.020539 3e-06 -1e-06 12.109066 -3.735718 -2.866786 1e-06 0.0 -0.0 1.291987 -1.928551 -1.498089 14.800146 0.567469 3.865609 14.242588 -1.341737 -6.660663 19.63199 0.143927 -0.648246 50.170372 -0.078585 -6.017384 0.353029 -1.511151 -0.03194 20.222815 3.684315 2.316631 18.787296 7e-06 -2e-06 10.751639 -0.479868 1.397906 -0.0 -0.0 0.0 3.27381 0.305949 -0.580111 21.486841 11.830388 2.266134 8.162937 3e-06 -2e-06 18.399103 -3.798987 -4.94058 4e-06 0.0 -2e-06 -13.266419 11.485137 2.254578 0.027849 0.001177 5.070669 3.510705 9.197248 1.333685 1.625569 -2.112811 -0.232075 0.0 -0.0 2e-06 -12.625979 1.762196 5.731629 0.079943 0.482696 60.542305 3.983444 -9.817583 4.040074 -1.504317 0.954602 -2.215931 -0.0 -0.0 -2e-06 
0.0 0.0 0.0 0.0 -0.0 0.0 3.962733 98.130394 15.179974 8.851269 -0.69484 -10.618419 -3.7486 0.347592 1.769825 -1.428113 0.890893 -4.541409 -4.228323 -1.531368 12.861609 -4.2372 6.504903 17.895424 -0.627702 -0.17523 -3.733516 2.789037 -1.00781 -14.406785 7.7e-05 -2.2e-05 6e-06 0.034114 0.132577 0.06325 0.668933 -3.621055 -10.591529 -0.610539 3.892763 -10.643582 -16.585833 -3.482039 15.632834 -56.679054 -2.460773 18.618935 -0.153656 -30.760157 0.053674 9.311579 3.405306 -28.076998 -5.882114 9.861295 0.70259 -10.936885 -0.360576 7.156212 1e-06 8.774835 -1e-06 -15.781222 17.835541 6.286872 -1.844035 2.498507 -2.50728 -10.163612 4.67895 4.621112 -20.976053 -5e-06 1e-06 -21.226315 2.451697 -3.594005 -0.0 -6e-06 -0.0 -1.362683 2.240801 -0.746324 -21.334942 0.584909 3.008324 -13.821233 -4e-06 1e-06 -23.887201 -0.249081 -0.839484 -60.533051 2.674998 -1.134179 -0.294025 1.67969 0.833257 -14.218227 0.093213 1.300581 -34.212097 -0.287569 0.967171 -20.033241 0.964535 1.212845 1e-06 -0.0 0.0 -3.440393 0.788234 0.501656 -15.928206 -3.167314 2.999709 -6.338833 -3e-06 0.0 -18.12347 3.648183 -4.905676 -4e-06 1e-06 -2e-06 10.129951 10.541459 17.173088 67.809456 9.81689 18.924164 0.01136 19.450693 0.005535 -6.575851 1.006716 -20.438883 2.243544 -5.255041 -3.18016 14.282905 -0.826595 6.952506 -2e-06 -12.690616 1e-06 16.767685 -17.851046 2.373933 1.665668 -1.955922 -2.8783 4.727804 -4.170592 4.993927 11.020536 3e-06 -1e-06 12.109064 -3.735719 -2.866788 1e-06 0.0 -0.0 1.291987 -1.928551 -1.49809 14.800142 0.567469 3.865608 14.242586 -1.341738 -6.660663 19.631987 0.143926 -0.648246 50.220016 -0.091151 -6.036199 0.35303 -1.511153 -0.03194 20.222815 3.684314 2.316631 18.787296 6e-06 -3e-06 10.751639 -0.479868 1.397906 -2e-06 -0.0 0.0 3.27381 0.305947 -0.580111 21.486834 11.830385 2.266133 8.162937 3e-06 -1e-06 18.399103 -3.798986 -4.940584 4e-06 1e-06 -3e-06 -12.288175 11.291693 4.256572 0.005089 -0.068119 4.405193 3.361481 9.121251 0.296327 1.625496 -2.064715 -0.141494 0.0 -0.0 2e-06 -11.257318 1.521478 1.154508 0.069994 0.277599 63.835873 3.655919 -10.73975 1.168576 -1.495556 0.948799 -2.110652 -0.0 -0.0 -1e-06 
0.0 0.0 0.0 0.0 -0.0 0.0 4.277369 98.358299 17.089718 7.735369 -0.15931 -10.679978 -3.477636 0.189531 2.209154 -1.351928 0.494817 -4.344893 -3.686431 -2.03243 12.749101 -3.866902 6.338751 18.041327 -0.624879 -0.188399 -3.738088 2.620851 -0.812935 -14.622677 7.7e-05 -2.3e-05 6e-06 0.028523 0.115562 0.070374 0.666953 -3.638612 -10.600945 -0.618522 3.877107 -10.648937 -15.67717 -4.246568 15.709539 -56.639954 -3.885902 19.222963 -0.074616 -30.776388 0.019076 9.186683 3.696321 -27.602539 -5.882109 9.861292 0.702591 -10.936875 -0.360573 7.156208 -1e-06 8.77483 1e-06 -15.788221 17.812967 6.272882 -1.844033 2.498505 -2.507279 -10.163602 4.678948 4.621112 -20.976027 1e-06 2e-06 -21.226292 2.451701 -3.594004 -0.0 -6e-06 0.0 -1.362682 2.240798 -0.746323 -21.334921 0.584914 3.008325 -13.821218 1e-06 1e-06 -23.887178 -0.249076 -0.839485 -60.48101 2.698082 -1.065442 -0.294025 1.679688 0.833256 -14.218212 0.093216 1.300582 -34.212055 -0.287559 0.967171 -20.033218 0.96454 1.212843 0.0 0.0 0.0 -3.440389 0.788233 0.501656 -15.928189 -3.167308 2.999709 -6.338828 0.0 1e-06 -18.123447 3.648187 -4.905672 -4e-06 0.0 -2e-06 10.197302 10.351789 17.072767 68.040268 10.358469 17.768562 0.025135 19.732651 0.021175 -6.975038 1.419283 -20.429657 2.243541 -5.255037 -3.180158 14.28289 -0.826594 6.952502 -3e-06 -12.690604 0.0 16.747795 -17.822102 2.416145 1.665665 -1.95592 -2.878298 4.727798 -4.170586 4.993924 11.020524 4e-06 -0.0 12.109049 -3.735715 -2.866783 2e-06 -0.0 -0.0 1.291985 -1.928549 -1.498089 14.800125 0.567469 3.865607 14.242569 -1.341735 -6.660656 19.631968 0.143926 -0.648243 50.181286 -0.138053 -6.065746 0.353029 -1.51115 -0.031939 20.222786 3.684312 2.316631 18.78727 5e-06 1e-06 10.751625 -0.479868 1.397905 -1e-06 -0.0 0.0 3.273806 0.305947 -0.58011 21.486813 11.830376 2.266134 8.162927 3e-06 -0.0 18.399078 -3.798985 -4.940572 4e-06 1e-06 -2e-06 -11.135438 10.938035 6.038527 -0.029818 -0.126768 3.871597 3.060622 8.872493 -0.800452 1.62733 -2.008838 -0.004144 0.0 -0.0 2e-06 -9.791492 0.939544 -3.196902 0.049283 0.090842 64.735962 3.674318 -11.350207 -1.149453 -1.460542 0.913826 -2.184043 0.0 -0.0 -3e-06 
0.0 0.0 0.0 0.0 -0.0 0.0 4.543697 98.520035 19.032181 6.733936 0.522173 -10.708105 -3.307058 0.047241 2.628242 -1.293328 0.109621 -4.164604 -3.149502 -2.484334 12.690868 -3.370697 6.007096 18.160995 -0.611786 -0.144827 -3.737318 2.416373 -0.723115 -14.737784 7.7e-05 -2.3e-05 6e-06 0.024802 0.088594 0.079355 0.664174 -3.664306 -10.604948 -0.621989 3.849167 -10.649626 -14.818099 -4.99374 15.772597 -56.494434 -5.21384 19.30637 -0.0661 -31.309311 0.005917 9.167769 3.863978 -27.357754 -5.88211 9.861295 0.702591 -10.936877 -0.360574 7.156209 -0.0 8.774833 -1e-06 -15.811051 17.824604 6.266097 -1.844034 2.498508 -2.507279 -10.163606 4.678948 4.62111 -20.976038 -2e-06 1e-06 -21.226301 2.451701 -3.594005 1e-06 -6e-06 -0.0 -1.362683 2.240801 -0.746323 -21.334929 0.584911 3.008324 -13.821223 -2e-06 1e-06 -23.887184 -0.249077 -0.839486 -60.47694 2.701852 -1.011006 -0.294025 1.679688 0.833256 -14.218218 0.093215 1.300581 -34.212074 -0.287564 0.967171 -20.033226 0.964537 1.212843 -0.0 0.0 -1e-06 -3.44039 0.788234 0.501655 -15.928196 -3.167313 2.999709 -6.33883 0.0 1e-06 -18.123459 3.648187 -4.905674 -4e-06 0.0 -2e-06 10.478059 10.038562 16.893135 68.075974 10.708012 16.748335 0.040052 19.994814 0.034727 -7.214254 1.907182 -20.25131 2.243544 -5.255043 -3.180159 14.282903 -0.826598 6.952507 -0.0 -12.69062 0.0 16.687841 -17.785599 2.467645 1.665668 -1.955924 -2.878301 4.727803 -4.170594 4.993928 11.020536 1e-06 -1e-06 12.109061 -3.735723 -2.866787 1e-06 -0.0 0.0 1.291986 -1.928551 -1.49809 14.800139 0.567467 3.86561 14.242584 -1.34174 -6.660663 19.631977 0.143925 -0.648246 50.083824 -0.208361 -6.082221 0.353029 -1.511153 -0.031939 20.222805 3.684311 2.316631 18.787287 1e-06 -3e-06 10.751634 -0.47987 1.397907 -2e-06 -0.0 1e-06 3.27381 0.305947 -0.580111 21.486828 11.830386 2.266135 8.162932 1e-06 -1e-06 18.399097 -3.798992 -4.940581 4e-06 1e-06 -3e-06 -10.079629 10.551414 7.680513 -0.054123 -0.144736 3.505302 2.759812 8.423979 -1.871503 1.633766 -1.940395 0.13348 -0.0 -0.0 2e-06 -8.590066 0.147375 -7.035182 0.002438 -0.068975 63.181751 3.808547 -11.773572 -2.830518 -1.43942 0.883469 -2.310197 0.0 -0.0 -4e-06 
0.0 0.0 0.0 0.0 -0.0 0.0 4.776258 98.613098 21.077736 5.900131 1.268162 -10.682665 -3.202266 -0.067884 2.996774 -1.257794 -0.246922 -4.020929 -2.665038 -2.862393 12.69419 -2.830222 5.568389 18.223335 -0.615293 -0.068346 -3.731526 2.228886 -0.720503 -14.859121 7.7e-05 -2.3e-05 6e-06 0.02334 0.064159 0.086348 0.659202 -3.685869 -10.601004 -0.61894 3.822045 -10.643203 -14.030197 -5.708803 15.790491 -56.303818 -6.49394 18.967009 -0.144523 -32.067581 0.043771 9.326509 3.992941 -27.364534 -5.882107 9.861284 0.702589 -10.936872 -0.360575 7.156204 0.0 8.774822 -0.0 -15.811598 17.864275 6.27541 -1.844033 2.498506 -2.507278 -10.163602 4.678945 4.621107 -20.976028 -3e-06 -0.0 -21.226292 2.451696 -3.594002 -0.0 -6e-06 0.0 -1.362682 2.240798 -0.746324 -21.334915 0.58491 3.008321 -13.821215 -2e-06 0.0 -23.887173 -0.249079 -0.839486 -60.454102 2.689921 -0.986608 -0.294025 1.679686 0.833256 -14.218209 0.093216 1.30058 -34.212051 -0.287564 0.967167 -20.033211 0.964536 1.212841 -0.0 0.0 -1e-06 -3.440389 0.788232 0.501656 -15.928187 -3.167309 2.999705 -6.338825 0.0 -0.0 -18.123449 3.648182 -4.905673 -4e-06 1e-06 -2e-06 10.869182 9.614264 16.711765 68.008644 10.970899 15.80434 0.050977 20.183514 0.0399 -7.426083 2.445466 -20.170965 2.243542 -5.255036 -3.180157 14.282888 -0.826594 6.9525 -3e-06 -12.690601 2e-06 16.610184 -17.77737 2.511523 1.665666 -1.955921 -2.878298 4.727798 -4.170585 4.993923 11.020524 3e-06 -1e-06 12.109051 -3.735715 -2.866783 1e-06 -0.0 -0.0 1.291985 -1.928549 -1.498089 14.800125 0.567469 3.865606 14.242568 -1.341735 -6.660655 19.631962 0.143927 -0.648245 49.946156 -0.284807 -6.094324 0.353029 -1.511151 -0.031939 20.222788 3.684309 2.316628 18.787275 6e-06 -1e-06 10.751625 -0.479868 1.397906 -0.0 0.0 -1e-06 3.273806 0.305947 -0.580111 21.486813 11.830373 2.266131 8.162926 2e-06 -1e-06 18.39908 -3.798981 -4.940574 4e-06 1e-06 -1e-06 -9.156233 10.109344 9.312094 -0.061763 -0.131472 3.119542 2.477031 7.933262 -2.96944 1.64192 -1.882653 0.284271 0.0 -0.0 2e-06 -7.663991 -0.614504 -10.364013 -0.071914 -0.181208 59.272377 3.904513 -12.249197 -3.907265 -1.443986 0.891391 -2.400321 0.0 -0.0 -4e-06 
0.0 0.0 0.0 0.0 -0.0 0.0 4.974535 98.638199 23.146645 5.253673 1.988507 -10.5583 -3.14728 -0.15597 3.285082 -1.2326 -0.568667 -3.917481 -2.28129 -3.159718 12.707623 -2.273637 5.089907 18.235476 -0.640157 -0.024426 -3.727872 2.072999 -0.701835 -14.978415 7.7e-05 -2.2e-05 6e-06 0.022142 0.048544 0.08652 0.649368 -3.696316 -10.587161 -0.610773 3.801898 -10.627522 -13.265197 -6.393771 15.752165 -56.208527 -7.672503 18.446077 -0.255171 -32.840321 0.109397 9.621284 4.15168 -27.676325 -5.882109 9.861286 0.702588 -10.936874 -0.360577 7.156205 1e-06 8.774825 -0.0 -15.776384 17.902012 6.288716 -1.844033 2.498507 -2.507278 -10.163603 4.678945 4.621108 -20.97603 -3e-06 -0.0 -21.226295 2.451696 -3.594004 1e-06 -6e-06 0.0 -1.362682 2.240798 -0.746324 -21.334923 0.584909 3.008321 -13.821219 -3e-06 0.0 -23.887182 -0.249081 -0.839487 -60.394051 2.679791 -0.988873 -0.294025 1.679689 0.833256 -14.218213 0.093216 1.30058 -34.212063 -0.287566 0.967167 -20.033215 0.964535 1.212843 -0.0 0.0 -0.0 -3.44039 0.788234 0.501655 -15.928189 -3.16731 2.999706 -6.338829 -1e-06 0.0 -18.123453 3.64818 -4.905673 -4e-06 1e-06 -2e-06 11.234397 9.188537 16.542536 67.990143 11.155323 14.917813 0.049247 20.254786 0.041261 -7.665559 2.883162 -20.222212 2.243543 -5.255038 -3.180159 14.282896 -0.826594 6.952502 -3e-06 -12.69061 1e-06 16.537485 -17.791964 2.53805 1.665667 -1.955923 -2.878299 4.7278 -4.170589 4.993925 11.020531 2e-06 -3e-06 12.109058 -3.735718 -2.866787 -0.0 0.0 -0.0 1.291987 -1.92855 -1.49809 14.800134 0.567467 3.865607 14.242579 -1.341736 -6.660661 19.631975 0.143928 -0.648247 49.802658 -0.360004 -6.108342 0.353029 -1.511151 -0.03194 20.222801 3.684311 2.316629 18.787285 6e-06 -3e-06 10.751635 -0.479868 1.397905 -0.0 -0.0 -1e-06 3.273808 0.305946 -0.580112 21.486824 11.830382 2.266132 8.162931 3e-06 -1e-06 18.399092 -3.798983 -4.940578 4e-06 0.0 -2e-06 -8.489364 9.626182 10.779159 -0.063141 -0.102224 2.707899 2.323674 7.498771 -3.978461 1.647983 -1.865002 0.411379 0.0 -1e-06 2e-06 -6.986335 -1.16378 -13.15653 -0.123438 -0.195353 53.344563 3.702863 -12.838331 -4.075105 -1.449874 0.935814 -2.529067 -0.0 -0.0 0.0 
0.0 0.0 0.0 0.0 -0.0 0.0 5.135949 98.589432 25.164953 4.791641 2.637551 -10.291005 -3.150813 -0.22188 3.448551 -1.204321 -0.866352 -3.850889 -2.013064 -3.378819 12.698377 -1.698532 4.613401 18.211094 -0.666394 -0.030335 -3.733349 1.961083 -0.637312 -15.0727 7.7e-05 -2.2e-05 6e-06 0.018786 0.037024 0.083624 0.636277 -3.703666 -10.575714 -0.603809 3.78684 -10.612282 -12.509233 -7.030513 15.651258 -56.236092 -8.677937 18.116673 -0.289812 -33.52298 0.134622 9.877177 4.324116 -27.962494 -5.882114 9.861296 0.702591 -10.936886 -0.360574 7.156212 0.0 8.774837 -1e-06 -15.756738 17.932316 6.284566 -1.844036 2.498507 -2.507281 -10.163614 4.67895 4.621111 -20.976053 -4e-06 -1e-06 -21.226318 2.451697 -3.594006 -0.0 -6e-06 0.0 -1.362684 2.240801 -0.746325 -21.334944 0.584909 3.008324 -13.821235 -3e-06 -1e-06 -23.887203 -0.249081 -0.839487 -60.326588 2.684504 -0.999722 -0.294025 1.679689 0.833257 -14.218228 0.093216 1.30058 -34.212097 -0.287566 0.967168 -20.033241 0.964536 1.212844 1e-06 -0.0 -0.0 -3.440393 0.788234 0.501656 -15.928206 -3.167312 2.999708 -6.338833 -1e-06 0.0 -18.12347 3.648186 -4.905677 -3e-06 0.0 -3e-06 11.510129 8.828272 16.368702 68.075577 11.228476 14.155164 0.01205 20.227488 0.036383 -7.85822 3.098941 -20.224495 2.243544 -5.25504 -3.180159 14.282903 -0.826596 6.952505 -2e-06 -12.690614 -0.0 16.476086 -17.799183 2.559667 1.665668 -1.955923 -2.8783 4.727802 -4.170591 4.993926 11.020535 2e-06 -2e-06 12.10906 -3.735718 -2.866787 1e-06 0.0 -1e-06 1.291987 -1.928551 -1.49809 14.800139 0.567469 3.865608 14.242585 -1.341738 -6.660663 19.631985 0.143926 -0.648247 49.718449 -0.420989 -6.104809 0.353029 -1.511151 -0.03194 20.222809 3.684312 2.316629 18.787287 5e-06 -3e-06 10.751637 -0.479869 1.397905 -0.0 -0.0 -1e-06 3.27381 0.305948 -0.580111 21.486832 11.830383 2.266132 8.162933 2e-06 -2e-06 18.399099 -3.798987 -4.94058 5e-06 0.0 -2e-06 -8.032703 9.089952 11.992075 -0.069828 -0.077716 2.481003 2.218488 7.199916 -5.076838 1.650371 -1.879712 0.493791 -0.0 -0.0 2e-06 -6.552572 -1.506832 -15.314604 -0.11483 -0.118048 45.928005 3.12216 -13.354814 -3.024869 -1.444558 1.000162 -2.726169 -0.0 0.0 -1e-06 
0.0 0.0 0.0 0.0 -0.0 0.0 5.273213 98.473564 27.207035 4.489533 3.200067 -9.894693 -3.20119 -0.276895 3.494155 -1.174207 -1.118734 -3.815661 -1.846881 -3.530086 12.668174 -1.129037 4.130357 18.140783 -0.68394 -0.044393 -3.736293 1.898693 -0.567476 -15.151043 7.7e-05 -2.2e-05 6e-06 0.012445 0.027295 0.079801 0.625422 -3.711147 -10.569489 -0.605089 3.77505 -10.60043 -11.758862 -7.61382 15.502148 -56.365253 -9.509014 18.103535 -0.250671 -34.154465 0.126922 9.993814 4.516871 -28.008802 -5.88211 9.861292 0.702591 -10.936875 -0.360574 7.156209 -1e-06 8.774828 -0.0 -15.810758 17.955484 6.23724 -1.844034 2.498506 -2.507279 -10.163605 4.678949 4.62111 -20.976034 -2e-06 2e-06 -21.226301 2.451699 -3.594004 -0.0 -5e-06 -1e-06 -1.362682 2.2408 -0.746324 -21.334923 0.584911 3.008325 -13.82122 0.0 1e-06 -23.887182 -0.249078 -0.839485 -60.326908 2.70045 -1.025932 -0.294025 1.679688 0.833256 -14.218215 0.093216 1.300581 -34.212067 -0.28756 0.967169 -20.033222 0.964539 1.212843 1e-06 -0.0 -1e-06 -3.44039 0.788235 0.501655 -15.928192 -3.167309 2.999708 -6.338829 1e-06 1e-06 -18.123457 3.648187 -4.905674 -4e-06 0.0 -2e-06 11.648376 8.545121 16.17017 68.283142 11.183004 13.505323 -0.019943 20.113947 0.026362 -7.915186 3.12393 -19.910734 2.243541 -5.255036 -3.180156 14.282887 -0.826594 6.952502 -2e-06 -12.690603 -0.0 16.421461 -17.76483 2.58034 1.665665 -1.955921 -2.878298 4.727798 -4.170587 4.993923 11.020524 3e-06 -1e-06 12.109049 -3.735715 -2.866783 1e-06 -0.0 -0.0 1.291985 -1.92855 -1.498089 14.800123 0.567468 3.865608 14.242566 -1.341737 -6.660657 19.631962 0.143925 -0.648244 49.682194 -0.454495 -6.098399 0.353029 -1.511149 -0.03194 20.222786 3.684309 2.316631 18.787268 5e-06 -1e-06 10.751624 -0.479869 1.397907 -0.0 -0.0 -1e-06 3.273806 0.305947 -0.58011 21.486807 11.830373 2.266134 8.162926 1e-06 1e-06 18.399076 -3.798985 -4.940573 5e-06 0.0 -2e-06 -7.7426 8.543935 13.046372 -0.079769 -0.048495 2.312807 2.132035 7.056975 -6.221819 1.652123 -1.913518 0.574905 -0.0 -0.0 2e-06 -6.363219 -1.700623 -16.760954 -0.064168 -0.030035 37.177132 2.43348 -13.350818 -0.79189 -1.434185 1.068272 -2.854411 0.0 0.0 -1e-06 
0.0 0.0 0.0 0.0 -0.0 0.0 5.392111 98.292007 29.326571 4.306711 3.682287 -9.440701 -3.287414 -0.294355 3.47112 -1.149536 -1.304456 -3.818479 -1.742319 -3.653623 12.63807 -0.59492 3.657567 18.028225 -0.697301 -0.00691 -3.72912 1.895948 -0.55707 -15.229562 7.7e-05 -2.2e-05 6e-06 0.003951 0.03165 0.078381 0.618947 -3.708173 -10.569391 -0.61513 3.780741 -10.596394 -11.039285 -8.115913 15.372194 -56.575649 -10.20584 18.338589 -0.173822 -34.792255 0.108366 9.946678 4.775329 -27.865601 -5.882106 9.861286 0.70259 -10.936872 -0.360574 7.156205 -0.0 8.774827 0.0 -15.881937 17.983845 6.171511 -1.844032 2.498505 -2.507277 -10.163597 4.678946 4.621109 -20.976021 -3e-06 3e-06 -21.226282 2.451698 -3.593999 0.0 -5e-06 -0.0 -1.362681 2.240799 -0.746323 -21.334911 0.584911 3.008325 -13.821213 -1e-06 4e-06 -23.887165 -0.249077 -0.839483 -60.398296 2.737115 -1.077048 -0.294025 1.679688 0.833255 -14.218207 0.093216 1.300582 -34.212048 -0.28756 0.967171 -20.033211 0.964538 1.212843 1e-06 -0.0 -2e-06 -3.440388 0.788233 0.501656 -15.928185 -3.167309 2.999708 -6.338825 0.0 1e-06 -18.123444 3.648185 -4.905669 -3e-06 1e-06 -1e-06 11.656878 8.325708 15.969987 68.597969 11.035028 12.840975 0.011203 19.93376 0.03442 -7.813627 3.054791 -19.358522 2.243543 -5.25504 -3.180158 14.282896 -0.826596 6.952504 -1e-06 -12.69061 1e-06 16.388617 -17.721689 2.58932 1.665667 -1.955923 -2.878299 4.7278 -4.170592 4.993925 11.020529 2e-06 -2e-06 12.109055 -3.735719 -2.866786 1e-06 -0.0 -0.0 1.291987 -1.928549 -1.49809 14.800132 0.567468 3.865608 14.242577 -1.341738 -6.660661 19.631971 0.143926 -0.648247 49.718971 -0.458377 -6.118335 0.353029 -1.511151 -0.03194 20.222801 3.684311 2.316629 18.787283 4e-06 -4e-06 10.751633 -0.479869 1.397906 -0.0 -1e-06 0.0 3.273808 0.305946 -0.580111 21.48682 11.83038 2.266133 8.16293 2e-06 -0.0 18.399088 -3.798988 -4.940578 4e-06 0.0 -2e-06 -7.549706 8.031181 14.089177 -0.083405 0.002904 2.113453 2.019953 7.078437 -7.391933 1.649658 -1.956041 0.632481 -0.0 -0.0 2e-06 -6.319684 -1.902218 -17.451113 -0.003261 -0.007686 27.450382 2.292289 -12.377431 2.02918 -1.424352 1.130542 -2.875034 -0.0 0.0 -1e-06 
0.0 0.0 0.0 0.0 -0.0 0.0 5.483972 98.018852 31.592358 4.273897 4.090973 -8.996084 -3.426172 -0.248271 3.403264 -1.14832 -1.425771 -3.867027 -1.69851 -3.776296 12.64978 -0.085919 3.259574 17.91386 -0.724101 0.046325 -3.708387 1.928732 -0.644177 -15.382547 7.7e-05 -2.3e-05 6e-06 -0.004414 0.066832 0.082105 0.619317 -3.675148 -10.571177 -0.632098 3.818187 -10.599323 -10.430204 -8.512216 15.291795 -56.807747 -10.755682 18.82428 0.014978 -35.422012 0.040336 9.783747 5.051777 -27.893381 -5.882106 9.861286 0.702591 -10.93687 -0.360573 7.156204 -1e-06 8.774826 -1e-06 -15.916151 18.035311 6.154696 -1.844032 2.498505 -2.507277 -10.163597 4.678945 4.621109 -20.976021 -2e-06 2e-06 -21.226282 2.451698 -3.594001 0.0 -5e-06 -1e-06 -1.362682 2.240799 -0.746324 -21.334911 0.58491 3.008322 -13.821211 -1e-06 1e-06 -23.887167 -0.249078 -0.839484 -60.457859 2.745179 -1.142655 -0.294025 1.679686 0.833255 -14.218205 0.093216 1.300582 -34.212036 -0.28756 0.967171 -20.033209 0.96454 1.212843 1e-06 -0.0 -2e-06 -3.440388 0.788233 0.501655 -15.928185 -3.167308 2.999708 -6.338825 -0.0 -1e-06 -18.123444 3.648186 -4.905672 -4e-06 1e-06 -1e-06 11.617038 8.126704 15.805558 68.929375 10.841593 12.213531 0.101253 19.712299 0.054256 -7.585239 2.927252 -18.748077 2.243542 -5.255037 -3.180159 14.282894 -0.826597 6.952505 -1e-06 -12.690609 1e-06 16.370317 -17.701036 2.591437 1.665666 -1.955921 -2.8783 4.727799 -4.170588 4.993927 11.020527 1e-06 -1e-06 12.109053 -3.735717 -2.866785 -0.0 0.0 -1e-06 1.291986 -1.928549 -1.498089 14.800131 0.567468 3.86561 14.242576 -1.341737 -6.660659 19.631969 0.143924 -0.648246 49.828793 -0.451572 -6.164917 0.353029 -1.511152 -0.03194 20.222795 3.684309 2.316631 18.787275 1e-06 -1e-06 10.751629 -0.47987 1.397906 -2e-06 -1e-06 0.0 3.273807 0.305947 -0.580111 21.486814 11.830377 2.266133 8.16293 1e-06 1e-06 18.399088 -3.798989 -4.940577 5e-06 0.0 -2e-06 -7.461947 7.568031 15.236074 -0.066929 0.04457 1.883893 1.869977 7.231588 -8.634183 1.646455 -1.989818 0.635876 0.0 -1e-06 2e-06 -6.305266 -2.273328 -17.568329 0.067196 -0.082585 17.801153 3.252817 -10.788586 4.163357 -1.404505 1.164272 -2.943166 -0.0 0.0 -1e-06 
0.0 0.0 0.0 0.0 -0.0 0.0 5.542608 97.695641 34.019928 4.25643 4.381546 -8.51073 -3.507626 -0.150412 3.222625 -1.163933 -1.518422 -3.963119 -1.685171 -3.831212 12.709897 0.370902 2.964489 17.828466 -0.727034 0.013916 -3.691943 1.936007 -0.732011 -15.506805 7.7e-05 -2.2e-05 6e-06 -0.007257 0.107909 0.086675 0.620932 -3.63664 -10.581173 -0.639339 3.862419 -10.612457 -10.118028 -8.811778 15.203675 -56.873726 -11.078536 19.273199 0.167936 -35.998611 -0.032288 9.591565 5.281348 -27.963814 -5.882104 9.861281 0.702591 -10.936866 -0.360574 7.156202 0.0 8.774822 -0.0 -15.947474 18.069893 6.179063 -1.844032 2.498502 -2.507277 -10.163595 4.678944 4.621109 -20.976017 -4e-06 2e-06 -21.226273 2.451696 -3.593998 0.0 -5e-06 -0.0 -1.362681 2.240796 -0.746323 -21.334906 0.584912 3.008323 -13.821209 -1e-06 3e-06 -23.887165 -0.249078 -0.839483 -60.452152 2.693598 -1.204886 -0.294025 1.679685 0.833256 -14.218202 0.093215 1.30058 -34.212032 -0.287561 0.967171 -20.033205 0.964537 1.212842 1e-06 -0.0 -1e-06 -3.440387 0.788233 0.501656 -15.928179 -3.167308 2.999706 -6.338823 1e-06 2e-06 -18.123444 3.648183 -4.905668 -3e-06 1e-06 -2e-06 11.731481 7.903397 15.608963 69.072769 10.594746 11.730861 0.243048 19.395172 0.075105 -7.217355 2.718536 -18.104397 2.243541 -5.255035 -3.180157 14.28289 -0.826595 6.952502 -3e-06 -12.690603 1e-06 16.327305 -17.692375 2.611712 1.665666 -1.955921 -2.878299 4.727798 -4.170587 4.993924 11.020522 3e-06 -2e-06 12.10905 -3.735714 -2.866783 1e-06 0.0 -0.0 1.291985 -1.92855 -1.498089 14.800125 0.567468 3.865607 14.242568 -1.341736 -6.660656 19.631968 0.143926 -0.648244 49.932175 -0.474503 -6.218289 0.353029 -1.511151 -0.03194 20.222788 3.684309 2.316629 18.787273 5e-06 -1e-06 10.751628 -0.479869 1.397906 -1e-06 -0.0 1e-06 3.273806 0.305948 -0.580111 21.486813 11.830373 2.266132 8.162928 2e-06 0.0 18.39908 -3.798984 -4.940573 4e-06 1e-06 -2e-06 -7.390015 7.111951 16.317352 -0.050425 0.057225 1.820297 1.721348 7.53614 -9.905429 1.649513 -1.982309 0.642773 0.0 -0.0 2e-06 -6.056117 -2.69068 -17.644644 0.130569 -0.17868 9.485134 4.967567 -9.530425 4.924482 -1.370978 1.173784 -2.993163 -0.0 -0.0 -1e-06 
0.0 0.0 0.0 0.0 -0.0 0.0 5.542244 97.360832 36.484825 4.095778 4.601405 -7.989213 -3.459674 -0.050682 2.939561 -1.175435 -1.621423 -4.064367 -1.663275 -3.824702 12.785959 0.736645 2.704624 17.777822 -0.685397 -0.031722 -3.686688 1.896506 -0.713738 -15.53467 7.7e-05 -2.2e-05 6e-06 -0.005009 0.127853 0.08593 0.615658 -3.618109 -10.5956 -0.62923 3.884721 -10.623384 -10.053069 -9.076077 15.042497 -56.829037 -11.102828 19.395487 0.154992 -36.463818 -0.056362 9.412622 5.402414 -27.884562 -5.882107 9.861288 0.702591 -10.936871 -0.360575 7.156204 0.0 8.774826 -0.0 -15.976036 18.098181 6.200375 -1.844033 2.498505 -2.507277 -10.1636 4.678948 4.621109 -20.976027 -4e-06 -0.0 -21.22629 2.451697 -3.594004 1e-06 -5e-06 -1e-06 -1.362682 2.240798 -0.746324 -21.334913 0.58491 3.008321 -13.821213 -3e-06 2e-06 -23.887171 -0.249079 -0.839486 -60.450947 2.659493 -1.239016 -0.294025 1.679686 0.833256 -14.218208 0.093216 1.30058 -34.212051 -0.287563 0.967165 -20.033215 0.964537 1.212841 2e-06 -0.0 -1e-06 -3.440388 0.788233 0.501657 -15.928185 -3.16731 2.999707 -6.338826 0.0 1e-06 -18.123444 3.648185 -4.905672 -3e-06 0.0 -2e-06 12.075492 7.640942 15.422328 69.023178 10.407183 11.32053 0.365354 18.964262 0.098698 -6.733116 2.411383 -17.462008 2.24354 -5.255036 -3.180157 14.282886 -0.826593 6.9525 -3e-06 -12.690601 -0.0 16.253014 -17.653137 2.650728 1.665665 -1.955921 -2.878298 4.727797 -4.170586 4.993922 11.020522 3e-06 -1e-06 12.10905 -3.735715 -2.866783 -0.0 0.0 -0.0 1.291985 -1.928549 -1.498089 14.800122 0.56747 3.865607 14.242567 -1.341737 -6.660656 19.631966 0.143927 -0.648243 49.907299 -0.509285 -6.261451 0.353029 -1.51115 -0.03194 20.222784 3.68431 2.31663 18.787266 4e-06 -1e-06 10.751623 -0.479868 1.397906 -2e-06 -0.0 -0.0 3.273806 0.305946 -0.58011 21.486805 11.830374 2.266134 8.162923 3e-06 1e-06 18.399076 -3.798983 -4.940572 4e-06 0.0 -1e-06 -7.156594 6.552604 17.320768 -0.055034 0.057139 1.897956 1.496871 8.008079 -11.160356 1.66188 -1.952161 0.686719 0.0 -0.0 2e-06 -5.476924 -2.939056 -17.962698 0.146499 -0.223596 3.526807 6.607868 -8.908904 4.756017 -1.342003 1.162486 -2.963106 -0.0 -0.0 -0.0 
0.0 0.0 0.0 0.0 -0.0 0.0 5.458562 97.032745 38.945782 3.80562 4.83173 -7.478806 -3.377505 -0.020006 2.653017 -1.176191 -1.773152 -4.159676 -1.608652 -3.842535 12.854374 1.014216 2.495092 17.721252 -0.618003 0.006213 -3.682766 1.790189 -0.582609 -15.622602 7.7e-05 -2.2e-05 6e-06 -0.002009 0.113547 0.08708 0.608785 -3.630362 -10.596614 -0.615764 3.869176 -10.613112 -9.988644 -9.32615 14.906022 -56.832272 -10.912016 19.308825 0.08696 -36.795582 -0.052374 9.26964 5.406147 -27.756552 -5.882108 9.861286 0.70259 -10.936873 -0.360574 7.156207 0.0 8.774826 -1e-06 -15.96209 18.156891 6.212573 -1.844033 2.498505 -2.507279 -10.163602 4.678945 4.621109 -20.976027 -3e-06 2e-06 -21.22629 2.451697 -3.594002 0.0 -6e-06 -0.0 -1.362682 2.240797 -0.746324 -21.334917 0.584911 3.008323 -13.821215 -3e-06 2e-06 -23.887175 -0.249077 -0.839486 -60.487843 2.686844 -1.266632 -0.294024 1.679688 0.833256 -14.218209 0.093216 1.300581 -34.212048 -0.287562 0.96717 -20.033211 0.964537 1.212843 1e-06 -0.0 -1e-06 -3.440389 0.788232 0.501655 -15.928189 -3.167308 2.999708 -6.338828 -1e-06 2e-06 -18.123453 3.648183 -4.905672 -3e-06 0.0 -2e-06 12.501207 7.400293 15.351115 68.994431 10.389919 10.79726 0.428365 18.498035 0.134997 -6.257078 2.109886 -16.981625 2.243543 -5.255037 -3.180158 14.282896 -0.826597 6.952506 -1e-06 -12.690607 1e-06 16.205645 -17.607861 2.656815 1.665667 -1.955922 -2.878299 4.727801 -4.170589 4.993925 11.02053 1e-06 -1e-06 12.109056 -3.735718 -2.866785 -0.0 -0.0 -0.0 1.291986 -1.92855 -1.49809 14.800132 0.567467 3.865609 14.242577 -1.341737 -6.66066 19.631973 0.143923 -0.648246 49.836689 -0.462842 -6.292413 0.353029 -1.51115 -0.03194 20.222797 3.684309 2.316631 18.787279 2e-06 -2e-06 10.751631 -0.47987 1.397906 -2e-06 -0.0 1e-06 3.273808 0.305947 -0.580111 21.48682 11.830374 2.266134 8.16293 -0.0 -1e-06 18.399092 -3.798987 -4.940578 4e-06 1e-06 -1e-06 -6.779528 5.871281 18.333523 -0.068317 0.059514 2.025975 1.204476 8.559965 -12.242699 1.67997 -1.945397 0.674345 0.0 -1e-06 2e-06 -4.730717 -2.943974 -18.785202 0.141376 -0.197579 1.188393 7.589555 -8.597939 4.084464 -1.338041 1.125278 -2.982259 -0.0 -0.0 -1e-06 
0.0 0.0 0.0 0.0 -0.0 0.0 5.296689 96.767265 41.49984 3.327403 5.228905 -6.92877 -3.188074 -0.062179 2.354122 -1.169929 -1.951042 -4.276005 -1.533616 -3.941772 12.919087 1.329382 2.295885 17.516489 -0.599338 0.090115 -3.636302 1.615828 -0.484299 -15.805683 7.7e-05 -2.3e-05 6e-06 0.003024 0.085229 0.086726 0.614922 -3.655264 -10.588207 -0.611812 3.838253 -10.59923 -9.836165 -9.576781 14.744673 -56.903114 -10.593158 19.40781 0.04591 -36.923943 0.018432 9.173473 5.192081 -27.49259 -5.882109 9.861285 0.70259 -10.936877 -0.360573 7.156209 2e-06 8.774824 1e-06 -15.998282 18.133661 6.124229 -1.844033 2.498504 -2.507278 -10.163604 4.678945 4.621111 -20.976036 -5e-06 3e-06 -21.226295 2.451697 -3.594 1e-06 -5e-06 -0.0 -1.362682 2.240798 -0.746324 -21.334923 0.584908 3.008325 -13.821218 -3e-06 3e-06 -23.88718 -0.24908 -0.839484 -60.522182 2.69534 -1.38986 -0.294025 1.679689 0.833255 -14.218215 0.093214 1.300582 -34.212063 -0.287564 0.96717 -20.033226 0.964536 1.212843 0.0 -0.0 -1e-06 -3.44039 0.788233 0.501655 -15.928194 -3.16731 2.999708 -6.338829 -1e-06 1e-06 -18.123453 3.648182 -4.905671 -3e-06 0.0 -2e-06 13.006586 7.061388 15.359115 68.960281 10.479369 10.408178 0.38264 18.020988 0.162567 -5.843506 1.863834 -16.82539 2.243542 -5.255037 -3.180157 14.282892 -0.826594 6.9525 -3e-06 -12.690605 -0.0 16.211693 -17.648596 2.647185 1.665666 -1.95592 -2.878298 4.727798 -4.170588 4.993922 11.020528 3e-06 -2e-06 12.109053 -3.735715 -2.866785 1e-06 0.0 -0.0 1.291986 -1.928549 -1.498089 14.800129 0.567469 3.865606 14.242575 -1.341736 -6.660657 19.631969 0.143926 -0.648245 49.748257 -0.453421 -6.339437 0.353029 -1.51115 -0.03194 20.222794 3.68431 2.316628 18.787275 5e-06 -3e-06 10.751628 -0.479868 1.397904 -2e-06 -1e-06 0.0 3.273807 0.305948 -0.580111 21.486813 11.830376 2.266131 8.162927 4e-06 -1e-06 18.39908 -3.798983 -4.940574 4e-06 1e-06 -2e-06 -6.183041 5.026195 19.225594 -0.059701 0.092144 2.358062 0.865653 9.165766 -13.081389 1.726601 -1.937403 0.529467 0.0 -0.0 2e-06 -3.914539 -2.884624 -19.226942 0.126194 -0.136809 0.714544 7.437152 -8.481534 4.531615 -1.337415 1.134801 -3.031424 -0.0 0.0 -1e-06 
0.0 0.0 0.0 0.0 -0.0 0.0 5.039716 96.57605 44.100838 2.528525 5.64449 -6.39866 -2.854889 -0.106401 2.000166 -1.153448 -2.162557 -4.418151 -1.308093 -4.075763 13.011814 1.582484 2.143712 17.250124 -0.52609 0.164054 -3.635861 1.458043 -0.30187 -15.811634 7.7e-05 -2.2e-05 6e-06 0.005123 0.065775 0.094081 0.61501 -3.673162 -10.569248 -0.606931 3.817037 -10.572693 -9.943131 -9.806146 14.751315 -56.715698 -10.154508 19.706968 0.158016 -37.061985 -0.030788 9.041468 5.012337 -27.228613 -5.882108 9.861288 0.702591 -10.936875 -0.360576 7.156204 2e-06 8.774826 -1e-06 -15.975857 18.138502 6.130807 -1.844033 2.498505 -2.507279 -10.163603 4.678944 4.621108 -20.97603 -6e-06 3e-06 -21.226292 2.451696 -3.593999 1e-06 -5e-06 -0.0 -1.362681 2.240798 -0.746322 -21.334921 0.584908 3.008322 -13.821218 -4e-06 2e-06 -23.887178 -0.24908 -0.839483 -60.534458 2.727982 -1.307299 -0.294025 1.679689 0.833256 -14.218214 0.093215 1.30058 -34.212067 -0.287568 0.96717 -20.033224 0.964535 1.212844 1e-06 -0.0 -1e-06 -3.440389 0.788233 0.501655 -15.928192 -3.167311 2.999706 -6.338829 -0.0 -0.0 -18.123453 3.648181 -4.905673 -4e-06 0.0 -1e-06 13.706612 6.756159 15.289479 68.733627 10.436136 10.207053 0.322404 17.60136 0.165983 -5.43791 1.667286 -16.639132 2.243542 -5.255038 -3.180158 14.282896 -0.826594 6.952502 -3e-06 -12.690609 -0.0 16.209484 -17.644501 2.628639 1.665667 -1.955922 -2.878299 4.7278 -4.170588 4.993924 11.020531 3e-06 -2e-06 12.109057 -3.735717 -2.866785 1e-06 0.0 0.0 1.291987 -1.92855 -1.49809 14.800136 0.567469 3.865606 14.242579 -1.341737 -6.660661 19.631981 0.143926 -0.648245 49.738773 -0.366714 -6.325133 0.353029 -1.511152 -0.03194 20.222801 3.684311 2.316629 18.787285 5e-06 -3e-06 10.751636 -0.479868 1.397905 -2e-06 -1e-06 -1e-06 3.273808 0.305946 -0.580111 21.486822 11.830382 2.266133 8.16293 3e-06 -1e-06 18.399088 -3.798983 -4.940578 4e-06 0.0 -1e-06 -5.099182 4.461913 19.909367 -0.032322 0.048493 3.093047 0.323986 9.528393 -13.580733 1.751522 -1.930626 0.205733 -0.0 0.0 2e-06 -2.903228 -2.542718 -18.887505 0.140351 -0.083908 0.672364 6.18673 -8.695259 6.246686 -1.367664 1.134477 -3.14629 -0.0 -0.0 1e-06 
0.0 0.0 0.0 0.0 -0.0 0.0 4.681125 96.594604 46.782284 1.26208 6.035276 -5.858833 -2.239135 -0.143287 1.557752 -1.092182 -2.351479 -4.630054 -0.935632 -4.284262 13.168487 1.780598 2.033202 16.929667 -0.469435 0.309281 -3.650258 1.311081 -0.153358 -15.707468 7.7e-05 -2.2e-05 6e-06 0.007585 0.044045 0.091884 0.616327 -3.695947 -10.567096 -0.602348 3.797055 -10.568961 -10.469915 -9.898861 14.698103 -56.213303 -9.529899 19.958862 0.145442 -36.995556 -0.046915 8.949277 4.803497 -26.979399 -5.882109 9.86129 0.702592 -10.936878 -0.360576 7.156209 1e-06 8.77483 -1e-06 -15.960679 18.14867 6.188783 -1.844033 2.498504 -2.507279 -10.163605 4.678947 4.62111 -20.97604 -5e-06 2e-06 -21.226301 2.451697 -3.594001 0.0 -5e-06 -0.0 -1.362682 2.240798 -0.746324 -21.334929 0.58491 3.008324 -13.821221 -3e-06 3e-06 -23.887184 -0.249079 -0.839482 -60.554169 2.731074 -1.096951 -0.294024 1.679687 0.833255 -14.218216 0.093214 1.30058 -34.212067 -0.287564 0.96717 -20.033226 0.964537 1.212844 0.0 -0.0 0.0 -3.44039 0.788234 0.501655 -15.928198 -3.167312 2.99971 -6.338829 1e-06 2e-06 -18.123457 3.648185 -4.905672 -3e-06 -1e-06 -2e-06 14.791 6.489026 15.154779 68.105247 10.212252 10.074318 0.209308 17.18531 0.146751 -4.981666 1.431333 -16.480415 2.243543 -5.255039 -3.180159 14.282898 -0.826596 6.952507 -1e-06 -12.690609 1e-06 16.189974 -17.66497 2.644223 1.665667 -1.955922 -2.8783 4.727802 -4.170589 4.993927 11.020534 3e-06 -1e-06 12.109058 -3.735717 -2.866785 1e-06 0.0 0.0 1.291986 -1.92855 -1.49809 14.800139 0.567466 3.86561 14.242582 -1.341737 -6.660661 19.631983 0.143925 -0.648246 49.767803 -0.343414 -6.304508 0.353029 -1.511151 -0.03194 20.222803 3.684309 2.316632 18.787287 3e-06 -0.0 10.751634 -0.479869 1.397907 -2e-06 -1e-06 -0.0 3.273809 0.305947 -0.580111 21.486828 11.830377 2.266135 8.162933 2e-06 -0.0 18.399092 -3.798988 -4.940577 4e-06 0.0 -1e-06 -3.332861 4.026255 20.361668 -0.01838 -0.014642 4.254522 -0.478032 9.686037 -13.393816 1.779363 -1.918524 -0.393716 -0.0 0.0 2e-06 -1.41764 -1.923902 -18.194538 0.097413 -0.088192 0.537354 4.123471 -9.169646 9.092888 -1.387548 1.136571 -3.198078 -0.0 -0.0 -1e-06 
0.0 0.0 0.0 0.0 -0.0 0.0 4.274045 96.790855 49.603168 -0.336729 6.227369 -5.443249 -1.43195 -0.192527 1.091941 -0.987276 -2.465011 -4.883056 -0.413078 -4.505333 13.333631 1.874019 2.0225 16.669979 -0.416399 0.527675 -3.664879 1.20175 -0.048391 -15.453228 7.7e-05 -2.3e-05 6e-06 0.007713 0.024009 0.0822 0.612511 -3.717322 -10.57173 -0.596878 3.779269 -10.57821 -11.262351 -9.789789 14.661679 -55.734169 -8.771412 20.001551 0.069963 -36.669411 -0.028824 8.919543 4.603657 -26.545546 -5.882107 9.861286 0.702591 -10.936872 -0.360573 7.156207 -0.0 8.774825 -1e-06 -16.010666 18.145615 6.251984 -1.844032 2.498505 -2.507277 -10.1636 4.678948 4.621109 -20.976023 -2e-06 2e-06 -21.226286 2.451699 -3.594002 1e-06 -5e-06 -0.0 -1.362681 2.240798 -0.746324 -21.334913 0.584912 3.008324 -13.821213 -1e-06 3e-06 -23.887167 -0.249077 -0.839483 -60.692974 2.717144 -0.887023 -0.294025 1.679687 0.833255 -14.218208 0.093215 1.300581 -34.212048 -0.287562 0.967171 -20.033211 0.964539 1.212842 0.0 -0.0 -1e-06 -3.440389 0.788233 0.501656 -15.928185 -3.167308 2.999709 -6.338826 0.0 1e-06 -18.123447 3.648185 -4.905671 -3e-06 0.0 -2e-06 15.988153 6.325101 15.107426 67.282433 9.924547 9.881414 0.068281 16.734512 0.112073 -4.555995 1.208833 -16.321928 2.243541 -5.255035 -3.180157 14.282887 -0.826594 6.952501 -2e-06 -12.690601 0.0 16.189249 -17.703188 2.653653 1.665666 -1.955921 -2.878298 4.727798 -4.170586 4.993922 11.020523 3e-06 -1e-06 12.10905 -3.735715 -2.866782 1e-06 0.0 0.0 1.291985 -1.928548 -1.498088 14.800125 0.567469 3.865607 14.242568 -1.341736 -6.660656 19.631966 0.143927 -0.648244 49.866398 -0.355976 -6.278228 0.353029 -1.51115 -0.03194 20.222786 3.684309 2.31663 18.78727 4e-06 0.0 10.751624 -0.479868 1.397906 -2e-06 -0.0 -0.0 3.273806 0.305947 -0.58011 21.486809 11.830371 2.266133 8.162926 2e-06 0.0 18.399076 -3.798983 -4.940573 3e-06 1e-06 -0.0 -0.986883 3.944013 20.805679 -0.014831 -0.094585 5.72715 -1.481106 9.516083 -12.17238 1.809025 -1.905711 -1.500857 -0.0 0.0 1e-06 0.535209 -1.309449 -17.238014 0.02449 -0.152026 0.332637 2.035773 -9.77912 12.72884 -1.396304 1.121127 -3.084984 0.0 -0.0 -1e-06 
0.0 0.0 0.0 0.0 -0.0 0.0 3.905562 97.050896 52.554955 -1.841797 6.108945 -5.275762 -0.666495 -0.249405 0.696292 -0.892894 -2.576403 -5.128242 0.171496 -4.575958 13.393143 1.828989 2.206778 16.572683 -0.398205 0.529744 -3.72008 1.247773 0.147401 -15.048717 7.7e-05 -2.3e-05 6e-06 0.001444 0.00914 0.058345 0.594084 -3.728647 -10.580956 -0.589431 3.76067 -10.578715 -11.969339 -9.44521 14.676405 -55.781658 -7.807554 19.722109 0.136359 -36.154583 -0.024521 8.951513 4.389662 -26.304241 -5.882107 9.861287 0.702587 -10.936873 -0.360578 7.156202 2e-06 8.774826 -1e-06 -16.061874 18.133417 6.311607 -1.844033 2.498505 -2.507279 -10.163603 4.678944 4.621105 -20.97603 -9e-06 0.0 -21.226294 2.451691 -3.594002 0.0 -6e-06 1e-06 -1.362682 2.240798 -0.746324 -21.334921 0.584905 3.008317 -13.821218 -7e-06 1e-06 -23.887177 -0.249087 -0.839484 -60.812775 2.709451 -0.806984 -0.294025 1.679688 0.833257 -14.218214 0.093213 1.300576 -34.212063 -0.287574 0.967167 -20.033224 0.964529 1.212842 0.0 -0.0 -2e-06 -3.44039 0.788233 0.501654 -15.928192 -3.167314 2.999704 -6.338828 -1e-06 1e-06 -18.123453 3.648176 -4.905673 -3e-06 -0.0 -1e-06 16.862085 6.342994 15.294739 66.61853 9.664278 9.598179 0.014115 16.356382 0.103904 -4.292961 0.918155 -16.097549 2.243543 -5.255038 -3.180159 14.2829 -0.826595 6.952504 -3e-06 -12.690609 1e-06 16.196774 -17.726891 2.659202 1.665668 -1.955922 -2.8783 4.727801 -4.170588 4.993925 11.020535 3e-06 -2e-06 12.10906 -3.735716 -2.866785 1e-06 0.0 0.0 1.291986 -1.928549 -1.49809 14.800139 0.567469 3.865607 14.242582 -1.341735 -6.660661 19.631981 0.143927 -0.648245 49.861107 -0.252214 -6.271081 0.353029 -1.511151 -0.03194 20.222803 3.684313 2.316629 18.787285 6e-06 -2e-06 10.751634 -0.479867 1.397906 -1e-06 -0.0 -1e-06 3.273809 0.305947 -0.580111 21.48683 11.830379 2.266131 8.162933 2e-06 -2e-06 18.399096 -3.798983 -4.940579 2e-06 0.0 -1e-06 1.427248 4.256664 21.371925 -0.018392 -0.143204 7.554949 -2.5515 9.183549 -9.8174 1.844635 -1.844764 -3.380214 -0.0 -0.0 2e-06 2.578944 -0.970224 -15.870708 -0.069002 -0.205576 0.301159 0.75738 -9.889877 15.960139 -1.377691 1.071576 -2.758417 0.0 -0.0 -1e-06 
0.0 0.0 0.0 0.0 -0.0 0.0 3.550165 97.398621 55.641129 -3.110809 5.742367 -5.45017 -0.007087 -0.278442 0.460969 -0.773369 -2.659749 -5.280543 0.607148 -4.50878 13.359291 1.746183 2.316108 16.685884 -0.361187 0.695682 -3.748418 1.26703 0.381677 -14.812353 7.7e-05 -2.3e-05 6e-06 -0.002933 0.009271 0.053728 0.586809 -3.733795 -10.591538 -0.589492 3.76748 -10.580745 -12.282454 -9.023051 14.861729 -56.454063 -6.764483 18.770008 0.026029 -35.703495 0.039785 9.267618 4.125732 -26.073576 -5.882106 9.861291 0.702592 -10.936872 -0.360573 7.156208 -1e-06 8.77483 -1e-06 -16.082594 18.066875 6.336958 -1.844032 2.498504 -2.507278 -10.163599 4.678948 4.621109 -20.976021 -1e-06 4e-06 -21.226286 2.451701 -3.594001 1e-06 -6e-06 -0.0 -1.362682 2.240799 -0.746323 -21.334913 0.584911 3.008325 -13.821213 -0.0 2e-06 -23.887167 -0.249074 -0.839483 -60.827335 2.686049 -0.730846 -0.294025 1.679687 0.833257 -14.218208 0.093217 1.300581 -34.212048 -0.287558 0.967169 -20.033213 0.96454 1.212843 1e-06 -0.0 -1e-06 -3.440389 0.788233 0.501656 -15.928185 -3.167308 2.999707 -6.338827 1e-06 2e-06 -18.123446 3.648187 -4.905671 -3e-06 -0.0 -1e-06 17.19766 6.493145 15.459775 66.438576 9.367211 9.655463 -0.120723 15.987322 0.075339 -3.970919 0.683653 -15.905558 2.243543 -5.25504 -3.180159 14.282896 -0.826596 6.952504 -1e-06 -12.690613 -0.0 16.201694 -17.746098 2.644369 1.665667 -1.955923 -2.8783 4.727801 -4.170591 4.993926 11.020534 3e-06 -2e-06 12.109056 -3.735719 -2.866787 1e-06 0.0 0.0 1.291986 -1.928551 -1.49809 14.800136 0.567468 3.865609 14.24258 -1.341738 -6.660663 19.631975 0.143926 -0.648247 49.787468 -0.262594 -6.309321 0.353029 -1.511152 -0.03194 20.222801 3.684312 2.31663 18.787283 4e-06 -2e-06 10.751633 -0.479869 1.397906 -1e-06 -0.0 -1e-06 3.273808 0.305947 -0.580112 21.486824 11.830384 2.266134 8.16293 2e-06 -0.0 18.39909 -3.798987 -4.940578 2e-06 0.0 -1e-06 3.596682 4.530831 22.111832 3e-05 -0.25342 9.764435 -3.503198 8.86296 -5.78877 1.880414 -1.864488 -5.922086 -0.0 1e-06 2e-06 4.528775 -1.152046 -14.112363 -0.063895 -0.227306 0.631889 -0.430712 -9.583466 16.702387 -1.382624 1.011278 -2.404842 -0.0 -0.0 -1e-06 
0.0 0.0 0.0 0.0 -0.0 0.0 3.242163 97.750343 58.859093 -4.056046 5.32063 -5.853102 0.564623 -0.335577 0.372796 -0.719651 -2.57718 -5.356299 0.883683 -4.442887 13.18268 1.612852 2.485702 17.027714 -0.298547 0.740483 -3.743324 1.348306 0.502375 -14.808532 7.7e-05 -2.3e-05 6e-06 -0.011274 -0.01272 0.054916 0.584432 -3.762671 -10.592509 -0.600811 3.753406 -10.573423 -12.331712 -8.629657 15.085825 -57.419788 -5.618576 17.832424 -0.036111 -35.319939 -0.003409 9.704221 3.854529 -26.102802 -5.882109 9.861287 0.70259 -10.936873 -0.360575 7.156209 -0.0 8.774826 -2e-06 -16.034029 17.954988 6.342844 -1.844033 2.498506 -2.507278 -10.163602 4.678947 4.62111 -20.976028 -1e-06 3e-06 -21.226292 2.451701 -3.594002 1e-06 -6e-06 -1e-06 -1.362682 2.240798 -0.746324 -21.334919 0.584911 3.008325 -13.821217 -0.0 3e-06 -23.887175 -0.249076 -0.839483 -60.670959 2.729916 -0.711316 -0.294025 1.679687 0.833256 -14.218212 0.093216 1.300582 -34.212059 -0.287559 0.96717 -20.033218 0.96454 1.212841 1e-06 -0.0 -0.0 -3.440389 0.788234 0.501656 -15.928189 -3.167309 2.999708 -6.338827 0.0 1e-06 -18.123453 3.648185 -4.905672 -3e-06 -1e-06 -2e-06 17.128365 6.580028 15.611814 66.527321 9.05156 9.742718 -0.151912 15.869642 0.081467 -3.604779 0.55641 -15.777732 2.243542 -5.255037 -3.180157 14.282889 -0.826596 6.952503 -1e-06 -12.690608 0.0 16.139263 -17.693758 2.634695 1.665666 -1.955922 -2.878299 4.727798 -4.170588 4.993924 11.020525 2e-06 -2e-06 12.109052 -3.735718 -2.866785 1e-06 0.0 0.0 1.291986 -1.92855 -1.498089 14.800129 0.567467 3.865607 14.242571 -1.341738 -6.660658 19.631968 0.143926 -0.648245 49.630112 -0.277374 -6.401356 0.353029 -1.511151 -0.03194 20.22279 3.684309 2.31663 18.787271 3e-06 -2e-06 10.751629 -0.479869 1.397905 -1e-06 -0.0 -2e-06 3.273806 0.305947 -0.580111 21.486809 11.830377 2.266134 8.162927 1e-06 -0.0 18.399078 -3.798987 -4.940577 2e-06 1e-06 -1e-06 5.263052 4.608657 22.457924 0.043462 -0.417292 13.155875 -4.157776 8.989249 -2.114617 1.966857 -1.896015 -9.02249 -0.0 0.0 2e-06 6.134345 -1.570187 -12.031861 -0.053936 -0.252631 1.078243 -1.470211 -9.010565 16.425789 -1.382547 0.935923 -2.065788 0.0 -0.0 -1e-06 
0.0 0.0 0.0 0.0 -0.0 0.0 2.919057 98.070564 62.107731 -4.903283 4.851362 -6.466239 1.093135 -0.302242 0.412143 -0.605868 -2.546631 -5.398875 1.119028 -4.293493 13.060962 1.352804 2.626924 17.231342 -0.267934 0.955451 -3.758055 1.469877 0.334633 -14.707037 7.7e-05 -2.2e-05 6e-06 -0.009445 0.000109 0.056554 0.598513 -3.747027 -10.571462 -0.610275 3.765893 -10.562806 -12.387063 -8.262787 15.335055 -58.221539 -4.559603 17.16609 -0.214402 -35.095501 0.017953 10.101928 3.820493 -25.998056 -5.882113 9.861294 0.70259 -10.936885 -0.360575 7.156213 1e-06 8.774833 -0.0 -15.937287 18.028915 6.316153 -1.844035 2.498507 -2.507281 -10.163611 4.678948 4.621113 -20.976048 -4e-06 -1e-06 -21.226315 2.451697 -3.594006 1e-06 -6e-06 0.0 -1.362684 2.240801 -0.746325 -21.334944 0.58491 3.008323 -13.821234 -3e-06 0.0 -23.887203 -0.249082 -0.839485 -60.4758 2.63946 -0.742077 -0.294025 1.679689 0.833257 -14.218225 0.093215 1.30058 -34.212093 -0.287568 0.967167 -20.033241 0.964535 1.212843 0.0 -0.0 -0.0 -3.440393 0.788233 0.501656 -15.928206 -3.167312 2.999708 -6.338833 -1e-06 0.0 -18.123466 3.648184 -4.905678 -3e-06 0.0 -1e-06 16.770781 6.738358 15.585906 66.672035 8.63839 10.377178 -0.187945 16.08032 0.064051 -3.289117 0.53271 -16.085035 2.243544 -5.25504 -3.180159 14.282904 -0.826595 6.952504 -3e-06 -12.690612 0.0 16.125891 -17.801607 2.698829 1.665668 -1.955922 -2.8783 4.727803 -4.17059 4.993925 11.020536 3e-06 -2e-06 12.10906 -3.735717 -2.866786 1e-06 0.0 0.0 1.291987 -1.92855 -1.49809 14.80014 0.567469 3.865607 14.242584 -1.341735 -6.660661 19.631985 0.143927 -0.648246 49.702568 -0.390282 -6.377384 0.353029 -1.511151 -0.03194 20.222811 3.684313 2.316629 18.787289 7e-06 -3e-06 10.751637 -0.479867 1.397905 -1e-06 -0.0 -1e-06 3.27381 0.305947 -0.580112 21.486834 11.830384 2.266132 8.162937 3e-06 -2e-06 18.399096 -3.798983 -4.940581 2e-06 1e-06 -1e-06 6.717891 4.451843 21.962576 0.061545 -0.527109 18.352163 -4.598052 9.411258 1.663821 2.081979 -1.977031 -12.060475 0.0 0.0 1e-06 7.624218 -2.165488 -9.594121 -0.012396 -0.392321 1.478123 -2.5841 -8.008736 15.118859 -1.397189 0.898319 -1.312603 0.0 0.0 -1e-06 
0.0 0.0 0.0 0.0 -0.0 0.0 2.574968 98.307922 65.319527 -5.721271 4.479608 -7.286237 1.633879 -0.278444 0.613575 -0.476532 -2.485008 -5.325218 1.274689 -4.191128 13.004458 1.177891 2.767596 17.224289 -0.233407 0.931341 -3.71725 1.555436 0.331559 -14.753272 7.7e-05 -2.2e-05 6e-06 -0.005834 0.002111 0.064373 0.608244 -3.751039 -10.565606 -0.612341 3.773883 -10.55053 -12.303258 -7.98222 15.386644 -58.962536 -3.537142 16.950344 -0.305375 -34.821087 0.041087 10.299019 3.770771 -25.719727 -5.882106 9.861289 0.702591 -10.936873 -0.360574 7.156209 -0.0 8.774828 -1e-06 -15.987294 17.953526 6.251822 -1.844033 2.498506 -2.507278 -10.163601 4.678947 4.621111 -20.976025 -2e-06 2e-06 -21.22629 2.451699 -3.594002 1e-06 -6e-06 -0.0 -1.362682 2.240799 -0.746324 -21.334915 0.584909 3.008326 -13.821215 -2e-06 2e-06 -23.887175 -0.249077 -0.839482 -60.448402 2.538187 -0.671981 -0.294025 1.679686 0.833256 -14.21821 0.093215 1.300581 -34.212051 -0.287563 0.967172 -20.033216 0.964538 1.212844 0.0 0.0 1e-06 -3.440389 0.788233 0.501657 -15.928189 -3.16731 2.999709 -6.338827 -0.0 0.0 -18.123453 3.648184 -4.905671 -3e-06 0.0 -1e-06 16.424469 6.934311 15.746901 66.714615 8.587806 10.896042 -0.204224 16.50349 0.060161 -3.222061 0.771615 -16.504066 2.243542 -5.255038 -3.180158 14.282892 -0.826595 6.952503 -1e-06 -12.690611 -1e-06 16.10948 -17.819416 2.736861 1.665666 -1.955922 -2.878299 4.727798 -4.170589 4.993924 11.020528 2e-06 -1e-06 12.109053 -3.735718 -2.866785 -0.0 0.0 0.0 1.291985 -1.92855 -1.498089 14.800129 0.567467 3.865608 14.242571 -1.341738 -6.660658 19.631964 0.143926 -0.648245 49.62447 -0.419031 -6.398132 0.353029 -1.511152 -0.03194 20.222792 3.684311 2.31663 18.787273 4e-06 -1e-06 10.751629 -0.479868 1.397905 -1e-06 -0.0 -1e-06 3.273807 0.305947 -0.580111 21.486814 11.830379 2.266134 8.162928 2e-06 -1e-06 18.39908 -3.798986 -4.940578 2e-06 0.0 -1e-06 8.100736 4.253056 20.35792 0.020443 -0.620949 25.555719 -4.927594 10.156214 5.594234 2.155019 -1.93353 -14.424515 0.0 0.0 2e-06 8.971067 -2.388802 -6.89533 0.019387 -0.437774 1.816679 -3.398254 -7.861871 12.443035 -1.40198 0.871262 -0.881469 0.0 0.0 -1e-06 
0.0 0.0 0.0 0.0 -0.0 0.0 2.219553 98.469124 68.458809 -6.438027 4.13621 -8.212508 2.107177 -0.247302 1.004336 -0.358699 -2.398892 -5.175478 1.409736 -4.078946 13.006751 1.010209 2.858597 17.064171 -0.222485 0.916985 -3.690078 1.670081 0.19266 -14.911975 7.7e-05 -2.2e-05 6e-06 0.000495 0.031815 0.063804 0.622221 -3.724444 -10.570916 -0.613851 3.80646 -10.560064 -12.208112 -7.72509 15.450221 -59.571579 -2.896808 16.865551 -0.444264 -34.420807 0.087813 10.303986 3.802284 -25.336401 -5.882113 9.861296 0.702591 -10.936885 -0.360575 7.156213 1e-06 8.774837 0.0 -16.040434 17.854923 6.178694 -1.844035 2.498508 -2.50728 -10.163612 4.678948 4.621113 -20.976048 -4e-06 3e-06 -21.226313 2.4517 -3.594003 1e-06 -6e-06 -0.0 -1.362683 2.240801 -0.746325 -21.334942 0.584909 3.008326 -13.82123 -3e-06 2e-06 -23.887201 -0.24908 -0.839483 -60.406071 2.475561 -0.649108 -0.294025 1.679689 0.833257 -14.218225 0.093214 1.300582 -34.212086 -0.287566 0.967173 -20.033237 0.964536 1.212846 1e-06 0.0 -0.0 -3.440392 0.788235 0.501656 -15.928205 -3.167315 2.99971 -6.338833 -1e-06 1e-06 -18.123465 3.648186 -4.905676 -4e-06 1e-06 -2e-06 15.995625 7.09045 15.9177 66.685173 8.878225 11.393398 -0.095419 17.096357 0.079996 -3.395816 1.148051 -17.018116 2.243545 -5.255041 -3.180161 14.282909 -0.826596 6.952507 -3e-06 -12.690614 -0.0 16.118269 -17.803919 2.770549 1.665669 -1.955923 -2.878301 4.727805 -4.170591 4.993927 11.020542 2e-06 -2e-06 12.10907 -3.735719 -2.866787 1e-06 0.0 -0.0 1.291988 -1.928551 -1.498091 14.800149 0.567469 3.865609 14.242592 -1.341737 -6.660665 19.631994 0.143926 -0.648247 49.600845 -0.403246 -6.322887 0.35303 -1.511152 -0.03194 20.222818 3.684313 2.31663 18.787298 5e-06 -3e-06 10.751641 -0.479868 1.397907 -2e-06 -1e-06 0.0 3.273811 0.305947 -0.580112 21.486843 11.830386 2.266133 8.162938 3e-06 -2e-06 18.399111 -3.798986 -4.940583 3e-06 0.0 -1e-06 9.325052 4.17401 17.629539 -0.071114 -0.628941 34.335861 -4.836061 11.135933 9.773108 2.157706 -1.880609 -13.91508 -0.0 1e-06 0.0 10.151438 -2.4223 -4.039575 0.055513 -0.461486 1.98752 -3.958557 -8.053441 10.046192 -1.406187 0.849445 -0.585475 -0.0 0.0 -1e-06 
0.0 0.0 0.0 0.0 -0.0 0.0 1.860896 98.537582 71.347931 -6.990333 3.871689 -9.153812 2.452462 -0.193234 1.561092 -0.261429 -2.268515 -4.949029 1.53102 -3.982207 13.042194 0.906655 2.903702 16.779608 -0.234289 0.850015 -3.675786 1.747274 0.011295 -15.246427 7.7e-05 -2.2e-05 6e-06 0.005791 0.069146 0.053746 0.628175 -3.687043 -10.571215 -0.609813 3.842596 -10.568325 -12.13654 -7.521641 15.526719 -60.070587 -2.695415 16.746805 -0.618902 -33.85862 0.146015 10.156057 3.843515 -24.958302 -5.882104 9.861281 0.70259 -10.936867 -0.360574 7.156204 0.0 8.774821 -1e-06 -16.0637 17.787571 6.127126 -1.844032 2.498503 -2.507277 -10.163595 4.678944 4.621108 -20.976013 -2e-06 2e-06 -21.226276 2.451697 -3.594001 1e-06 -6e-06 -0.0 -1.362681 2.240797 -0.746324 -21.334906 0.58491 3.008324 -13.82121 -1e-06 2e-06 -23.887159 -0.249077 -0.839485 -60.402027 2.508325 -0.72746 -0.294024 1.679685 0.833256 -14.218203 0.093214 1.300581 -34.212036 -0.28756 0.96717 -20.033209 0.964538 1.212842 0.0 0.0 -1e-06 -3.440387 0.788233 0.501655 -15.928179 -3.167308 2.999707 -6.338823 0.0 1e-06 -18.123444 3.648182 -4.905668 -3e-06 0.0 -2e-06 15.533074 7.277648 16.083529 66.536415 9.497538 12.038347 0.043786 17.818743 0.099982 -3.710826 1.613259 -17.523701 2.243541 -5.255035 -3.180156 14.282887 -0.826594 6.952499 -2e-06 -12.6906 0.0 16.151867 -17.736959 2.788936 1.665666 -1.955921 -2.878298 4.727798 -4.170586 4.993922 11.020524 4e-06 -1e-06 12.109049 -3.735714 -2.866783 1e-06 0.0 0.0 1.291985 -1.928547 -1.498089 14.800123 0.567467 3.865606 14.242567 -1.341735 -6.660655 19.631958 0.143926 -0.648245 49.632626 -0.325375 -6.186702 0.353029 -1.511151 -0.03194 20.222786 3.68431 2.316628 18.78727 5e-06 -2e-06 10.751624 -0.479869 1.397905 -2e-06 -0.0 1e-06 3.273806 0.305946 -0.58011 21.486809 11.830373 2.266131 8.162926 2e-06 0.0 18.39908 -3.798985 -4.940575 3e-06 1e-06 -2e-06 10.197256 4.162863 14.044708 -0.138562 -0.532107 43.425907 -3.732432 12.777163 13.814937 2.102528 -1.932657 -9.062875 0.0 -0.0 2e-06 11.112204 -2.503139 -1.267727 0.07693 -0.441927 2.159662 -4.298796 -8.314363 7.768521 -1.412483 0.849005 -0.420444 0.0 0.0 -1e-06 
0.0 0.0 0.0 0.0 -0.0 0.0 1.547663 98.552795 73.979279 -7.31829 3.622369 -10.004026 2.681093 -0.144542 2.184078 -0.196786 -2.077735 -4.678483 1.585924 -3.848921 13.092488 0.876596 2.871332 16.481466 -0.274534 0.804835 -3.673298 1.791901 -0.167659 -15.817601 7.7e-05 -2.3e-05 6e-06 0.007384 0.079356 0.045295 0.624744 -3.674545 -10.560069 -0.604037 3.849171 -10.557034 -12.04122 -7.35975 15.624889 -60.559284 -2.856401 16.543577 -0.732992 -33.220768 0.198248 9.944435 3.806525 -24.662378 -5.882108 9.861287 0.70259 -10.936875 -0.360576 7.156206 1e-06 8.774827 0.0 -16.074684 17.7766 6.105142 -1.844033 2.498505 -2.507279 -10.163604 4.678946 4.621109 -20.97603 -5e-06 2e-06 -21.226295 2.451696 -3.594001 -0.0 -6e-06 -0.0 -1.362682 2.240798 -0.746324 -21.334923 0.584909 3.008322 -13.821218 -4e-06 0.0 -23.887178 -0.249081 -0.839482 -60.466217 2.594044 -0.832957 -0.294024 1.679686 0.833256 -14.218214 0.093214 1.300581 -34.212063 -0.287566 0.96717 -20.033224 0.964535 1.212845 1e-06 0.0 -1e-06 -3.440389 0.788234 0.501656 -15.928192 -3.167312 2.999708 -6.338828 -0.0 0.0 -18.123453 3.648181 -4.905672 -3e-06 0.0 -2e-06 15.013947 7.513324 16.261465 66.32093 10.494953 12.922308 0.165381 18.440992 0.097557 -4.141614 2.047579 -17.877735 2.243544 -5.255037 -3.18016 14.282902 -0.826596 6.952507 -3e-06 -12.690608 1e-06 16.216377 -17.676506 2.780817 1.665668 -1.955923 -2.878301 4.727803 -4.170589 4.993928 11.020536 2e-06 -1e-06 12.10906 -3.735717 -2.866786 1e-06 0.0 0.0 1.291987 -1.92855 -1.498091 14.80014 0.567467 3.86561 14.242584 -1.341735 -6.660661 19.631985 0.143926 -0.648246 49.680237 -0.275645 -6.070478 0.353029 -1.51115 -0.03194 20.222805 3.68431 2.316631 18.787289 4e-06 -2e-06 10.751637 -0.479868 1.397907 -2e-06 0.0 1e-06 3.27381 0.305947 -0.580111 21.486832 11.830379 2.266133 8.162935 1e-06 -1e-06 18.399099 -3.798985 -4.940577 4e-06 1e-06 -1e-06 10.480451 4.107036 10.111501 -0.146651 -0.402304 51.372746 -1.834338 14.844646 15.829607 2.105668 -2.043311 -4.751225 0.0 -1e-06 2e-06 11.785469 -2.739913 1.314682 0.061582 -0.404501 2.276873 -4.447888 -8.42863 5.686458 -1.413994 0.870896 -0.248996 0.0 -0.0 -1e-06 
0.0 0.0 0.0 0.0 -0.0 0.0 1.304211 98.576653 76.491844 -7.342706 3.265038 -10.692929 2.785255 -0.070581 2.774228 -0.173532 -1.830713 -4.418544 1.524516 -3.639086 13.149624 0.918074 2.793579 16.273026 -0.351052 0.7593 -3.666309 1.79134 -0.30658 -16.532215 7.7e-05 -2.2e-05 6e-06 0.005685 0.058115 0.044856 0.621075 -3.693696 -10.545915 -0.604809 3.825472 -10.539003 -11.83242 -7.14899 15.67854 -61.132927 -3.177464 16.333324 -0.770693 -32.729008 0.241593 9.895662 3.633102 -24.625082 -5.882108 9.861288 0.70259 -10.936876 -0.360575 7.156209 0.0 8.774828 -1e-06 -16.05032 17.802696 6.117404 -1.844033 2.498506 -2.507279 -10.163604 4.678945 4.62111 -20.97603 -3e-06 2e-06 -21.226295 2.451697 -3.594002 1e-06 -6e-06 -0.0 -1.362682 2.240798 -0.746324 -21.334923 0.58491 3.008324 -13.821218 -3e-06 1e-06 -23.887178 -0.249078 -0.839483 -60.502689 2.67661 -0.929898 -0.294025 1.679688 0.833256 -14.218215 0.093214 1.300581 -34.212067 -0.287564 0.96717 -20.033226 0.964537 1.212844 0.0 1e-06 0.0 -3.440389 0.788233 0.501656 -15.928192 -3.167311 2.999709 -6.338829 -1e-06 1e-06 -18.123455 3.648182 -4.905672 -3e-06 0.0 -1e-06 14.44167 7.830167 16.481585 66.152565 11.805825 13.848814 0.247759 18.843435 0.076546 -4.86742 2.344352 -18.013536 2.243542 -5.255039 -3.180159 14.282894 -0.826595 6.952505 -2e-06 -12.690609 1e-06 16.266815 -17.640993 2.787242 1.665667 -1.955923 -2.8783 4.7278 -4.17059 4.993925 11.020529 2e-06 -1e-06 12.109053 -3.735718 -2.866785 1e-06 -0.0 0.0 1.291986 -1.928551 -1.49809 14.800131 0.567468 3.865609 14.242575 -1.341738 -6.660659 19.631969 0.143925 -0.648245 49.701893 -0.298727 -6.018261 0.353028 -1.511151 -0.031939 20.222794 3.684309 2.31663 18.787273 3e-06 -1e-06 10.751629 -0.479869 1.397905 -2e-06 -0.0 0.0 3.273807 0.305947 -0.580111 21.486818 11.830379 2.266135 8.16293 1e-06 0.0 18.399088 -3.798986 -4.940577 4e-06 1e-06 -2e-06 10.053558 3.854964 6.204691 -0.133399 -0.225714 57.287811 -0.341158 16.644773 13.930354 2.11667 -2.090714 -3.384746 -0.0 -0.0 3e-06 12.07064 -2.975349 3.762503 0.02224 -0.359801 2.241061 -4.382672 -8.327603 3.852274 -1.408566 0.902995 -0.04425 -0.0 -0.0 -1e-06 
0.0 0.0 0.0 0.0 -0.0 0.0 1.142555 98.659264 78.906807 -6.956403 2.753236 -11.144677 2.716038 0.054065 3.276685 -0.207273 -1.504057 -4.196931 1.305434 -3.388587 13.157826 0.994795 2.749241 16.216986 -0.449953 0.695338 -3.65165 1.76501 -0.430979 -17.128092 7.7e-05 -2.2e-05 6e-06 0.00234 0.02806 0.050381 0.619298 -3.724247 -10.543034 -0.610818 3.796024 -10.534731 -11.578941 -6.837048 15.720122 -61.722343 -3.48736 15.986261 -0.77327 -32.567768 0.253574 10.160795 3.338084 -24.868946 -5.882109 9.861292 0.702591 -10.936877 -0.360576 7.156207 0.0 8.774831 -2e-06 -15.988139 17.839014 6.175782 -1.844033 2.498505 -2.507279 -10.163604 4.678947 4.621109 -20.976034 -5e-06 0.0 -21.226299 2.451697 -3.594003 -0.0 -6e-06 -0.0 -1.362682 2.240799 -0.746324 -21.334925 0.584908 3.008322 -13.821218 -3e-06 0.0 -23.88718 -0.24908 -0.839485 -60.486286 2.739555 -0.987695 -0.294025 1.679688 0.833257 -14.218215 0.093215 1.30058 -34.212067 -0.287564 0.967167 -20.033226 0.964536 1.212843 0.0 1e-06 0.0 -3.44039 0.788234 0.501655 -15.928192 -3.167311 2.999707 -6.338829 0.0 -0.0 -18.123457 3.648185 -4.905675 -5e-06 -0.0 -2e-06 13.888955 8.256431 16.703144 66.051468 13.221968 14.610664 0.335535 19.165504 0.060006 -5.948074 2.463019 -17.974428 2.243541 -5.255039 -3.180158 14.282892 -0.826595 6.952504 -2e-06 -12.690607 -0.0 16.279654 -17.620749 2.821903 1.665666 -1.955922 -2.878299 4.727799 -4.170587 4.993925 11.020526 3e-06 -1e-06 12.109052 -3.735717 -2.866783 1e-06 0.0 -0.0 1.291986 -1.928551 -1.498089 14.800131 0.567468 3.865609 14.242572 -1.341737 -6.660658 19.631971 0.143925 -0.648243 49.696442 -0.334534 -6.00541 0.353029 -1.511151 -0.03194 20.222794 3.684309 2.316631 18.787273 4e-06 -1e-06 10.751629 -0.479869 1.397906 -0.0 -1e-06 -0.0 3.273807 0.305947 -0.58011 21.486818 11.830376 2.266136 8.162928 1e-06 1e-06 18.399082 -3.798987 -4.940576 4e-06 1e-06 -1e-06 8.836289 3.220049 2.283571 -0.0933 -0.026323 60.760181 0.297601 18.113791 10.107714 2.104349 -2.103771 -3.185369 -0.0 1e-06 2e-06 11.865971 -3.060814 6.009543 0.00588 -0.310452 2.052596 -4.179924 -8.074636 2.329911 -1.402747 0.920992 0.144092 -0.0 -0.0 -1e-06 
0.0 0.0 0.0 0.0 -0.0 0.0 1.057355 98.792068 81.202606 -6.212175 2.154564 -11.303812 2.491429 0.196505 3.667079 -0.274138 -1.124634 -4.020482 0.952407 -3.118281 13.048362 0.986571 2.797356 16.249441 -0.537766 0.619244 -3.63806 1.763811 -0.601849 -17.418522 7.7e-05 -2.2e-05 6e-06 0.000433 0.016563 0.059349 0.620302 -3.738409 -10.548079 -0.616782 3.787045 -10.545254 -11.423201 -6.470131 15.774988 -62.101742 -3.652507 15.683578 -0.745164 -32.836803 0.213038 10.602358 2.994944 -25.342775 -5.882111 9.861297 0.702591 -10.936881 -0.360575 7.156211 0.0 8.774835 -1e-06 -15.874022 17.839581 6.245205 -1.844035 2.498507 -2.507279 -10.163611 4.678951 4.621111 -20.976044 -3e-06 1e-06 -21.226311 2.4517 -3.594005 1e-06 -6e-06 0.0 -1.362683 2.240799 -0.746324 -21.334932 0.584912 3.008325 -13.821229 -2e-06 1e-06 -23.887192 -0.249078 -0.839486 -60.396626 2.756801 -1.029502 -0.294025 1.679689 0.833257 -14.218223 0.093215 1.300581 -34.212078 -0.287563 0.967172 -20.033232 0.964538 1.212845 0.0 1e-06 -1e-06 -3.440392 0.788234 0.501656 -15.928201 -3.167312 2.999709 -6.338833 -2e-06 1e-06 -18.123465 3.648187 -4.905676 -4e-06 0.0 -2e-06 13.335998 8.766042 16.817926 66.048027 14.40915 15.1686 0.44318 19.73221 0.064473 -7.081639 2.552705 -17.932047 2.243544 -5.255042 -3.180161 14.282902 -0.826595 6.952507 -2e-06 -12.690616 1e-06 16.24852 -17.579918 2.834523 1.665668 -1.955924 -2.878302 4.727803 -4.170592 4.993929 11.020536 3e-06 -2e-06 12.109062 -3.735717 -2.866788 1e-06 1e-06 0.0 1.291987 -1.92855 -1.498091 14.800139 0.567469 3.865608 14.242584 -1.341736 -6.660665 19.631987 0.143929 -0.648246 49.608459 -0.380757 -6.027916 0.353029 -1.511151 -0.03194 20.222809 3.684312 2.31663 18.787291 5e-06 -2e-06 10.751639 -0.479868 1.397907 1e-06 0.0 -0.0 3.27381 0.305948 -0.580112 21.486834 11.830386 2.266133 8.162935 2e-06 -1e-06 18.399099 -3.798987 -4.940579 4e-06 0.0 -2e-06 7.117069 2.269937 -1.529134 -0.033413 0.143322 61.629646 0.23152 19.124466 6.163047 2.064608 -2.11733 -3.17749 0.0 1e-06 2e-06 11.201094 -2.986264 7.951102 0.023122 -0.277167 1.793221 -3.909997 -7.772872 0.99517 -1.403034 0.916924 0.274946 0.0 -0.0 -1e-06 
0.0 0.0 0.0 0.0 -0.0 0.0 1.015148 98.910645 83.4244 -5.27732 1.511661 -11.231819 2.201995 0.330635 3.965513 -0.345454 -0.717846 -3.863171 0.509039 -2.844122 12.86064 0.825024 2.933635 16.232513 -0.592417 0.5094 -3.634553 1.778437 -0.760902 -17.540653 7.7e-05 -2.2e-05 6e-06 0.000267 0.013438 0.068764 0.621757 -3.744044 -10.548469 -0.619895 3.785688 -10.554542 -11.450994 -6.122853 15.832015 -62.108776 -3.679084 15.777952 -0.631547 -33.451588 0.132872 10.931654 2.689457 -25.73485 -5.88211 9.861292 0.70259 -10.936877 -0.360574 7.156207 0.0 8.77483 -1e-06 -15.76611 17.808229 6.324996 -1.844033 2.498507 -2.507278 -10.163604 4.678948 4.621109 -20.976034 -3e-06 2e-06 -21.226295 2.451699 -3.594002 0.0 -6e-06 -0.0 -1.362682 2.240799 -0.746324 -21.334925 0.584909 3.008323 -13.82122 -2e-06 0.0 -23.887182 -0.249078 -0.839484 -60.363964 2.748453 -1.036936 -0.294025 1.679688 0.833256 -14.218214 0.093216 1.300581 -34.212055 -0.287563 0.967169 -20.033222 0.964536 1.212841 0.0 1e-06 0.0 -3.44039 0.788233 0.501656 -15.928192 -3.167311 2.999708 -6.338829 -2e-06 1e-06 -18.123453 3.648185 -4.905671 -4e-06 0.0 -2e-06 12.693212 9.327456 16.79682 66.173553 15.325311 15.903855 0.474489 20.701662 0.069275 -8.019438 2.794602 -18.011768 2.243543 -5.255039 -3.180159 14.282894 -0.826596 6.952503 -1e-06 -12.690607 -0.0 16.188799 -17.515247 2.828938 1.665667 -1.955922 -2.878299 4.727798 -4.170588 4.993923 11.020528 3e-06 -4e-06 12.109054 -3.735717 -2.866787 1e-06 0.0 0.0 1.291986 -1.92855 -1.498089 14.800132 0.567467 3.865605 14.242576 -1.341738 -6.660661 19.631973 0.143926 -0.648248 49.488121 -0.454667 -6.054813 0.353029 -1.511151 -0.031939 20.222797 3.684308 2.316627 18.787279 5e-06 -4e-06 10.751629 -0.479868 1.397904 2e-06 1e-06 0.0 3.273808 0.305946 -0.580111 21.486816 11.830376 2.266131 8.16293 1e-06 -2e-06 18.399086 -3.798985 -4.940579 3e-06 1e-06 -1e-06 5.385881 1.287482 -5.163419 0.036561 0.271455 60.224796 -0.257 19.536732 2.70534 2.003209 -2.137405 -3.086618 0.0 0.0 2e-06 10.273253 -2.839251 9.524748 0.038224 -0.242884 1.684562 -3.648408 -7.465306 -0.401308 -1.410672 0.887965 0.360882 -0.0 -0.0 -1e-06 
0.0 0.0 0.0 0.0 -0.0 0.0 0.999555 98.992279 85.631714 -4.277519 0.876654 -11.017093 1.902401 0.414944 4.182315 -0.413404 -0.297293 -3.728739 0.029464 -2.578858 12.687693 0.51385 3.122381 16.084015 -0.615589 0.390582 -3.650866 1.788607 -0.889569 -17.644268 7.7e-05 -2.2e-05 6e-06 0.000657 0.007488 0.074311 0.619174 -3.751438 -10.544362 -0.617989 3.780084 -10.56142 -11.697411 -5.807652 15.875569 -61.715153 -3.673297 16.31402 -0.448249 -34.163597 0.027867 11.018939 2.455124 -25.868788 -5.882109 9.86129 0.70259 -10.936875 -0.360574 7.156205 -0.0 8.774829 -1e-06 -15.698171 17.780458 6.405171 -1.844034 2.498506 -2.507279 -10.163604 4.678946 4.621109 -20.97603 -1e-06 0.0 -21.226292 2.451698 -3.594004 0.0 -6e-06 -1e-06 -1.362682 2.2408 -0.746323 -21.334921 0.58491 3.008322 -13.821219 -2e-06 -0.0 -23.887177 -0.249079 -0.839486 -60.40995 2.750364 -1.014066 -0.294025 1.679686 0.833256 -14.218212 0.093216 1.30058 -34.212055 -0.287563 0.967168 -20.033222 0.964536 1.212842 0.0 0.0 -1e-06 -3.440389 0.788235 0.501655 -15.928192 -3.167311 2.999707 -6.338829 1e-06 1e-06 -18.123455 3.648184 -4.905674 -5e-06 1e-06 -2e-06 11.948406 9.88981 16.667389 66.415283 16.064869 16.946217 0.432301 21.926706 0.056091 -8.734838 3.179029 -18.201054 2.243544 -5.255039 -3.180161 14.282903 -0.826597 6.952508 -2e-06 -12.690614 2e-06 16.122164 -17.435736 2.816164 1.665667 -1.955922 -2.878301 4.727802 -4.170591 4.993928 11.020535 3e-06 -3e-06 12.10906 -3.735718 -2.866788 0.0 0.0 0.0 1.291987 -1.92855 -1.49809 14.800139 0.567468 3.865611 14.242584 -1.341736 -6.660665 19.631983 0.143926 -0.648247 49.389404 -0.517598 -6.036999 0.353029 -1.511152 -0.03194 20.222807 3.68431 2.316632 18.787289 5e-06 -3e-06 10.751637 -0.47987 1.397906 2e-06 0.0 -1e-06 3.27381 0.305947 -0.580112 21.486834 11.830384 2.266133 8.162935 0.0 -2e-06 18.399099 -3.798987 -4.94058 4e-06 0.0 -0.0 3.966362 0.549628 -8.44812 0.10609 0.352345 56.879875 -0.710569 19.348162 0.367719 1.940463 -2.160403 -2.914101 0.0 -0.0 2e-06 9.22928 -2.710639 10.808233 0.031108 -0.197353 1.745106 -3.481203 -7.198664 -1.865436 -1.42325 0.857671 0.420943 -0.0 -0.0 -1e-06 
0.0 0.0 0.0 0.0 -0.0 0.0 1.021054 99.033211 87.849792 -3.26906 0.295028 -10.707379 1.607532 0.446256 4.327475 -0.479806 0.104406 -3.621185 -0.447681 -2.305724 12.552309 0.104778 3.342936 15.823887 -0.63446 0.255924 -3.683365 1.784449 -1.026653 -17.794153 7.7e-05 -2.2e-05 6e-06 0.002322 0.003279 0.074903 0.610712 -3.755903 -10.538649 -0.607721 3.774622 -10.568413 -12.09815 -5.562069 15.902902 -61.107414 -3.700156 16.939915 -0.289025 -34.769958 -0.043439 10.951252 2.253311 -25.936033 -5.882106 9.861285 0.702589 -10.936872 -0.360575 7.156204 1e-06 8.774826 -1e-06 -15.651203 17.778381 6.444752 -1.844032 2.498504 -2.507278 -10.1636 4.678944 4.621108 -20.976027 -4e-06 1e-06 -21.226288 2.451696 -3.594002 1e-06 -6e-06 -1e-06 -1.362682 2.240798 -0.746324 -21.334915 0.584909 3.008323 -13.821216 -3e-06 0.0 -23.887173 -0.249079 -0.839484 -60.459545 2.753754 -1.005834 -0.294025 1.679687 0.833255 -14.218208 0.093215 1.30058 -34.212051 -0.287566 0.967168 -20.033215 0.964535 1.212843 0.0 0.0 0.0 -3.440388 0.788233 0.501656 -15.928185 -3.167309 2.999706 -6.338827 -0.0 1e-06 -18.123444 3.648181 -4.90567 -4e-06 1e-06 -3e-06 11.14926 10.417374 16.445587 66.738838 16.689367 18.086235 0.403609 23.169445 0.032323 -9.32878 3.596953 -18.347202 2.243541 -5.255037 -3.180157 14.282887 -0.826595 6.952499 -2e-06 -12.690603 0.0 16.052279 -17.361927 2.787613 1.665666 -1.955921 -2.878298 4.727798 -4.170589 4.993921 11.020524 3e-06 -2e-06 12.109052 -3.735716 -2.866784 0.0 -0.0 0.0 1.291985 -1.92855 -1.498089 14.800125 0.567469 3.865606 14.24257 -1.341738 -6.660658 19.631966 0.143924 -0.648247 49.290108 -0.535021 -5.994565 0.353029 -1.511151 -0.031939 20.222788 3.684309 2.316628 18.78727 5e-06 -2e-06 10.751627 -0.479869 1.397904 1e-06 0.0 1e-06 3.273806 0.305946 -0.580111 21.486809 11.830376 2.266131 8.162928 1e-06 -0.0 18.39908 -3.798984 -4.940578 4e-06 0.0 -0.0 2.943876 0.298039 -11.187025 0.159312 0.375666 51.888985 -0.882702 18.579165 -0.469247 1.886541 -2.180937 -2.754817 0.0 0.0 2e-06 8.1548 -2.521822 11.901268 0.008713 -0.134946 1.87482 -3.400663 -7.080154 -3.335405 -1.434576 0.840285 0.487605 0.0 -0.0 -1e-06 
0.0 0.0 0.0 0.0 -0.0 0.0 1.081069 99.023468 90.043152 -2.33692 -0.195328 -10.301554 1.351283 0.435234 4.385002 -0.543162 0.4494 -3.560088 -0.877649 -2.012414 12.445123 -0.357474 3.553184 15.557773 -0.643768 0.128195 -3.72325 1.760853 -1.171569 -17.994928 7.7e-05 -2.2e-05 6e-06 0.004947 0.005881 0.073894 0.598441 -3.751548 -10.529216 -0.591657 3.773825 -10.56833 -12.553208 -5.411503 15.882941 -60.502964 -3.75818 17.445084 -0.178044 -35.125957 -0.06205 10.826864 2.06204 -26.155718 -5.882105 9.861281 0.70259 -10.93687 -0.360575 7.156201 1e-06 8.774823 -1e-06 -15.631829 17.785145 6.417246 -1.844032 2.498504 -2.507277 -10.163598 4.678942 4.621106 -20.976021 -4e-06 1e-06 -21.226286 2.451695 -3.594 1e-06 -6e-06 -1e-06 -1.362681 2.240797 -0.746323 -21.334911 0.584908 3.00832 -13.821213 -3e-06 -0.0 -23.887167 -0.249081 -0.839484 -60.479332 2.742029 -1.047113 -0.294025 1.679687 0.833255 -14.218207 0.093214 1.300579 -34.212048 -0.287566 0.967167 -20.033211 0.964535 1.212842 1e-06 -0.0 0.0 -3.440388 0.788233 0.501655 -15.928183 -3.16731 2.999704 -6.338825 -0.0 -0.0 -18.123444 3.64818 -4.905669 -4e-06 0.0 -2e-06 10.323725 10.899355 16.140486 67.134628 17.245436 19.27408 0.376701 24.177874 0.004673 -9.767169 3.897099 -18.434629 2.243542 -5.255037 -3.180158 14.282895 -0.826595 6.952503 -2e-06 -12.690607 1e-06 15.999935 -17.333046 2.74532 1.665668 -1.955922 -2.8783 4.727799 -4.170588 4.993925 11.02053 5e-06 -3e-06 12.109056 -3.735716 -2.866785 -1e-06 -0.0 0.0 1.291986 -1.92855 -1.49809 14.800132 0.567468 3.865606 14.242577 -1.341736 -6.660661 19.631973 0.143927 -0.648245 49.211807 -0.524075 -5.967534 0.353029 -1.511151 -0.031938 20.222797 3.684311 2.316628 18.787279 8e-06 -1e-06 10.751631 -0.479868 1.397906 1e-06 -0.0 1e-06 3.273808 0.305947 -0.58011 21.48682 11.830379 2.266132 8.16293 1e-06 -1e-06 18.399088 -3.798985 -4.940577 3e-06 -0.0 -1e-06 2.299267 0.664751 -13.41924 0.197345 0.368938 45.659485 -0.85895 17.343151 0.075009 1.831868 -2.191394 -2.697226 0.0 -0.0 2e-06 7.135161 -2.269863 12.894943 -0.017412 -0.062025 2.043014 -3.391166 -7.085851 -4.810565 -1.442038 0.840894 0.578569 0.0 -0.0 -1e-06 
0.0 0.0 0.0 0.0 -0.0 0.0 1.196195 98.941925 92.243011 -1.571891 -0.566206 -9.821273 1.169096 0.390534 4.356077 -0.601823 0.703262 -3.542924 -1.224159 -1.720737 12.34149 -0.806203 3.715514 15.341703 -0.647101 0.030505 -3.745108 1.728023 -1.320954 -18.216379 7.7e-05 -2.2e-05 6e-06 0.008383 0.01461 0.078116 0.589675 -3.740246 -10.516716 -0.577359 3.778866 -10.559722 -12.985822 -5.327721 15.826706 -60.016621 -3.829234 17.779453 -0.104616 -35.204712 -0.047248 10.755219 1.871699 -26.486284 -5.88211 9.861289 0.70259 -10.936878 -0.360575 7.156208 -0.0 8.774828 -1e-06 -15.618312 17.782921 6.361018 -1.844034 2.498507 -2.507279 -10.163606 4.678948 4.62111 -20.97604 -1e-06 2e-06 -21.226301 2.451699 -3.594002 0.0 -6e-06 -0.0 -1.362682 2.240798 -0.746324 -21.334929 0.584912 3.008325 -13.821221 -1e-06 0.0 -23.887182 -0.249076 -0.839484 -60.493752 2.728167 -1.113761 -0.294025 1.679688 0.833256 -14.218217 0.093216 1.300581 -34.21207 -0.287562 0.967169 -20.033226 0.964537 1.212843 1e-06 -1e-06 -1e-06 -3.440391 0.788234 0.501656 -15.928198 -3.167309 2.999708 -6.33883 1e-06 1e-06 -18.123457 3.648185 -4.905674 -5e-06 1e-06 -2e-06 9.543937 11.322114 15.823217 67.567261 17.74724 20.406021 0.355441 24.767565 -0.01077 -10.057523 4.007261 -18.447744 2.243543 -5.255039 -3.180161 14.282901 -0.826596 6.952507 -4e-06 -12.690612 1e-06 15.965738 -17.366264 2.712199 1.665668 -1.955924 -2.878301 4.727801 -4.170588 4.993927 11.020535 5e-06 -3e-06 12.109059 -3.735717 -2.866786 0.0 -1e-06 -0.0 1.291987 -1.92855 -1.498092 14.800139 0.567469 3.865608 14.242583 -1.341734 -6.660664 19.631985 0.143929 -0.648247 49.158772 -0.495771 -5.97099 0.353029 -1.511152 -0.031941 20.222805 3.684313 2.316629 18.787287 6e-06 -0.0 10.751636 -0.479869 1.397908 -0.0 -0.0 -0.0 3.27381 0.305948 -0.58011 21.486834 11.830381 2.266132 8.162933 3e-06 -2e-06 18.399097 -3.798982 -4.940579 4e-06 -1e-06 -1e-06 1.890051 1.648583 -15.124514 0.226587 0.378993 38.554512 -0.781104 15.90383 1.636292 1.777707 -2.187267 -2.719886 -0.0 -1e-06 2e-06 6.265255 -2.024907 13.809339 -0.042671 0.012761 2.172085 -3.373623 -7.126967 -6.252706 -1.44533 0.85689 0.659253 0.0 0.0 -1e-06 
0.0 0.0 0.0 0.0 -0.0 0.0 1.370249 98.797005 94.496796 -1.007216 -0.84541 -9.258674 1.073071 0.324887 4.247197 -0.65188 0.844993 -3.573137 -1.464901 -1.419899 12.205114 -1.208402 3.841458 15.197888 -0.65205 -0.038349 -3.747974 1.698223 -1.460598 -18.430334 7.7e-05 -2.2e-05 6e-06 0.011811 0.019502 0.08687 0.588565 -3.734339 -10.513242 -0.570557 3.782133 -10.553946 -13.381422 -5.264467 15.740096 -59.667332 -3.88549 17.941532 -0.075516 -35.08366 -0.028141 10.728887 1.726588 -26.765173 -5.882112 9.861292 0.702591 -10.936881 -0.360575 7.15621 1e-06 8.77483 0.0 -15.587027 17.763641 6.330351 -1.844034 2.498505 -2.507279 -10.163609 4.678946 4.621111 -20.976042 -3e-06 1e-06 -21.226307 2.451699 -3.594003 0.0 -6e-06 -0.0 -1.362682 2.240799 -0.746324 -21.33493 0.584909 3.008323 -13.821225 -2e-06 1e-06 -23.887192 -0.24908 -0.839485 -60.49033 2.710196 -1.135617 -0.294025 1.679688 0.833256 -14.218221 0.093215 1.30058 -34.212078 -0.287565 0.967168 -20.03323 0.964537 1.212844 1e-06 -0.0 0.0 -3.440391 0.788233 0.501656 -15.928196 -3.167312 2.999708 -6.33883 -1e-06 1e-06 -18.123459 3.648184 -4.905675 -4e-06 0.0 -1e-06 8.889296 11.687264 15.537513 67.978531 18.137726 21.298498 0.364683 24.948713 -0.001332 -10.211531 3.947948 -18.400681 2.243543 -5.255037 -3.180159 14.282898 -0.826593 6.952505 -4e-06 -12.69061 1e-06 15.960436 -17.43685 2.70297 1.665667 -1.955922 -2.878299 4.7278 -4.170589 4.993926 11.020534 5e-06 -2e-06 12.109059 -3.735715 -2.866786 -1e-06 -1e-06 -1e-06 1.291986 -1.92855 -1.49809 14.800136 0.56747 3.865608 14.242582 -1.341734 -6.660663 19.631981 0.14393 -0.648247 49.136562 -0.482455 -5.981016 0.35303 -1.511151 -0.03194 20.222803 3.684313 2.316628 18.787287 8e-06 -2e-06 10.751634 -0.479867 1.397907 -0.0 1e-06 -0.0 3.273809 0.305946 -0.580111 21.486828 11.830384 2.266132 8.16293 2e-06 -1e-06 18.399094 -3.798984 -4.940578 4e-06 0.0 0.0 1.535068 3.177541 -16.303329 0.245435 0.438672 30.533133 -0.861505 14.445282 3.601157 1.727169 -2.156652 -2.67139 0.0 -0.0 2e-06 5.553889 -1.845774 14.714608 -0.066911 0.075859 2.230159 -3.250173 -7.122544 -7.60464 -1.446243 0.890011 0.713543 0.0 0.0 -1e-06 
0.0 0.0 0.0 0.0 -0.0 0.0 1.598861 98.5961 96.869621 -0.612465 -1.067398 -8.646188 1.033523 0.259989 4.048947 -0.683302 0.906504 -3.658138 -1.623205 -1.144296 12.070083 -1.569347 3.988276 15.089272 -0.647355 -0.140623 -3.753737 1.713025 -1.559699 -18.558836 7.7e-05 -2.2e-05 6e-06 0.015452 0.022889 0.091731 0.59479 -3.732934 -10.533463 -0.570624 3.787007 -10.567472 -13.73253 -5.181064 15.666668 -59.448254 -3.964203 17.86331 -0.098938 -34.776779 -0.022532 10.69506 1.633647 -26.823345 -5.882102 9.861279 0.702589 -10.936866 -0.360576 7.156201 1e-06 8.774821 -1e-06 -15.551945 17.715891 6.342727 -1.844032 2.498504 -2.507276 -10.163595 4.678942 4.621106 -20.976013 -5e-06 2e-06 -21.226273 2.451694 -3.593997 0.0 -6e-06 -0.0 -1.362681 2.240796 -0.746323 -21.334904 0.584907 3.008321 -13.821207 -3e-06 1e-06 -23.887157 -0.24908 -0.839482 -60.496201 2.693049 -1.091344 -0.294025 1.679685 0.833255 -14.218199 0.093213 1.300579 -34.212025 -0.287567 0.96717 -20.033201 0.964534 1.212844 1e-06 -1e-06 -1e-06 -3.440386 0.788233 0.501655 -15.928179 -3.16731 2.999706 -6.338823 -2e-06 1e-06 -18.12344 3.648179 -4.905667 -4e-06 0.0 -2e-06 8.42335 12.015352 15.350628 68.326393 18.387817 21.837265 0.394905 24.823191 0.017732 -10.265717 3.78546 -18.225336 2.243541 -5.255034 -3.180157 14.282888 -0.826594 6.952502 -2e-06 -12.690601 -2e-06 15.980077 -17.491112 2.725285 1.665666 -1.95592 -2.878298 4.727798 -4.170588 4.993923 11.020524 3e-06 -1e-06 12.109052 -3.735715 -2.866782 0.0 -0.0 -0.0 1.291985 -1.928549 -1.49809 14.800127 0.567467 3.86561 14.242571 -1.341736 -6.660657 19.631968 0.143926 -0.648244 49.174332 -0.492501 -5.953163 0.353029 -1.511151 -0.03194 20.222788 3.684311 2.316631 18.78727 5e-06 -2e-06 10.751629 -0.479869 1.397906 -1e-06 1e-06 -1e-06 3.273806 0.305949 -0.580112 21.486813 11.830373 2.266135 8.162926 2e-06 -0.0 18.39908 -3.798984 -4.940573 3e-06 -0.0 -0.0 1.072856 4.957855 -16.960228 0.208674 0.499033 21.902626 -1.33377 12.914235 5.386895 1.684357 -2.117073 -2.512949 -0.0 -0.0 2e-06 4.969113 -1.677334 15.702614 -0.08422 0.107039 2.157529 -2.9875 -7.067863 -8.803471 -1.447135 0.920168 0.715363 0.0 0.0 -1e-06 
0.0 0.0 0.0 0.0 -0.0 0.0 1.890671 98.362511 99.377602 -0.308876 -1.241557 -8.008926 0.999104 0.19756 3.75036 -0.688879 0.952034 -3.789065 -1.733672 -0.951699 11.968759 -1.92328 4.165974 14.974208 -0.654067 -0.226559 -3.758848 1.768682 -1.641448 -18.571398 7.7e-05 -2.3e-05 6e-06 0.017098 0.04266 0.092899 0.597469 -3.717026 -10.561675 -0.571173 3.810166 -10.590165 -14.097084 -5.023706 15.642898 -59.26347 -4.100843 17.751457 -0.044748 -34.2957 -0.068896 10.602963 1.563085 -26.821625 -5.882113 9.861297 0.702591 -10.936883 -0.360576 7.156209 -0.0 8.774837 -1e-06 -15.52959 17.651041 6.371906 -1.844035 2.498506 -2.507279 -10.163611 4.678951 4.62111 -20.976049 -2e-06 2e-06 -21.226311 2.451701 -3.594005 1e-06 -6e-06 -0.0 -1.362683 2.240802 -0.746324 -21.334938 0.58491 3.008323 -13.821229 -3e-06 -0.0 -23.887201 -0.249079 -0.839485 -60.530598 2.679875 -1.019488 -0.294025 1.679689 0.833257 -14.218224 0.093215 1.30058 -34.212086 -0.287565 0.967169 -20.033239 0.964537 1.212844 1e-06 0.0 -1e-06 -3.440392 0.788234 0.501656 -15.928203 -3.167314 2.999708 -6.338833 -1e-06 0.0 -18.123466 3.648186 -4.905675 -4e-06 0.0 -2e-06 8.135406 12.327223 15.31742 68.589684 18.490217 22.105547 0.455872 24.598986 0.017699 -10.202784 3.554996 -17.973749 2.243544 -5.255041 -3.18016 14.282907 -0.826594 6.952507 -4e-06 -12.690616 0.0 16.005569 -17.51873 2.766603 1.665669 -1.955923 -2.878302 4.727803 -4.17059 4.993927 11.020538 4e-06 -2e-06 12.109066 -3.735717 -2.866786 -1e-06 -1e-06 -0.0 1.291987 -1.928551 -1.498091 14.800146 0.56747 3.865608 14.24259 -1.341735 -6.660666 19.631994 0.143929 -0.648247 49.277863 -0.519299 -5.896639 0.353028 -1.511151 -0.031941 20.222815 3.684315 2.316628 18.787296 9e-06 -3e-06 10.751641 -0.479866 1.397906 -1e-06 1e-06 -1e-06 3.27381 0.305949 -0.580112 21.486843 11.830388 2.266132 8.162937 3e-06 -2e-06 18.399105 -3.798984 -4.940582 3e-06 -0.0 0.0 0.417118 6.63299 -17.272945 0.089455 0.479104 13.261018 -2.639241 11.274816 6.509862 1.641962 -2.080153 -2.427802 0.0 0.0 2e-06 4.446891 -1.433683 16.790089 -0.084733 0.089215 2.016751 -2.605669 -7.094561 -9.770933 -1.449616 0.917376 0.658695 -0.0 0.0 -1e-06 
0.0 0.0 0.0 0.0 -0.0 0.0 2.246357 98.072868 102.001503 -0.018868 -1.422674 -7.377808 0.945983 0.137142 3.346447 -0.669202 1.021768 -3.960951 -1.809791 -0.84154 11.916068 -2.317481 4.3845 14.872465 -0.672394 -0.263291 -3.755538 1.835149 -1.695028 -18.453386 7.7e-05 -2.2e-05 6e-06 0.013638 0.060383 0.091295 0.586865 -3.700924 -10.580107 -0.568583 3.829047 -10.606757 -14.572186 -4.808344 15.668908 -59.013485 -4.221691 17.600828 0.050562 -33.69833 -0.109256 10.528444 1.448863 -27.00572 -5.882107 9.861288 0.702591 -10.936873 -0.360575 7.156205 0.0 8.774827 -1e-06 -15.537513 17.611092 6.359285 -1.844033 2.498505 -2.507277 -10.163598 4.678947 4.621109 -20.976023 -3e-06 1e-06 -21.226286 2.451697 -3.594001 1e-06 -6e-06 0.0 -1.362682 2.240799 -0.746323 -21.334917 0.584909 3.008322 -13.821216 -3e-06 0.0 -23.887173 -0.24908 -0.839485 -60.535454 2.664441 -1.011683 -0.294025 1.679686 0.833256 -14.21821 0.093216 1.30058 -34.212048 -0.287563 0.96717 -20.033215 0.964537 1.212843 0.0 1e-06 -1e-06 -3.440389 0.788234 0.501656 -15.928187 -3.167311 2.999706 -6.338828 -1e-06 1e-06 -18.123447 3.648185 -4.90567 -4e-06 0.0 -2e-06 7.992718 12.571035 15.386705 68.698746 18.405724 22.494528 0.533875 24.429766 0.015246 -9.968968 3.338043 -17.656752 2.243541 -5.255035 -3.180156 14.282889 -0.826594 6.952501 -2e-06 -12.690605 -1e-06 16.026335 -17.540123 2.780357 1.665666 -1.955921 -2.8783 4.727798 -4.170588 4.993925 11.020526 4e-06 -1e-06 12.109053 -3.735716 -2.866785 0.0 -1e-06 -1e-06 1.291985 -1.928549 -1.49809 14.800127 0.567468 3.865607 14.242571 -1.341736 -6.660657 19.631968 0.143927 -0.648244 49.389702 -0.515538 -5.911351 0.353029 -1.511151 -0.031939 20.222788 3.68431 2.316627 18.787273 7e-06 -3e-06 10.751627 -0.479869 1.397904 -0.0 0.0 -0.0 3.273807 0.305948 -0.58011 21.486811 11.830378 2.26613 8.162926 1e-06 -2e-06 18.399086 -3.798986 -4.940579 2e-06 -0.0 -0.0 -0.449359 7.989981 -17.397938 -0.045831 0.380561 5.727622 -4.631744 9.909778 6.698483 1.597218 -2.078907 -2.585782 0.0 0.0 2e-06 3.915583 -1.085514 17.967396 -0.076545 0.052791 1.867694 -2.151898 -7.197953 -10.626346 -1.453048 0.873635 0.5787 -0.0 0.0 -1e-06 
0.0 0.0 0.0 0.0 -0.0 0.0 2.680861 97.711899 104.735649 0.261299 -1.635544 -6.824905 0.930317 0.094774 2.925668 -0.644457 1.125627 -4.128286 -1.872675 -0.739122 11.8941 -2.761056 4.608495 14.724677 -0.690949 -0.284085 -3.759463 1.903669 -1.745247 -18.207954 7.7e-05 -2.2e-05 6e-06 0.008711 0.066603 0.08882 0.576927 -3.691317 -10.583981 -0.56955 3.831261 -10.609035 -15.16537 -4.616668 15.629831 -58.664551 -4.186038 17.264526 0.056025 -33.143108 -0.103564 10.490599 1.355827 -27.283175 -5.882108 9.86129 0.702591 -10.936874 -0.360574 7.156208 0.0 8.774829 -0.0 -15.556446 17.562294 6.284437 -1.844033 2.498505 -2.507278 -10.163603 4.678946 4.62111 -20.97603 -2e-06 2e-06 -21.226295 2.451699 -3.594001 1e-06 -6e-06 -1e-06 -1.362682 2.240798 -0.746323 -21.334921 0.58491 3.008324 -13.821218 -2e-06 2e-06 -23.887178 -0.249078 -0.839485 -60.444366 2.613139 -1.041016 -0.294025 1.679689 0.833256 -14.218214 0.093215 1.300581 -34.212067 -0.287563 0.96717 -20.033222 0.964537 1.212843 0.0 1e-06 0.0 -3.440389 0.788234 0.501656 -15.928192 -3.16731 2.999707 -6.338829 -1e-06 1e-06 -18.123453 3.648187 -4.905672 -4e-06 0.0 -2e-06 7.955984 12.692707 15.461082 68.642822 18.088703 23.035578 0.665342 24.329744 0.05689 -9.535871 3.208893 -17.175293 2.243543 -5.255039 -3.180158 14.282893 -0.826595 6.952504 -1e-06 -12.690607 -0.0 16.049875 -17.562716 2.74964 1.665667 -1.955922 -2.878299 4.727799 -4.170588 4.993925 11.020527 2e-06 -3e-06 12.109054 -3.735716 -2.866784 -0.0 -1e-06 1e-06 1.291986 -1.928549 -1.498089 14.800129 0.567467 3.865609 14.242571 -1.341737 -6.66066 19.631968 0.143925 -0.648248 49.492722 -0.466361 -5.977196 0.353029 -1.51115 -0.03194 20.222794 3.684309 2.316631 18.787279 5e-06 -2e-06 10.75163 -0.47987 1.397906 -0.0 0.0 -0.0 3.273808 0.305948 -0.58011 21.486816 11.830377 2.266134 8.16293 1e-06 -0.0 18.399088 -3.798988 -4.940578 4e-06 0.0 -2e-06 -1.415288 8.91189 -18.072182 -0.112222 0.288515 1.956847 -6.255466 9.350086 5.913794 1.568031 -2.088723 -2.795033 -0.0 -0.0 3e-06 3.388341 -0.632271 19.292606 -0.091777 0.015139 1.685575 -1.694218 -7.357538 -11.371082 -1.453934 0.831867 0.500989 -0.0 0.0 -1e-06 
0.0 0.0 0.0 0.0 -0.0 0.0 3.216267 97.3237 107.646599 0.686791 -1.884443 -6.390613 0.836079 0.11285 2.488178 -0.624119 1.263781 -4.278746 -1.997772 -0.683872 11.913611 -3.223574 4.828286 14.518155 -0.699561 -0.350578 -3.772816 1.952985 -1.686223 -17.756363 7.7e-05 -2.2e-05 6e-06 0.006203 0.062484 0.084531 0.579774 -3.69402 -10.591388 -0.578028 3.824873 -10.613178 -15.895917 -4.407347 15.521029 -58.150242 -3.940071 16.753553 -0.062328 -32.682438 -0.053448 10.478622 1.346502 -27.551502 -5.882108 9.861293 0.702591 -10.936874 -0.360575 7.156207 -1e-06 8.774831 -2e-06 -15.563525 17.542675 6.212726 -1.844033 2.498505 -2.507278 -10.163603 4.678948 4.621109 -20.97603 -3e-06 1e-06 -21.226295 2.451699 -3.594003 1e-06 -6e-06 -1e-06 -1.362682 2.240801 -0.746324 -21.334921 0.584909 3.008323 -13.821218 -2e-06 1e-06 -23.88718 -0.249078 -0.839485 -60.32555 2.577316 -1.078749 -0.294025 1.679689 0.833256 -14.218212 0.093216 1.300581 -34.212059 -0.287564 0.96717 -20.033218 0.964537 1.212842 0.0 0.0 -1e-06 -3.440389 0.788234 0.501656 -15.928191 -3.167312 2.999708 -6.338828 -1e-06 1e-06 -18.123453 3.648185 -4.905673 -4e-06 0.0 -2e-06 8.100382 12.722151 15.496796 68.436806 17.5446 23.802891 0.751805 24.163496 0.116625 -9.002614 3.105257 -16.826672 2.243544 -5.255041 -3.180158 14.282904 -0.826599 6.952508 -0.0 -12.690614 0.0 16.073565 -17.545105 2.69553 1.665668 -1.955923 -2.878301 4.727804 -4.170592 4.993927 11.020536 2e-06 -2e-06 12.109061 -3.735721 -2.866787 -1e-06 -1e-06 -0.0 1.291986 -1.92855 -1.49809 14.800139 0.567467 3.86561 14.242584 -1.34174 -6.660661 19.631985 0.143924 -0.648247 49.460522 -0.39298 -6.065512 0.353029 -1.511152 -0.031939 20.222807 3.68431 2.316631 18.787289 2e-06 -2e-06 10.751637 -0.47987 1.397905 1e-06 1e-06 -0.0 3.27381 0.305947 -0.58011 21.48683 11.83038 2.266135 8.162935 1e-06 -1e-06 18.399099 -3.798989 -4.940583 3e-06 -0.0 -2e-06 -2.396785 9.250218 -18.533041 -0.113976 0.261444 1.190155 -6.653288 9.380235 5.428775 1.587662 -2.068192 -2.801521 0.0 0.0 2e-06 2.684822 -0.143642 20.643419 -0.113601 -0.010198 1.77928 -1.233392 -7.562587 -11.997285 -1.456437 0.838704 0.336865 -0.0 0.0 -1e-06 
0.0 0.0 0.0 0.0 -0.0 0.0 3.843235 96.970337 110.790062 1.414637 -2.207634 -6.041712 0.511424 0.171457 1.95193 -0.625432 1.47231 -4.475474 -2.181759 -0.723126 12.005377 -3.666734 5.055627 14.32937 -0.711258 -0.279985 -3.703784 1.934742 -1.622669 -17.071142 7.7e-05 -2.2e-05 6e-06 0.015115 0.131387 0.088872 0.591932 -3.639143 -10.61377 -0.571791 3.905911 -10.633036 -16.837729 -4.208408 15.257244 -57.509041 -3.319059 16.371563 -0.139265 -32.156437 -0.010935 10.427243 1.444519 -27.983097 -5.882112 9.861294 0.70259 -10.93688 -0.360575 7.156208 0.0 8.774833 -1e-06 -15.564514 17.519718 6.155796 -1.844035 2.498506 -2.507279 -10.163609 4.678951 4.621109 -20.976042 -4e-06 -2e-06 -21.226303 2.451697 -3.594005 1e-06 -6e-06 -0.0 -1.362683 2.2408 -0.746324 -21.33493 0.584909 3.008321 -13.821225 -3e-06 -1e-06 -23.887188 -0.249082 -0.839488 -60.341381 2.555594 -1.129342 -0.294026 1.67969 0.833256 -14.218221 0.093215 1.300578 -34.212074 -0.287567 0.967165 -20.03323 0.964534 1.212842 1e-06 0.0 0.0 -3.440391 0.788233 0.501655 -15.9282 -3.16731 2.999705 -6.338831 -1e-06 0.0 -18.123461 3.648184 -4.905678 -4e-06 0.0 -2e-06 8.629515 12.714261 15.501741 67.988518 16.762117 24.836752 0.663336 23.682873 0.147483 -8.467051 2.992702 -16.915525 2.243544 -5.255043 -3.180159 14.282901 -0.826596 6.952506 -1e-06 -12.690616 -1e-06 15.987243 -17.506168 2.689346 1.665668 -1.955925 -2.8783 4.727802 -4.170591 4.993926 11.020535 3e-06 -2e-06 12.10906 -3.735719 -2.866787 -1e-06 -0.0 -0.0 1.291987 -1.928551 -1.49809 14.800139 0.567468 3.865607 14.242584 -1.341739 -6.660666 19.631983 0.143927 -0.648247 49.447994 -0.46961 -6.178043 0.353029 -1.511152 -0.031939 20.222803 3.684313 2.316628 18.787287 5e-06 -3e-06 10.751635 -0.479869 1.397906 2e-06 1e-06 -1e-06 3.27381 0.305947 -0.580111 21.486828 11.830384 2.266133 8.162932 2e-06 -1e-06 18.399099 -3.798987 -4.940583 2e-06 -0.0 -1e-06 -3.437935 9.120405 -17.895573 -0.107667 0.219185 1.35333 -5.778189 9.559257 6.290445 1.621945 -2.083227 -2.701813 0.0 0.0 2e-06 1.504482 0.165471 21.856501 -0.098221 -0.030539 2.417983 -0.730855 -7.503473 -12.39917 -1.479952 0.838436 -0.013168 -0.0 0.0 -1e-06 
0.0 0.0 0.0 0.0 -0.0 0.0 4.56574 96.824623 114.063469 2.689321 -2.528317 -5.609965 -0.238242 0.271934 1.151944 -0.665783 1.555558 -4.791085 -2.437436 -0.710576 12.261297 -4.162979 5.316204 14.183771 -0.676999 -0.070679 -3.739064 1.925062 -1.509195 -16.022633 7.7e-05 -2.3e-05 6e-06 0.023367 0.101077 0.069258 0.586299 -3.679098 -10.631156 -0.549148 3.885344 -10.653645 -18.410933 -4.003132 14.859879 -56.363434 -2.256829 16.030193 -0.069838 -31.509647 0.006265 10.221242 1.439971 -28.652374 -5.88211 9.861295 0.70259 -10.936878 -0.360575 7.156208 0.0 8.774833 -2e-06 -15.476127 17.598434 6.270589 -1.844034 2.498506 -2.507279 -10.163605 4.678948 4.621109 -20.976036 -4e-06 -1e-06 -21.226301 2.451697 -3.594005 1e-06 -6e-06 -0.0 -1.362683 2.2408 -0.746324 -21.334929 0.584909 3.008321 -13.821222 -5e-06 -0.0 -23.887182 -0.249081 -0.839486 -60.314308 2.633277 -1.065674 -0.294025 1.679688 0.833257 -14.218217 0.093215 1.300579 -34.212074 -0.287566 0.967167 -20.033228 0.964534 1.212842 0.0 0.0 -0.0 -3.44039 0.788234 0.501655 -15.928196 -3.167312 2.999707 -6.33883 -0.0 0.0 -18.123459 3.648185 -4.905676 -4e-06 0.0 -1e-06 10.047942 12.488585 15.559747 66.766975 15.809484 25.476391 0.533636 22.955051 0.103335 -7.808401 2.779797 -16.70299 2.243544 -5.255041 -3.18016 14.282902 -0.826598 6.952508 1e-06 -12.690614 -2e-06 15.927753 -17.49168 2.708714 1.665668 -1.955924 -2.878301 4.727803 -4.170592 4.993927 11.020535 1e-06 -2e-06 12.10906 -3.735722 -2.866787 -1e-06 0.0 -0.0 1.291987 -1.928551 -1.498089 14.800136 0.567465 3.865607 14.242583 -1.34174 -6.660665 19.631979 0.143923 -0.648247 49.458542 -0.469797 -6.170444 0.35303 -1.511152 -0.031941 20.222803 3.684308 2.316628 18.787287 2e-06 -2e-06 10.751636 -0.47987 1.397906 1e-06 1e-06 -0.0 3.273809 0.305946 -0.580111 21.486828 11.830379 2.266133 8.16293 1e-06 -1e-06 18.399096 -3.798989 -4.940584 3e-06 0.0 -1e-06 -4.959798 8.486439 -16.796005 -0.059774 0.239069 1.51285 -4.074692 9.638185 9.674415 1.684841 -2.049026 -2.529236 0.0 -0.0 2e-06 -0.538899 0.161374 22.348143 -0.100424 0.055308 4.350291 0.084541 -7.191593 -12.194349 -1.489151 0.882919 -0.714648 0.0 0.0 -1e-06 
0.0 0.0 0.0 0.0 -0.0 0.0 5.337282 96.859238 117.417587 4.447066 -2.805021 -5.36377 -1.224862 0.322871 0.389846 -0.767279 1.623287 -5.185811 -2.949825 -0.663346 12.569632 -4.557992 5.556344 14.158744 -0.657089 0.14835 -3.757277 2.012131 -1.323735 -15.023296 7.7e-05 -2.2e-05 6e-06 0.03514 0.074847 0.037165 0.581129 -3.712516 -10.64809 -0.520063 3.867543 -10.678804 -19.853416 -3.840931 14.598602 -55.436058 -1.199465 15.526412 0.017876 -30.465891 0.078282 9.909722 1.323918 -29.588329 -5.882106 9.861289 0.70259 -10.936873 -0.360576 7.156206 1e-06 8.774828 -1e-06 -15.416165 17.656958 6.32594 -1.844033 2.498504 -2.507278 -10.163601 4.678945 4.621109 -20.976028 -4e-06 2e-06 -21.226288 2.451696 -3.594 -0.0 -6e-06 -1e-06 -1.362682 2.240799 -0.746324 -21.334917 0.584907 3.008322 -13.821217 -3e-06 1e-06 -23.887171 -0.24908 -0.839482 -60.30616 2.674964 -0.994459 -0.294024 1.679689 0.833256 -14.218209 0.093214 1.300581 -34.212048 -0.287565 0.96717 -20.033215 0.964536 1.212845 1e-06 0.0 -1e-06 -3.440389 0.788233 0.501655 -15.928189 -3.167311 2.999707 -6.338827 -1e-06 1e-06 -18.123447 3.648183 -4.905672 -3e-06 0.0 -2e-06 11.565507 12.128161 15.658313 65.847908 14.886464 25.372059 0.401293 21.698025 0.07836 -7.475082 2.37549 -16.349285 2.243541 -5.255037 -3.180158 14.282892 -0.826596 6.952505 -1e-06 -12.690603 1e-06 15.957876 -17.493649 2.667533 1.665667 -1.955922 -2.8783 4.727799 -4.170587 4.993925 11.020526 2e-06 -1e-06 12.109053 -3.735717 -2.866786 0.0 0.0 -0.0 1.291986 -1.92855 -1.498089 14.800129 0.567467 3.865611 14.242574 -1.341738 -6.660659 19.631969 0.143924 -0.648246 49.491215 -0.497459 -6.167125 0.353029 -1.511151 -0.031941 20.222794 3.684307 2.316631 18.787275 3e-06 -0.0 10.751633 -0.479869 1.397908 2e-06 -0.0 -1e-06 3.273807 0.305947 -0.580111 21.486813 11.830373 2.266134 8.162928 1e-06 1e-06 18.399086 -3.798985 -4.940577 2e-06 0.0 0.0 -6.994678 7.826765 -15.262138 0.000593 0.262726 1.213387 -2.702535 9.538994 13.453949 1.716982 -2.047182 -2.130894 0.0 -0.0 2e-06 -3.36394 -0.113646 22.19808 -0.156557 0.12243 8.09727 1.335483 -6.75641 -10.884921 -1.49076 0.920818 -2.098918 0.0 1e-06 -0.0 
0.0 0.0 0.0 0.0 -0.0 0.0 6.121274 96.952126 120.806374 6.340231 -2.995041 -5.384689 -2.095166 0.346031 -0.147246 -0.961941 1.677133 -5.475173 -3.700567 -0.540627 12.588589 -4.619204 5.777438 14.380235 -0.719453 0.256811 -3.755185 2.171535 -1.119559 -14.427957 7.7e-05 -2.2e-05 6e-06 0.032623 0.07524 0.024266 0.581708 -3.695678 -10.615958 -0.525227 3.851305 -10.62826 -20.053574 -3.768589 14.729267 -55.863167 -0.571015 14.50675 -0.129717 -29.021536 0.230173 9.645006 1.148446 -30.937925 -5.882105 9.861284 0.702591 -10.93687 -0.360575 7.156207 1e-06 8.774825 -1e-06 -15.460475 17.656462 6.315886 -1.844032 2.498504 -2.507277 -10.163599 4.678943 4.621109 -20.976021 -3e-06 4e-06 -21.226284 2.451697 -3.593998 1e-06 -6e-06 -0.0 -1.362681 2.240798 -0.746323 -21.334913 0.584909 3.008325 -13.821215 -2e-06 3e-06 -23.887167 -0.249077 -0.83948 -60.527332 2.578465 -0.818192 -0.294025 1.679688 0.833256 -14.218207 0.093213 1.300582 -34.212048 -0.287563 0.967173 -20.033211 0.964537 1.212844 1e-06 0.0 -0.0 -3.440389 0.788233 0.501656 -15.928185 -3.16731 2.999709 -6.338824 -1e-06 2e-06 -18.123444 3.648183 -4.905668 -3e-06 0.0 -2e-06 11.975343 11.747532 15.72188 66.523964 13.918623 24.448839 0.243112 20.278191 0.08536 -7.844938 1.487287 -17.155428 2.243544 -5.25504 -3.180159 14.282896 -0.826598 6.952503 -1e-06 -12.69061 2e-06 16.079288 -17.30695 2.504742 1.665667 -1.955922 -2.8783 4.727801 -4.17059 4.993927 11.020531 1e-06 -2e-06 12.109058 -3.735717 -2.866785 -1e-06 -0.0 -0.0 1.291987 -1.92855 -1.49809 14.800134 0.567466 3.865608 14.242579 -1.341738 -6.660661 19.631973 0.143923 -0.648247 49.357635 -0.402121 -6.121274 0.353029 -1.511151 -0.03194 20.222801 3.684309 2.316629 18.787283 3e-06 -4e-06 10.751633 -0.479869 1.397904 0.0 -0.0 1e-06 3.273808 0.305947 -0.580111 21.486822 11.830378 2.26613 8.162933 2e-06 -1e-06 18.399094 -3.798988 -4.94058 4e-06 -0.0 -2e-06 -9.113054 7.196493 -13.244019 -0.017262 0.132674 0.999621 -2.288254 10.058502 14.870728 1.70721 -1.981779 -1.959509 -0.0 0.0 2e-06 -6.432547 -0.402012 21.442022 -0.186174 0.237193 13.589114 2.580701 -6.628203 -9.069619 -1.487411 0.843705 -5.059578 0.0 1e-06 -1e-06 
0.0 0.0 0.0 0.0 -0.0 0.0 6.932019 97.127525 124.242546 8.169436 -3.023483 -5.792264 -2.856995 0.406465 -0.34743 -1.147677 1.710631 -5.587044 -4.43571 -0.466788 12.414169 -4.847669 5.977888 14.816731 -0.647762 0.401563 -3.802451 2.25089 -0.925939 -13.961092 7.7e-05 -2.2e-05 6e-06 0.044853 0.092219 0.035922 0.600006 -3.684668 -10.641162 -0.520834 3.872247 -10.65395 -19.281176 -3.826697 14.733727 -57.224709 0.147173 13.809527 -0.115719 -28.207607 0.24086 8.987161 1.517253 -31.205666 -5.882114 9.861299 0.70259 -10.936885 -0.360575 7.15621 -0.0 8.774837 -3e-06 -15.549675 17.560713 6.176198 -1.844035 2.498507 -2.507279 -10.163612 4.678951 4.62111 -20.976053 -2e-06 1e-06 -21.226315 2.451701 -3.594006 1e-06 -6e-06 -0.0 -1.362683 2.240802 -0.746324 -21.33494 0.58491 3.008323 -13.821232 -2e-06 -0.0 -23.887201 -0.24908 -0.839487 -60.588108 2.537457 -1.042896 -0.294025 1.67969 0.833257 -14.218225 0.093215 1.30058 -34.212093 -0.287566 0.967168 -20.033241 0.964536 1.212843 0.0 0.0 1e-06 -3.440393 0.788235 0.501656 -15.928206 -3.167314 2.999708 -6.338833 -1e-06 0.0 -18.12347 3.648188 -4.905679 -2e-06 0.0 -1e-06 11.203848 11.575695 15.940885 68.398354 12.997066 22.992233 0.007813 19.26366 0.068068 -7.968812 0.770994 -17.737104 2.243545 -5.255043 -3.180159 14.282905 -0.826598 6.952507 -1e-06 -12.690619 2e-06 16.280615 -17.537146 2.542244 1.665668 -1.955922 -2.878301 4.727804 -4.170592 4.993927 11.020538 2e-06 -3e-06 12.109068 -3.735719 -2.866787 -1e-06 -0.0 -2e-06 1.291987 -1.92855 -1.498089 14.800142 0.567466 3.865607 14.242588 -1.341738 -6.660664 19.631985 0.143925 -0.648249 49.68182 -0.451639 -6.195539 0.35303 -1.511153 -0.03194 20.222813 3.684312 2.316627 18.787294 5e-06 -4e-06 10.751639 -0.479868 1.397906 -1e-06 0.0 0.0 3.27381 0.305948 -0.580111 21.486832 11.830386 2.266131 8.162937 2e-06 -3e-06 18.399103 -3.798988 -4.940583 4e-06 0.0 -1e-06 -11.383237 7.933325 -10.834016 -0.070556 0.217456 1.19179 -1.342715 8.912168 14.037097 1.677659 -1.965791 -1.114931 0.0 0.0 2e-06 -9.652341 -1.023834 19.993389 -0.152167 0.345755 20.954014 3.550191 -6.487129 -6.135815 -1.515107 0.8384 -8.721984 0.0 -0.0 -2e-06 
0.0 0.0 0.0 0.0 -0.0 0.0 7.740469 97.322235 127.655266 9.504219 -3.137149 -6.52771 -3.363477 0.437521 -0.27302 -1.293043 1.698051 -5.513083 -4.813754 -0.416063 12.266809 -5.157112 6.204301 15.028438 -0.609625 0.427813 -3.752999 2.369455 -0.809436 -13.75475 7.7e-05 -2.2e-05 6e-06 0.049142 0.087074 0.046016 0.608995 -3.686184 -10.610287 -0.521686 3.861586 -10.614262 -18.816368 -3.753066 14.89226 -58.05674 0.562255 13.339078 -0.100211 -28.092533 0.267079 8.294673 1.824311 -30.77425 -5.88211 9.861288 0.70259 -10.936877 -0.360575 7.156207 1e-06 8.774828 -1e-06 -15.618597 17.573301 6.121082 -1.844034 2.498505 -2.507278 -10.163604 4.678947 4.621109 -20.976034 -4e-06 1e-06 -21.226299 2.451697 -3.594002 1e-06 -6e-06 -0.0 -1.362682 2.2408 -0.746324 -21.334925 0.584908 3.008322 -13.821221 -4e-06 1e-06 -23.887184 -0.249081 -0.839485 -60.630531 2.509509 -1.194646 -0.294025 1.679687 0.833256 -14.218215 0.093214 1.300579 -34.212067 -0.287567 0.967168 -20.033222 0.964535 1.212843 0.0 0.0 -0.0 -3.44039 0.788234 0.501656 -15.928192 -3.167312 2.999707 -6.338829 -0.0 1e-06 -18.123453 3.648183 -4.905673 -3e-06 1e-06 -2e-06 10.48769 11.472199 16.28377 69.58802 12.197371 22.118744 0.00288 18.995834 0.114872 -7.426916 0.535504 -17.851513 2.243542 -5.255038 -3.180159 14.282896 -0.826594 6.952502 -3e-06 -12.690609 -0.0 16.378069 -17.700338 2.540057 1.665667 -1.955923 -2.8783 4.7278 -4.17059 4.993925 11.020531 3e-06 -3e-06 12.109057 -3.735716 -2.866786 0.0 -0.0 -1e-06 1.291986 -1.92855 -1.498091 14.800134 0.567469 3.865607 14.24258 -1.341735 -6.660659 19.631981 0.143928 -0.648244 49.813251 -0.442272 -6.307181 0.353029 -1.51115 -0.031939 20.222801 3.684313 2.316629 18.787279 6e-06 -2e-06 10.751631 -0.479867 1.397907 -0.0 -0.0 1e-06 3.273808 0.305947 -0.580111 21.486822 11.83038 2.266132 8.16293 2e-06 -1e-06 18.399084 -3.798985 -4.940577 4e-06 0.0 -2e-06 -13.126977 8.743068 -8.145969 -0.106583 0.195015 1.422222 -0.44033 7.885864 11.320298 1.676272 -1.960408 -0.763538 0.0 -0.0 2e-06 -12.4513 -1.73879 17.752102 -0.108066 0.530632 29.791065 4.167364 -6.154685 -1.924484 -1.529615 0.799901 -11.506332 0.0 -0.0 -1e-06 
0.0 0.0 0.0 0.0 -0.0 0.0 8.513067 97.448196 130.875259 10.392693 -3.328155 -7.380297 -3.699806 0.465564 -0.00827 -1.385755 1.648508 -5.327775 -4.959463 -0.43822 12.208771 -5.46611 6.418378 15.001365 -0.496814 0.511735 -3.714088 2.388431 -0.64644 -13.876114 7.7e-05 -2.3e-05 6e-06 0.051393 0.058785 0.060651 0.618912 -3.710793 -10.574635 -0.527689 3.828933 -10.580397 -18.831295 -3.663845 14.950652 -58.040058 0.920373 13.160084 -0.168345 -28.568594 0.266134 7.845523 1.918361 -30.095661 -5.882107 9.861286 0.702591 -10.936873 -0.360574 7.156206 -0.0 8.774826 -1e-06 -15.691358 17.604055 6.086449 -1.844033 2.498505 -2.507277 -10.163601 4.678946 4.62111 -20.976027 -2e-06 3e-06 -21.226292 2.451699 -3.594 -0.0 -6e-06 -1e-06 -1.362682 2.240798 -0.746323 -21.334913 0.584912 3.008324 -13.821213 -2e-06 3e-06 -23.887171 -0.249076 -0.839482 -60.598499 2.542935 -1.274716 -0.294025 1.679686 0.833256 -14.218208 0.093216 1.300582 -34.212048 -0.287561 0.967171 -20.033215 0.964538 1.212843 0.0 0.0 -0.0 -3.440389 0.788232 0.501656 -15.928187 -3.167307 2.999708 -6.338827 -1e-06 2e-06 -18.123449 3.648185 -4.90567 -3e-06 0.0 -2e-06 10.393134 11.351871 16.567694 69.725983 11.600375 22.087868 0.127182 19.126797 0.161895 -6.374062 0.537132 -17.534697 2.243541 -5.255037 -3.180158 14.282889 -0.826593 6.952503 -4e-06 -12.690603 -0.0 16.458799 -17.761482 2.481055 1.665666 -1.955921 -2.878298 4.727798 -4.170585 4.993923 11.020526 5e-06 -3e-06 12.109054 -3.735712 -2.866784 0.0 0.0 0.0 1.291985 -1.92855 -1.49809 14.800129 0.56747 3.865607 14.242574 -1.341735 -6.660661 19.631973 0.143928 -0.648244 49.822746 -0.384083 -6.306809 0.353029 -1.51115 -0.03194 20.222794 3.684313 2.316628 18.787271 8e-06 -1e-06 10.751629 -0.479867 1.397906 -1e-06 -0.0 2e-06 3.273807 0.305948 -0.580112 21.486813 11.830377 2.266133 8.162926 2e-06 -0.0 18.399078 -3.798982 -4.940574 4e-06 0.0 -1e-06 -14.372219 9.72599 -5.538876 -0.098887 0.20206 1.815034 0.527512 6.937609 8.713146 1.663247 -1.977827 -0.593329 0.0 -0.0 2e-06 -14.708452 -2.316287 14.767646 -0.028191 0.621647 39.158039 4.241893 -6.212993 2.945603 -1.497443 0.764866 -10.341414 0.0 -0.0 -4e-06 
0.0 0.0 0.0 0.0 -0.0 0.0 9.189465 97.533165 133.791183 10.958016 -3.49903 -8.164111 -3.9727 0.447106 0.401588 -1.460692 1.596723 -5.110841 -4.952211 -0.508019 12.193194 -5.558027 6.519254 14.906791 -0.36643 0.577278 -3.702917 2.366424 -0.39612 -14.58201 7.7e-05 -2.2e-05 6e-06 0.052108 0.046254 0.0803 0.631821 -3.721507 -10.546602 -0.539607 3.817096 -10.561882 -18.776333 -3.752627 14.91003 -57.760738 0.956721 13.323086 -0.200377 -29.099701 0.22225 7.681472 1.895921 -29.852726 -5.882102 9.861282 0.70259 -10.936866 -0.360577 7.156202 1e-06 8.774824 -2e-06 -15.741054 17.666996 6.103737 -1.844031 2.498503 -2.507276 -10.163595 4.678942 4.621106 -20.976015 -5e-06 4e-06 -21.226273 2.451696 -3.593997 1e-06 -6e-06 -0.0 -1.362681 2.240797 -0.746323 -21.334906 0.584906 3.008323 -13.821208 -4e-06 3e-06 -23.887157 -0.24908 -0.83948 -60.584873 2.570888 -1.235234 -0.294025 1.679687 0.833255 -14.218202 0.093213 1.30058 -34.212029 -0.287566 0.967173 -20.033205 0.964535 1.212846 0.0 0.0 -0.0 -3.440387 0.788234 0.501655 -15.928179 -3.167311 2.999707 -6.338823 -1e-06 1e-06 -18.123438 3.648182 -4.905668 -2e-06 0.0 -2e-06 10.667495 11.182303 16.760653 69.408379 11.456961 22.27017 0.262601 19.049709 0.190263 -5.430513 0.704811 -17.199291 2.243542 -5.25504 -3.180159 14.28289 -0.826595 6.952503 -1e-06 -12.690611 -1e-06 16.462034 -17.74025 2.442497 1.665666 -1.955922 -2.878299 4.727799 -4.17059 4.993926 11.020527 2e-06 -2e-06 12.109054 -3.735718 -2.866786 0.0 -0.0 -1e-06 1.291986 -1.92855 -1.498089 14.800129 0.567468 3.865608 14.242576 -1.341737 -6.660661 19.631969 0.143926 -0.648246 49.742378 -0.349743 -6.237935 0.353028 -1.511152 -0.031939 20.22279 3.684312 2.316631 18.787271 5e-06 -1e-06 10.751629 -0.479869 1.397908 -1e-06 -1e-06 2e-06 3.273807 0.305948 -0.580111 21.486816 11.830384 2.266135 8.16293 2e-06 -0.0 18.399084 -3.798987 -4.940577 5e-06 0.0 -0.0 -15.178714 10.742474 -3.516671 -0.043699 0.235142 3.026641 1.382932 6.132724 6.08694 1.643258 -2.02424 -0.53722 -0.0 0.0 2e-06 -16.206802 -2.578312 11.250384 0.042199 0.570035 47.853603 3.374219 -7.224133 7.244297 -1.42061 0.794875 -5.369078 0.0 0.0 -1e-06 
0.0 0.0 0.0 0.0 -0.0 0.0 9.721468 97.665237 136.36937 10.948558 -3.47961 -8.669422 -4.072155 0.390933 0.834088 -1.512241 1.436565 -4.92367 -4.718355 -0.737977 12.177237 -5.327891 6.440382 14.853097 -0.329427 0.67189 -3.688215 2.405347 -0.186658 -15.657144 7.7e-05 -2.2e-05 6e-06 0.051401 0.064604 0.093476 0.641857 -3.702344 -10.53864 -0.550831 3.837712 -10.557508 -18.19381 -4.030587 14.87645 -57.811062 0.360131 13.590947 -0.213866 -29.224712 0.178853 7.881748 1.941992 -29.673532 -5.882108 9.861291 0.702591 -10.936875 -0.360575 7.156208 0.0 8.774831 -1e-06 -15.74436 17.782288 6.201019 -1.844033 2.498506 -2.507278 -10.163604 4.678947 4.62111 -20.97603 -4e-06 2e-06 -21.226299 2.451698 -3.594002 1e-06 -6e-06 -1e-06 -1.362682 2.2408 -0.746323 -21.334925 0.58491 3.008324 -13.82122 -3e-06 1e-06 -23.88718 -0.24908 -0.839484 -60.636742 2.623172 -1.12464 -0.294025 1.679689 0.833257 -14.218215 0.093214 1.300581 -34.212067 -0.287565 0.967172 -20.033222 0.964538 1.212844 0.0 0.0 -0.0 -3.44039 0.788234 0.501656 -15.928192 -3.167313 2.999707 -6.338829 0.0 1e-06 -18.123453 3.648186 -4.905673 -3e-06 0.0 -1e-06 10.85882 11.042185 16.821012 69.2603 11.768613 22.032995 0.363134 18.444061 0.184587 -5.033154 0.8887 -16.989025 2.243542 -5.255037 -3.180158 14.282893 -0.826595 6.952504 -2e-06 -12.690608 1e-06 16.487099 -17.757008 2.43077 1.665666 -1.955921 -2.878298 4.727799 -4.170589 4.993925 11.020527 3e-06 -2e-06 12.109054 -3.735717 -2.866784 0.0 0.0 -0.0 1.291986 -1.92855 -1.498089 14.800129 0.567467 3.865608 14.242571 -1.341737 -6.660658 19.631969 0.143926 -0.648245 49.776752 -0.317816 -6.144507 0.353029 -1.511152 -0.03194 20.222794 3.684311 2.316631 18.787271 4e-06 -1e-06 10.751629 -0.479868 1.397906 -1e-06 -0.0 1e-06 3.273807 0.305948 -0.58011 21.486813 11.830376 2.266134 8.162929 2e-06 -1e-06 18.399082 -3.798986 -4.940575 5e-06 -0.0 -1e-06 -15.290169 11.410018 -1.599963 0.007951 0.238791 3.695802 2.055418 5.542373 4.013911 1.626762 -2.050213 -0.451661 -0.0 0.0 2e-06 -16.373083 -2.454002 7.455576 0.060886 0.440991 54.781555 2.415713 -8.061337 8.140809 -1.428283 0.857253 -2.78789 0.0 -0.0 -1e-06 
0.0 0.0 0.0 0.0 -0.0 0.0 10.130717 97.877075 138.712509 10.28906 -3.179876 -8.931851 -3.931338 0.302046 1.278906 -1.523021 1.135904 -4.739827 -4.267674 -1.160749 12.089985 -4.826522 6.252859 14.928186 -0.346772 0.774878 -3.674562 2.445167 -0.028193 -16.652521 7.7e-05 -2.3e-05 6e-06 0.047931 0.081938 0.101639 0.647628 -3.686754 -10.53575 -0.562668 3.85912 -10.556732 -17.042761 -4.489993 14.947809 -58.323551 -0.788093 13.828184 -0.262056 -28.983549 0.158034 8.158037 2.129061 -29.17025 -5.882105 9.861281 0.702589 -10.936869 -0.360574 7.156203 0.0 8.774821 -1e-06 -15.725818 17.880629 6.313736 -1.844032 2.498505 -2.507277 -10.163596 4.678943 4.621107 -20.976019 -3e-06 -0.0 -21.226286 2.451695 -3.594001 0.0 -6e-06 -1e-06 -1.362682 2.240796 -0.746323 -21.334909 0.584911 3.008321 -13.821213 -2e-06 0.0 -23.887167 -0.249079 -0.839485 -60.667419 2.663535 -1.011095 -0.294025 1.679686 0.833255 -14.218205 0.093215 1.300579 -34.212048 -0.287563 0.967167 -20.033209 0.964536 1.212841 0.0 0.0 -0.0 -3.440387 0.788234 0.501655 -15.928183 -3.167308 2.999705 -6.338824 2e-06 0.0 -18.123444 3.648183 -4.905672 -3e-06 0.0 -2e-06 10.811442 10.924963 16.892216 69.413239 12.356993 21.06431 0.393782 17.662323 0.160722 -5.116206 0.924349 -17.025642 2.243541 -5.255035 -3.180157 14.282887 -0.826595 6.952502 -2e-06 -12.690601 1e-06 16.543064 -17.795551 2.46428 1.665665 -1.955921 -2.878298 4.727797 -4.170587 4.993923 11.020522 3e-06 -1e-06 12.109046 -3.735714 -2.866783 0.0 0.0 -0.0 1.291985 -1.928548 -1.498089 14.800125 0.567467 3.865607 14.242568 -1.341735 -6.660657 19.631962 0.143926 -0.648243 49.907021 -0.28159 -6.098783 0.353029 -1.511149 -0.031939 20.222786 3.684308 2.31663 18.78727 5e-06 -1e-06 10.751627 -0.47987 1.397905 -1e-06 -1e-06 2e-06 3.273806 0.305946 -0.580111 21.486809 11.830369 2.266132 8.162925 2e-06 -0.0 18.399076 -3.798984 -4.940573 4e-06 1e-06 -1e-06 -14.650261 11.677487 0.264723 0.005378 0.181083 3.903482 2.465862 5.085371 2.36829 1.622324 -2.04079 -0.365513 0.0 -0.0 2e-06 -15.198831 -2.010161 3.570836 0.056605 0.294127 59.688313 2.131448 -8.629176 6.659121 -1.460925 0.89259 -2.027291 -0.0 -0.0 0.0 
0.0 0.0 0.0 0.0 -0.0 0.0 10.45319 98.129547 140.911728 9.282798 -2.623924 -9.074458 -3.732002 0.188945 1.75744 -1.488989 0.718381 -4.550055 -3.69562 -1.694408 11.975661 -4.149849 5.947258 14.986823 -0.347522 0.8606 -3.668213 2.401757 0.143499 -17.440498 7.7e-05 -2.2e-05 6e-06 0.043952 0.091737 0.106429 0.651607 -3.679284 -10.527349 -0.573325 3.872719 -10.550759 -15.636195 -5.157423 15.103241 -58.840073 -2.130546 14.346794 -0.290329 -28.946346 0.137793 8.255172 2.419921 -28.499001 -5.882108 9.861292 0.702591 -10.936877 -0.360575 7.156209 1e-06 8.77483 -1e-06 -15.723587 17.916794 6.379227 -1.844033 2.498506 -2.507278 -10.163604 4.678946 4.62111 -20.97603 -4e-06 4e-06 -21.226292 2.451699 -3.594 -0.0 -6e-06 -1e-06 -1.362682 2.240798 -0.746323 -21.334921 0.584908 3.008324 -13.821218 -3e-06 2e-06 -23.88718 -0.249079 -0.839483 -60.640667 2.698789 -0.908051 -0.294025 1.679687 0.833256 -14.218214 0.093214 1.300581 -34.212067 -0.287564 0.967173 -20.033222 0.964537 1.212845 0.0 0.0 -0.0 -3.44039 0.788235 0.501656 -15.928192 -3.167311 2.999709 -6.338829 1e-06 1e-06 -18.123453 3.648186 -4.905672 -4e-06 1e-06 -2e-06 10.740132 10.75438 16.905754 69.570534 12.884998 19.669868 0.347178 17.256279 0.13915 -5.51382 1.073444 -17.145309 2.243545 -5.255043 -3.180159 14.282905 -0.826596 6.952507 -2e-06 -12.690619 -0.0 16.560511 -17.801476 2.536304 1.665668 -1.955924 -2.878299 4.727804 -4.170592 4.993927 11.020538 3e-06 -1e-06 12.109063 -3.73572 -2.866785 1e-06 0.0 -0.0 1.291987 -1.928552 -1.49809 14.800142 0.567469 3.865607 14.242585 -1.341738 -6.660663 19.631987 0.143926 -0.648246 49.979134 -0.264556 -6.081217 0.35303 -1.511154 -0.03194 20.222813 3.684313 2.31663 18.787294 6e-06 -3e-06 10.751637 -0.479868 1.397906 -1e-06 0.0 1e-06 3.27381 0.305947 -0.580111 21.486834 11.830386 2.266132 8.162935 3e-06 -2e-06 18.399099 -3.798988 -4.940582 4e-06 1e-06 -2e-06 -13.596557 11.653824 2.243174 -0.030671 0.099892 3.591023 2.605323 4.676666 1.104877 1.621361 -2.003007 -0.267455 0.0 -0.0 2e-06 -13.34524 -1.491632 -0.333582 0.0389 0.117867 62.680481 2.14062 -9.315025 4.706007 -1.465139 0.895482 -1.786582 0.0 1e-06 -1e-06 
0.0 0.0 0.0 0.0 -0.0 0.0 10.721577 98.340973 143.018875 8.295738 -1.894331 -9.158397 -3.632729 0.058819 2.236812 -1.443473 0.256592 -4.356963 -3.164497 -2.256292 11.925184 -3.357958 5.503568 14.925731 -0.342896 0.947089 -3.661322 2.266135 0.323978 -18.108574 7.7e-05 -2.2e-05 6e-06 0.040503 0.09395 0.111489 0.658413 -3.679559 -10.529397 -0.585714 3.878021 -10.552609 -14.310369 -5.957034 15.305155 -58.875446 -3.505981 15.265457 -0.28762 -29.440653 0.102473 8.14636 2.724237 -27.760061 -5.882111 9.861292 0.70259 -10.936881 -0.360577 7.156207 1e-06 8.774832 -2e-06 -15.741271 17.915527 6.384611 -1.844035 2.498506 -2.507279 -10.16361 4.678948 4.621109 -20.976044 -6e-06 1e-06 -21.226305 2.451696 -3.594003 1e-06 -6e-06 -1e-06 -1.362683 2.2408 -0.746324 -21.334934 0.584908 3.008322 -13.821227 -4e-06 -0.0 -23.887196 -0.249083 -0.839485 -60.574585 2.714307 -0.827987 -0.294025 1.679689 0.833256 -14.218223 0.093215 1.300579 -34.212082 -0.287569 0.967168 -20.033232 0.964533 1.212844 1e-06 0.0 0.0 -3.440392 0.788234 0.501656 -15.928201 -3.167314 2.999706 -6.338831 -0.0 -0.0 -18.123466 3.648183 -4.905677 -4e-06 0.0 -2e-06 10.850997 10.467214 16.779762 69.494812 13.190468 18.334442 0.264731 17.531155 0.126858 -6.128416 1.613196 -17.292103 2.243542 -5.255039 -3.180158 14.282896 -0.826593 6.952504 -3e-06 -12.690612 0.0 16.539082 -17.776979 2.612467 1.665667 -1.955923 -2.878299 4.7278 -4.17059 4.993925 11.020529 3e-06 -2e-06 12.109058 -3.735717 -2.866785 1e-06 0.0 -0.0 1.291986 -1.928551 -1.498089 14.800134 0.56747 3.865608 14.242577 -1.341737 -6.660659 19.631973 0.143928 -0.648243 49.987816 -0.279216 -6.060834 0.353029 -1.511152 -0.03194 20.222801 3.684313 2.316629 18.787279 6e-06 -1e-06 10.75163 -0.479868 1.397906 -1e-06 -0.0 0.0 3.273808 0.305949 -0.580111 21.486822 11.830383 2.266134 8.16293 3e-06 -1e-06 18.399084 -3.798986 -4.940578 4e-06 0.0 -2e-06 -12.538674 11.424763 4.170911 -0.066954 0.032498 3.132359 2.537508 4.315457 0.007293 1.624319 -1.95078 -0.157644 -0.0 -0.0 2e-06 -11.507448 -1.02039 -4.208202 0.011543 -0.045397 63.760929 2.500539 -9.77211 2.541852 -1.453147 0.882643 -1.799788 0.0 0.0 -1e-06 
0.0 0.0 0.0 0.0 -0.0 0.0 10.950175 98.479958 145.07489 7.484806 -1.139764 -9.153502 -3.60925 -0.083377 2.669966 -1.418677 -0.170049 -4.1804 -2.745906 -2.760975 11.953039 -2.595028 5.003437 14.734943 -0.336518 1.065235 -3.64566 2.096324 0.463617 -18.710394 7.7e-05 -2.2e-05 6e-06 0.035826 0.075194 0.121127 0.662408 -3.699951 -10.530366 -0.597947 3.860956 -10.55329 -13.258048 -6.762429 15.479687 -58.359173 -4.857264 16.238152 -0.345404 -30.327915 0.101291 8.061187 2.951085 -27.08923 -5.882109 9.861286 0.702592 -10.936877 -0.360576 7.15621 1e-06 8.774828 0.0 -15.74884 17.910414 6.359169 -1.844033 2.498505 -2.507279 -10.163605 4.678946 4.621113 -20.976034 -3e-06 5e-06 -21.226294 2.451699 -3.593999 1e-06 -6e-06 -0.0 -1.362682 2.2408 -0.746324 -21.334925 0.58491 3.008326 -13.82122 -2e-06 3e-06 -23.887182 -0.249078 -0.839479 -60.498436 2.702955 -0.792196 -0.294024 1.679687 0.833256 -14.218217 0.093216 1.300582 -34.21207 -0.287564 0.967175 -20.03323 0.964537 1.212846 0.0 0.0 -1e-06 -3.44039 0.788234 0.501657 -15.928192 -3.16731 2.99971 -6.338829 -1e-06 2e-06 -18.123453 3.648183 -4.90567 -4e-06 -0.0 -3e-06 11.127089 10.096969 16.556665 69.194588 13.318631 17.184156 0.226334 18.398602 0.133911 -6.818427 2.493382 -17.390949 2.243542 -5.255038 -3.180159 14.282896 -0.826597 6.952505 -1e-06 -12.69061 0.0 16.51602 -17.758207 2.666508 1.665666 -1.955921 -2.878299 4.727801 -4.170589 4.993925 11.020531 2e-06 0.0 12.109058 -3.735718 -2.866785 1e-06 -0.0 -0.0 1.291986 -1.92855 -1.49809 14.800132 0.567466 3.865609 14.242577 -1.341739 -6.660659 19.631973 0.143924 -0.648245 49.96241 -0.307437 -6.03128 0.353029 -1.511151 -0.03194 20.222801 3.684309 2.316633 18.787283 2e-06 -1e-06 10.751634 -0.47987 1.397908 1e-06 -1e-06 -1e-06 3.273808 0.305947 -0.58011 21.486824 11.830379 2.266135 8.16293 1e-06 -1e-06 18.399092 -3.798988 -4.940578 4e-06 1e-06 -1e-06 -11.655568 11.115047 5.88536 -0.091712 0.001841 2.734933 2.387618 3.971822 -1.050414 1.631466 -1.898241 0.005449 -0.0 -0.0 2e-06 -9.988329 -0.607551 -7.954666 -0.033364 -0.157234 62.806618 2.996734 -10.134784 0.576114 -1.450916 0.876927 -1.89918 0.0 -1e-06 -3e-06 
0.0 0.0 0.0 0.0 -0.0 0.0 11.135519 98.572685 147.124741 6.797077 -0.424466 -9.032407 -3.579805 -0.216029 3.036729 -1.402313 -0.530487 -4.037912 -2.412634 -3.203484 12.026622 -1.945801 4.527765 14.463006 -0.335298 1.176823 -3.634916 1.93798 0.54386 -19.248322 7.7e-05 -2.2e-05 6e-06 0.031496 0.048861 0.128884 0.660065 -3.725581 -10.52397 -0.603495 3.834144 -10.546794 -12.449717 -7.52319 15.599411 -57.562275 -6.222439 16.925209 -0.452396 -31.302273 0.158467 8.09376 3.178209 -26.53652 -5.882112 9.861293 0.70259 -10.936881 -0.360576 7.156209 1e-06 8.774831 -2e-06 -15.733694 17.927553 6.342556 -1.844034 2.498507 -2.507279 -10.16361 4.678948 4.621111 -20.976044 -5e-06 1e-06 -21.226305 2.451697 -3.594003 0.0 -6e-06 -1e-06 -1.362683 2.240799 -0.746323 -21.334934 0.584908 3.008324 -13.821227 -4e-06 1e-06 -23.887196 -0.249083 -0.839485 -60.452194 2.69763 -0.794784 -0.294024 1.679688 0.833256 -14.218222 0.093213 1.300579 -34.212082 -0.287566 0.967168 -20.033232 0.964536 1.212844 1e-06 -0.0 -2e-06 -3.440391 0.788234 0.501655 -15.928201 -3.16731 2.999707 -6.338832 -1e-06 0.0 -18.123463 3.648183 -4.905675 -5e-06 1e-06 -1e-06 11.447778 9.713602 16.368792 68.832802 13.42156 16.15428 0.218347 19.507179 0.143813 -7.449157 3.429699 -17.473202 2.243543 -5.255041 -3.180159 14.282896 -0.826596 6.952506 -1e-06 -12.690614 -1e-06 16.483618 -17.775257 2.710597 1.665668 -1.955924 -2.878301 4.727801 -4.170591 4.993926 11.020534 3e-06 -2e-06 12.109058 -3.735718 -2.866786 2e-06 -0.0 0.0 1.291986 -1.928551 -1.49809 14.800136 0.567467 3.86561 14.242579 -1.341739 -6.660663 19.631975 0.143925 -0.648246 49.904743 -0.358307 -6.009382 0.353029 -1.511151 -0.03194 20.222801 3.68431 2.316631 18.787283 4e-06 -1e-06 10.751633 -0.479869 1.397906 0.0 -1e-06 -0.0 3.273808 0.305948 -0.58011 21.486824 11.830384 2.266136 8.162931 2e-06 -0.0 18.39909 -3.798989 -4.940578 4e-06 1e-06 -1e-06 -10.903529 10.755428 7.429816 -0.103334 -0.006158 2.310774 2.232936 3.671544 -2.025239 1.638559 -1.862315 0.233084 0.0 0.0 2e-06 -8.774064 -0.221997 -11.428754 -0.095144 -0.221052 59.70282 3.340777 -10.688901 -0.905702 -1.453555 0.885438 -2.008984 0.0 0.0 -4e-06 
0.0 0.0 0.0 0.0 -0.0 0.0 11.276625 98.632576 149.161621 6.189951 0.231937 -8.776713 -3.523195 -0.32255 3.309552 -1.377494 -0.842934 -3.929446 -2.136566 -3.578543 12.104417 -1.38446 4.106546 14.171228 -0.361218 1.212979 -3.635566 1.826368 0.577296 -19.672577 7.7e-05 -2.2e-05 6e-06 0.027977 0.02738 0.129547 0.651322 -3.742307 -10.503128 -0.601269 3.808562 -10.526316 -11.798286 -8.221002 15.666111 -56.745834 -7.622733 17.304468 -0.510665 -32.169186 0.221657 8.206168 3.478617 -26.174198 -5.882108 9.861288 0.70259 -10.936875 -0.360576 7.156208 1e-06 8.774828 -1e-06 -15.70162 17.954088 6.358458 -1.844034 2.498507 -2.50728 -10.163604 4.678946 4.621109 -20.976034 -5e-06 1e-06 -21.226299 2.451695 -3.594004 -1e-06 -7e-06 -1e-06 -1.362683 2.240798 -0.746324 -21.334925 0.58491 3.008322 -13.821219 -4e-06 1e-06 -23.887178 -0.24908 -0.839484 -60.47578 2.728271 -0.81024 -0.294026 1.679687 0.833255 -14.218215 0.093215 1.300579 -34.212067 -0.287567 0.967168 -20.033222 0.964535 1.212844 1e-06 -0.0 -1e-06 -3.440391 0.788234 0.501655 -15.928194 -3.167312 2.999707 -6.338829 -1e-06 0.0 -18.123457 3.648181 -4.905674 -4e-06 1e-06 -1e-06 11.739019 9.379464 16.239794 68.530884 13.527039 15.271839 0.215572 20.549322 0.154721 -7.977206 4.219216 -17.641205 2.243545 -5.255044 -3.180161 14.282907 -0.826597 6.952509 -3e-06 -12.690619 2e-06 16.421951 -17.806761 2.753737 1.665669 -1.955924 -2.878302 4.727804 -4.170594 4.993928 11.02054 4e-06 -2e-06 12.109066 -3.735719 -2.866787 1e-06 0.0 -1e-06 1.291987 -1.928551 -1.498091 14.800142 0.567469 3.865611 14.242586 -1.341738 -6.660666 19.63199 0.143927 -0.648248 49.812798 -0.432242 -6.014228 0.35303 -1.511152 -0.03194 20.222815 3.684312 2.31663 18.787291 4e-06 -3e-06 10.751639 -0.479868 1.397906 1e-06 -1e-06 -0.0 3.27381 0.305948 -0.580112 21.486837 11.830386 2.266134 8.162937 2e-06 -2e-06 18.399103 -3.798989 -4.940582 4e-06 -0.0 -2e-06 -10.247464 10.298859 8.721194 -0.104761 -0.000596 2.058227 2.102515 3.432278 -2.996794 1.642809 -1.846966 0.475652 0.0 0.0 2e-06 -7.811281 0.087232 -14.523035 -0.135653 -0.203041 54.38538 3.410446 -11.44214 -1.580088 -1.4539 0.91769 -2.153667 -0.0 0.0 -1e-06 
0.0 0.0 0.0 0.0 -0.0 0.0 11.384842 98.64975 151.170761 5.684988 0.81621 -8.390625 -3.470808 -0.394138 3.451281 -1.339572 -1.128506 -3.8546 -1.924613 -3.846193 12.170999 -0.866229 3.740801 13.907948 -0.405967 1.171137 -3.642827 1.723266 0.596293 -19.979321 7.7e-05 -2.3e-05 6e-06 0.024397 0.020652 0.126943 0.636599 -3.745014 -10.477099 -0.59334 3.798232 -10.499512 -11.237588 -8.822362 15.656476 -56.125713 -8.944238 17.362654 -0.471168 -32.896004 0.236489 8.416567 3.808105 -26.040548 -5.882109 9.861291 0.70259 -10.936875 -0.360575 7.156205 -0.0 8.774828 -0.0 -15.683209 17.989508 6.377399 -1.844034 2.498507 -2.507278 -10.163604 4.678947 4.621109 -20.97603 -2e-06 1e-06 -21.226297 2.451698 -3.594004 -1e-06 -6e-06 1e-06 -1.362682 2.2408 -0.746323 -21.334921 0.584909 3.008321 -13.821218 -2e-06 2e-06 -23.887178 -0.249079 -0.839486 -60.507118 2.781534 -0.833665 -0.294024 1.679687 0.833256 -14.218214 0.093217 1.300579 -34.212063 -0.287564 0.967167 -20.033222 0.964536 1.212839 1e-06 0.0 -1e-06 -3.440389 0.788234 0.501655 -15.928192 -3.16731 2.999705 -6.338828 1e-06 -1e-06 -18.123453 3.648185 -4.905676 -3e-06 1e-06 -2e-06 11.992025 9.113316 16.131145 68.347252 13.600938 14.627887 0.216197 21.292387 0.166188 -8.376944 4.724119 -17.73856 2.243543 -5.25504 -3.180159 14.282896 -0.826596 6.952503 -2e-06 -12.69061 0.0 16.35338 -17.818157 2.781648 1.665667 -1.955922 -2.878299 4.7278 -4.17059 4.993925 11.020531 2e-06 -2e-06 12.109056 -3.735717 -2.866787 2e-06 -0.0 0.0 1.291986 -1.928551 -1.49809 14.800132 0.567468 3.865607 14.242578 -1.341737 -6.660661 19.631975 0.143927 -0.648246 49.740345 -0.491446 -6.021216 0.35303 -1.511151 -0.03194 20.222799 3.684311 2.316629 18.787279 6e-06 -3e-06 10.751633 -0.479869 1.397906 -0.0 0.0 1e-06 3.273808 0.305947 -0.580111 21.486824 11.830381 2.266132 8.16293 2e-06 -2e-06 18.399088 -3.798986 -4.94058 4e-06 0.0 -2e-06 -9.755289 9.769674 9.671501 -0.100632 0.010007 2.106749 2.078555 3.288862 -4.000577 1.645279 -1.853026 0.67903 -0.0 1e-06 2e-06 -7.115816 0.251657 -16.967043 -0.127481 -0.109847 47.30127 3.052326 -12.424804 -1.175378 -1.448858 0.97116 -2.324021 0.0 0.0 -1e-06 
0.0 0.0 0.0 0.0 -0.0 0.0 11.464318 98.614838 153.192169 5.302298 1.332201 -7.900397 -3.444522 -0.448061 3.469824 -1.299763 -1.384666 -3.816616 -1.778005 -3.989946 12.218882 -0.376108 3.408631 13.689569 -0.459619 1.052162 -3.645886 1.602401 0.628133 -20.208885 7.7e-05 -2.3e-05 6e-06 0.017726 0.018537 0.124293 0.620855 -3.746655 -10.462678 -0.590626 3.795203 -10.48201 -10.730304 -9.333181 15.570412 -55.779575 -10.082288 17.062939 -0.389862 -33.607769 0.218246 8.787877 4.101745 -26.030499 -5.882108 9.86129 0.702591 -10.936875 -0.360573 7.156208 0.0 8.774827 -0.0 -15.729834 18.039497 6.349205 -1.844033 2.498505 -2.507278 -10.163602 4.678947 4.621109 -20.97603 -2e-06 3e-06 -21.226295 2.4517 -3.594002 -1e-06 -6e-06 0.0 -1.362682 2.240799 -0.746323 -21.334921 0.584911 3.008324 -13.821218 -1e-06 3e-06 -23.887175 -0.249079 -0.839483 -60.508846 2.838587 -0.894765 -0.294025 1.679688 0.833257 -14.218212 0.093215 1.300581 -34.212059 -0.287561 0.967167 -20.033218 0.964537 1.212842 1e-06 0.0 0.0 -3.440389 0.788233 0.501656 -15.928192 -3.16731 2.999707 -6.338829 -0.0 1e-06 -18.123453 3.648184 -4.905673 -4e-06 1e-06 -2e-06 12.180734 8.88501 15.99619 68.305168 13.627885 14.261229 0.231139 21.616859 0.173356 -8.597241 4.947272 -17.47872 2.243542 -5.255039 -3.180158 14.282894 -0.826596 6.952504 -1e-06 -12.69061 -0.0 16.304293 -17.777416 2.779639 1.665667 -1.955923 -2.878299 4.7278 -4.170589 4.993926 11.020528 2e-06 -1e-06 12.109053 -3.735717 -2.866785 2e-06 -0.0 -0.0 1.291986 -1.928551 -1.498089 14.800129 0.567469 3.86561 14.242573 -1.341738 -6.66066 19.631969 0.143925 -0.648244 49.701248 -0.507559 -6.019117 0.353029 -1.51115 -0.03194 20.222797 3.684312 2.316631 18.787279 4e-06 -1e-06 10.751629 -0.479869 1.397906 -0.0 1e-06 1e-06 3.273807 0.305947 -0.58011 21.486818 11.830379 2.266135 8.16293 2e-06 0.0 18.399084 -3.798988 -4.940576 4e-06 -0.0 -2e-06 -9.408455 9.158621 10.503293 -0.095358 0.033318 2.173073 2.107434 3.323245 -5.002636 1.646948 -1.880353 0.839358 -0.0 0.0 2e-06 -6.717206 0.236044 -18.653793 -0.080236 -0.014429 38.822117 2.419189 -13.154917 0.430071 -1.439064 1.030683 -2.41603 0.0 0.0 -1e-06 
0.0 0.0 0.0 0.0 -0.0 0.0 11.500953 98.524055 155.287491 5.007991 1.812486 -7.37449 -3.451283 -0.465609 3.410443 -1.269535 -1.587674 -3.825745 -1.652529 -4.066632 12.260749 0.062453 3.059443 13.534499 -0.498805 0.935652 -3.649976 1.470964 0.640501 -20.371052 7.7e-05 -2.3e-05 6e-06 0.007684 0.011629 0.123625 0.605995 -3.755611 -10.467959 -0.595509 3.789619 -10.48215 -10.245701 -9.762509 15.427034 -55.722942 -10.961803 16.594978 -0.279926 -34.464401 0.178105 9.276879 4.353829 -26.132792 -5.88211 9.861295 0.702589 -10.936877 -0.360575 7.156209 0.0 8.774833 -1e-06 -15.810157 18.093891 6.297731 -1.844034 2.498507 -2.507279 -10.163604 4.678949 4.621109 -20.976034 -4e-06 0.0 -21.226297 2.451698 -3.594006 1e-06 -6e-06 -1e-06 -1.362683 2.240801 -0.746324 -21.334927 0.584909 3.008321 -13.821223 -1e-06 0.0 -23.887184 -0.24908 -0.839486 -60.533432 2.884428 -0.990979 -0.294025 1.67969 0.833257 -14.218217 0.093216 1.300579 -34.21207 -0.287567 0.967166 -20.033228 0.964534 1.21284 1e-06 -0.0 -1e-06 -3.440389 0.788234 0.501655 -15.928192 -3.167311 2.999706 -6.33883 -0.0 0.0 -18.123459 3.648186 -4.905677 -4e-06 0.0 -2e-06 12.323786 8.676138 15.839182 68.400955 13.610154 13.984602 0.28934 21.468849 0.175773 -8.60829 4.948729 -16.733047 2.243543 -5.255041 -3.180158 14.282896 -0.826596 6.952503 -2e-06 -12.690612 0.0 16.270248 -17.716028 2.766978 1.665667 -1.955923 -2.878299 4.727801 -4.17059 4.993925 11.020531 3e-06 -1e-06 12.109056 -3.735718 -2.866784 2e-06 -0.0 -0.0 1.291986 -1.928549 -1.49809 14.800134 0.567469 3.865608 14.242578 -1.341737 -6.66066 19.631973 0.143927 -0.648245 49.726456 -0.487085 -6.015509 0.353029 -1.511152 -0.03194 20.222801 3.684312 2.316631 18.787281 5e-06 -0.0 10.751635 -0.47987 1.397906 -0.0 0.0 1e-06 3.273808 0.305946 -0.580111 21.486822 11.830383 2.266133 8.16293 1e-06 -1e-06 18.399092 -3.798986 -4.94058 4e-06 0.0 -2e-06 -9.110224 8.459316 11.344356 -0.088086 0.083339 2.243424 2.091039 3.579403 -6.050613 1.645199 -1.931266 0.941317 -0.0 0.0 2e-06 -6.505167 -0.017849 -19.562716 -0.032822 0.006907 29.364845 1.99729 -13.106351 2.864253 -1.428303 1.09004 -2.440485 -0.0 -0.0 -1e-06 
0.0 0.0 0.0 0.0 -0.0 0.0 11.473407 98.337845 157.520874 4.804965 2.297786 -6.889697 -3.530492 -0.426764 3.314411 -1.25772 -1.734036 -3.880003 -1.523185 -4.118529 12.321836 0.48641 2.715301 13.458349 -0.529856 0.853753 -3.656333 1.34629 0.531575 -20.531519 7.7e-05 -2.2e-05 6e-06 -0.00114 0.012781 0.125799 0.596632 -3.756164 -10.483112 -0.603653 3.791887 -10.493503 -9.779619 -10.102835 15.298613 -55.878601 -11.57858 16.272444 -0.114772 -35.585915 0.132222 9.667119 4.537168 -26.547983 -5.882111 9.861292 0.702593 -10.936877 -0.360575 7.156211 -0.0 8.774831 -1e-06 -15.85734 18.15704 6.262713 -1.844032 2.498503 -2.507278 -10.163605 4.678948 4.621113 -20.976034 0.0 5e-06 -21.226301 2.451699 -3.594002 1e-06 -5e-06 0.0 -1.362682 2.240798 -0.746324 -21.334929 0.584912 3.008327 -13.821221 0.0 4e-06 -23.887182 -0.249075 -0.839482 -60.562489 2.900267 -1.127621 -0.294025 1.67969 0.833257 -14.218217 0.093216 1.300584 -34.212067 -0.287559 0.967171 -20.033224 0.96454 1.212844 1e-06 -0.0 -1e-06 -3.440391 0.788235 0.501656 -15.928196 -3.16731 2.999709 -6.33883 1e-06 1e-06 -18.123457 3.648189 -4.905674 -3e-06 0.0 -3e-06 12.477103 8.495467 15.710649 68.577858 13.555602 13.64887 0.404542 20.902336 0.185713 -8.412568 4.836089 -15.653675 2.243544 -5.255042 -3.180159 14.2829 -0.826597 6.952505 -0.0 -12.690614 0.0 16.247217 -17.66584 2.756079 1.665668 -1.955924 -2.8783 4.727803 -4.170593 4.993926 11.020536 0.0 -2e-06 12.109062 -3.735721 -2.866787 1e-06 1e-06 0.0 1.291986 -1.928553 -1.49809 14.800139 0.567468 3.865609 14.242582 -1.34174 -6.660662 19.631979 0.143923 -0.648247 49.812405 -0.453333 -6.031386 0.35303 -1.511151 -0.03194 20.222805 3.68431 2.31663 18.787287 3e-06 -3e-06 10.751636 -0.479869 1.397905 -0.0 -0.0 -1e-06 3.273809 0.305946 -0.580111 21.486826 11.830383 2.266133 8.162934 1e-06 -2e-06 18.399097 -3.798989 -4.940582 4e-06 0.0 -2e-06 -8.869911 7.751516 12.314464 -0.070725 0.127204 2.308118 2.030441 3.942806 -7.241329 1.640123 -1.98166 0.958191 -0.0 0.0 2e-06 -6.300637 -0.687323 -19.902266 0.015498 -0.066373 19.961226 2.343707 -12.280424 5.182072 -1.411323 1.132059 -2.486997 -0.0 0.0 -1e-06 
0.0 0.0 0.0 0.0 -0.0 0.0 11.372651 98.060387 159.894165 4.655313 2.73857 -6.442019 -3.655767 -0.34008 3.165869 -1.268733 -1.830976 -3.98094 -1.390173 -4.127608 12.416354 0.955483 2.414854 13.448673 -0.54848 0.734133 -3.660761 1.176164 0.36393 -20.633089 7.7e-05 -2.2e-05 6e-06 -0.003527 0.03101 0.130761 0.59352 -3.738691 -10.502421 -0.605306 3.810802 -10.513143 -9.435287 -10.352617 15.174343 -56.01157 -11.901634 16.359463 0.073754 -36.939232 0.080243 9.72128 4.61432 -27.367165 -5.88211 9.861292 0.70259 -10.936876 -0.360575 7.156208 0.0 8.774828 -2e-06 -15.884577 18.195679 6.253483 -1.844035 2.498508 -2.507278 -10.163604 4.678946 4.621109 -20.976034 -3e-06 2e-06 -21.226301 2.451698 -3.594003 -0.0 -6e-06 1e-06 -1.362682 2.2408 -0.746323 -21.334923 0.58491 3.008323 -13.82122 -1e-06 2e-06 -23.887182 -0.24908 -0.839486 -60.544155 2.849114 -1.278996 -0.294024 1.679686 0.833256 -14.218215 0.093216 1.30058 -34.212067 -0.287565 0.967167 -20.033222 0.964536 1.212841 0.0 -0.0 -0.0 -3.44039 0.788234 0.501656 -15.928192 -3.167311 2.999706 -6.338829 1e-06 1e-06 -18.123457 3.648184 -4.905674 -3e-06 1e-06 -3e-06 12.798947 8.290633 15.604331 68.646301 13.479894 13.363839 0.528316 19.961069 0.189368 -8.040342 4.690049 -14.643729 2.243543 -5.255039 -3.180158 14.282894 -0.826594 6.952503 -2e-06 -12.690607 -0.0 16.195965 -17.612265 2.761762 1.665667 -1.955922 -2.878299 4.727799 -4.170588 4.993924 11.020528 2e-06 -2e-06 12.109055 -3.735717 -2.866786 1e-06 -0.0 0.0 1.291986 -1.928551 -1.49809 14.800132 0.567469 3.865607 14.242577 -1.341737 -6.660661 19.631973 0.143927 -0.648247 49.882359 -0.454516 -6.055334 0.353029 -1.511151 -0.03194 20.222795 3.684311 2.316629 18.787275 5e-06 -3e-06 10.751629 -0.479868 1.397906 -1e-06 -0.0 0.0 3.273808 0.305947 -0.580111 21.486818 11.830377 2.266133 8.16293 2e-06 -0.0 18.399088 -3.798985 -4.940577 4e-06 1e-06 -2e-06 -8.629298 7.070991 13.408689 -0.050599 0.138187 2.387427 1.936913 4.382295 -8.555248 1.63887 -1.996649 0.953746 0.0 -0.0 2e-06 -5.91945 -1.691468 -20.062225 0.088437 -0.167161 11.523671 3.653405 -11.371756 6.25598 -1.381687 1.165415 -2.508972 -0.0 0.0 -1e-06 
0.0 0.0 0.0 0.0 -0.0 0.0 11.201246 97.74527 162.359085 4.393865 3.128412 -6.004549 -3.6994 -0.237868 2.925655 -1.285391 -1.904155 -4.108192 -1.236435 -4.09628 12.5481 1.426704 2.137006 13.519822 -0.528695 0.595329 -3.663864 0.921553 0.279308 -20.605488 7.7e-05 -2.3e-05 6e-06 -0.000622 0.043416 0.13573 0.590496 -3.725353 -10.513609 -0.596211 3.822984 -10.525543 -9.317332 -10.537901 15.011337 -55.987629 -11.9446 16.780884 0.161775 -38.24482 0.049099 9.371334 4.516375 -28.335758 -5.882106 9.861284 0.702591 -10.936871 -0.360575 7.156202 1e-06 8.774824 -1e-06 -15.916084 18.197073 6.266593 -1.844032 2.498503 -2.507278 -10.163599 4.678945 4.621109 -20.976023 -3e-06 6e-06 -21.226286 2.451697 -3.593999 -0.0 -7e-06 1e-06 -1.362681 2.240795 -0.746322 -21.334913 0.584908 3.008323 -13.821213 -1e-06 3e-06 -23.887173 -0.249079 -0.839482 -60.576103 2.801085 -1.355882 -0.294024 1.679684 0.833256 -14.218207 0.093213 1.30058 -34.212048 -0.287564 0.967173 -20.033211 0.964536 1.212844 0.0 -0.0 -0.0 -3.440388 0.788231 0.501655 -15.928185 -3.167309 2.999709 -6.338825 1e-06 1e-06 -18.123444 3.648184 -4.905669 -2e-06 -0.0 -2e-06 13.403901 8.03291 15.507064 68.465813 13.413167 13.178165 0.598467 18.696604 0.172005 -7.561169 4.546401 -13.940972 2.243543 -5.255037 -3.180159 14.282895 -0.826595 6.952503 -2e-06 -12.690605 1e-06 16.102646 -17.558983 2.782604 1.665667 -1.955922 -2.878299 4.7278 -4.170589 4.993925 11.020529 3e-06 -2e-06 12.109057 -3.735717 -2.866785 -0.0 -0.0 0.0 1.291986 -1.92855 -1.49809 14.800132 0.567468 3.865608 14.242578 -1.341737 -6.660659 19.631975 0.143926 -0.648247 49.841465 -0.483807 -6.094047 0.353029 -1.511151 -0.03194 20.222797 3.684309 2.31663 18.787279 5e-06 -1e-06 10.751633 -0.479868 1.397905 -1e-06 -1e-06 1e-06 3.273808 0.305948 -0.580111 21.48682 11.830378 2.266132 8.16293 2e-06 0.0 18.399088 -3.798985 -4.940576 4e-06 1e-06 -2e-06 -8.21445 6.379706 14.533516 -0.047712 0.137194 2.542113 1.762071 4.919207 -9.89348 1.645833 -1.968408 1.021567 -0.0 -0.0 2e-06 -5.236364 -2.651645 -20.250021 0.147485 -0.214362 4.798286 5.308778 -10.939421 6.263379 -1.352141 1.185573 -2.489019 -0.0 0.0 -1e-06 
0.0 0.0 0.0 0.0 -0.0 0.0 10.970062 97.409348 164.873154 4.014248 3.494822 -5.609998 -3.66777 -0.176646 2.663447 -1.282574 -1.999344 -4.220428 -1.063186 -4.063953 12.645921 1.83904 1.90494 13.649084 -0.498784 0.499773 -3.665883 0.664446 0.309146 -20.499733 7.7e-05 -2.2e-05 6e-06 0.000913 0.039481 0.135246 0.584343 -3.725906 -10.517888 -0.586573 3.816592 -10.524855 -9.256575 -10.668978 14.859465 -56.04668 -11.809348 17.348852 0.181304 -39.129173 0.045927 8.828448 4.191824 -29.08783 -5.882108 9.861285 0.70259 -10.936873 -0.360575 7.156204 0.0 8.774826 -1e-06 -15.961691 18.192032 6.247395 -1.844033 2.498503 -2.507277 -10.163603 4.678948 4.621106 -20.97603 -3e-06 0.0 -21.226292 2.451696 -3.594002 1e-06 -6e-06 -0.0 -1.362682 2.240798 -0.746323 -21.334917 0.584911 3.00832 -13.821215 -2e-06 1e-06 -23.887171 -0.249081 -0.839487 -60.649384 2.790007 -1.365744 -0.294025 1.679686 0.833257 -14.218212 0.093216 1.300578 -34.212063 -0.287564 0.967165 -20.033218 0.964535 1.21284 -0.0 -0.0 -1e-06 -3.440389 0.788234 0.501655 -15.928187 -3.16731 2.999704 -6.338826 0.0 -0.0 -18.123449 3.648183 -4.905674 -6e-06 -0.0 -1e-06 14.035336 7.835073 15.434303 68.25222 13.344012 13.096616 0.617437 17.302584 0.155877 -7.063719 4.307507 -13.446553 2.243541 -5.255035 -3.180156 14.282887 -0.826594 6.952501 -3e-06 -12.690601 1e-06 16.03797 -17.525146 2.775502 1.665665 -1.955921 -2.878298 4.727797 -4.170586 4.993923 11.020522 3e-06 -1e-06 12.109048 -3.735714 -2.866783 0.0 0.0 0.0 1.291985 -1.928549 -1.498089 14.800125 0.567469 3.865607 14.242569 -1.341735 -6.660655 19.631962 0.143926 -0.648244 49.746174 -0.488284 -6.158781 0.353029 -1.511149 -0.03194 20.222786 3.684311 2.316629 18.78727 5e-06 -2e-06 10.751624 -0.479868 1.397904 -0.0 -0.0 0.0 3.273806 0.305945 -0.580111 21.486809 11.830373 2.266133 8.162926 2e-06 -0.0 18.399076 -3.798985 -4.940573 4e-06 1e-06 -1e-06 -7.651087 5.602085 15.693382 -0.049415 0.124261 2.780479 1.462087 5.630234 -11.154588 1.659879 -1.945101 1.084962 -0.0 -0.0 2e-06 -4.377322 -3.460338 -20.82346 0.165987 -0.214959 1.176264 6.726259 -10.784788 5.52197 -1.338616 1.166023 -2.486867 -0.0 -0.0 -1e-06 
0.0 0.0 0.0 0.0 -0.0 0.0 10.693685 97.100655 167.492661 3.459917 3.863952 -5.251932 -3.539656 -0.165574 2.375091 -1.249577 -2.138176 -4.32695 -0.832149 -4.072726 12.713765 2.177331 1.740044 13.787983 -0.470913 0.4868 -3.669618 0.439814 0.385567 -20.322813 7.7e-05 -2.2e-05 6e-06 0.000893 0.031763 0.130884 0.581536 -3.728758 -10.523571 -0.583409 3.804305 -10.522655 -9.205792 -10.749146 14.769755 -56.240688 -11.595941 17.945553 0.108913 -39.407215 0.074078 8.347374 3.782216 -29.351027 -5.88211 9.861293 0.70259 -10.936875 -0.360573 7.156208 -0.0 8.77483 0.0 -15.994319 18.165363 6.190667 -1.844034 2.498506 -2.507278 -10.163604 4.678948 4.62111 -20.976032 -2e-06 1e-06 -21.226297 2.451699 -3.594002 1e-06 -6e-06 1e-06 -1.362682 2.240798 -0.746324 -21.334921 0.584912 3.008322 -13.82122 -1e-06 1e-06 -23.887182 -0.249078 -0.839485 -60.663151 2.775716 -1.378382 -0.294025 1.679689 0.833256 -14.218215 0.093218 1.300582 -34.212055 -0.287561 0.967168 -20.033218 0.964538 1.212842 1e-06 -0.0 0.0 -3.44039 0.788236 0.501656 -15.928192 -3.167309 2.999707 -6.338827 -0.0 1e-06 -18.123455 3.648186 -4.905674 -5e-06 0.0 -1e-06 14.575859 7.679811 15.435502 68.068954 13.266631 13.125116 0.605767 16.046597 0.156724 -6.555457 3.979285 -13.065419 2.243541 -5.255037 -3.180158 14.282887 -0.826595 6.952504 -2e-06 -12.690604 1e-06 16.041397 -17.529013 2.739196 1.665666 -1.955922 -2.878299 4.727798 -4.170588 4.993925 11.020523 3e-06 -3e-06 12.109052 -3.735715 -2.866785 1e-06 0.0 0.0 1.291985 -1.928549 -1.49809 14.800123 0.567468 3.865608 14.242566 -1.341736 -6.660659 19.631962 0.143927 -0.648246 49.706215 -0.44031 -6.228225 0.353029 -1.511151 -0.03194 20.222786 3.684307 2.31663 18.78727 3e-06 -2e-06 10.751627 -0.479868 1.397906 -0.0 -0.0 2e-06 3.273806 0.305946 -0.580111 21.486809 11.830373 2.266132 8.162926 1e-06 1e-06 18.399076 -3.798986 -4.940575 4e-06 1e-06 -1e-06 -6.867553 4.860076 16.973679 -0.038887 0.089144 2.905807 1.07771 6.353863 -12.074873 1.676126 -1.933649 1.035194 -0.0 0.0 2e-06 -3.417085 -4.051385 -21.352322 0.146376 -0.196836 0.033593 7.412336 -10.832676 4.936677 -1.340207 1.132668 -2.521691 -0.0 -0.0 -2e-06 
0.0 0.0 0.0 0.0 -0.0 0.0 10.371256 96.830597 170.270615 2.679631 4.247732 -4.898449 -3.259295 -0.180923 2.025433 -1.194599 -2.320251 -4.463047 -0.53964 -4.130327 12.787682 2.421361 1.635772 13.914469 -0.413983 0.53786 -3.683931 0.26111 0.441347 -20.036747 7.7e-05 -2.2e-05 6e-06 0.001596 0.027096 0.129756 0.584768 -3.729548 -10.522408 -0.5848 3.795077 -10.516871 -9.232895 -10.836887 14.735108 -56.457928 -11.283982 18.650955 -0.0003 -39.156353 0.094416 7.940226 3.423801 -29.251478 -5.882111 9.861292 0.70259 -10.936878 -0.360575 7.156209 -0.0 8.774831 -2e-06 -15.993414 18.159067 6.152756 -1.844034 2.498506 -2.507279 -10.163606 4.678947 4.621109 -20.976038 -4e-06 0.0 -21.226301 2.451697 -3.594005 -0.0 -6e-06 1e-06 -1.362682 2.240798 -0.746324 -21.334929 0.584909 3.008322 -13.821224 -3e-06 0.0 -23.887192 -0.249082 -0.839486 -60.655674 2.756135 -1.389888 -0.294026 1.679688 0.833257 -14.218218 0.093214 1.30058 -34.21207 -0.287568 0.967166 -20.033226 0.964535 1.21284 1e-06 -1e-06 1e-06 -3.440391 0.788232 0.501655 -15.928196 -3.167311 2.999709 -6.338829 1e-06 0.0 -18.123459 3.648185 -4.905678 -5e-06 0.0 -1e-06 15.114269 7.4891 15.47774 67.804451 13.113459 13.293771 0.547102 15.124028 0.161418 -6.011093 3.684279 -12.844022 2.243543 -5.255039 -3.180159 14.282897 -0.826596 6.952505 -2e-06 -12.690612 0.0 16.085005 -17.539778 2.678027 1.665667 -1.955922 -2.8783 4.7278 -4.170588 4.993926 11.020529 2e-06 -1e-06 12.109056 -3.735717 -2.866786 1e-06 0.0 0.0 1.291986 -1.928549 -1.49809 14.800136 0.567469 3.865609 14.242579 -1.341737 -6.660661 19.631975 0.143927 -0.648245 49.737888 -0.356526 -6.282409 0.353029 -1.511152 -0.03194 20.222801 3.684312 2.316631 18.787283 4e-06 -2e-06 10.751633 -0.479869 1.397907 -1e-06 -0.0 0.0 3.273808 0.305947 -0.580111 21.486824 11.83038 2.266133 8.162931 2e-06 0.0 18.399088 -3.798988 -4.940578 4e-06 0.0 -1e-06 -5.769839 4.269394 18.251226 -0.009664 0.021422 3.121533 0.635336 6.896898 -12.664655 1.696111 -1.92318 0.758566 -0.0 0.0 2e-06 -2.398043 -4.237177 -21.168837 0.12934 -0.174669 -0.132924 6.895191 -11.191488 5.605289 -1.351722 1.130114 -2.632249 -0.0 -0.0 -1e-06 
0.0 0.0 0.0 0.0 -0.0 0.0 9.975555 96.673653 173.220642 1.585466 4.623749 -4.486103 -2.710688 -0.228924 1.53668 -1.13257 -2.453776 -4.65976 -0.22097 -4.266681 12.914039 2.598598 1.489609 13.947069 -0.373088 0.68555 -3.652742 0.080392 0.477265 -19.527075 7.7e-05 -2.3e-05 6e-06 0.004745 -0.012369 0.123655 0.589726 -3.766851 -10.521488 -0.583378 3.752778 -10.521439 -9.464391 -10.909506 14.646369 -56.534294 -10.806097 19.547882 -0.054861 -38.477562 0.142666 7.527161 3.08846 -29.003344 -5.88211 9.861293 0.702591 -10.936878 -0.360574 7.156208 -1e-06 8.774831 -1e-06 -16.037317 18.066113 6.114076 -1.844034 2.498507 -2.507277 -10.163605 4.678949 4.621109 -20.976038 -2e-06 2e-06 -21.226299 2.4517 -3.594003 -1e-06 -6e-06 -1e-06 -1.362682 2.240798 -0.746324 -21.334927 0.584912 3.008323 -13.821221 -1e-06 3e-06 -23.887184 -0.249077 -0.839485 -60.701962 2.689713 -1.372267 -0.294026 1.679689 0.833256 -14.218216 0.093217 1.30058 -34.21207 -0.287562 0.967167 -20.033226 0.964538 1.212841 0.0 -1e-06 1e-06 -3.44039 0.788235 0.501655 -15.928192 -3.16731 2.999706 -6.338829 0.0 0.0 -18.123457 3.648187 -4.905675 -3e-06 1e-06 -1e-06 15.83919 7.20582 15.462622 67.304024 12.813107 13.625606 0.444758 14.51567 0.154876 -5.50491 3.362928 -13.03482 2.243542 -5.255038 -3.180157 14.28289 -0.826596 6.952501 -0.0 -12.690609 -1e-06 16.129129 -17.60305 2.622367 1.665666 -1.955922 -2.878298 4.727798 -4.170588 4.993924 11.020524 2e-06 -1e-06 12.109051 -3.735717 -2.866785 1e-06 0.0 1e-06 1.291986 -1.92855 -1.498088 14.800129 0.567468 3.865607 14.242574 -1.341738 -6.660658 19.631968 0.143926 -0.648246 49.711689 -0.371065 -6.350215 0.353029 -1.511151 -0.03194 20.222788 3.684309 2.316629 18.787273 3e-06 -3e-06 10.751627 -0.479869 1.397905 -0.0 -1e-06 0.0 3.273806 0.305947 -0.580111 21.486809 11.830377 2.266133 8.162926 2e-06 0.0 18.399078 -3.798988 -4.940577 4e-06 0.0 -1e-06 -4.196783 3.79687 19.216053 -0.004274 0.013573 3.924172 0.042369 7.273652 -12.776114 1.758184 -1.89545 0.192484 -0.0 -0.0 2e-06 -1.153782 -3.94125 -20.447508 0.085482 -0.175252 0.077083 5.20367 -11.755507 8.053124 -1.358474 1.156731 -2.779672 0.0 0.0 -0.0 
0.0 0.0 0.0 0.0 -0.0 0.0 9.50446 96.60331 176.297287 0.195083 4.878537 -4.174495 -1.945528 -0.269436 1.008213 -1.068958 -2.5705 -4.906894 0.17473 -4.36993 13.05033 2.686812 1.352758 14.036775 -0.285129 0.853161 -3.671449 -0.007127 0.574767 -18.821848 7.7e-05 -2.3e-05 6e-06 0.006291 -0.020097 0.127439 0.591054 -3.773291 -10.524048 -0.58076 3.743896 -10.52301 -10.053394 -10.893186 14.693858 -56.2971 -10.176463 20.496344 0.042654 -37.717724 0.087639 7.116114 2.898306 -28.639677 -5.882103 9.861284 0.70259 -10.936866 -0.360576 7.156204 1e-06 8.774824 -0.0 -16.063034 18.035582 6.190533 -1.844032 2.498504 -2.507278 -10.163597 4.678945 4.621108 -20.976021 -4e-06 2e-06 -21.226282 2.451696 -3.593999 0.0 -6e-06 -1e-06 -1.362681 2.240798 -0.746323 -21.334906 0.584908 3.008322 -13.821208 -3e-06 2e-06 -23.887161 -0.249079 -0.839482 -60.750969 2.674742 -1.162592 -0.294025 1.679687 0.833256 -14.218203 0.093213 1.300581 -34.212048 -0.287565 0.967173 -20.033211 0.964535 1.212844 1e-06 -1e-06 -1e-06 -3.440387 0.788233 0.501656 -15.928181 -3.16731 2.999706 -6.338825 -0.0 2e-06 -18.123444 3.648181 -4.905669 -3e-06 1e-06 -2e-06 16.719776 6.953066 15.414322 66.637344 12.313588 13.810472 0.385075 14.088672 0.135881 -5.214095 3.235677 -13.338299 2.243541 -5.255036 -3.180157 14.282887 -0.826595 6.952503 -2e-06 -12.690601 0.0 16.162237 -17.622101 2.597629 1.665666 -1.955921 -2.878299 4.727798 -4.170585 4.993924 11.020524 3e-06 -1e-06 12.10905 -3.735715 -2.866782 0.0 0.0 -0.0 1.291985 -1.928549 -1.49809 14.800125 0.567468 3.865608 14.242569 -1.341736 -6.660656 19.631962 0.143926 -0.648245 49.793972 -0.333268 -6.282885 0.353029 -1.51115 -0.03194 20.222786 3.684308 2.31663 18.78727 3e-06 -0.0 10.751625 -0.479868 1.397905 -0.0 -1e-06 -0.0 3.273806 0.305947 -0.580111 21.486811 11.830373 2.266133 8.162928 3e-06 -0.0 18.39908 -3.798983 -4.940574 3e-06 1e-06 -1e-06 -2.0546 3.842079 19.892527 0.002637 -0.066281 5.554688 -0.826754 7.255211 -12.394936 1.793396 -1.901682 -0.814998 -0.0 -0.0 2e-06 0.422084 -3.232089 -19.350056 0.057601 -0.21804 0.204699 2.860206 -12.152868 11.938396 -1.383395 1.128305 -2.749773 0.0 0.0 -1e-06 
0.0 0.0 0.0 0.0 -0.0 0.0 9.012595 96.696457 179.41745 -1.432021 4.859761 -4.021761 -1.034507 -0.307948 0.477133 -0.983468 -2.657084 -5.177599 0.693447 -4.440274 13.171869 2.650555 1.344585 14.195983 -0.277335 0.861019 -3.726019 0.048704 0.730397 -17.948694 7.7e-05 -2.2e-05 6e-06 -0.000674 -0.03607 0.104861 0.574836 -3.783272 -10.528384 -0.577271 3.721877 -10.522408 -10.933803 -10.597869 14.646192 -56.017223 -9.317377 21.2635 0.201454 -36.75301 0.063175 6.821011 2.642636 -28.414715 -5.882109 9.861288 0.70259 -10.936875 -0.360574 7.156205 -0.0 8.774828 -2e-06 -16.126871 18.018093 6.271887 -1.844033 2.498505 -2.507277 -10.163603 4.678946 4.621109 -20.97603 -4e-06 2e-06 -21.226294 2.451695 -3.594001 0.0 -5e-06 -1e-06 -1.362682 2.240798 -0.746324 -21.334919 0.584908 3.008321 -13.821217 -3e-06 0.0 -23.887175 -0.249081 -0.839485 -60.822014 2.656978 -1.001411 -0.294025 1.679688 0.833256 -14.218214 0.093214 1.300578 -34.212063 -0.287569 0.967167 -20.033222 0.964534 1.212842 -0.0 -1e-06 -1e-06 -3.440389 0.788234 0.501654 -15.928191 -3.167309 2.999705 -6.338829 -1e-06 1e-06 -18.123453 3.648182 -4.905674 -3e-06 0.0 -2e-06 17.727184 6.835211 15.462823 65.71537 11.700672 13.741251 0.39887 13.89924 0.133138 -5.125257 3.101635 -13.629827 2.243543 -5.255038 -3.180158 14.282896 -0.826595 6.952501 -2e-06 -12.690609 -0.0 16.162771 -17.615536 2.601373 1.665667 -1.955922 -2.878299 4.7278 -4.170589 4.993924 11.020531 3e-06 -1e-06 12.109058 -3.735717 -2.866784 0.0 -0.0 0.0 1.291986 -1.92855 -1.498089 14.800132 0.567468 3.865607 14.242579 -1.341736 -6.660659 19.631973 0.143927 -0.648244 49.796822 -0.210049 -6.244214 0.353028 -1.511151 -0.03194 20.222797 3.68431 2.31663 18.787279 5e-06 -2e-06 10.751633 -0.479868 1.397905 0.0 -1e-06 -1e-06 3.273808 0.305947 -0.580111 21.486822 11.830381 2.266132 8.16293 3e-06 -1e-06 18.399088 -3.798985 -4.940577 3e-06 0.0 -1e-06 0.56227 4.312878 20.423916 0.005395 -0.138992 7.739639 -2.007145 6.952143 -10.861772 1.844562 -1.86044 -2.520205 -0.0 0.0 1e-06 2.364025 -2.168929 -18.053207 -0.042736 -0.2401 0.328901 0.619917 -12.053552 16.393555 -1.377253 1.068261 -2.246432 0.0 0.0 -1e-06 
0.0 0.0 0.0 0.0 -0.0 0.0 8.477354 97.000717 182.701675 -3.120261 4.569711 -4.111538 -0.177498 -0.323955 0.019115 -0.81896 -2.731398 -5.393425 1.277733 -4.469422 13.217008 2.508236 1.371136 14.506429 -0.290035 1.069221 -3.721791 0.141497 0.893101 -17.134424 7.7e-05 -2.3e-05 6e-06 -0.002618 -0.035859 0.087699 0.569628 -3.789389 -10.550849 -0.574435 3.730658 -10.544836 -11.71183 -10.130887 14.6625 -56.132324 -8.346142 21.134436 -0.016093 -35.694267 0.202852 6.892765 2.387249 -27.605082 -5.882104 9.861286 0.702591 -10.936871 -0.360575 7.156207 0.0 8.774826 -0.0 -16.186512 17.968201 6.311174 -1.844031 2.498503 -2.507278 -10.163598 4.678945 4.62111 -20.976021 -4e-06 6e-06 -21.226286 2.451697 -3.593999 0.0 -5e-06 0.0 -1.362681 2.240799 -0.746323 -21.334913 0.584908 3.008325 -13.821213 -3e-06 4e-06 -23.887167 -0.249078 -0.83948 -60.879169 2.63976 -0.870915 -0.294025 1.679688 0.833257 -14.218208 0.093216 1.300582 -34.212051 -0.287561 0.967171 -20.033211 0.964539 1.212843 -0.0 -1e-06 -1e-06 -3.440388 0.788234 0.501655 -15.928185 -3.167309 2.99971 -6.338824 0.0 1e-06 -18.123444 3.648186 -4.905668 -3e-06 0.0 -2e-06 18.435598 6.839801 15.471809 65.036552 11.032196 13.845224 0.302445 13.691545 0.107636 -5.115708 2.982942 -14.234679 2.243543 -5.255042 -3.180159 14.282897 -0.826596 6.952507 -0.0 -12.690614 -0.0 16.180557 -17.61171 2.571624 1.665668 -1.955923 -2.878301 4.727802 -4.170592 4.993927 11.020534 1e-06 -1e-06 12.109058 -3.73572 -2.866787 1e-06 -0.0 0.0 1.291986 -1.928551 -1.49809 14.800136 0.567467 3.865611 14.24258 -1.34174 -6.660663 19.631977 0.143925 -0.648246 49.828644 -0.213767 -6.258625 0.35303 -1.511152 -0.03194 20.222803 3.684311 2.316632 18.787285 2e-06 -1e-06 10.751634 -0.47987 1.397907 0.0 -1e-06 0.0 3.273808 0.305946 -0.580111 21.486824 11.830384 2.266136 8.16293 1e-06 -0.0 18.399097 -3.79899 -4.94058 3e-06 0.0 -1e-06 3.32252 4.787092 21.030174 0.041287 -0.286951 10.206924 -3.225239 6.456019 -7.359441 1.885778 -1.877563 -5.066107 -0.0 1e-06 2e-06 4.614468 -1.557398 -16.574133 -0.080375 -0.225598 0.985591 -1.090782 -11.926721 17.836134 -1.384774 1.030633 -1.692685 0.0 0.0 -1e-06 
0.0 0.0 0.0 0.0 -0.0 0.0 7.981522 97.440628 186.194489 -4.365201 4.126192 -4.337763 0.46442 -0.374096 -0.361783 -0.730542 -2.737773 -5.543293 1.688941 -4.46027 12.972947 2.256722 1.58783 15.14775 -0.274996 1.147102 -3.720008 0.333791 1.077323 -16.391079 7.7e-05 -2.2e-05 6e-06 -0.012295 -0.053938 0.074279 0.56781 -3.813413 -10.568033 -0.588885 3.720295 -10.565918 -12.002129 -9.670425 14.77701 -56.931496 -7.123763 20.633434 -0.162312 -34.641243 0.19004 7.148 2.208313 -26.995537 -5.882108 9.861288 0.702592 -10.936877 -0.360575 7.15621 2e-06 8.774829 0.0 -16.136587 17.857792 6.33484 -1.844033 2.498504 -2.507278 -10.163604 4.678946 4.62111 -20.976034 -7e-06 3e-06 -21.226299 2.451694 -3.594 1e-06 -6e-06 0.0 -1.362682 2.240799 -0.746324 -21.334921 0.584908 3.008326 -13.821219 -3e-06 3e-06 -23.887178 -0.249081 -0.839481 -60.831749 2.718471 -0.831832 -0.294025 1.679688 0.833258 -14.218215 0.093213 1.300579 -34.212067 -0.28757 0.967173 -20.033226 0.964533 1.212848 -0.0 -0.0 0.0 -3.44039 0.788233 0.501656 -15.928192 -3.167314 2.999709 -6.338828 -1e-06 2e-06 -18.123453 3.648183 -4.90567 -3e-06 0.0 -2e-06 18.476189 6.816512 15.511833 65.025146 10.443059 13.542463 0.281906 13.459627 0.1077 -4.920238 2.730066 -14.442437 2.243543 -5.255036 -3.180158 14.282895 -0.826594 6.9525 -3e-06 -12.690601 1e-06 16.147635 -17.586866 2.539934 1.665667 -1.95592 -2.878298 4.7278 -4.170586 4.993922 11.020528 3e-06 -2e-06 12.109055 -3.735714 -2.866785 0.0 0.0 -0.0 1.291986 -1.928549 -1.498088 14.800132 0.567468 3.865605 14.242579 -1.341735 -6.660659 19.631977 0.143927 -0.648246 49.74131 -0.179751 -6.328835 0.353029 -1.511151 -0.03194 20.222799 3.68431 2.316628 18.787281 7e-06 -3e-06 10.751631 -0.479867 1.397903 -1e-06 -1e-06 -1e-06 3.273808 0.305947 -0.580111 21.48682 11.830376 2.266129 8.16293 3e-06 -2e-06 18.399088 -3.798981 -4.940577 3e-06 0.0 -1e-06 5.471099 5.114057 21.647087 0.094768 -0.469566 13.014559 -4.314551 6.324453 -3.778068 1.958357 -1.889869 -8.412652 0.0 1e-06 2e-06 6.47138 -1.301709 -14.743517 -0.098706 -0.215549 1.808156 -2.113606 -11.630946 17.426424 -1.381345 0.957627 -1.289374 0.0 0.0 -1e-06 
0.0 0.0 0.0 0.0 -0.0 0.0 7.513019 97.887802 189.598709 -5.212949 3.602291 -4.700132 0.926778 -0.384355 -0.573309 -0.595587 -2.808569 -5.65926 1.856571 -4.35007 12.567377 1.841706 1.939535 15.766959 -0.200548 1.3922 -3.750215 0.481747 1.018645 -15.613758 7.7e-05 -2.3e-05 6e-06 -0.011367 -0.029482 0.078909 0.590221 -3.783077 -10.551654 -0.608459 3.741078 -10.550797 -11.923021 -9.325373 15.026266 -58.012962 -5.80858 20.122961 -0.352874 -33.840317 0.192783 7.438191 2.262893 -26.233845 -5.882111 9.861295 0.702593 -10.936881 -0.360574 7.156212 0.0 8.774834 -1e-06 -16.031313 17.961565 6.287195 -1.844034 2.498507 -2.507279 -10.163608 4.67895 4.621112 -20.97604 -3e-06 4e-06 -21.226307 2.451701 -3.594003 -0.0 -6e-06 -0.0 -1.362683 2.2408 -0.746323 -21.33493 0.58491 3.008326 -13.821223 -1e-06 3e-06 -23.887194 -0.249079 -0.839483 -60.685741 2.701418 -0.969317 -0.294025 1.679689 0.833257 -14.218221 0.093215 1.300581 -34.212074 -0.287564 0.967172 -20.033232 0.964538 1.212844 1e-06 -1e-06 -1e-06 -3.440392 0.788234 0.501656 -15.928201 -3.167312 2.999709 -6.338832 1e-06 2e-06 -18.123463 3.648187 -4.905675 -4e-06 1e-06 -1e-06 17.883944 6.880311 15.46526 65.591248 9.84296 13.421474 0.175173 13.445818 0.07399 -4.741062 2.28241 -14.538876 2.243543 -5.255039 -3.18016 14.2829 -0.826596 6.952507 -2e-06 -12.690614 0.0 16.166151 -17.702385 2.540467 1.665667 -1.955922 -2.8783 4.727802 -4.170589 4.993927 11.020534 3e-06 -2e-06 12.109058 -3.735718 -2.866786 1e-06 0.0 -0.0 1.291986 -1.92855 -1.49809 14.800139 0.567469 3.86561 14.24258 -1.341737 -6.660662 19.631977 0.143926 -0.648245 49.694897 -0.29683 -6.346972 0.353029 -1.511151 -0.031939 20.222803 3.684311 2.316632 18.787287 4e-06 -2e-06 10.751637 -0.479869 1.397907 -2e-06 -0.0 -1e-06 3.273809 0.305948 -0.580111 21.486824 11.83038 2.266135 8.162933 2e-06 0.0 18.399096 -3.798987 -4.940578 3e-06 -0.0 -1e-06 6.955908 5.133577 21.750422 0.119858 -0.584054 16.863445 -4.920834 6.866147 0.251399 2.057634 -1.957924 -11.666939 -0.0 0.0 2e-06 7.956547 -1.47381 -12.524247 -0.05016 -0.343816 2.457589 -3.250628 -10.629223 15.71031 -1.387637 0.933047 -0.611565 0.0 0.0 -1e-06 
0.0 0.0 0.0 0.0 -0.0 0.0 7.046059 98.220581 193.009018 -5.995234 3.243356 -5.225163 1.462713 -0.403647 -0.657221 -0.453953 -2.79564 -5.700696 1.864644 -4.298693 12.275579 1.52827 2.323634 16.021362 -0.219122 1.307964 -3.741313 0.634084 1.032645 -15.036472 7.7e-05 -2.2e-05 6e-06 -0.010446 -0.030822 0.085064 0.609607 -3.789137 -10.565243 -0.625569 3.743657 -10.554162 -11.669761 -9.138355 15.16537 -58.970139 -4.550272 19.976669 -0.453493 -33.192146 0.197753 7.217011 2.37527 -25.520792 -5.882104 9.861283 0.702588 -10.936868 -0.360576 7.156202 1e-06 8.774822 -1e-06 -16.110292 17.869997 6.156005 -1.844032 2.498503 -2.507277 -10.163596 4.678944 4.621105 -20.976021 -5e-06 2e-06 -21.226282 2.451694 -3.593998 1e-06 -6e-06 -0.0 -1.362681 2.240796 -0.746324 -21.334909 0.584907 3.008322 -13.82121 -3e-06 2e-06 -23.887165 -0.249081 -0.839483 -60.705978 2.600302 -0.970049 -0.294025 1.679687 0.833255 -14.218205 0.093213 1.300578 -34.212048 -0.287567 0.967168 -20.033211 0.964534 1.212843 1e-06 -1e-06 -0.0 -3.440387 0.788233 0.501656 -15.928183 -3.167311 2.999705 -6.338824 -0.0 1e-06 -18.12344 3.64818 -4.905669 -4e-06 1e-06 -2e-06 17.136881 7.056752 15.516787 66.132401 9.397091 13.336546 0.005429 13.91846 0.048178 -4.601384 1.898768 -14.862131 2.243542 -5.25504 -3.180159 14.282896 -0.826595 6.952507 -2e-06 -12.690615 0.0 16.173632 -17.765148 2.57228 1.665667 -1.955922 -2.8783 4.727801 -4.170591 4.993927 11.020534 3e-06 -1e-06 12.109058 -3.735718 -2.866785 1e-06 0.0 -0.0 1.291986 -1.928551 -1.49809 14.800138 0.56747 3.865611 14.242579 -1.341737 -6.660661 19.631975 0.143926 -0.648244 49.595627 -0.351693 -6.429217 0.353029 -1.511151 -0.031939 20.222801 3.684313 2.316631 18.787285 5e-06 -1e-06 10.751633 -0.479869 1.397907 -2e-06 -1e-06 0.0 3.273808 0.305947 -0.580111 21.486824 11.830384 2.266135 8.16293 2e-06 0.0 18.399094 -3.798988 -4.940578 3e-06 0.0 -0.0 8.336191 5.119286 20.863398 0.090706 -0.694378 22.451307 -5.040269 7.855451 4.409226 2.11769 -1.898665 -14.263964 0.0 -0.0 3e-06 9.281103 -1.484229 -10.134588 -0.012517 -0.379308 3.1127 -4.084442 -10.367724 12.866476 -1.393197 0.90305 -0.237277 -0.0 0.0 -1e-06 
0.0 0.0 0.0 0.0 -0.0 0.0 6.550005 98.415512 196.359985 -6.897852 3.080867 -5.925984 2.108724 -0.422337 -0.55475 -0.285384 -2.727167 -5.682039 1.905015 -4.259652 12.162989 1.2059 2.633299 15.941491 -0.277155 1.194635 -3.740061 0.786029 0.747672 -14.639194 7.7e-05 -2.2e-05 6e-06 -0.004548 -0.007705 0.085523 0.631095 -3.767438 -10.583003 -0.635482 3.766631 -10.571241 -11.601375 -8.95908 15.306451 -59.453251 -3.754603 20.065811 -0.656307 -32.559097 0.25634 6.70514 2.68091 -24.74437 -5.882108 9.861287 0.702591 -10.936875 -0.360575 7.156209 1e-06 8.774826 1e-06 -16.182255 17.742168 6.069343 -1.844033 2.498506 -2.507277 -10.163603 4.678946 4.621109 -20.976027 -4e-06 3e-06 -21.226288 2.451697 -3.593999 -0.0 -6e-06 1e-06 -1.362681 2.240798 -0.746324 -21.334919 0.584909 3.008326 -13.821218 -3e-06 3e-06 -23.887175 -0.249078 -0.839481 -60.699402 2.506861 -0.882358 -0.294025 1.679687 0.833256 -14.218212 0.093215 1.30058 -34.212063 -0.287565 0.967172 -20.03322 0.964535 1.212844 1e-06 0.0 -1e-06 -3.440389 0.788233 0.501656 -15.928191 -3.167313 2.999708 -6.338828 -0.0 0.0 -18.123453 3.648183 -4.90567 -4e-06 0.0 -1e-06 16.467321 7.18789 15.484837 66.230087 9.050773 13.526625 -0.025972 14.907636 0.050166 -4.764416 1.904539 -15.52975 2.243542 -5.255037 -3.180157 14.282896 -0.826594 6.952501 -2e-06 -12.690606 0.0 16.175051 -17.84338 2.657345 1.665667 -1.955921 -2.878298 4.7278 -4.170588 4.993923 11.020529 3e-06 -1e-06 12.109055 -3.735715 -2.866784 0.0 0.0 -1e-06 1.291986 -1.92855 -1.498088 14.800132 0.567469 3.865606 14.242579 -1.341736 -6.660657 19.631973 0.143927 -0.648245 49.622925 -0.353194 -6.380713 0.353029 -1.511151 -0.03194 20.222797 3.684311 2.316629 18.787281 6e-06 -2e-06 10.751631 -0.479867 1.397906 -2e-06 -1e-06 -1e-06 3.273808 0.305947 -0.580111 21.48682 11.830379 2.266132 8.16293 4e-06 -1e-06 18.399084 -3.798984 -4.940577 4e-06 -0.0 -2e-06 9.902955 5.268056 18.69969 0.014517 -0.76663 30.170954 -4.63701 9.161199 8.604882 2.114065 -1.828071 -14.568976 0.0 -1e-06 3e-06 10.654905 -1.366167 -7.654649 0.017261 -0.415698 3.894852 -4.670612 -10.678671 10.083088 -1.404088 0.876432 0.055333 0.0 0.0 -1e-06 
0.0 0.0 0.0 0.0 -0.0 0.0 6.057551 98.437218 199.527206 -7.858844 3.069198 -6.850051 2.754128 -0.393228 -0.222181 -0.11313 -2.604412 -5.541889 2.070062 -4.221888 12.217469 0.912581 2.848149 15.738742 -0.305776 0.967363 -3.750213 0.836615 0.372463 -14.560643 7.7e-05 -2.2e-05 6e-06 0.002151 0.036582 0.079526 0.639404 -3.722219 -10.589001 -0.631228 3.808152 -10.58248 -11.764894 -8.720093 15.381024 -59.611725 -3.502742 19.986883 -0.91721 -31.847069 0.322094 6.290215 3.025045 -24.020494 -5.882112 9.861298 0.702591 -10.936881 -0.360575 7.15621 0.0 8.774836 -1e-06 -16.194443 17.663326 6.043466 -1.844035 2.498507 -2.507279 -10.16361 4.678949 4.62111 -20.976042 -4e-06 1e-06 -21.226307 2.4517 -3.594004 -0.0 -7e-06 0.0 -1.362683 2.240801 -0.746322 -21.334934 0.584909 3.008322 -13.821228 -3e-06 1e-06 -23.887194 -0.249081 -0.839486 -60.625565 2.489887 -0.846854 -0.294025 1.679691 0.833257 -14.218224 0.093215 1.30058 -34.212086 -0.287566 0.967167 -20.033236 0.964536 1.212843 1e-06 -1e-06 -1e-06 -3.440392 0.788235 0.501655 -15.928203 -3.167314 2.999707 -6.338833 -1e-06 -0.0 -18.123466 3.648188 -4.905678 -3e-06 0.0 -0.0 16.014191 7.28188 15.535129 65.760689 9.025362 13.822338 0.07895 16.177639 0.069383 -5.36413 2.350768 -16.398506 2.243545 -5.255043 -3.180161 14.282907 -0.826595 6.952507 -2e-06 -12.690616 0.0 16.174047 -17.848877 2.74778 1.665669 -1.955923 -2.878302 4.727805 -4.170592 4.993928 11.020543 3e-06 -2e-06 12.10907 -3.735719 -2.866788 0.0 0.0 -0.0 1.291988 -1.928552 -1.49809 14.800148 0.567468 3.865611 14.24259 -1.341737 -6.660666 19.631992 0.143926 -0.648247 49.696083 -0.29553 -6.219736 0.35303 -1.511152 -0.03194 20.222818 3.684314 2.31663 18.7873 5e-06 -4e-06 10.751645 -0.479868 1.397907 -1e-06 0.0 1e-06 3.273811 0.305948 -0.580112 21.486843 11.830388 2.266133 8.162938 3e-06 -2e-06 18.399103 -3.798987 -4.940582 4e-06 0.0 -2e-06 11.520041 5.580333 15.664024 -0.07964 -0.782205 38.88401 -3.536701 11.18047 12.572552 2.04961 -1.858133 -10.493111 -0.0 -1e-06 1e-06 12.060984 -1.331468 -4.935627 0.029891 -0.40744 4.43531 -4.944267 -11.203523 7.389572 -1.414013 0.872959 0.201067 -0.0 0.0 -1e-06 
0.0 0.0 0.0 0.0 -0.0 0.0 5.614971 98.367989 202.489517 -8.577955 3.067692 -7.881867 3.238519 -0.332023 0.256166 0.021006 -2.431967 -5.330851 2.244831 -4.112679 12.395413 0.698234 2.920619 15.578775 -0.372692 0.752474 -3.76245 0.821501 -0.029021 -14.85128 7.7e-05 -2.2e-05 6e-06 0.005982 0.05314 0.060719 0.633289 -3.704222 -10.58448 -0.618474 3.822166 -10.58226 -12.024086 -8.38036 15.429068 -59.771519 -3.641315 19.516809 -1.06174 -31.164883 0.356329 6.481193 3.282964 -23.80986 -5.88211 9.861293 0.702591 -10.936878 -0.360574 7.156207 -0.0 8.774831 -2e-06 -16.160446 17.638342 6.039714 -1.844034 2.498507 -2.507278 -10.163607 4.678948 4.621111 -20.976038 -3e-06 2e-06 -21.226301 2.451699 -3.594003 1e-06 -6e-06 -0.0 -1.362683 2.2408 -0.746323 -21.334929 0.58491 3.008325 -13.821221 -2e-06 0.0 -23.887188 -0.249078 -0.839486 -60.564899 2.524249 -0.864645 -0.294025 1.679689 0.833257 -14.218221 0.093215 1.30058 -34.212078 -0.287563 0.967167 -20.033232 0.964537 1.212843 -0.0 -0.0 -1e-06 -3.440391 0.788234 0.501657 -15.928194 -3.16731 2.999706 -6.338829 0.0 1e-06 -18.123459 3.648185 -4.905676 -3e-06 1e-06 -1e-06 15.634838 7.437338 15.676445 65.009926 9.42521 14.055902 0.26389 17.325298 0.073535 -6.375473 2.952648 -17.3617 2.243544 -5.255044 -3.180161 14.282908 -0.826596 6.952508 -3e-06 -12.690623 0.0 16.192759 -17.751038 2.798145 1.665669 -1.955923 -2.878302 4.727805 -4.170593 4.993929 11.02054 3e-06 -2e-06 12.109066 -3.735721 -2.866788 0.0 0.0 -1e-06 1.291987 -1.928553 -1.498091 14.800148 0.56747 3.865612 14.24259 -1.341738 -6.660665 19.63199 0.143927 -0.648246 49.728477 -0.22398 -5.985325 0.353029 -1.511153 -0.03194 20.222818 3.684315 2.316632 18.7873 5e-06 -3e-06 10.751641 -0.479869 1.397907 -1e-06 -0.0 1e-06 3.27381 0.305947 -0.580111 21.486837 11.830392 2.266135 8.162938 2e-06 -1e-06 18.399107 -3.798989 -4.940582 4e-06 1e-06 -2e-06 12.542105 5.916074 12.247924 -0.123587 -0.738955 46.880241 -1.316846 14.097336 15.389025 2.038638 -1.992132 -5.164979 0.0 -1e-06 2e-06 13.196971 -1.420383 -2.032481 0.011009 -0.368571 4.643645 -4.879803 -11.63768 4.837472 -1.41305 0.898362 0.306036 0.0 0.0 -1e-06 
0.0 0.0 0.0 0.0 -0.0 0.0 5.294884 98.359535 205.306961 -8.736463 3.008536 -8.80022 3.438385 -0.240119 0.733056 0.086564 -2.154034 -5.130671 2.225657 -3.876991 12.600317 0.602186 2.887487 15.568564 -0.498602 0.539022 -3.759693 0.881681 -0.472872 -15.404592 7.7e-05 -2.2e-05 6e-06 0.004997 0.029766 0.044428 0.623504 -3.724598 -10.563798 -0.611558 3.795524 -10.56321 -12.069533 -7.993774 15.486906 -60.196758 -3.908571 18.844313 -1.008722 -30.798294 0.357366 7.151997 3.278863 -24.165751 -5.88211 9.861292 0.702592 -10.93688 -0.360575 7.15621 0.0 8.774831 0.0 -16.096491 17.683908 6.063554 -1.844034 2.498507 -2.507278 -10.163607 4.678948 4.621111 -20.97604 -3e-06 2e-06 -21.226303 2.4517 -3.594003 1e-06 -5e-06 -0.0 -1.362683 2.2408 -0.746324 -21.33493 0.584911 3.008323 -13.821225 -1e-06 1e-06 -23.887188 -0.249079 -0.839483 -60.499912 2.554319 -0.899065 -0.294025 1.679688 0.833257 -14.218219 0.093215 1.300581 -34.212074 -0.287564 0.967169 -20.03323 0.964537 1.212844 1e-06 -0.0 -0.0 -3.440391 0.788233 0.501656 -15.9282 -3.167311 2.999709 -6.338831 1e-06 1e-06 -18.123463 3.648185 -4.905674 -2e-06 0.0 -2e-06 15.233405 7.691519 15.917408 64.277138 10.229924 14.304267 0.436832 18.067884 0.06183 -7.443851 3.318051 -18.132534 2.243543 -5.255039 -3.180159 14.2829 -0.826596 6.952507 -2e-06 -12.690612 0.0 16.201027 -17.651115 2.814193 1.665667 -1.955923 -2.8783 4.727802 -4.170591 4.993927 11.020534 3e-06 -1e-06 12.109059 -3.735718 -2.866786 0.0 -0.0 -0.0 1.291986 -1.928549 -1.49809 14.800138 0.567468 3.86561 14.24258 -1.341737 -6.660661 19.631977 0.143926 -0.648245 49.674694 -0.217325 -5.861476 0.353029 -1.51115 -0.03194 20.222805 3.684311 2.316632 18.787287 4e-06 -1e-06 10.751635 -0.47987 1.397906 2e-06 0.0 -1e-06 3.273809 0.305947 -0.580111 21.486828 11.830382 2.266135 8.162933 2e-06 -0.0 18.399092 -3.798988 -4.940577 4e-06 1e-06 -2e-06 12.283289 5.734683 8.82643 -0.134563 -0.572102 52.822094 0.844885 16.883488 14.124371 2.060744 -2.056031 -3.231001 -0.0 -0.0 2e-06 13.676705 -1.61184 0.88802 -0.024226 -0.327585 4.476254 -4.744778 -11.856856 2.731673 -1.40184 0.93986 0.467181 0.0 0.0 -1e-06 
0.0 0.0 0.0 0.0 -0.0 0.0 5.129518 98.454674 207.988953 -8.360932 2.880296 -9.457355 3.410949 -0.10098 1.159079 0.066553 -1.758517 -4.950949 1.984559 -3.578793 12.662905 0.609234 2.866735 15.732281 -0.619457 0.313026 -3.747176 0.968253 -0.81548 -15.833207 7.7e-05 -2.2e-05 6e-06 0.004229 0.011624 0.038224 0.620233 -3.741762 -10.544716 -0.610691 3.776067 -10.545572 -11.745893 -7.546258 15.441618 -60.934067 -4.116062 18.363087 -0.87002 -30.820959 0.337642 7.685166 3.130003 -24.815063 -5.88211 9.861292 0.702591 -10.936876 -0.360574 7.156206 -1e-06 8.774831 -1e-06 -15.977241 17.737 6.156127 -1.844033 2.498504 -2.507279 -10.163604 4.678949 4.62111 -20.976034 -1e-06 2e-06 -21.226297 2.451701 -3.594004 1e-06 -6e-06 -0.0 -1.362682 2.2408 -0.746324 -21.334925 0.584911 3.008322 -13.821221 -2e-06 0.0 -23.88718 -0.249077 -0.839486 -60.420094 2.596396 -0.883018 -0.294025 1.679688 0.833256 -14.218215 0.093217 1.30058 -34.212067 -0.287563 0.967168 -20.033222 0.964538 1.212841 1e-06 -0.0 -1e-06 -3.44039 0.788235 0.501656 -15.928192 -3.16731 2.999707 -6.33883 -0.0 -0.0 -18.123455 3.648187 -4.905674 -5e-06 -0.0 -2e-06 14.757215 8.143397 16.222025 63.81958 11.249561 14.496923 0.570564 18.341476 0.059773 -8.287982 3.205123 -18.732136 2.243542 -5.255037 -3.180158 14.282894 -0.826595 6.9525 -3e-06 -12.690606 -1e-06 16.18325 -17.598576 2.842142 1.665667 -1.955922 -2.878298 4.727799 -4.170586 4.993923 11.020528 5e-06 -2e-06 12.109054 -3.735714 -2.866784 1e-06 -0.0 -1e-06 1.291986 -1.92855 -1.498089 14.800131 0.567469 3.865607 14.242576 -1.341736 -6.660659 19.631969 0.143928 -0.648246 49.613647 -0.291661 -5.877722 0.353029 -1.51115 -0.03194 20.222797 3.684311 2.316628 18.787277 6e-06 -1e-06 10.751633 -0.479867 1.397904 2e-06 0.0 -0.0 3.273806 0.305948 -0.580112 21.486814 11.830376 2.26613 8.162926 1e-06 -1e-06 18.399084 -3.798983 -4.940577 4e-06 0.0 -0.0 10.778019 4.49733 5.287863 -0.10745 -0.321065 56.508293 1.845236 18.993753 10.101237 2.047388 -2.067751 -2.926118 0.0 0.0 3e-06 13.499239 -1.733452 3.6998 -0.046784 -0.273378 3.879327 -4.629615 -11.950387 1.207063 -1.395782 0.963796 0.598972 0.0 0.0 -1e-06 
0.0 0.0 0.0 0.0 -0.0 0.0 5.089624 98.628899 210.552719 -7.51813 2.66536 -9.82696 3.19551 0.063826 1.567732 -0.00692 -1.27891 -4.775508 1.545645 -3.212231 12.492843 0.59255 2.885578 15.958703 -0.698462 0.169056 -3.742054 1.077249 -1.083452 -15.981936 7.7e-05 -2.2e-05 6e-06 0.004041 0.01869 0.044573 0.625577 -3.737082 -10.548454 -0.61749 3.785187 -10.552071 -11.316515 -7.055304 15.291644 -61.699738 -4.144713 18.069065 -0.765055 -31.142015 0.304359 7.861007 2.936675 -25.648071 -5.882114 9.861297 0.702591 -10.936884 -0.360575 7.156211 -0.0 8.774835 -1e-06 -15.831653 17.719732 6.249433 -1.844036 2.498508 -2.507281 -10.163612 4.678951 4.621111 -20.976051 -3e-06 -1e-06 -21.226316 2.451699 -3.594008 0.0 -6e-06 -0.0 -1.362684 2.240801 -0.746324 -21.334938 0.58491 3.008322 -13.82123 -2e-06 -1e-06 -23.887201 -0.249081 -0.839489 -60.321102 2.640871 -0.879809 -0.294025 1.679689 0.833257 -14.218225 0.093217 1.300579 -34.212086 -0.287564 0.967165 -20.033236 0.964535 1.21284 1e-06 1e-06 0.0 -3.440392 0.788235 0.501656 -15.928205 -3.167311 2.999708 -6.338833 -1e-06 -1e-06 -18.123468 3.648186 -4.905679 -4e-06 0.0 -2e-06 14.168701 8.850116 16.423569 63.724182 12.22741 14.537919 0.674709 18.20648 0.072542 -8.859943 2.705213 -19.238323 2.243543 -5.255042 -3.180159 14.282904 -0.826598 6.952507 -1e-06 -12.690617 0.0 16.156202 -17.55682 2.864584 1.665668 -1.955923 -2.878301 4.727804 -4.170593 4.993927 11.020538 2e-06 -1e-06 12.109062 -3.73572 -2.866787 -0.0 0.0 -1e-06 1.291987 -1.928551 -1.49809 14.800139 0.567468 3.865609 14.242585 -1.341739 -6.660664 19.631987 0.143925 -0.648248 49.53088 -0.390546 -5.947793 0.353029 -1.511152 -0.03194 20.222809 3.684312 2.316631 18.787291 4e-06 -2e-06 10.751639 -0.479869 1.397905 2e-06 1e-06 1e-06 3.27381 0.305948 -0.580112 21.486832 11.830385 2.266133 8.162935 1e-06 -1e-06 18.399103 -3.798986 -4.940582 3e-06 1e-06 -1e-06 8.496759 2.31829 1.599176 -0.052956 -0.095528 58.006783 1.469725 20.069841 5.569696 2.025643 -2.096143 -2.944288 -0.0 1e-06 2e-06 12.691825 -1.858756 6.338374 -0.037877 -0.223687 3.013608 -4.381242 -11.870805 0.010998 -1.400935 0.945198 0.671344 -0.0 0.0 -1e-06 
0.0 0.0 0.0 0.0 -0.0 0.0 5.123982 98.803917 213.047211 -6.360318 2.286427 -9.935828 2.844253 0.228516 1.938472 -0.094512 -0.739114 -4.596743 1.002622 -2.761046 12.211434 0.420051 2.976519 16.061958 -0.7467 0.061585 -3.728428 1.228625 -1.317746 -15.924638 7.7e-05 -2.3e-05 6e-06 0.004115 0.024777 0.056192 0.634168 -3.733724 -10.559885 -0.627396 3.793988 -10.565454 -11.167171 -6.544039 15.12849 -62.136444 -4.01851 17.842812 -0.631331 -31.783064 0.247847 7.825827 2.775096 -26.387196 -5.882106 9.861285 0.702592 -10.936871 -0.360574 7.156208 -0.0 8.774826 -0.0 -15.716962 17.672804 6.328204 -1.844032 2.498503 -2.507278 -10.1636 4.678947 4.62111 -20.976023 -2e-06 2e-06 -21.226286 2.451698 -3.594 1e-06 -6e-06 -0.0 -1.362682 2.240798 -0.746323 -21.334917 0.58491 3.008324 -13.821215 -3e-06 1e-06 -23.887171 -0.249078 -0.839483 -60.27515 2.679263 -0.901385 -0.294025 1.679688 0.833256 -14.218208 0.093217 1.300581 -34.212051 -0.287562 0.967171 -20.033211 0.964538 1.212842 1e-06 0.0 -1e-06 -3.440389 0.788233 0.501656 -15.928185 -3.167309 2.999708 -6.338827 -0.0 1e-06 -18.123447 3.648183 -4.905669 -4e-06 0.0 -3e-06 13.471793 9.725159 16.496325 63.89077 13.105577 14.615024 0.713259 18.043888 0.095026 -9.218051 2.259103 -19.459785 2.243539 -5.255033 -3.180156 14.282885 -0.826594 6.952503 -3e-06 -12.690597 0.0 16.108925 -17.504139 2.887694 1.665665 -1.955921 -2.878298 4.727797 -4.170586 4.993924 11.02052 4e-06 0.0 12.109046 -3.735713 -2.866783 -0.0 1e-06 -0.0 1.291985 -1.928548 -1.498089 14.800122 0.567468 3.865608 14.242566 -1.341736 -6.660655 19.631958 0.143925 -0.648243 49.401043 -0.481404 -6.00617 0.35303 -1.511151 -0.03194 20.222784 3.684309 2.316632 18.787266 5e-06 2e-06 10.751625 -0.479869 1.397906 -0.0 1e-06 0.0 3.273805 0.305948 -0.58011 21.486803 11.830367 2.266135 8.162923 1e-06 1e-06 18.399075 -3.798982 -4.94057 4e-06 1e-06 -0.0 6.168121 -0.072221 -2.066475 0.009808 0.077356 57.319077 0.381459 20.146481 1.722702 1.988446 -2.150709 -2.950482 0.0 0.0 2e-06 11.472975 -2.087029 8.591245 -0.000893 -0.184682 2.359328 -4.015153 -11.442284 -1.215846 -1.412967 0.891333 0.68462 0.0 0.0 -1e-06 
0.0 0.0 0.0 0.0 -0.0 0.0 5.169465 98.929123 215.460724 -5.150845 1.780898 -9.817255 2.474411 0.348356 2.214845 -0.169991 -0.162232 -4.423532 0.46936 -2.282789 11.972582 0.080715 3.168404 15.926152 -0.770777 -0.036384 -3.73239 1.391678 -1.488675 -15.841353 7.7e-05 -2.3e-05 6e-06 0.004613 0.013397 0.064645 0.635817 -3.746647 -10.56148 -0.629616 3.783782 -10.568633 -11.367504 -6.037251 14.975262 -62.215729 -3.838401 17.591743 -0.4089 -32.666969 0.171941 7.899556 2.689334 -27.099905 -5.882114 9.861296 0.702589 -10.936883 -0.360575 7.156208 -0.0 8.774835 -1e-06 -15.661298 17.659128 6.381504 -1.844035 2.498508 -2.50728 -10.163611 4.678949 4.621109 -20.976049 -4e-06 -3e-06 -21.226311 2.451697 -3.594007 1e-06 -6e-06 -0.0 -1.362684 2.240801 -0.746324 -21.334938 0.58491 3.00832 -13.821229 -4e-06 -2e-06 -23.887201 -0.249082 -0.839489 -60.300655 2.702257 -0.93442 -0.294025 1.679689 0.833256 -14.218225 0.093214 1.300577 -34.212086 -0.287569 0.967164 -20.033234 0.964533 1.212842 -0.0 -0.0 0.0 -3.440392 0.788235 0.501655 -15.928203 -3.167313 2.999705 -6.338833 -2e-06 -1e-06 -18.123466 3.648185 -4.90568 -3e-06 0.0 -3e-06 12.69469 10.616557 16.422136 64.177231 13.860272 15.12149 0.623138 18.298077 0.089951 -9.435621 2.148422 -19.455921 2.243545 -5.255042 -3.18016 14.282904 -0.826596 6.952504 -3e-06 -12.690616 2e-06 16.0483 -17.454632 2.932488 1.665668 -1.955922 -2.8783 4.727802 -4.170591 4.993926 11.020536 3e-06 -3e-06 12.109064 -3.735716 -2.866787 -0.0 0.0 -1e-06 1.291987 -1.928551 -1.49809 14.80014 0.567469 3.865606 14.242585 -1.341737 -6.660665 19.631987 0.143929 -0.648249 49.295692 -0.554127 -6.026602 0.35303 -1.511151 -0.03194 20.222807 3.684314 2.316627 18.787289 8e-06 -3e-06 10.751637 -0.479867 1.397906 1e-06 0.0 0.0 3.27381 0.305947 -0.580111 21.486832 11.830385 2.266129 8.162936 2e-06 -3e-06 18.399096 -3.798984 -4.940582 4e-06 0.0 -1e-06 4.398746 -1.884139 -5.5898 0.079964 0.208781 54.51466 -0.101565 20.08674 -0.732986 1.93256 -2.183844 -2.887426 0.0 -1e-06 3e-06 10.109494 -2.333557 10.339148 0.022019 -0.15365 2.072866 -3.619927 -10.814414 -2.535547 -1.426359 0.84739 0.661706 -0.0 0.0 -1e-06 
0.0 0.0 0.0 0.0 -0.0 0.0 5.202155 98.977158 217.775208 -4.070614 1.221315 -9.530771 2.169808 0.414475 2.40646 -0.222771 0.402666 -4.281241 -0.005264 -1.842201 11.836114 -0.384578 3.444275 15.639105 -0.777853 -0.122673 -3.765429 1.559959 -1.621592 -15.888378 7.7e-05 -2.2e-05 6e-06 0.005963 0.003176 0.065896 0.631078 -3.756327 -10.551075 -0.623696 3.771943 -10.565607 -11.778181 -5.538039 14.865106 -62.080326 -3.748276 17.31279 -0.125149 -33.559834 0.084334 8.181399 2.64841 -27.914154 -5.88211 9.861292 0.70259 -10.936878 -0.360575 7.156208 -0.0 8.774831 -1e-06 -15.638113 17.675365 6.389789 -1.844033 2.498506 -2.507279 -10.163605 4.678948 4.621109 -20.976034 -2e-06 1e-06 -21.226301 2.451698 -3.594004 0.0 -5e-06 -1e-06 -1.362683 2.240798 -0.746324 -21.334929 0.58491 3.008323 -13.821223 -2e-06 1e-06 -23.887188 -0.24908 -0.839484 -60.304142 2.702709 -0.965267 -0.294025 1.679688 0.833256 -14.218215 0.093216 1.30058 -34.21207 -0.287565 0.967168 -20.033226 0.964536 1.212843 1e-06 0.0 0.0 -3.44039 0.788235 0.501656 -15.928198 -3.167312 2.999708 -6.33883 -1e-06 1e-06 -18.123459 3.648185 -4.905675 -4e-06 1e-06 -2e-06 11.89971 11.441469 16.237881 64.440926 14.552754 16.062492 0.490707 19.054033 0.051723 -9.617923 2.348891 -19.353357 2.243541 -5.255037 -3.180157 14.282891 -0.826595 6.952504 -1e-06 -12.690605 -0.0 15.989024 -17.406475 2.95905 1.665666 -1.955921 -2.8783 4.727799 -4.170588 4.993925 11.020525 2e-06 -2e-06 12.109052 -3.735717 -2.866785 -0.0 1e-06 -1e-06 1.291985 -1.92855 -1.498089 14.800129 0.567468 3.865609 14.242571 -1.341737 -6.660657 19.631969 0.143925 -0.648245 49.254921 -0.579366 -6.019333 0.353029 -1.511149 -0.031941 20.222788 3.684308 2.316631 18.78727 2e-06 -1e-06 10.751627 -0.479872 1.397908 1e-06 0.0 0.0 3.273807 0.305947 -0.580111 21.486813 11.830376 2.266135 8.162928 2e-06 -0.0 18.39908 -3.798986 -4.940573 3e-06 1e-06 -1e-06 3.339761 -2.895204 -8.930966 0.152432 0.282987 50.0242 0.226009 19.842928 -1.67337 1.875821 -2.187485 -2.731341 0.0 1e-06 3e-06 8.875919 -2.493968 11.669472 0.006774 -0.113335 2.072936 -3.302159 -10.221762 -3.901248 -1.437111 0.838602 0.708073 -0.0 0.0 -1e-06 
0.0 0.0 0.0 0.0 -0.0 0.0 5.22182 98.950325 220.001816 -3.152911 0.680912 -9.162229 1.91611 0.443263 2.538261 -0.269914 0.888041 -4.185004 -0.394508 -1.456159 11.78128 -0.892174 3.730228 15.359194 -0.760949 -0.199375 -3.799198 1.689239 -1.724214 -16.056002 7.7e-05 -2.2e-05 6e-06 0.008988 0.011222 0.062458 0.622648 -3.747268 -10.537103 -0.610633 3.777821 -10.565047 -12.246296 -5.110274 14.791016 -61.899239 -3.74534 16.956314 0.109492 -34.193989 0.000492 8.593871 2.580863 -28.691938 -5.882111 9.861297 0.702591 -10.936878 -0.360573 7.15621 -2e-06 8.774835 -1e-06 -15.639051 17.709684 6.334425 -1.844033 2.498508 -2.507278 -10.163605 4.678951 4.621111 -20.976034 1e-06 1e-06 -21.226297 2.451703 -3.594005 0.0 -5e-06 -0.0 -1.362683 2.2408 -0.746323 -21.334929 0.584914 3.008324 -13.821223 0.0 1e-06 -23.887184 -0.249076 -0.839487 -60.271564 2.686811 -1.031549 -0.294025 1.679689 0.833256 -14.218217 0.093217 1.300581 -34.212067 -0.287561 0.967167 -20.033226 0.964539 1.212842 1e-06 0.0 0.0 -3.440391 0.788234 0.501656 -15.928196 -3.16731 2.999709 -6.338831 -0.0 1e-06 -18.123463 3.648189 -4.905676 -4e-06 1e-06 -2e-06 11.153794 12.149542 16.036404 64.637573 15.272812 17.184738 0.402357 20.053961 0.008951 -9.79249 2.657195 -19.172373 2.243543 -5.255041 -3.18016 14.282896 -0.826597 6.952507 -0.0 -12.69061 -0.0 15.929651 -17.375376 2.945013 1.665666 -1.955922 -2.8783 4.727801 -4.17059 4.993927 11.020529 2e-06 -1e-06 12.109056 -3.735717 -2.866786 -1e-06 0.0 -1e-06 1.291986 -1.92855 -1.49809 14.800132 0.567467 3.86561 14.242575 -1.341739 -6.660664 19.631973 0.143924 -0.648247 49.229034 -0.550018 -6.018151 0.35303 -1.511151 -0.03194 20.222799 3.684309 2.316633 18.787281 2e-06 -0.0 10.751633 -0.47987 1.397907 0.0 0.0 1e-06 3.273808 0.305947 -0.580111 21.486822 11.830377 2.266136 8.16293 1e-06 0.0 18.399092 -3.798988 -4.94058 5e-06 1e-06 -0.0 2.8217 -3.04198 -11.905505 0.206634 0.299853 44.35635 0.963219 19.224287 -1.081042 1.824982 -2.174381 -2.590792 0.0 -0.0 3e-06 7.851645 -2.488727 12.771439 -0.029481 -0.068321 2.216696 -3.066917 -9.795115 -5.246976 -1.444819 0.85282 0.827727 0.0 0.0 -1e-06 
0.0 0.0 0.0 0.0 -0.0 0.0 5.243058 98.852547 222.202805 -2.387333 0.192417 -8.742888 1.704564 0.432295 2.6257 -0.331042 1.245544 -4.131189 -0.6859 -1.077298 11.753098 -1.390676 3.956747 15.16239 -0.720515 -0.198941 -3.805957 1.792327 -1.787463 -16.268581 7.7e-05 -2.3e-05 6e-06 0.013336 0.034606 0.064684 0.615436 -3.724549 -10.524633 -0.596033 3.801381 -10.563516 -12.655554 -4.76484 14.715382 -61.782368 -3.772455 16.553507 0.260704 -34.459194 -0.069065 9.009369 2.491402 -29.240057 -5.88211 9.861291 0.70259 -10.936877 -0.360574 7.156207 0.0 8.774829 -0.0 -15.645885 17.737772 6.250768 -1.844034 2.498506 -2.507279 -10.163606 4.678946 4.62111 -20.976034 -3e-06 1e-06 -21.226299 2.451699 -3.594003 0.0 -6e-06 -0.0 -1.362683 2.240797 -0.746324 -21.334925 0.58491 3.008323 -13.821221 -3e-06 1e-06 -23.887184 -0.249079 -0.839484 -60.237125 2.675424 -1.12201 -0.294025 1.679687 0.833256 -14.218215 0.093216 1.30058 -34.212067 -0.287566 0.967167 -20.033222 0.964535 1.212842 2e-06 0.0 0.0 -3.44039 0.788234 0.501655 -15.928192 -3.16731 2.999707 -6.338829 -1e-06 -0.0 -18.123457 3.648183 -4.905674 -4e-06 1e-06 -2e-06 10.416297 12.784307 15.829181 64.869728 16.031137 18.331244 0.370852 21.043226 -0.018518 -9.901769 2.929337 -18.795284 2.243542 -5.255037 -3.180158 14.282889 -0.826594 6.952502 -3e-06 -12.690607 1e-06 15.878425 -17.372269 2.923635 1.665667 -1.955922 -2.878299 4.727798 -4.170588 4.993923 11.020526 3e-06 -3e-06 12.109054 -3.735716 -2.866787 -0.0 -0.0 -0.0 1.291986 -1.928549 -1.49809 14.800127 0.567467 3.865606 14.242573 -1.341735 -6.660662 19.631969 0.143929 -0.648248 49.20002 -0.510497 -6.012989 0.353029 -1.51115 -0.031941 20.222788 3.68431 2.316625 18.787271 6e-06 -4e-06 10.751629 -0.479868 1.397905 -1e-06 1e-06 0.0 3.273806 0.305949 -0.580112 21.486813 11.830376 2.26613 8.162928 2e-06 -1e-06 18.39908 -3.798983 -4.940577 3e-06 0.0 -2e-06 2.600518 -2.277545 -14.443686 0.235932 0.306903 37.682442 1.439379 17.804047 0.603136 1.770189 -2.155802 -2.492752 -0.0 -1e-06 1e-06 6.963429 -2.438031 13.764247 -0.063288 -0.026991 2.442851 -2.836643 -9.457885 -6.58715 -1.450837 0.875447 0.956606 0.0 0.0 -1e-06 
0.0 0.0 0.0 0.0 -0.0 0.0 5.286052 98.686424 224.469971 -1.753289 -0.242846 -8.294959 1.54358 0.386708 2.671277 -0.405572 1.453928 -4.110774 -0.905464 -0.667459 11.731441 -1.855976 4.129958 15.034818 -0.684453 -0.142164 -3.796329 1.897931 -1.805989 -16.430029 7.7e-05 -2.2e-05 6e-06 0.017976 0.056055 0.074078 0.613045 -3.706214 -10.523787 -0.585565 3.826035 -10.56171 -12.980048 -4.485156 14.661122 -61.719433 -3.814547 16.164871 0.330971 -34.400757 -0.112678 9.345981 2.453119 -29.631397 -5.882108 9.861284 0.70259 -10.936874 -0.360575 7.156207 1e-06 8.774822 -1e-06 -15.633632 17.745636 6.182996 -1.844033 2.498503 -2.507278 -10.163601 4.678945 4.621109 -20.976027 -2e-06 2e-06 -21.22629 2.451697 -3.593999 0.0 -6e-06 -0.0 -1.362682 2.240798 -0.746323 -21.334919 0.58491 3.008323 -13.821217 -0.0 2e-06 -23.887177 -0.249079 -0.839483 -60.195961 2.653895 -1.189046 -0.294025 1.679687 0.833256 -14.218211 0.093216 1.300581 -34.212059 -0.287563 0.96717 -20.033218 0.964536 1.212843 1e-06 -0.0 0.0 -3.440389 0.788233 0.501656 -15.928189 -3.167308 2.999707 -6.338829 -0.0 1e-06 -18.123453 3.648181 -4.905671 -4e-06 1e-06 -2e-06 9.685333 13.350666 15.622396 65.212349 16.761379 19.435432 0.363985 21.930155 -0.02979 -9.930586 3.148168 -18.388556 2.243542 -5.255036 -3.180158 14.282891 -0.826595 6.952503 -3e-06 -12.690601 2e-06 15.850523 -17.383762 2.913481 1.665667 -1.955923 -2.878299 4.727799 -4.170586 4.993923 11.020528 2e-06 -2e-06 12.109053 -3.735714 -2.866786 -0.0 -1e-06 -0.0 1.291986 -1.928548 -1.49809 14.800129 0.567469 3.865606 14.242574 -1.341735 -6.66066 19.631969 0.143928 -0.648246 49.176914 -0.487308 -5.988791 0.353029 -1.511149 -0.03194 20.22279 3.684309 2.316627 18.78727 6e-06 -2e-06 10.751628 -0.479867 1.397905 0.0 0.0 1e-06 3.273808 0.305945 -0.58011 21.486813 11.830373 2.266129 8.162926 0.0 -1e-06 18.39908 -3.79898 -4.940577 3e-06 1e-06 -3e-06 2.354521 -0.568668 -16.3906 0.252369 0.359414 30.06431 1.143033 15.711655 2.779323 1.715475 -2.135744 -2.384762 -0.0 -1e-06 2e-06 6.186658 -2.414107 14.77338 -0.083491 0.007908 2.599675 -2.616147 -9.13519 -7.857063 -1.455017 0.913728 1.014173 -0.0 0.0 -1e-06 
0.0 0.0 0.0 0.0 -0.0 0.0 5.352125 98.445549 226.828293 -1.25514 -0.668797 -7.826876 1.445538 0.349018 2.66756 -0.470677 1.552129 -4.128407 -1.079195 -0.289399 11.725449 -2.300654 4.310341 14.901342 -0.658805 -0.104729 -3.788342 2.016569 -1.782923 -16.486265 7.7e-05 -2.3e-05 6e-06 0.022124 0.068098 0.082781 0.617604 -3.696721 -10.535392 -0.583102 3.840851 -10.564252 -13.240742 -4.237877 14.631094 -61.649731 -3.864944 15.879479 0.319247 -34.059311 -0.132689 9.553085 2.487329 -29.82818 -5.88211 9.861294 0.702589 -10.936879 -0.360576 7.156206 1e-06 8.774832 -2e-06 -15.600337 17.751396 6.177168 -1.844035 2.498507 -2.507279 -10.163607 4.678947 4.621109 -20.97604 -6e-06 -1e-06 -21.226303 2.451697 -3.594005 1e-06 -6e-06 -1e-06 -1.362682 2.240799 -0.746324 -21.334929 0.584908 3.00832 -13.821224 -3e-06 -1e-06 -23.887188 -0.249082 -0.839486 -60.189548 2.631425 -1.184813 -0.294025 1.679689 0.833256 -14.218219 0.093214 1.300578 -34.212074 -0.287569 0.967165 -20.033226 0.964534 1.212842 1e-06 0.0 0.0 -3.440391 0.788234 0.501655 -15.928196 -3.167315 2.999706 -6.33883 -2e-06 -0.0 -18.123459 3.648183 -4.905677 -4e-06 1e-06 -2e-06 9.03232 13.839298 15.483739 65.597206 17.439285 20.48667 0.340549 22.754721 -0.044518 -9.883974 3.309835 -18.079391 2.243542 -5.255037 -3.180158 14.282896 -0.826594 6.952504 -3e-06 -12.69061 0.0 15.850115 -17.391426 2.92866 1.665668 -1.955923 -2.878299 4.7278 -4.170589 4.993926 11.020534 4e-06 -1e-06 12.109059 -3.735716 -2.866786 0.0 -0.0 1e-06 1.291986 -1.92855 -1.498091 14.800136 0.567469 3.865606 14.24258 -1.341733 -6.660662 19.631981 0.143929 -0.648247 49.218266 -0.489808 -5.922609 0.353031 -1.511152 -0.031941 20.222803 3.684313 2.316627 18.787287 7e-06 -2e-06 10.751634 -0.479867 1.397905 0.0 -0.0 -1e-06 3.273808 0.305947 -0.580112 21.486824 11.830383 2.266132 8.16293 3e-06 -2e-06 18.399092 -3.798983 -4.940578 4e-06 1e-06 -1e-06 1.869538 1.88895 -17.75971 0.22735 0.432251 21.86775 -0.247969 13.336188 4.878664 1.659879 -2.106334 -2.278423 0.0 -0.0 2e-06 5.509966 -2.368966 15.878365 -0.08918 0.031411 2.598258 -2.359833 -8.869838 -9.045542 -1.457024 0.951945 0.984937 -0.0 0.0 -1e-06 
0.0 0.0 0.0 0.0 -0.0 0.0 5.454656 98.141479 229.303879 -0.912327 -1.089804 -7.339879 1.409814 0.323244 2.600903 -0.503924 1.612925 -4.174623 -1.200822 -0.023495 11.722227 -2.759642 4.530339 14.742021 -0.630343 -0.084517 -3.780015 2.129188 -1.752562 -16.458347 7.7e-05 -2.2e-05 6e-06 0.023069 0.070999 0.089583 0.621081 -3.696019 -10.556255 -0.585961 3.846065 -10.575578 -13.500714 -3.987043 14.65843 -61.502678 -3.960093 15.829717 0.29894 -33.403214 -0.152585 9.595529 2.552054 -29.803814 -5.882108 9.861289 0.70259 -10.936873 -0.360575 7.156205 0.0 8.774829 -1e-06 -15.54397 17.74494 6.228934 -1.844033 2.498506 -2.507278 -10.163603 4.678947 4.621107 -20.976028 -3e-06 -1e-06 -21.226295 2.451697 -3.594004 1e-06 -6e-06 -0.0 -1.362682 2.240799 -0.746324 -21.334919 0.58491 3.00832 -13.821217 -3e-06 -0.0 -23.887178 -0.249082 -0.839485 -60.236935 2.608351 -1.152483 -0.294025 1.679688 0.833256 -14.218212 0.093214 1.300579 -34.212051 -0.287564 0.967166 -20.033215 0.964535 1.212842 1e-06 0.0 -0.0 -3.440389 0.788233 0.501655 -15.928189 -3.167312 2.999706 -6.338829 -1e-06 0.0 -18.123455 3.648182 -4.905674 -4e-06 1e-06 -2e-06 8.491547 14.279456 15.485664 65.939232 18.031639 21.397089 0.340789 23.559652 -0.075714 -9.731633 3.464725 -17.833729 2.243544 -5.255039 -3.180161 14.2829 -0.826598 6.952506 -3e-06 -12.690609 3e-06 15.87927 -17.397764 2.948906 1.665667 -1.95592 -2.8783 4.727802 -4.170589 4.993928 11.020535 2e-06 -2e-06 12.10906 -3.735717 -2.866785 0.0 -0.0 -0.0 1.291986 -1.92855 -1.49809 14.800138 0.567468 3.865609 14.242582 -1.341737 -6.660661 19.631979 0.143926 -0.648247 49.365425 -0.513505 -5.844016 0.35303 -1.511151 -0.03194 20.222803 3.684309 2.316632 18.787287 5e-06 -1e-06 10.751637 -0.479867 1.397908 -1e-06 0.0 -1e-06 3.273809 0.305948 -0.580111 21.486832 11.83038 2.266133 8.162933 1e-06 -1e-06 18.399097 -3.798985 -4.940578 3e-06 -1e-06 -1e-06 1.124905 4.607081 -18.69437 0.118673 0.443006 13.789537 -2.606645 11.294237 6.454325 1.603992 -2.082258 -2.238464 0.0 -0.0 2e-06 4.974927 -2.216677 17.14423 -0.079507 0.020813 2.33618 -2.074975 -8.67898 -10.017713 -1.45754 0.949835 0.86367 -0.0 1e-06 -1e-06 
0.0 0.0 0.0 0.0 -0.0 0.0 5.62531 97.765945 231.884766 -0.774099 -1.548393 -6.833641 1.465521 0.300843 2.480352 -0.494398 1.673965 -4.240456 -1.238566 0.113783 11.691877 -3.250259 4.779475 14.596148 -0.603672 -0.058941 -3.771353 2.226651 -1.727451 -16.361238 7.7e-05 -2.2e-05 6e-06 0.019482 0.068324 0.091327 0.611866 -3.699546 -10.575651 -0.585039 3.844279 -10.58676 -13.823189 -3.731236 14.757285 -61.275478 -4.068855 15.935365 0.258195 -32.457523 -0.14287 9.551197 2.547339 -29.751629 -5.882112 9.861294 0.702591 -10.93688 -0.360574 7.156213 0.0 8.774831 -1e-06 -15.498199 17.75106 6.288851 -1.844035 2.498507 -2.50728 -10.163609 4.678949 4.621113 -20.976044 -2e-06 1e-06 -21.226309 2.451699 -3.594004 1e-06 -6e-06 -1e-06 -1.362683 2.240798 -0.746324 -21.334934 0.584912 3.008325 -13.821227 -2e-06 1e-06 -23.887192 -0.249079 -0.839484 -60.315128 2.591472 -1.136063 -0.294025 1.679689 0.833257 -14.218223 0.093217 1.300581 -34.212078 -0.287563 0.96717 -20.033232 0.964538 1.212842 1e-06 1e-06 -1e-06 -3.440392 0.788235 0.501656 -15.928203 -3.167311 2.999709 -6.338833 -1e-06 1e-06 -18.123468 3.648184 -4.905676 -4e-06 0.0 -2e-06 8.004395 14.709733 15.5824 66.252251 18.476028 22.317633 0.388334 24.308527 -0.099155 -9.47734 3.674295 -17.583641 2.243542 -5.255038 -3.180157 14.282894 -0.826595 6.952504 -2e-06 -12.690607 -2e-06 15.926351 -17.420778 2.95025 1.665666 -1.955921 -2.878299 4.727799 -4.170587 4.993925 11.020528 3e-06 -2e-06 12.109055 -3.735717 -2.866785 0.0 -0.0 -0.0 1.291985 -1.928549 -1.49809 14.800132 0.56747 3.865608 14.242576 -1.341736 -6.660657 19.631971 0.143925 -0.648245 49.563938 -0.549116 -5.837854 0.353029 -1.511151 -0.031939 20.222792 3.684311 2.31663 18.787273 5e-06 -2e-06 10.75163 -0.479869 1.397905 -0.0 1e-06 -2e-06 3.273808 0.305947 -0.580111 21.486814 11.830377 2.266133 8.162928 2e-06 -1e-06 18.39908 -3.798987 -4.940579 2e-06 -1e-06 -1e-06 0.309409 7.11912 -19.389643 -0.023476 0.380664 6.849425 -5.289556 10.085142 7.370765 1.551763 -2.087358 -2.425747 0.0 -0.0 2e-06 4.664721 -1.876734 18.506977 -0.069389 -0.024809 1.916945 -1.779628 -8.544209 -10.780436 -1.457303 0.903527 0.676753 0.0 0.0 -1e-06 
0.0 0.0 0.0 0.0 -0.0 0.0 5.871145 97.37072 234.506943 -0.784229 -1.981916 -6.312905 1.59289 0.290217 2.32255 -0.460896 1.730316 -4.317847 -1.216353 0.176672 11.667001 -3.713324 5.013698 14.400976 -0.586496 -0.039089 -3.7701 2.304127 -1.718514 -16.182774 7.7e-05 -2.2e-05 6e-06 0.014624 0.062985 0.084763 0.600472 -3.702878 -10.583643 -0.584295 3.836719 -10.588616 -14.269404 -3.498435 14.839597 -60.91692 -4.132937 16.032625 0.139103 -31.410667 -0.091269 9.45787 2.494485 -29.873257 -5.88211 9.861292 0.702591 -10.936878 -0.360575 7.156209 0.0 8.774831 -2e-06 -15.509461 17.721613 6.284849 -1.844034 2.498506 -2.507279 -10.163605 4.678948 4.62111 -20.976036 -3e-06 1e-06 -21.226301 2.451699 -3.594003 1e-06 -6e-06 -0.0 -1.362683 2.2408 -0.746324 -21.33493 0.58491 3.008324 -13.821224 -2e-06 1e-06 -23.887188 -0.249078 -0.839485 -60.362194 2.5963 -1.120832 -0.294025 1.679688 0.833256 -14.218219 0.093216 1.300581 -34.21207 -0.287564 0.967169 -20.033226 0.964537 1.212844 0.0 1e-06 -0.0 -3.44039 0.788233 0.501656 -15.928198 -3.167311 2.999708 -6.33883 -1e-06 1e-06 -18.123457 3.648185 -4.905674 -4e-06 0.0 -2e-06 7.615859 15.079091 15.68866 66.424408 18.659975 23.407393 0.438406 25.055368 -0.079376 -9.178321 3.885891 -17.432486 2.243545 -5.255042 -3.18016 14.282902 -0.826595 6.952506 -3e-06 -12.690615 0.0 15.977295 -17.431713 2.89603 1.665668 -1.955924 -2.878302 4.727802 -4.170592 4.993927 11.020536 1e-06 -4e-06 12.109062 -3.735719 -2.866787 -1e-06 -1e-06 -1e-06 1.291987 -1.928551 -1.498093 14.800139 0.567467 3.865607 14.242585 -1.341737 -6.660665 19.631985 0.143926 -0.648249 49.669884 -0.540421 -5.922515 0.353029 -1.511152 -0.03194 20.222805 3.684312 2.316629 18.787289 5e-06 -5e-06 10.751637 -0.479867 1.397907 1e-06 2e-06 -2e-06 3.27381 0.305946 -0.580112 21.486832 11.830384 2.266131 8.162935 1e-06 -3e-06 18.399099 -3.798985 -4.940582 3e-06 -1e-06 -2e-06 -0.498237 9.190367 -20.301615 -0.106568 0.335391 2.741831 -7.213876 9.870247 7.517537 1.529724 -2.079109 -2.727353 0.0 1e-06 2e-06 4.540205 -1.386252 19.690899 -0.088016 -0.06773 1.818495 -1.49253 -8.559544 -11.325816 -1.454123 0.86537 0.434153 0.0 0.0 -1e-06 
0.0 0.0 0.0 0.0 -0.0 0.0 6.203165 97.003059 237.225372 -0.779572 -2.361156 -5.823642 1.678722 0.284736 2.128228 -0.415924 1.870408 -4.437271 -1.208317 0.124645 11.71489 -4.046211 5.223125 14.158388 -0.585655 -0.094196 -3.706738 2.310135 -1.694195 -15.969421 7.7e-05 -2.2e-05 6e-06 0.017076 0.142466 0.086161 0.609535 -3.624952 -10.58879 -0.588783 3.915661 -10.592302 -14.849634 -3.336096 14.802255 -60.406044 -4.039611 16.181807 -0.015333 -30.358118 -0.026325 9.288332 2.576908 -30.100063 -5.88211 9.861286 0.70259 -10.936877 -0.360574 7.156209 0.0 8.774826 -1e-06 -15.622163 17.561974 6.165053 -1.844033 2.498507 -2.507279 -10.163606 4.678946 4.62111 -20.976034 -2e-06 2e-06 -21.226295 2.451698 -3.594001 1e-06 -6e-06 -0.0 -1.362682 2.240798 -0.746324 -21.334925 0.584911 3.008324 -13.82122 -2e-06 2e-06 -23.88718 -0.249078 -0.839482 -60.429928 2.554514 -1.097096 -0.294026 1.679688 0.833256 -14.218216 0.093216 1.300581 -34.212074 -0.287563 0.96717 -20.033226 0.964537 1.212844 0.0 1e-06 -0.0 -3.44039 0.788235 0.501656 -15.928194 -3.167309 2.999708 -6.338829 -1e-06 1e-06 -18.123457 3.648185 -4.905673 -2e-06 0.0 -2e-06 7.353662 15.382455 15.751306 66.458794 18.552139 24.704792 0.460104 25.675787 0.001475 -8.943061 4.042026 -17.52124 2.243543 -5.255039 -3.18016 14.282896 -0.826595 6.952509 -2e-06 -12.690607 1e-06 15.973321 -17.459497 2.827798 1.665666 -1.955921 -2.878301 4.727801 -4.170588 4.993928 11.020529 3e-06 -2e-06 12.109056 -3.735717 -2.866785 -0.0 -0.0 1e-06 1.291986 -1.928549 -1.498091 14.800134 0.567467 3.865611 14.242578 -1.341736 -6.660659 19.631975 0.143925 -0.648244 49.710293 -0.612837 -6.04209 0.35303 -1.511151 -0.031939 20.222801 3.684311 2.316633 18.787283 4e-06 2e-06 10.751633 -0.479871 1.39791 1e-06 2e-06 -1e-06 3.273807 0.305948 -0.58011 21.486822 11.830379 2.266137 8.16293 1e-06 -1e-06 18.399092 -3.798988 -4.940574 4e-06 -1e-06 -1e-06 -1.318605 10.670726 -21.224007 -0.130792 0.284675 1.468062 -7.894509 10.183156 7.173983 1.525104 -2.070158 -2.821891 0.0 0.0 3e-06 4.300574 -0.988686 20.898455 -0.099288 -0.146732 1.828209 -1.192129 -8.575609 -11.438949 -1.467966 0.813177 0.073778 0.0 0.0 -1e-06 
0.0 0.0 0.0 0.0 -0.0 0.0 6.646857 96.715561 240.065948 -0.643159 -2.585778 -5.3671 1.606254 0.35287 1.748742 -0.394556 1.928848 -4.570581 -1.18513 -0.0127 11.814266 -4.288558 5.382512 13.975245 -0.593249 -0.133303 -3.71768 2.298392 -1.608361 -15.487823 7.7e-05 -2.2e-05 6e-06 0.018809 0.150173 0.079878 0.619508 -3.615254 -10.585523 -0.595037 3.919881 -10.586737 -15.568541 -3.133945 14.699963 -59.796352 -3.720157 16.412498 -0.099691 -29.426382 0.004396 9.120307 2.702998 -30.42067 -5.882112 9.861293 0.702591 -10.93688 -0.360574 7.156209 -0.0 8.774831 -1e-06 -15.626721 17.510199 6.190004 -1.844034 2.498507 -2.507279 -10.163607 4.678949 4.621111 -20.976038 -2e-06 0.0 -21.226301 2.451699 -3.594005 1e-06 -6e-06 -0.0 -1.362682 2.2408 -0.746323 -21.334932 0.584912 3.008323 -13.821227 -3e-06 1e-06 -23.887188 -0.249079 -0.839485 -60.446491 2.580537 -1.091845 -0.294025 1.679689 0.833257 -14.218221 0.093215 1.30058 -34.212074 -0.287563 0.967168 -20.033232 0.964537 1.212842 0.0 0.0 -0.0 -3.440391 0.788234 0.501656 -15.928201 -3.16731 2.999708 -6.338831 -0.0 0.0 -18.123463 3.648185 -4.905676 -3e-06 0.0 -2e-06 7.51524 15.436578 15.844658 66.143349 18.16954 26.293516 0.376061 26.013399 0.008881 -8.641383 4.174039 -17.803551 2.243541 -5.255036 -3.180157 14.282892 -0.826595 6.952503 -1e-06 -12.690605 -0.0 15.946554 -17.455111 2.79891 1.665665 -1.95592 -2.8783 4.727798 -4.170587 4.993925 11.020526 1e-06 -0.0 12.109052 -3.735717 -2.866782 0.0 -0.0 -0.0 1.291985 -1.928549 -1.498087 14.800129 0.567467 3.865609 14.242571 -1.341737 -6.660658 19.631968 0.143924 -0.648245 49.643166 -0.581029 -6.125854 0.353029 -1.511151 -0.031941 20.222788 3.684305 2.316631 18.78727 3e-06 -2e-06 10.751627 -0.479871 1.397904 2e-06 2e-06 0.0 3.273807 0.305947 -0.58011 21.486809 11.830376 2.266134 8.162927 0.0 -2e-06 18.399086 -3.798986 -4.940576 4e-06 0.0 -1e-06 -1.947611 11.235879 -21.215137 -0.101336 0.307841 1.519174 -7.545238 10.475162 7.263856 1.582741 -2.023319 -2.847444 -0.0 1e-06 2e-06 3.895117 -0.704553 22.014896 -0.116514 -0.140136 2.106472 -0.832074 -8.693714 -11.002672 -1.469279 0.842023 -0.429699 0.0 0.0 -1e-06 
0.0 0.0 0.0 0.0 -0.0 0.0 7.203423 96.567383 243.109818 -0.11445 -2.643731 -4.92152 1.194874 0.422954 1.166269 -0.39721 1.951984 -4.801752 -1.203857 -0.171048 11.954163 -4.434766 5.431284 13.938203 -0.583789 -0.063239 -3.727065 2.254011 -1.502822 -14.715848 7.7e-05 -2.2e-05 6e-06 0.023828 0.130034 0.077951 0.622961 -3.641039 -10.590976 -0.587356 3.904502 -10.590831 -16.629807 -2.967493 14.628161 -58.949013 -3.113399 16.727821 -0.147333 -28.635445 0.054773 8.973087 2.864251 -30.817059 -5.882107 9.861285 0.702589 -10.936873 -0.360575 7.156206 1e-06 8.774824 -1e-06 -15.517147 17.558704 6.327886 -1.844033 2.498503 -2.507279 -10.163602 4.678944 4.621109 -20.97603 -4e-06 -0.0 -21.226292 2.451694 -3.594002 1e-06 -6e-06 -0.0 -1.362682 2.240798 -0.746324 -21.334917 0.58491 3.008322 -13.821217 -3e-06 1e-06 -23.887175 -0.249081 -0.839484 -60.449333 2.58614 -1.061086 -0.294025 1.679687 0.833256 -14.218212 0.093215 1.30058 -34.212055 -0.287565 0.967168 -20.033216 0.964536 1.212843 1e-06 0.0 -0.0 -3.440389 0.788234 0.501655 -15.928189 -3.16731 2.999707 -6.338828 -1e-06 1e-06 -18.123451 3.648181 -4.905673 -3e-06 0.0 -1e-06 8.173891 15.213094 15.844103 65.559601 17.407999 27.994392 0.196355 25.780283 -0.056002 -8.239114 4.347214 -18.23031 2.24354 -5.255035 -3.180157 14.28289 -0.826593 6.952502 -4e-06 -12.690601 1e-06 15.955869 -17.491745 2.815931 1.665665 -1.955922 -2.878299 4.727798 -4.170586 4.993923 11.020524 4e-06 -0.0 12.109051 -3.735713 -2.866781 0.0 -0.0 -0.0 1.291985 -1.928549 -1.49809 14.800131 0.56747 3.865608 14.242568 -1.341733 -6.660657 19.631962 0.143926 -0.648242 49.690678 -0.614587 -6.168137 0.353029 -1.511151 -0.03194 20.222794 3.684312 2.316633 18.787273 8e-06 -0.0 10.751629 -0.479867 1.397909 1e-06 2e-06 0.0 3.273806 0.305947 -0.58011 21.486816 11.830372 2.266134 8.162928 0.0 1e-06 18.399088 -3.798982 -4.940572 5e-06 1e-06 -1e-06 -2.809328 11.074588 -20.268221 -0.067293 0.295285 1.931715 -6.376423 10.429632 8.470216 1.645521 -2.021049 -2.837118 0.0 1e-06 3e-06 2.914705 -0.643439 22.925079 -0.108202 -0.123073 3.075617 -0.308159 -8.755643 -9.843308 -1.473835 0.867379 -1.3094 0.0 0.0 -1e-06 
0.0 0.0 0.0 0.0 -0.0 0.0 7.887874 96.659622 246.370316 1.352898 -2.475559 -4.488097 0.168095 0.490225 0.369298 -0.49346 1.949222 -5.17393 -1.502297 -0.257112 12.247005 -4.425825 5.358652 13.946646 -0.614342 0.006739 -3.741438 2.273492 -1.576826 -13.647938 7.7e-05 -2.2e-05 6e-06 0.032458 0.100326 0.053368 0.619538 -3.680478 -10.627933 -0.565616 3.884902 -10.638328 -18.160656 -2.886384 14.549566 -57.695263 -2.248906 17.0867 -0.102491 -27.912313 0.080062 8.732692 2.875026 -31.11241 -5.882108 9.861287 0.702589 -10.936875 -0.360575 7.156205 1e-06 8.774825 -1e-06 -15.433476 17.67617 6.459762 -1.844033 2.498506 -2.507278 -10.163603 4.678946 4.621108 -20.97603 -3e-06 1e-06 -21.226292 2.451697 -3.594002 0.0 -6e-06 -0.0 -1.362682 2.240798 -0.746324 -21.334917 0.584909 3.008322 -13.821216 -3e-06 1e-06 -23.887178 -0.249079 -0.839485 -60.507484 2.643105 -1.027124 -0.294024 1.679688 0.833256 -14.218213 0.093216 1.30058 -34.212063 -0.287565 0.967168 -20.033222 0.964535 1.212843 0.0 0.0 -1e-06 -3.440389 0.788233 0.501655 -15.928189 -3.16731 2.999707 -6.338827 -1e-06 0.0 -18.123451 3.648183 -4.905674 -3e-06 0.0 -2e-06 9.509585 14.6837 15.837894 64.665451 16.357767 28.954365 0.075475 24.903721 -0.099486 -7.914147 4.447735 -18.503824 2.243542 -5.255038 -3.180159 14.282899 -0.826594 6.952507 -3e-06 -12.69061 1e-06 15.956914 -17.506477 2.811469 1.665668 -1.955923 -2.878302 4.727801 -4.170591 4.993927 11.020532 5e-06 -0.0 12.109058 -3.735716 -2.866785 -0.0 -0.0 -0.0 1.291986 -1.92855 -1.498091 14.800138 0.56747 3.86561 14.242579 -1.341735 -6.660661 19.631981 0.143926 -0.648245 49.796963 -0.646663 -6.148023 0.353029 -1.51115 -0.03194 20.222803 3.684312 2.316632 18.787285 7e-06 -2e-06 10.751634 -0.479869 1.397907 1e-06 2e-06 -1e-06 3.273809 0.305947 -0.580111 21.486828 11.830381 2.266134 8.162931 0.0 -0.0 18.399096 -3.798987 -4.940578 5e-06 0.0 0.0 -4.625773 10.234631 -18.729582 -0.027673 0.260663 1.646607 -4.383871 10.322533 11.962535 1.700134 -2.014817 -2.591566 0.0 0.0 1e-06 0.64608 -0.884548 23.037781 -0.126857 -0.084504 5.934907 0.721436 -8.519383 -7.895307 -1.475316 0.876055 -2.786735 0.0 0.0 -1e-06 
0.0 0.0 0.0 0.0 -0.0 0.0 8.624235 96.8834 249.840286 3.607568 -2.143339 -4.265082 -1.156965 0.506076 -0.375821 -0.724547 1.944671 -5.503809 -2.295427 -0.146528 12.43226 -4.039406 5.322866 14.05437 -0.697988 -0.122141 -3.752649 2.29573 -1.713661 -12.726377 7.7e-05 -2.2e-05 6e-06 0.031579 0.082452 0.028473 0.611672 -3.680479 -10.61524 -0.558703 3.848625 -10.614331 -19.114775 -2.788028 14.663136 -56.921921 -1.559214 17.308386 -0.199307 -27.152266 0.187131 8.497169 2.617671 -31.443882 -5.882113 9.861294 0.70259 -10.936881 -0.360573 7.156212 -0.0 8.774833 -1e-06 -15.527481 17.781384 6.458459 -1.844035 2.498507 -2.50728 -10.16361 4.67895 4.621112 -20.976046 -2e-06 0.0 -21.226311 2.451699 -3.594005 0.0 -6e-06 -0.0 -1.362683 2.240801 -0.746324 -21.334934 0.584912 3.008324 -13.821228 -2e-06 1e-06 -23.887194 -0.249078 -0.839486 -60.784565 2.636361 -0.914629 -0.294025 1.679689 0.833257 -14.218224 0.093216 1.300581 -34.21209 -0.287562 0.967167 -20.033232 0.964538 1.212842 -0.0 -0.0 -0.0 -3.440392 0.788235 0.501656 -15.928203 -3.16731 2.999709 -6.338833 -1e-06 0.0 -18.123466 3.648188 -4.905678 -2e-06 1e-06 -2e-06 10.808868 13.971228 15.81788 64.429489 15.113055 28.750931 0.039521 23.468712 -0.044137 -8.045103 4.037773 -18.811428 2.243542 -5.255038 -3.180157 14.282896 -0.826595 6.952504 -2e-06 -12.690609 3e-06 15.996256 -17.207212 2.649579 1.665667 -1.955923 -2.878299 4.727801 -4.17059 4.993926 11.020531 4e-06 -2e-06 12.109057 -3.735717 -2.866785 0.0 0.0 -1e-06 1.291986 -1.92855 -1.498089 14.800136 0.567468 3.865609 14.24258 -1.341737 -6.660658 19.631975 0.143927 -0.648246 49.577759 -0.528617 -6.007197 0.353029 -1.511151 -0.031938 20.222801 3.684312 2.31663 18.787283 6e-06 -0.0 10.751634 -0.479868 1.397906 3e-06 2e-06 -1e-06 3.273808 0.305947 -0.580111 21.486824 11.830381 2.26613 8.16293 2e-06 -1e-06 18.399092 -3.798986 -4.940579 4e-06 0.0 0.0 -7.115792 8.868109 -16.730949 -0.019083 0.1428 1.012188 -2.696759 10.992557 15.633625 1.693403 -1.942603 -2.166713 0.0 0.0 2e-06 -2.626027 -1.222598 22.305273 -0.134818 -0.009604 11.032012 1.700519 -8.326041 -5.852583 -1.463419 0.778127 -6.033972 0.0 0.0 -1e-06 
0.0 0.0 0.0 0.0 -0.0 0.0 9.394261 97.24678 253.333862 5.739014 -1.56357 -4.629872 -2.182498 0.502928 -0.641888 -0.984166 1.98821 -5.686755 -3.197997 -0.056839 12.468741 -3.659926 5.113309 14.435901 -0.872822 -0.421899 -3.74906 2.299543 -1.925324 -12.435421 7.7e-05 -2.2e-05 6e-06 0.03954 0.054491 0.021582 0.618359 -3.707183 -10.597567 -0.549276 3.818057 -10.608351 -18.937386 -2.864513 14.891253 -57.275715 -0.999143 17.610916 -0.241812 -26.844114 0.265312 8.019909 2.343198 -31.634644 -5.88211 9.861292 0.70259 -10.936875 -0.360574 7.156205 -1e-06 8.77483 -2e-06 -15.53591 17.698391 6.342652 -1.844033 2.498506 -2.507278 -10.163603 4.678948 4.621108 -20.97603 -2e-06 -1e-06 -21.226297 2.451699 -3.594005 1e-06 -6e-06 -0.0 -1.362682 2.2408 -0.746324 -21.334921 0.584911 3.008321 -13.82122 -1e-06 -0.0 -23.887182 -0.249078 -0.839488 -60.759205 2.565991 -0.974576 -0.294025 1.679688 0.833256 -14.218214 0.093216 1.300579 -34.212063 -0.287562 0.967165 -20.03322 0.964536 1.21284 -0.0 -0.0 0.0 -3.44039 0.788235 0.501656 -15.928191 -3.16731 2.999706 -6.338829 -1e-06 0.0 -18.123457 3.648185 -4.905676 -3e-06 1e-06 -2e-06 10.914556 13.287553 15.856599 65.634468 13.956922 27.460611 0.059601 21.831694 0.004981 -8.307803 3.371892 -19.002129 2.243544 -5.255038 -3.180159 14.2829 -0.826596 6.952506 -2e-06 -12.690609 0.0 16.098454 -17.306149 2.591938 1.665667 -1.955922 -2.8783 4.727801 -4.170589 4.993925 11.020535 3e-06 -1e-06 12.109059 -3.735717 -2.866786 -1e-06 -0.0 0.0 1.291986 -1.92855 -1.498089 14.800136 0.567467 3.865607 14.242582 -1.341734 -6.660662 19.631981 0.143926 -0.648245 49.694881 -0.525574 -6.101513 0.353029 -1.51115 -0.031939 20.222803 3.684309 2.31663 18.787287 4e-06 -0.0 10.751634 -0.479871 1.397908 1e-06 1e-06 -2e-06 3.273808 0.305948 -0.58011 21.486828 11.830378 2.266132 8.162933 2e-06 -2e-06 18.399096 -3.798985 -4.940577 3e-06 -0.0 -1e-06 -9.621183 8.275218 -14.214192 -0.004855 0.178885 1.067919 -1.389765 10.37937 16.439753 1.698894 -1.953224 -1.520344 -0.0 0.0 2e-06 -5.789746 -1.747327 21.351269 -0.187546 0.164218 17.616062 2.292974 -8.180163 -2.688045 -1.47405 0.78131 -10.265138 0.0 0.0 -1e-06 
0.0 0.0 0.0 0.0 -0.0 0.0 10.150582 97.496368 256.814728 7.392008 -0.994032 -5.439677 -2.88022 0.522444 -0.579339 -1.170411 1.970486 -5.657151 -3.874875 -0.072512 12.391951 -3.551733 5.205567 14.862302 -0.94163 -0.74865 -3.764133 2.186723 -2.25492 -12.22143 7.7e-05 -2.2e-05 6e-06 0.052097 0.056236 0.032562 0.622037 -3.706299 -10.583942 -0.529696 3.817544 -10.60228 -18.207272 -2.888906 15.093527 -58.211208 -0.562562 17.854229 -0.196148 -27.008509 0.259284 7.46982 2.197074 -31.505116 -5.882109 9.86129 0.70259 -10.936876 -0.360575 7.156207 1e-06 8.77483 -2e-06 -15.670592 17.686703 6.212671 -1.844033 2.498506 -2.507278 -10.163604 4.678946 4.621109 -20.976032 -3e-06 2e-06 -21.226295 2.451698 -3.594002 1e-06 -6e-06 -0.0 -1.362682 2.240799 -0.746324 -21.334921 0.58491 3.008324 -13.82122 -3e-06 2e-06 -23.887182 -0.249078 -0.839483 -60.932693 2.608798 -1.171716 -0.294024 1.679688 0.833256 -14.218214 0.093216 1.30058 -34.212067 -0.287564 0.96717 -20.033222 0.964537 1.212843 -0.0 -0.0 0.0 -3.44039 0.788234 0.501655 -15.928192 -3.16731 2.999707 -6.338829 -0.0 1e-06 -18.123457 3.648185 -4.905674 -3e-06 1e-06 -2e-06 10.462669 12.957838 16.187922 67.021645 12.893977 26.47381 -0.131025 20.859249 -0.045284 -8.092341 2.84895 -19.513908 2.243543 -5.255039 -3.180158 14.282896 -0.826596 6.952503 -2e-06 -12.690609 -0.0 16.280539 -17.466394 2.617362 1.665667 -1.955923 -2.878299 4.7278 -4.170591 4.993925 11.020531 3e-06 -2e-06 12.109056 -3.735718 -2.866786 0.0 -0.0 -0.0 1.291986 -1.928551 -1.49809 14.800132 0.567468 3.865606 14.242577 -1.341737 -6.66066 19.631973 0.143925 -0.648247 49.956337 -0.468548 -6.164764 0.353029 -1.511151 -0.03194 20.222799 3.68431 2.31663 18.787279 4e-06 -2e-06 10.751632 -0.479868 1.397905 1e-06 1e-06 -1e-06 3.273808 0.305946 -0.580112 21.48682 11.83038 2.266131 8.16293 1e-06 -2e-06 18.39909 -3.798986 -4.940579 3e-06 1e-06 -0.0 -11.610765 8.411441 -11.144928 -0.092781 0.244685 1.198748 0.772721 8.850131 15.801361 1.678097 -1.957819 -0.35618 -0.0 -0.0 2e-06 -8.564528 -2.147886 19.836086 -0.122369 0.316744 25.735748 2.727241 -7.984616 1.946239 -1.510919 0.768102 -13.658031 -0.0 0.0 -2e-06 
0.0 0.0 0.0 0.0 -0.0 0.0 10.913727 97.685989 260.158539 8.66019 -0.653428 -6.51175 -3.400038 0.525856 -0.345887 -1.307955 1.963012 -5.528792 -4.258802 -0.07081 12.38855 -3.707085 5.349154 15.164048 -0.930423 -1.001867 -3.723754 2.052853 -2.360126 -12.040646 7.7e-05 -2.3e-05 6e-06 0.055772 0.049635 0.035979 0.629934 -3.710773 -10.5586 -0.530933 3.807323 -10.580767 -18.070707 -2.778502 15.352077 -58.308914 -0.293029 18.163673 -0.198507 -27.542194 0.287905 7.118303 1.980007 -31.592281 -5.882104 9.861284 0.702591 -10.93687 -0.360575 7.156205 1e-06 8.774826 -1e-06 -15.802141 17.716816 6.120004 -1.844032 2.498504 -2.507277 -10.163597 4.678944 4.621108 -20.976017 -4e-06 2e-06 -21.226278 2.451697 -3.593999 1e-06 -6e-06 -0.0 -1.362681 2.240798 -0.746323 -21.334906 0.584909 3.008323 -13.821208 -3e-06 2e-06 -23.887159 -0.249078 -0.839482 -60.95575 2.594724 -1.343063 -0.294024 1.679687 0.833256 -14.218205 0.093215 1.300581 -34.212036 -0.287564 0.967171 -20.033209 0.964537 1.212844 1e-06 0.0 -1e-06 -3.440387 0.788234 0.501656 -15.928183 -3.16731 2.999707 -6.338824 -1e-06 1e-06 -18.123444 3.648183 -4.90567 -2e-06 1e-06 -2e-06 10.483016 12.563567 16.502779 67.260773 11.826209 26.157522 -0.127759 20.686434 0.001429 -7.466548 2.582828 -19.569475 2.243543 -5.255038 -3.180158 14.282896 -0.826598 6.952507 -1e-06 -12.690608 1e-06 16.352118 -17.526981 2.627337 1.665666 -1.955922 -2.878299 4.727801 -4.17059 4.993927 11.020529 1e-06 0.0 12.109055 -3.735718 -2.866785 -1e-06 -0.0 -0.0 1.291986 -1.92855 -1.498091 14.800132 0.567466 3.865609 14.242577 -1.341738 -6.660661 19.631973 0.143924 -0.648246 49.99498 -0.411111 -6.209314 0.353029 -1.511151 -0.031939 20.222797 3.684307 2.316631 18.787279 3e-06 -0.0 10.751631 -0.47987 1.397904 -0.0 -1e-06 0.0 3.273808 0.305948 -0.580111 21.486818 11.830374 2.266132 8.16293 1e-06 0.0 18.39909 -3.798988 -4.940578 4e-06 -0.0 -0.0 -13.191713 8.536831 -7.844533 -0.09142 0.249122 1.338815 2.248951 8.072287 13.042285 1.667722 -1.994599 -0.001605 0.0 0.0 2e-06 -10.924024 -2.284128 17.95192 -0.07608 0.514551 34.282013 3.262143 -7.864149 7.180983 -1.503353 0.744345 -13.894877 0.0 -0.0 -4e-06 
0.0 0.0 0.0 0.0 -0.0 0.0 11.630354 97.745689 263.284027 9.678224 -0.518721 -7.571687 -3.831115 0.545726 -0.012018 -1.401562 1.974496 -5.363473 -4.519872 -0.109009 12.48875 -3.970071 5.580271 15.315118 -0.82881 -1.189145 -3.700467 1.868778 -2.286793 -12.11161 7.7e-05 -2.2e-05 6e-06 0.057331 0.050628 0.045353 0.641023 -3.709944 -10.541605 -0.539819 3.809247 -10.571779 -18.344906 -2.712651 15.410886 -57.751232 -0.152163 18.482384 -0.269867 -28.128689 0.278495 7.096244 1.824279 -31.752504 -5.882107 9.86129 0.702591 -10.936873 -0.360576 7.156208 1e-06 8.77483 -1e-06 -15.858727 17.708101 6.095256 -1.844033 2.498505 -2.507278 -10.163601 4.678946 4.62111 -20.976027 -4e-06 2e-06 -21.22629 2.451697 -3.594001 1e-06 -6e-06 -0.0 -1.362682 2.240799 -0.746323 -21.334921 0.584908 3.008324 -13.821217 -3e-06 3e-06 -23.887178 -0.24908 -0.839482 -60.890385 2.619531 -1.382179 -0.294024 1.679688 0.833256 -14.21821 0.093214 1.300581 -34.212063 -0.287564 0.967172 -20.033215 0.964537 1.212844 -0.0 0.0 -0.0 -3.440389 0.788234 0.501656 -15.928189 -3.167312 2.999708 -6.338828 -1e-06 1e-06 -18.123447 3.648185 -4.905672 -2e-06 0.0 -2e-06 10.896477 12.166886 16.840763 66.766327 11.147861 26.07144 -0.032243 20.818628 0.04361 -6.841054 2.530703 -19.063723 2.243544 -5.255039 -3.180158 14.282898 -0.826597 6.952503 -0.0 -12.69061 -1e-06 16.424379 -17.543289 2.602445 1.665667 -1.955921 -2.878299 4.727801 -4.17059 4.993923 11.020531 2e-06 -1e-06 12.109058 -3.735718 -2.866786 -1e-06 -0.0 1e-06 1.291987 -1.928551 -1.498089 14.800136 0.567465 3.865607 14.24258 -1.341739 -6.660663 19.631981 0.143925 -0.648249 49.935978 -0.339782 -6.151476 0.353029 -1.511151 -0.031939 20.222801 3.684307 2.316629 18.787283 4e-06 -3e-06 10.751633 -0.479868 1.397904 -1e-06 -0.0 0.0 3.273808 0.305945 -0.580112 21.486824 11.830378 2.266132 8.16293 1e-06 -2e-06 18.399094 -3.798986 -4.94058 4e-06 -0.0 -0.0 -14.488532 8.835486 -4.717034 -0.044475 0.287799 1.487937 3.365777 7.740275 10.301456 1.654912 -2.065891 0.043735 0.0 -0.0 2e-06 -12.904654 -2.171302 15.552504 0.004583 0.597279 42.482277 3.602816 -8.368026 12.202668 -1.402086 0.755251 -8.830317 0.0 -0.0 -1e-06 
0.0 0.0 0.0 0.0 -0.0 0.0 12.220575 97.74929 266.13736 10.433938 -0.427042 -8.367887 -4.218178 0.543924 0.355716 -1.487533 1.936762 -5.19151 -4.657748 -0.208424 12.593225 -4.073399 5.706704 15.421775 -0.793668 -1.279039 -3.685458 1.732486 -2.174214 -12.711298 7.7e-05 -2.2e-05 6e-06 0.056311 0.068009 0.060916 0.653296 -3.691959 -10.531315 -0.554747 3.827985 -10.564466 -18.420954 -2.826945 15.356309 -57.166424 -0.514198 18.839741 -0.357454 -28.365068 0.254363 7.447096 1.8309 -32.074673 -5.882107 9.86129 0.702589 -10.936873 -0.360577 7.156206 0.0 8.774826 -2e-06 -15.838326 17.749695 6.147761 -1.844033 2.498506 -2.507278 -10.163601 4.678946 4.621108 -20.976027 -5e-06 0.0 -21.226288 2.451695 -3.594002 -0.0 -6e-06 -1e-06 -1.362682 2.240798 -0.746324 -21.334917 0.584907 3.008322 -13.821214 -4e-06 1e-06 -23.887175 -0.249081 -0.839484 -60.850735 2.640602 -1.295997 -0.294024 1.679687 0.833256 -14.21821 0.093214 1.30058 -34.212048 -0.287566 0.96717 -20.033213 0.964536 1.212843 1e-06 -0.0 -1e-06 -3.440389 0.788234 0.501655 -15.928189 -3.167311 2.999707 -6.338828 -2e-06 1e-06 -18.123453 3.648183 -4.905673 -3e-06 0.0 -2e-06 11.139009 11.836434 17.002794 66.448357 10.965564 25.771608 0.068677 20.754763 0.067835 -6.843106 2.525888 -18.406258 2.243543 -5.255038 -3.180159 14.282898 -0.826596 6.952505 -1e-06 -12.690607 0.0 16.472355 -17.544641 2.550128 1.665667 -1.955923 -2.878301 4.727801 -4.170588 4.993926 11.020531 3e-06 -2e-06 12.109058 -3.735717 -2.866784 -1e-06 -0.0 -1e-06 1.291986 -1.92855 -1.49809 14.800136 0.567468 3.865606 14.24258 -1.341737 -6.660661 19.631975 0.143926 -0.648247 49.854832 -0.288653 -6.065047 0.35303 -1.511151 -0.031939 20.222801 3.68431 2.316629 18.787283 4e-06 -1e-06 10.751633 -0.479868 1.397905 -1e-06 -1e-06 0.0 3.273809 0.305946 -0.58011 21.486824 11.830378 2.266134 8.16293 1e-06 -0.0 18.399092 -3.798988 -4.940576 4e-06 -0.0 1e-06 -15.473857 9.226263 -2.126044 0.024314 0.31897 1.738563 4.129431 7.53616 7.859701 1.637654 -2.113967 0.074704 -0.0 -0.0 2e-06 -14.27696 -1.950975 12.512468 0.052053 0.560024 49.734291 3.386554 -9.028654 14.367102 -1.361847 0.83351 -4.144126 -0.0 0.0 -1e-06 
0.0 0.0 0.0 0.0 -0.0 0.0 12.669293 97.824005 268.782928 10.647682 -0.178788 -8.870934 -4.421093 0.522331 0.727527 -1.562499 1.775123 -5.027071 -4.617077 -0.483572 12.655583 -3.914561 5.718918 15.679127 -0.87581 -1.288663 -3.676355 1.654558 -2.161768 -13.630937 7.7e-05 -2.3e-05 6e-06 0.053607 0.087995 0.070137 0.661581 -3.673265 -10.543221 -0.568443 3.850764 -10.573821 -18.05192 -3.132875 15.369478 -56.888958 -1.537813 19.037851 -0.417927 -28.117989 0.201048 8.019883 1.949366 -31.978329 -5.882109 9.861286 0.702591 -10.936874 -0.360573 7.156206 -0.0 8.774826 0.0 -15.80048 17.827154 6.242349 -1.844033 2.498505 -2.507278 -10.163602 4.678946 4.62111 -20.97603 -2e-06 1e-06 -21.226295 2.451698 -3.594002 -0.0 -6e-06 -0.0 -1.362682 2.240799 -0.746324 -21.334917 0.584911 3.008322 -13.821218 -2e-06 1e-06 -23.887178 -0.249078 -0.839485 -60.848545 2.64906 -1.184789 -0.294024 1.679687 0.833256 -14.218212 0.093215 1.300581 -34.212059 -0.287563 0.967168 -20.033218 0.964537 1.212841 1e-06 -0.0 -0.0 -3.44039 0.788234 0.501656 -15.928191 -3.167309 2.999707 -6.338829 -0.0 1e-06 -18.123453 3.648185 -4.905674 -2e-06 0.0 -2e-06 11.048826 11.532253 17.058306 66.631752 11.282556 25.017715 0.110133 20.382534 0.048466 -7.465763 2.475302 -18.202539 2.243541 -5.255036 -3.180157 14.282887 -0.826594 6.952505 -2e-06 -12.690601 0.0 16.504202 -17.554459 2.496648 1.665666 -1.955922 -2.878299 4.727798 -4.170587 4.993924 11.020522 2e-06 1e-06 12.109049 -3.735716 -2.866783 -1e-06 -1e-06 -0.0 1.291985 -1.928548 -1.498089 14.800125 0.567468 3.865608 14.242568 -1.341737 -6.660655 19.631962 0.143924 -0.648245 49.874538 -0.245547 -6.010413 0.353029 -1.511151 -0.031942 20.222786 3.684307 2.316634 18.78727 2e-06 2e-06 10.751627 -0.479869 1.397906 -0.0 -1e-06 0.0 3.273806 0.305947 -0.580111 21.486811 11.830373 2.266135 8.16293 1e-06 1e-06 18.399078 -3.798988 -4.940574 4e-06 0.0 -2e-06 -15.833255 9.449166 0.01562 0.069496 0.286143 2.009692 4.586174 7.391966 5.882644 1.628324 -2.114817 0.120271 0.0 -0.0 2e-06 -14.628969 -1.708476 8.88927 0.066259 0.4692 55.813255 3.453819 -9.242455 12.219712 -1.423653 0.900997 -2.672354 -0.0 -0.0 -1e-06 
0.0 0.0 0.0 0.0 -0.0 0.0 12.998734 98.035118 271.225281 10.161366 0.282377 -9.208867 -4.35225 0.471656 1.146473 -1.581012 1.461847 -4.836792 -4.335146 -0.975015 12.585651 -3.612434 5.68168 16.148706 -0.94312 -1.258591 -3.667144 1.530779 -2.11675 -14.272366 7.7e-05 -2.2e-05 6e-06 0.047941 0.101093 0.077042 0.661891 -3.662792 -10.54785 -0.57944 3.867267 -10.582434 -17.282331 -3.620622 15.416637 -57.019844 -2.93481 18.93541 -0.46925 -27.573067 0.150791 8.615133 2.059004 -31.867306 -5.882108 9.861292 0.70259 -10.936875 -0.360575 7.156206 -1e-06 8.774831 -2e-06 -15.799069 17.84474 6.310087 -1.844033 2.498507 -2.507277 -10.163602 4.678947 4.621109 -20.976028 -2e-06 1e-06 -21.226292 2.451699 -3.594002 1e-06 -6e-06 -1e-06 -1.362682 2.2408 -0.746323 -21.334917 0.58491 3.008323 -13.821218 -1e-06 2e-06 -23.887175 -0.249078 -0.839483 -60.849262 2.634741 -1.07499 -0.294026 1.679689 0.833256 -14.218213 0.093216 1.300581 -34.212059 -0.287562 0.96717 -20.033222 0.964537 1.212844 0.0 -0.0 -0.0 -3.440389 0.788235 0.501656 -15.928189 -3.167312 2.999708 -6.338828 -1e-06 0.0 -18.123447 3.648188 -4.905673 -2e-06 1e-06 -2e-06 10.878312 11.184929 17.123331 67.003326 11.826503 23.541813 0.156842 19.974361 0.039575 -8.195596 2.515308 -18.556953 2.243545 -5.255043 -3.180158 14.282904 -0.826597 6.952505 0.0 -12.690617 -1e-06 16.531065 -17.563812 2.482044 1.665668 -1.955923 -2.878302 4.727803 -4.170592 4.993927 11.020536 1e-06 -3e-06 12.109062 -3.73572 -2.866788 -1e-06 -0.0 1e-06 1.291987 -1.928551 -1.498091 14.800139 0.567466 3.865608 14.242584 -1.341739 -6.660665 19.631985 0.143926 -0.648247 49.907471 -0.21172 -5.997087 0.353029 -1.511152 -0.03194 20.222805 3.684311 2.316629 18.787289 3e-06 -3e-06 10.751636 -0.479869 1.397905 0.0 1e-06 -1e-06 3.273809 0.305948 -0.580112 21.486828 11.830384 2.266135 8.162932 2e-06 -2e-06 18.399097 -3.79899 -4.940583 4e-06 0.0 -2e-06 -15.342266 9.512233 1.99208 0.057586 0.204583 2.145873 4.680954 7.195108 4.359359 1.629867 -2.078708 0.190514 -0.0 -0.0 2e-06 -13.84974 -1.551039 4.91821 0.076079 0.345637 60.299881 3.391016 -9.758099 9.094494 -1.47506 0.933057 -2.224275 -0.0 -0.0 -1e-06 
0.0 0.0 0.0 0.0 -0.0 0.0 13.229169 98.299011 273.546661 9.250263 0.956782 -9.491634 -4.221874 0.376054 1.632758 -1.554759 1.00548 -4.616117 -3.854769 -1.559174 12.404594 -3.15299 5.474761 16.640776 -0.944629 -1.20729 -3.6601 1.37238 -2.016055 -14.602307 7.7e-05 -2.2e-05 6e-06 0.04102 0.108782 0.081066 0.658953 -3.65622 -10.547214 -0.589192 3.876257 -10.584575 -16.227047 -4.321827 15.510373 -57.304981 -4.4022 18.916943 -0.437971 -27.269827 0.105504 8.979542 2.249013 -31.829334 -5.88211 9.861294 0.702591 -10.936879 -0.360576 7.15621 1e-06 8.774835 -1e-06 -15.806704 17.832378 6.330219 -1.844034 2.498507 -2.50728 -10.163607 4.678948 4.621111 -20.97604 -6e-06 1e-06 -21.226301 2.451697 -3.594004 1e-06 -6e-06 -1e-06 -1.362682 2.2408 -0.746324 -21.334929 0.584909 3.008324 -13.821225 -3e-06 0.0 -23.887188 -0.249081 -0.839485 -60.819092 2.662831 -1.05246 -0.294025 1.679689 0.833256 -14.218219 0.093215 1.30058 -34.21207 -0.287568 0.96717 -20.03323 0.964534 1.212844 0.0 0.0 -0.0 -3.440391 0.788233 0.501656 -15.928201 -3.167313 2.999708 -6.338832 -1e-06 0.0 -18.123463 3.648185 -4.905675 -3e-06 1e-06 -2e-06 10.894273 10.738619 17.044149 67.23407 12.199382 21.6751 0.205929 19.810598 0.058058 -8.615937 2.808449 -19.083197 2.243541 -5.255034 -3.180157 14.282887 -0.826593 6.952502 -3e-06 -12.6906 -0.0 16.521164 -17.539854 2.491692 1.665666 -1.955922 -2.878298 4.727797 -4.170588 4.993923 11.020522 3e-06 -2e-06 12.109048 -3.735714 -2.866783 0.0 -0.0 -1e-06 1.291985 -1.928548 -1.498087 14.800122 0.567467 3.865606 14.242566 -1.341736 -6.660656 19.63196 0.143927 -0.648244 49.845139 -0.211461 -6.019505 0.353029 -1.51115 -0.031941 20.222784 3.684309 2.31663 18.78727 6e-06 0.0 10.751627 -0.479867 1.397907 0.0 0.0 -1e-06 3.273806 0.305947 -0.580111 21.486803 11.83037 2.266131 8.162924 2e-06 -0.0 18.399076 -3.798982 -4.940571 4e-06 0.0 -1e-06 -14.316061 9.418258 3.904935 0.022964 0.114472 2.251145 4.511066 6.965063 3.002578 1.633587 -2.02886 0.323546 0.0 -0.0 2e-06 -12.558555 -1.737563 0.87083 0.08593 0.188757 63.033371 3.231205 -10.483607 6.022998 -1.474857 0.922763 -2.040754 0.0 0.0 -1e-06 
0.0 0.0 0.0 0.0 -0.0 0.0 13.387069 98.543175 275.770172 8.177708 1.777771 -9.73245 -4.124013 0.245394 2.138313 -1.512806 0.494542 -4.387497 -3.297076 -2.142554 12.258164 -2.522438 5.08165 16.962648 -0.903398 -1.124747 -3.653721 1.184349 -1.899043 -14.830213 7.7e-05 -2.2e-05 6e-06 0.036146 0.108953 0.0863 0.659365 -3.656129 -10.550924 -0.597885 3.876292 -10.58724 -15.137366 -5.136371 15.678367 -57.340115 -5.865667 19.039549 -0.377685 -27.646555 0.063706 9.001613 2.433808 -31.618063 -5.882114 9.8613 0.702592 -10.936884 -0.360575 7.156213 -0.0 8.774837 -0.0 -15.819608 17.832363 6.331954 -1.844035 2.498507 -2.50728 -10.163612 4.678951 4.621113 -20.976048 -2e-06 1e-06 -21.226311 2.451701 -3.594006 1e-06 -6e-06 -0.0 -1.362683 2.240802 -0.746324 -21.33494 0.584912 3.008325 -13.82123 -2e-06 1e-06 -23.887201 -0.249078 -0.839486 -60.760311 2.699034 -1.035177 -0.294025 1.67969 0.833257 -14.218225 0.093217 1.300581 -34.212086 -0.287562 0.96717 -20.033237 0.964539 1.212844 0.0 0.0 -1e-06 -3.440392 0.788233 0.501656 -15.928206 -3.167312 2.999709 -6.338833 -2e-06 1e-06 -18.123466 3.648188 -4.905678 -4e-06 -0.0 -1e-06 11.270203 10.209114 16.842316 67.130554 12.317525 19.560812 0.24064 20.006632 0.077451 -8.819576 3.330929 -19.564339 2.243544 -5.255042 -3.180159 14.282902 -0.826596 6.952505 -2e-06 -12.690618 1e-06 16.501022 -17.527769 2.526615 1.665668 -1.955923 -2.878301 4.727802 -4.170592 4.993927 11.020535 2e-06 -3e-06 12.109059 -3.735719 -2.866789 0.0 -0.0 0.0 1.291986 -1.92855 -1.49809 14.800139 0.567469 3.865608 14.242584 -1.341738 -6.660665 19.631983 0.143926 -0.648247 49.787174 -0.24282 -6.024065 0.353029 -1.511152 -0.03194 20.222805 3.684314 2.316628 18.787289 6e-06 -3e-06 10.751637 -0.479867 1.397904 2e-06 0.0 0.0 3.273809 0.305947 -0.580112 21.48683 11.830387 2.266133 8.162934 1e-06 -3e-06 18.399099 -3.798988 -4.940583 3e-06 0.0 -1e-06 -13.055681 9.233979 5.729816 -0.011435 0.057185 2.345804 4.21338 6.616335 1.683597 1.640011 -1.969138 0.46091 -0.0 -0.0 2e-06 -11.179671 -2.269203 -3.113405 0.069693 0.012509 63.740055 3.102598 -11.084082 3.211587 -1.447775 0.887258 -2.049414 0.0 -0.0 -1e-06 
0.0 0.0 0.0 0.0 -0.0 0.0 13.510968 98.715958 277.943695 7.180512 2.61314 -9.893961 -4.085948 0.0954 2.618318 -1.480645 0.038539 -4.183717 -2.754367 -2.651253 12.192224 -1.807105 4.584386 17.056067 -0.863915 -1.013229 -3.655102 0.989791 -1.771328 -15.14145 7.7e-05 -2.3e-05 6e-06 0.033579 0.084993 0.09334 0.662373 -3.679342 -10.554369 -0.604672 3.851908 -10.588016 -14.085305 -5.959395 15.795954 -57.102272 -7.222053 19.156378 -0.360095 -28.776411 0.058951 8.821149 2.553349 -31.266472 -5.882109 9.861293 0.702591 -10.936876 -0.360574 7.156207 0.0 8.774833 -1e-06 -15.849404 17.851286 6.317636 -1.844034 2.498506 -2.507278 -10.163604 4.678948 4.621109 -20.976034 -3e-06 0.0 -21.226297 2.451698 -3.594005 -0.0 -6e-06 -0.0 -1.362682 2.240801 -0.746324 -21.334921 0.58491 3.008322 -13.82122 -3e-06 -1e-06 -23.887178 -0.249082 -0.839486 -60.726284 2.712511 -1.008427 -0.294024 1.679688 0.833257 -14.218214 0.093215 1.30058 -34.212055 -0.287566 0.967168 -20.033222 0.964535 1.212842 0.0 -0.0 0.0 -3.44039 0.788234 0.501656 -15.928191 -3.167311 2.999707 -6.338829 -0.0 0.0 -18.123453 3.648187 -4.905675 -4e-06 1e-06 -2e-06 11.827665 9.665341 16.564791 66.857323 12.279361 17.402458 0.233972 20.405201 0.078858 -9.073823 3.92645 -20.016926 2.243543 -5.255042 -3.180159 14.282898 -0.826597 6.952505 -1e-06 -12.690612 -0.0 16.47275 -17.551159 2.586916 1.665668 -1.955922 -2.878299 4.727801 -4.17059 4.993924 11.020532 2e-06 -2e-06 12.109058 -3.73572 -2.866787 1e-06 1e-06 0.0 1.291987 -1.928551 -1.49809 14.800136 0.567468 3.865608 14.24258 -1.341738 -6.660661 19.631975 0.143926 -0.648247 49.766994 -0.297357 -6.003632 0.35303 -1.511152 -0.03194 20.222803 3.684311 2.31663 18.787287 5e-06 -2e-06 10.751636 -0.479869 1.397906 2e-06 1e-06 0.0 3.273808 0.305946 -0.580112 21.486824 11.830383 2.266133 8.16293 1e-06 -2e-06 18.399092 -3.798988 -4.94058 4e-06 1e-06 -1e-06 -11.842104 9.037792 7.396681 -0.03454 0.036196 2.419654 3.924655 6.200671 0.364226 1.648116 -1.907662 0.613859 0.0 0.0 2e-06 -9.984976 -2.899221 -6.901286 0.013512 -0.149997 62.253529 3.103827 -11.428818 0.915019 -1.440191 0.866983 -2.134533 0.0 -1e-06 -2e-06 
0.0 0.0 0.0 0.0 -0.0 0.0 13.615383 98.818848 280.081116 6.34839 3.370289 -9.97759 -4.073538 -0.036251 3.052314 -1.461451 -0.338129 -4.0184 -2.290854 -3.067379 12.209667 -1.111391 4.055796 16.967348 -0.851372 -0.866569 -3.667374 0.834849 -1.650666 -15.565272 7.7e-05 -2.2e-05 6e-06 0.032495 0.053662 0.10054 0.662261 -3.707917 -10.551068 -0.605585 3.818987 -10.581168 -13.106358 -6.727901 15.836722 -56.706806 -8.512131 19.109575 -0.380504 -30.401108 0.093274 8.65151 2.66749 -30.797037 -5.88211 9.861292 0.70259 -10.936877 -0.360575 7.156209 1e-06 8.77483 -1e-06 -15.854428 17.870201 6.326617 -1.844034 2.498507 -2.507278 -10.163605 4.678947 4.621109 -20.976036 -4e-06 2e-06 -21.226295 2.451698 -3.594003 1e-06 -5e-06 1e-06 -1.362682 2.240799 -0.746323 -21.334925 0.58491 3.008324 -13.82122 -2e-06 0.0 -23.887184 -0.249079 -0.839484 -60.737354 2.725701 -0.971171 -0.294025 1.679688 0.833256 -14.218217 0.093213 1.30058 -34.212074 -0.287567 0.967169 -20.033226 0.964535 1.212845 1e-06 0.0 1e-06 -3.44039 0.788235 0.501656 -15.928194 -3.167312 2.999707 -6.338829 -0.0 1e-06 -18.123457 3.648185 -4.905674 -3e-06 0.0 -1e-06 12.375324 9.176452 16.323616 66.598274 12.252169 15.322688 0.209554 20.809036 0.064275 -9.482579 4.489846 -20.421724 2.243543 -5.255038 -3.180158 14.282898 -0.826595 6.952502 -2e-06 -12.690612 -0.0 16.443768 -17.624105 2.662875 1.665667 -1.955921 -2.878299 4.727801 -4.170588 4.993925 11.020531 4e-06 -1e-06 12.109058 -3.735717 -2.866784 1e-06 1e-06 -0.0 1.291987 -1.92855 -1.498089 14.800136 0.567468 3.865607 14.24258 -1.341738 -6.66066 19.631975 0.143926 -0.648247 49.761509 -0.372842 -5.977813 0.353029 -1.511152 -0.03194 20.222801 3.684311 2.316629 18.787283 6e-06 -2e-06 10.751633 -0.479868 1.397905 1e-06 1e-06 -0.0 3.273808 0.305948 -0.580111 21.486824 11.830381 2.266132 8.162931 3e-06 -2e-06 18.399092 -3.798986 -4.940579 3e-06 0.0 -2e-06 -10.787268 8.84419 8.932723 -0.053614 0.033564 2.476399 3.656223 5.851428 -0.916724 1.65434 -1.866035 0.787333 0.0 -0.0 2e-06 -9.061693 -3.448241 -10.359779 -0.068325 -0.252273 58.547379 3.138746 -11.562996 -0.535202 -1.4443 0.874075 -2.267356 0.0 -0.0 -4e-06 
0.0 0.0 0.0 0.0 -0.0 0.0 13.714192 98.847595 282.167603 5.740565 3.966323 -9.958123 -4.083365 -0.122841 3.394426 -1.440494 -0.635744 -3.892662 -1.961919 -3.372992 12.262979 -0.502328 3.573635 16.784449 -0.867903 -0.746181 -3.681243 0.751634 -1.525335 -16.035166 7.7e-05 -2.2e-05 6e-06 0.030565 0.032305 0.104048 0.654462 -3.725548 -10.540692 -0.600844 3.795458 -10.566434 -12.207839 -7.387063 15.77658 -56.339127 -9.676866 18.955791 -0.345835 -32.184639 0.115719 8.568308 2.812304 -30.42643 -5.882113 9.861293 0.702589 -10.93688 -0.360575 7.156209 -0.0 8.774831 -2e-06 -15.830888 17.877153 6.362567 -1.844035 2.498507 -2.507279 -10.163608 4.678948 4.621109 -20.97604 -2e-06 -1e-06 -21.226303 2.451698 -3.594007 0.0 -6e-06 -1e-06 -1.362683 2.2408 -0.746324 -21.33493 0.584911 3.008321 -13.821224 -1e-06 -1e-06 -23.887188 -0.249079 -0.839488 -60.773563 2.744946 -0.932271 -0.294025 1.679688 0.833257 -14.21822 0.093216 1.300578 -34.212074 -0.287566 0.967164 -20.03323 0.964535 1.21284 1e-06 1e-06 -0.0 -3.440392 0.788234 0.501655 -15.928201 -3.16731 2.999707 -6.338831 -1e-06 -1e-06 -18.123461 3.648185 -4.905678 -3e-06 -0.0 -2e-06 12.787297 8.81709 16.159029 66.486076 12.267364 13.517124 0.158315 21.1306 0.045652 -9.914587 4.916753 -20.753031 2.243542 -5.255038 -3.180158 14.282892 -0.826594 6.952503 -2e-06 -12.690607 0.0 16.404169 -17.709614 2.730141 1.665666 -1.955923 -2.878298 4.727799 -4.170588 4.993925 11.020528 4e-06 -1e-06 12.109053 -3.735716 -2.866785 -0.0 1e-06 0.0 1.291985 -1.928548 -1.49809 14.800129 0.567469 3.865607 14.242572 -1.341738 -6.660658 19.631969 0.143927 -0.648244 49.751965 -0.459392 -5.955081 0.353028 -1.511152 -0.03194 20.222794 3.68431 2.31663 18.787273 6e-06 0.0 10.751628 -0.479867 1.397905 1e-06 1e-06 0.0 3.273807 0.305948 -0.580111 21.486816 11.830379 2.266134 8.16293 0.0 -1e-06 18.399088 -3.798985 -4.940577 3e-06 0.0 -1e-06 -9.962953 8.653908 10.33228 -0.06893 0.032606 2.471334 3.376084 5.633215 -2.131852 1.657286 -1.862045 0.953164 0.0 0.0 2e-06 -8.445359 -3.862682 -13.300478 -0.122116 -0.250683 53.021839 2.969398 -11.781196 -0.955301 -1.447428 0.90515 -2.43437 -0.0 0.0 -1e-06 
0.0 0.0 0.0 0.0 -0.0 0.0 13.802335 98.773613 284.200562 5.369486 4.404338 -9.816349 -4.148168 -0.178833 3.625172 -1.416472 -0.902062 -3.793233 -1.77193 -3.546552 12.319366 0.050163 3.135553 16.51602 -0.899673 -0.681455 -3.680497 0.702148 -1.386525 -16.515337 7.7e-05 -2.2e-05 6e-06 0.025106 0.025511 0.107185 0.639685 -3.730977 -10.530677 -0.59646 3.788378 -10.551087 -11.37445 -7.959814 15.643795 -56.037079 -10.705141 18.692564 -0.265372 -34.000263 0.11514 8.582059 2.943207 -29.983315 -5.88211 9.861288 0.702589 -10.936875 -0.360574 7.156208 0.0 8.774828 -1e-06 -15.824244 17.897972 6.377 -1.844034 2.498505 -2.507278 -10.163604 4.678946 4.621109 -20.976038 -3e-06 1e-06 -21.226297 2.451696 -3.594001 -0.0 -6e-06 -0.0 -1.362682 2.240799 -0.746324 -21.334925 0.584909 3.008322 -13.82122 -3e-06 0.0 -23.887182 -0.249079 -0.839485 -60.770012 2.777758 -0.935725 -0.294025 1.679689 0.833256 -14.218215 0.093215 1.30058 -34.212067 -0.287564 0.967168 -20.033226 0.964537 1.212843 0.0 0.0 -2e-06 -3.44039 0.788234 0.501655 -15.928192 -3.167308 2.999707 -6.338829 0.0 -0.0 -18.123457 3.648184 -4.905674 -3e-06 0.0 -1e-06 13.088588 8.56033 16.059185 66.499466 12.282763 11.954946 0.116396 21.423813 0.028948 -10.249997 5.182158 -20.865265 2.243541 -5.255037 -3.180157 14.282889 -0.826593 6.952503 -3e-06 -12.690604 -0.0 16.363283 -17.748285 2.760827 1.665666 -1.955922 -2.878299 4.727798 -4.170587 4.993925 11.020527 5e-06 -1e-06 12.109053 -3.735716 -2.866784 -0.0 1e-06 -0.0 1.291986 -1.92855 -1.498089 14.800129 0.567469 3.865608 14.242571 -1.341737 -6.660656 19.631964 0.143926 -0.648245 49.736496 -0.517072 -5.928263 0.353029 -1.51115 -0.031939 20.222794 3.684311 2.316632 18.787271 7e-06 1e-06 10.751628 -0.479868 1.397906 1e-06 1e-06 1e-06 3.273807 0.305947 -0.580111 21.486813 11.830376 2.266134 8.162928 0.0 0.0 18.39908 -3.798985 -4.940573 3e-06 0.0 -1e-06 -9.445913 8.439722 11.571191 -0.081562 0.031681 2.436357 3.115298 5.578778 -3.394565 1.656947 -1.896262 1.090454 -0.0 -0.0 2e-06 -8.14019 -4.206834 -15.645244 -0.104052 -0.153737 45.927776 2.614237 -11.935184 -0.280146 -1.445899 0.959085 -2.606067 -0.0 -0.0 -1e-06 
0.0 0.0 0.0 0.0 -0.0 0.0 13.870878 98.606857 286.199249 5.190331 4.731963 -9.555635 -4.253594 -0.224238 3.740693 -1.38947 -1.123297 -3.720911 -1.699538 -3.619117 12.369614 0.521968 2.7392 16.192635 -0.925617 -0.658595 -3.668644 0.661156 -1.253854 -16.960079 7.7e-05 -2.2e-05 6e-06 0.016187 0.020707 0.112002 0.624188 -3.737215 -10.523224 -0.598454 3.785522 -10.541434 -10.678506 -8.455676 15.480774 -55.750561 -11.570613 18.425785 -0.08813 -35.763241 0.059781 8.631141 3.072913 -29.450235 -5.882107 9.861284 0.70259 -10.936873 -0.360576 7.156205 -0.0 8.774826 -0.0 -15.868318 17.933388 6.34247 -1.844033 2.498506 -2.507277 -10.1636 4.678945 4.621108 -20.976025 -3e-06 -1e-06 -21.226288 2.451694 -3.594003 -1e-06 -6e-06 1e-06 -1.362682 2.240797 -0.746323 -21.334913 0.584909 3.00832 -13.821213 -3e-06 0.0 -23.887173 -0.249081 -0.839486 -60.751221 2.803773 -0.987182 -0.294025 1.679687 0.833256 -14.21821 0.093217 1.300579 -34.212051 -0.287565 0.967166 -20.033215 0.964534 1.212843 0.0 -0.0 -1e-06 -3.440389 0.788234 0.501655 -15.928185 -3.16731 2.999705 -6.338827 1e-06 -0.0 -18.123447 3.648182 -4.905674 -4e-06 -0.0 -2e-06 13.286773 8.342889 15.953547 66.623711 12.252456 10.86435 0.103938 21.681448 0.017248 -10.465528 5.294886 -20.752365 2.243541 -5.255035 -3.180157 14.282887 -0.826594 6.952503 -3e-06 -12.690599 1e-06 16.324306 -17.723911 2.76902 1.665665 -1.955922 -2.878298 4.727797 -4.170587 4.993923 11.020522 3e-06 -0.0 12.109048 -3.735713 -2.866783 -0.0 -0.0 -0.0 1.291985 -1.92855 -1.498089 14.800123 0.567468 3.865608 14.242566 -1.341737 -6.660656 19.631958 0.143926 -0.648244 49.736771 -0.544048 -5.890235 0.353028 -1.51115 -0.03194 20.222786 3.684308 2.316631 18.78727 5e-06 2e-06 10.751625 -0.47987 1.397906 2e-06 1e-06 1e-06 3.273805 0.305947 -0.58011 21.486803 11.830369 2.266133 8.162926 -0.0 0.0 18.399076 -3.798985 -4.940572 3e-06 1e-06 -1e-06 -9.161244 8.18002 12.68723 -0.082857 0.043409 2.412266 2.863088 5.695868 -4.751132 1.656726 -1.94243 1.19907 -0.0 -0.0 2e-06 -8.074034 -4.490264 -17.304476 -0.037465 -0.060538 37.58403 2.14933 -11.785783 1.369848 -1.442391 1.029601 -2.653791 0.0 -0.0 -1e-06 
0.0 0.0 0.0 0.0 -0.0 0.0 13.921677 98.393394 288.20163 5.105138 5.012984 -9.236426 -4.357555 -0.225861 3.773175 -1.364086 -1.269161 -3.694162 -1.706959 -3.688647 12.447304 0.936488 2.40757 15.876565 -0.939377 -0.640796 -3.658309 0.623934 -1.199096 -17.337074 7.7e-05 -2.2e-05 6e-06 0.00622 0.02794 0.114046 0.614252 -3.733768 -10.528818 -0.608336 3.796944 -10.549336 -10.156994 -8.891689 15.322688 -55.473942 -12.279345 18.135319 0.138183 -37.354748 -0.024485 8.680363 3.181118 -28.914417 -5.882111 9.861292 0.702591 -10.936878 -0.360575 7.15621 0.0 8.77483 -0.0 -15.914857 17.979927 6.288177 -1.844034 2.498506 -2.50728 -10.163606 4.678948 4.621111 -20.976042 -4e-06 -1e-06 -21.226305 2.451697 -3.594005 -1e-06 -6e-06 1e-06 -1.362683 2.240798 -0.746325 -21.33493 0.584911 3.008324 -13.821225 -2e-06 0.0 -23.887188 -0.249082 -0.839486 -60.729317 2.833173 -1.07297 -0.294025 1.679689 0.833257 -14.218221 0.093217 1.30058 -34.212082 -0.287564 0.967166 -20.03323 0.964537 1.212842 0.0 1e-06 -0.0 -3.440391 0.788235 0.501656 -15.928198 -3.167309 2.999707 -6.338831 1e-06 -0.0 -18.123463 3.648183 -4.905674 -3e-06 1e-06 -3e-06 13.425862 8.118217 15.843044 66.821342 12.194015 10.317503 0.135524 21.845299 0.028276 -10.500966 5.272751 -20.389273 2.243541 -5.255037 -3.180158 14.282889 -0.826595 6.952505 -2e-06 -12.690605 1e-06 16.303854 -17.693829 2.763224 1.665666 -1.955921 -2.878299 4.727798 -4.170586 4.993925 11.020524 3e-06 -2e-06 12.10905 -3.735714 -2.866784 -0.0 1e-06 -1e-06 1.291985 -1.928549 -1.49809 14.800129 0.567467 3.86561 14.242571 -1.341736 -6.660658 19.631968 0.143926 -0.648245 49.792694 -0.543566 -5.862481 0.353029 -1.511149 -0.03194 20.222794 3.68431 2.316632 18.787273 6e-06 1e-06 10.751627 -0.479869 1.397907 1e-06 1e-06 1e-06 3.273807 0.305948 -0.580111 21.486813 11.830376 2.266134 8.162928 0.0 0.0 18.39908 -3.798986 -4.940576 3e-06 0.0 -1e-06 -8.953815 7.85301 13.720478 -0.059602 0.087541 2.450339 2.630997 5.951816 -6.101383 1.655691 -1.991022 1.253066 -0.0 -0.0 2e-06 -8.070775 -4.689175 -18.258457 0.032012 -0.042466 28.40836 1.955722 -11.049248 3.426983 -1.434919 1.103056 -2.635092 0.0 -0.0 -1e-06 
0.0 0.0 0.0 0.0 -0.0 0.0 13.945204 98.151772 290.316254 5.022104 5.295644 -8.886353 -4.422884 -0.165388 3.741 -1.349999 -1.376877 -3.720112 -1.728617 -3.787869 12.558875 1.342599 2.178971 15.615916 -0.947962 -0.684513 -3.657374 0.572355 -1.252761 -17.680698 7.7e-05 -2.3e-05 6e-06 -0.000238 0.054755 0.112138 0.610365 -3.711964 -10.546264 -0.61748 3.829212 -10.569693 -9.75168 -9.285805 15.158698 -55.303375 -12.85776 17.900724 0.342128 -38.632095 -0.10268 8.70811 3.324195 -28.425194 -5.88211 9.861295 0.702591 -10.936877 -0.360575 7.156207 -1e-06 8.774833 -1e-06 -15.93805 18.073988 6.256787 -1.844034 2.498509 -2.507278 -10.163605 4.67895 4.62111 -20.976034 -2e-06 1e-06 -21.226297 2.451699 -3.594005 1e-06 -6e-06 1e-06 -1.362682 2.240802 -0.746323 -21.334925 0.584912 3.008323 -13.821221 1e-06 1e-06 -23.887182 -0.249075 -0.839485 -60.675468 2.836334 -1.186609 -0.294025 1.679688 0.833256 -14.218215 0.093217 1.30058 -34.212067 -0.287562 0.967167 -20.033226 0.964537 1.21284 0.0 1e-06 -0.0 -3.44039 0.788231 0.501656 -15.928192 -3.167312 2.999708 -6.338829 0.0 -0.0 -18.123457 3.648188 -4.905676 -4e-06 1e-06 -1e-06 13.516495 7.879258 15.710914 67.059891 12.095228 10.207662 0.257076 21.847837 0.068272 -10.253504 5.170024 -19.654247 2.243544 -5.255041 -3.180159 14.282902 -0.826596 6.952506 -2e-06 -12.690616 0.0 16.300884 -17.697165 2.747395 1.665668 -1.955921 -2.8783 4.727802 -4.170592 4.993926 11.020536 4e-06 -2e-06 12.10906 -3.73572 -2.866786 -0.0 0.0 -1e-06 1.291987 -1.928552 -1.49809 14.800139 0.567469 3.865609 14.242582 -1.341737 -6.660662 19.631985 0.143928 -0.648246 49.894901 -0.530889 -5.868401 0.35303 -1.511152 -0.03194 20.222805 3.684312 2.31663 18.787289 6e-06 -2e-06 10.751635 -0.479869 1.397906 1e-06 1e-06 1e-06 3.273809 0.305947 -0.580111 21.486828 11.830384 2.266133 8.162935 -1e-06 -2e-06 18.399096 -3.798987 -4.940579 3e-06 -0.0 -1e-06 -8.738159 7.490006 14.774199 -0.025245 0.127526 2.514767 2.471852 6.249539 -7.38699 1.653441 -2.017899 1.248132 0.0 -0.0 2e-06 -7.928913 -4.897859 -18.646317 0.093817 -0.107408 19.238762 2.486466 -9.966274 4.906298 -1.412464 1.158778 -2.695011 0.0 0.0 -1e-06 
0.0 0.0 0.0 0.0 -0.0 0.0 13.922985 97.86982 292.637024 4.879942 5.564733 -8.473007 -4.433136 -0.079883 3.620596 -1.349126 -1.500489 -3.791748 -1.718497 -3.870899 12.66108 1.750165 1.991003 15.444142 -0.918739 -0.827963 -3.655905 0.470652 -1.316554 -18.043716 7.7e-05 -2.3e-05 6e-06 0.000641 0.078166 0.109934 0.612544 -3.693301 -10.575884 -0.617899 3.857982 -10.599896 -9.407467 -9.679182 14.979722 -55.274635 -13.285876 17.782858 0.428813 -39.535278 -0.144818 8.700007 3.58356 -27.77033 -5.882109 9.861289 0.70259 -10.936874 -0.360573 7.156209 -1e-06 8.774828 -0.0 -15.973761 18.169661 6.245699 -1.844033 2.498505 -2.507279 -10.163602 4.678948 4.621111 -20.97603 -3e-06 2e-06 -21.226292 2.451699 -3.594004 1e-06 -6e-06 0.0 -1.362682 2.240799 -0.746323 -21.334917 0.584911 3.008327 -13.821217 0.0 4e-06 -23.887177 -0.249077 -0.839484 -60.587452 2.785422 -1.303375 -0.294025 1.679687 0.833257 -14.218212 0.09322 1.300582 -34.212051 -0.287559 0.967169 -20.033218 0.964539 1.212841 0.0 1e-06 -1e-06 -3.440389 0.788235 0.501656 -15.928189 -3.167308 2.999709 -6.338828 -1e-06 2e-06 -18.123453 3.648187 -4.905674 -5e-06 1e-06 -1e-06 13.628248 7.623849 15.547869 67.263176 11.927913 10.589995 0.421505 21.611725 0.098637 -9.640315 4.965025 -18.352819 2.243541 -5.255038 -3.180159 14.282889 -0.826596 6.952506 -2e-06 -12.690609 1e-06 16.26516 -17.670172 2.73266 1.665666 -1.955922 -2.878299 4.727799 -4.170588 4.993926 11.020526 3e-06 -0.0 12.109051 -3.735716 -2.866783 -0.0 -0.0 -1e-06 1.291985 -1.92855 -1.498089 14.800129 0.567469 3.86561 14.242573 -1.341737 -6.660657 19.631969 0.143925 -0.648243 49.935474 -0.545381 -5.934428 0.353029 -1.511151 -0.03194 20.222792 3.684311 2.316633 18.787271 3e-06 1e-06 10.751627 -0.479869 1.397906 2e-06 1e-06 1e-06 3.273807 0.305948 -0.58011 21.486813 11.830377 2.266135 8.162929 1e-06 0.0 18.39908 -3.798987 -4.940575 3e-06 -0.0 -1e-06 -8.43255 7.037503 15.88797 -0.010726 0.138205 2.536719 2.338109 6.611845 -8.665807 1.656749 -2.009001 1.287541 -0.0 -0.0 2e-06 -7.474362 -5.286992 -18.815474 0.147945 -0.187996 10.876404 4.021413 -9.029605 5.264917 -1.377853 1.187815 -2.723211 0.0 0.0 -1e-06 
0.0 0.0 0.0 0.0 -0.0 0.0 13.856631 97.549011 295.123352 4.632808 5.874517 -8.05833 -4.396794 -0.030947 3.425341 -1.353041 -1.65207 -3.880135 -1.643832 -3.935108 12.719995 2.102031 1.763977 15.447227 -0.868221 -0.954651 -3.659192 0.352214 -1.36588 -18.390066 7.7e-05 -2.2e-05 6e-06 0.005451 0.083957 0.110273 0.612983 -3.688069 -10.597874 -0.60828 3.864696 -10.617065 -9.108706 -10.051952 14.882612 -55.379253 -13.607187 17.918755 0.43486 -40.022339 -0.184457 8.58464 3.956578 -26.880901 -5.88211 9.861293 0.702588 -10.93688 -0.360575 7.156207 -1e-06 8.774832 -1e-06 -16.008072 18.237103 6.236397 -1.844034 2.498506 -2.50728 -10.163606 4.678946 4.621108 -20.97604 -4e-06 -1e-06 -21.226307 2.451694 -3.594006 -1e-06 -6e-06 -0.0 -1.362682 2.240799 -0.746324 -21.334929 0.584909 3.008319 -13.821222 -2e-06 -1e-06 -23.887186 -0.249084 -0.83949 -60.559387 2.752465 -1.384065 -0.294025 1.679689 0.833256 -14.218219 0.093213 1.300578 -34.212074 -0.287568 0.967162 -20.033228 0.964532 1.212841 0.0 -0.0 -2e-06 -3.440391 0.788234 0.501654 -15.9282 -3.167312 2.999704 -6.338832 -2e-06 -1e-06 -18.123461 3.648183 -4.905682 -5e-06 1e-06 -1e-06 13.820159 7.351159 15.417023 67.390305 11.713507 11.35443 0.523221 21.157892 0.104272 -8.78827 4.60422 -16.61883 2.243544 -5.25504 -3.180159 14.282899 -0.826595 6.952502 -2e-06 -12.690615 -1e-06 16.206795 -17.593485 2.700088 1.665668 -1.955924 -2.8783 4.727801 -4.170592 4.993925 11.020534 3e-06 -3e-06 12.109058 -3.735717 -2.866786 1e-06 0.0 -1e-06 1.291987 -1.928551 -1.49809 14.800138 0.567469 3.865607 14.242582 -1.341737 -6.660663 19.631979 0.143928 -0.648248 49.858475 -0.565862 -6.041129 0.353029 -1.511151 -0.03194 20.222803 3.684313 2.316629 18.787285 5e-06 -4e-06 10.751631 -0.479867 1.397906 -0.0 -1e-06 -1e-06 3.273808 0.305948 -0.580111 21.486826 11.830384 2.266132 8.16293 3e-06 -2e-06 18.399092 -3.798987 -4.94058 4e-06 -0.0 -2e-06 -8.003732 6.425437 17.15962 -0.021678 0.123336 2.384009 2.113317 7.067248 -9.875886 1.665095 -1.980802 1.381772 -0.0 -0.0 2e-06 -6.686041 -5.905306 -18.897154 0.188453 -0.201852 4.529902 6.338979 -8.529242 4.918965 -1.343302 1.182806 -2.635043 -0.0 -0.0 -0.0 
0.0 0.0 0.0 0.0 -0.0 0.0 13.741437 97.193733 297.691986 4.35832 6.291028 -7.656626 -4.377795 -0.029778 3.185593 -1.365846 -1.835131 -3.975804 -1.539261 -4.000661 12.712473 2.423079 1.481634 15.595089 -0.85298 -1.002786 -3.663882 0.256243 -1.395128 -18.646763 7.7e-05 -2.3e-05 6e-06 0.007556 0.066085 0.113482 0.609293 -3.702302 -10.604178 -0.599732 3.843263 -10.611089 -8.812113 -10.42998 14.806 -55.586544 -13.759851 18.455976 0.484486 -40.17205 -0.249334 8.346831 4.300912 -26.00127 -5.882105 9.861283 0.702589 -10.936868 -0.360575 7.156204 0.0 8.774822 -1e-06 -16.036814 18.282261 6.214203 -1.844032 2.498506 -2.507278 -10.163598 4.678945 4.621109 -20.976021 -3e-06 2e-06 -21.226284 2.451696 -3.593999 0.0 -6e-06 1e-06 -1.362682 2.240797 -0.746323 -21.334911 0.584911 3.008323 -13.821213 -2e-06 1e-06 -23.887167 -0.24908 -0.839486 -60.620831 2.748592 -1.421732 -0.294025 1.679688 0.833256 -14.218207 0.093216 1.300579 -34.212048 -0.287564 0.967169 -20.033211 0.964536 1.212843 0.0 -0.0 -2e-06 -3.440387 0.788233 0.501654 -15.928183 -3.167309 2.999707 -6.338825 -0.0 2e-06 -18.123444 3.648184 -4.905671 -4e-06 1e-06 -1e-06 14.067923 7.030332 15.30441 67.535477 11.447532 12.177677 0.534878 20.525753 0.102596 -7.906225 4.126299 -14.887201 2.243541 -5.255034 -3.180157 14.282885 -0.826594 6.952503 -3e-06 -12.690598 2e-06 16.164974 -17.536646 2.656295 1.665665 -1.95592 -2.878298 4.727797 -4.170585 4.993924 11.02052 3e-06 -0.0 12.109046 -3.735713 -2.866781 1e-06 -0.0 -0.0 1.291985 -1.92855 -1.498089 14.800122 0.567469 3.865607 14.242564 -1.341735 -6.660655 19.631958 0.143926 -0.648244 49.73074 -0.568723 -6.142764 0.353029 -1.511149 -0.03194 20.222784 3.684307 2.31663 18.787266 5e-06 1e-06 10.75162 -0.47987 1.397907 -0.0 -0.0 -0.0 3.273805 0.305946 -0.580111 21.486801 11.830367 2.266131 8.162926 2e-06 1e-06 18.399076 -3.798985 -4.940572 4e-06 1e-06 -2e-06 -7.53438 5.691103 18.540121 -0.035418 0.090316 2.127394 1.751959 7.561275 -10.938156 1.674288 -1.953355 1.48799 -0.0 -0.0 2e-06 -5.801377 -6.504045 -19.255037 0.222148 -0.156577 1.208243 8.686123 -8.370522 3.956122 -1.316744 1.150517 -2.50614 -0.0 0.0 -1e-06 
0.0 0.0 0.0 0.0 -0.0 0.0 13.562989 96.872604 300.2883 3.98443 6.819593 -7.184044 -4.320969 -0.045559 2.851632 -1.379391 -2.032387 -4.10656 -1.432799 -4.115736 12.69795 2.770351 1.223123 15.729071 -0.852348 -1.024882 -3.657892 0.173307 -1.418556 -18.685312 7.7e-05 -2.3e-05 6e-06 0.006783 0.040463 0.121151 0.606244 -3.722612 -10.596852 -0.597573 3.812517 -10.592736 -8.659954 -10.781539 14.749773 -55.688759 -13.783133 19.177389 0.509145 -40.036785 -0.305474 8.017974 4.449843 -25.323709 -5.88211 9.861291 0.702589 -10.936875 -0.360575 7.156206 -0.0 8.774831 -2e-06 -16.026882 18.320583 6.184353 -1.844033 2.498506 -2.507277 -10.163603 4.678947 4.621109 -20.976034 -3e-06 1e-06 -21.226301 2.451697 -3.594005 0.0 -6e-06 1e-06 -1.362682 2.240799 -0.746323 -21.334925 0.584911 3.008323 -13.82122 -1e-06 1e-06 -23.887182 -0.249081 -0.839485 -60.663475 2.763647 -1.421939 -0.294025 1.679688 0.833257 -14.218215 0.093217 1.300579 -34.212059 -0.287567 0.967165 -20.033222 0.964534 1.21284 1e-06 1e-06 -2e-06 -3.440389 0.788233 0.501655 -15.928192 -3.167312 2.999707 -6.33883 -2e-06 1e-06 -18.123457 3.648185 -4.905676 -3e-06 1e-06 -1e-06 14.567791 6.659608 15.307955 67.496834 11.185792 12.714977 0.473059 19.819244 0.112416 -7.222056 3.540057 -13.636562 2.243542 -5.25504 -3.180158 14.282896 -0.826595 6.952507 -2e-06 -12.690611 2e-06 16.169712 -17.518673 2.608255 1.665667 -1.955922 -2.878299 4.727801 -4.170589 4.993925 11.020531 2e-06 -1e-06 12.109056 -3.735718 -2.866785 1e-06 -0.0 -0.0 1.291986 -1.928552 -1.49809 14.800136 0.567469 3.86561 14.242579 -1.341738 -6.660658 19.631973 0.143925 -0.648243 49.689098 -0.50284 -6.187445 0.353029 -1.511151 -0.03194 20.222801 3.684311 2.316633 18.787283 3e-06 0.0 10.751633 -0.47987 1.397907 0.0 -1e-06 0.0 3.273808 0.305947 -0.580111 21.486824 11.830381 2.266136 8.16293 2e-06 -1e-06 18.399092 -3.798988 -4.940577 5e-06 1e-06 -1e-06 -6.917891 4.926999 19.859802 -0.035851 0.042449 1.863914 1.256787 7.932896 -11.67146 1.686319 -1.942302 1.423411 -0.0 -0.0 2e-06 -4.944901 -6.791404 -19.512211 0.240789 -0.098832 0.107356 9.721626 -8.54801 3.482632 -1.314519 1.113727 -2.479705 -0.0 -0.0 -1e-06 
0.0 0.0 0.0 0.0 -0.0 0.0 13.303782 96.678513 302.984985 3.352278 7.465573 -6.581986 -4.046022 -0.057821 2.349785 -1.386832 -2.237895 -4.319553 -1.363234 -4.266248 12.768372 3.201107 0.943149 15.684091 -0.906626 -1.090175 -3.620969 0.071368 -1.498327 -18.378258 7.7e-05 -2.3e-05 6e-06 0.008296 0.000446 0.117332 0.603814 -3.755643 -10.5768 -0.591906 3.765845 -10.57657 -8.807399 -11.078185 14.637683 -55.581779 -13.714917 19.929235 0.422775 -39.527645 -0.191344 7.760554 4.430523 -24.986382 -5.88211 9.86129 0.70259 -10.936877 -0.360574 7.156206 0.0 8.774828 -1e-06 -16.076433 18.255869 6.110108 -1.844033 2.498505 -2.507278 -10.163604 4.678948 4.62111 -20.97603 -5e-06 1e-06 -21.226294 2.451696 -3.594004 0.0 -6e-06 1e-06 -1.362682 2.240798 -0.746324 -21.334923 0.584909 3.008321 -13.82122 -3e-06 1e-06 -23.887182 -0.249079 -0.839486 -60.675583 2.727277 -1.429117 -0.294025 1.679688 0.833256 -14.218214 0.093215 1.300579 -34.212067 -0.287566 0.967167 -20.033226 0.964534 1.212844 -0.0 1e-06 -1e-06 -3.440389 0.788234 0.501655 -15.928192 -3.167312 2.999708 -6.338829 -1e-06 0.0 -18.123453 3.648185 -4.905674 -3e-06 1e-06 -1e-06 15.428013 6.178954 15.29125 67.13887 10.901059 12.995086 0.388482 18.975451 0.119322 -6.839019 2.863215 -13.141839 2.243541 -5.255037 -3.180156 14.282887 -0.826593 6.9525 -3e-06 -12.690606 -0.0 16.191811 -17.601826 2.61766 1.665666 -1.955922 -2.878298 4.727797 -4.170587 4.993922 11.020521 4e-06 -1e-06 12.109045 -3.735715 -2.866783 2e-06 0.0 -0.0 1.291985 -1.928548 -1.498088 14.800122 0.56747 3.865606 14.242566 -1.341736 -6.660656 19.631958 0.143928 -0.648243 49.706322 -0.542473 -6.205213 0.353028 -1.511151 -0.03194 20.222786 3.684312 2.316629 18.78727 7e-06 0.0 10.751623 -0.479868 1.397906 -0.0 -0.0 1e-06 3.273806 0.305947 -0.580111 21.486807 11.830378 2.266134 8.162924 2e-06 1e-06 18.399076 -3.798984 -4.940573 4e-06 1e-06 -2e-06 -5.894026 4.191366 20.898457 -0.036314 0.054968 1.859528 0.619207 8.086467 -11.91655 1.741064 -1.928537 1.063069 -0.0 0.0 2e-06 -4.030034 -6.609477 -19.160048 0.209048 -0.076011 -0.219283 8.845183 -9.090367 4.777212 -1.314341 1.127267 -2.618024 -0.0 -0.0 -2e-06 
0.0 0.0 0.0 0.0 -0.0 0.0 12.950063 96.640182 305.721344 2.277195 8.031147 -5.95603 -3.481208 -0.07206 1.708018 -1.376153 -2.41235 -4.578732 -1.213674 -4.404116 12.881824 3.592779 0.788133 15.62693 -0.888682 -1.163329 -3.630961 0.035737 -1.567235 -17.686436 7.7e-05 -2.3e-05 6e-06 0.010634 -0.013071 0.115258 0.596831 -3.76376 -10.550942 -0.579243 3.747378 -10.549451 -9.554293 -11.287288 14.613444 -55.02755 -13.455894 20.299477 0.221477 -38.799625 -0.057003 7.731537 4.436768 -24.626875 -5.88211 9.861292 0.702592 -10.936875 -0.360575 7.156208 -1e-06 8.77483 -2e-06 -16.054279 18.260582 6.127048 -1.844033 2.498504 -2.507279 -10.163604 4.67895 4.621111 -20.97603 0.0 1e-06 -21.226297 2.451702 -3.594005 0.0 -7e-06 1e-06 -1.362682 2.240798 -0.746323 -21.334923 0.584913 3.008324 -13.82122 -1e-06 1e-06 -23.88718 -0.249075 -0.839485 -60.626507 2.729895 -1.271987 -0.294024 1.679686 0.833256 -14.218214 0.093217 1.300581 -34.212067 -0.287558 0.967168 -20.03322 0.964538 1.212842 -0.0 1e-06 -1e-06 -3.44039 0.788234 0.501656 -15.928192 -3.167308 2.999709 -6.338829 -0.0 1e-06 -18.123457 3.648188 -4.905674 -3e-06 1e-06 -1e-06 16.671009 5.802113 15.168023 66.508118 10.430381 12.728802 0.348519 18.026318 0.114679 -6.673525 2.223891 -13.10455 2.243544 -5.255042 -3.18016 14.282902 -0.826596 6.952507 -1e-06 -12.690615 -1e-06 16.174797 -17.601601 2.615469 1.665668 -1.955923 -2.8783 4.727803 -4.170591 4.993926 11.020536 2e-06 -2e-06 12.109062 -3.735719 -2.866786 1e-06 0.0 0.0 1.291986 -1.928551 -1.498091 14.800142 0.567467 3.86561 14.242585 -1.341737 -6.660665 19.631985 0.143925 -0.648246 49.778645 -0.468487 -6.209101 0.353029 -1.511152 -0.03194 20.222805 3.684311 2.31663 18.787289 4e-06 -2e-06 10.751637 -0.479869 1.397906 -2e-06 -0.0 0.0 3.27381 0.305947 -0.580112 21.486832 11.830384 2.266134 8.162935 2e-06 0.0 18.399097 -3.798988 -4.940581 4e-06 1e-06 -1e-06 -4.129685 3.889701 21.720062 -0.036317 0.004365 2.07501 -0.212094 7.83685 -11.627162 1.775113 -1.903846 0.435291 0.0 0.0 2e-06 -2.727998 -5.823428 -18.47057 0.142864 -0.114191 -0.343053 6.380569 -10.156373 7.898938 -1.343049 1.130033 -2.76619 -0.0 -0.0 0.0 
0.0 0.0 0.0 0.0 -0.0 0.0 12.54678 96.786247 308.51709 0.895121 8.415015 -5.479426 -2.732907 -0.13008 1.076354 -1.325596 -2.531822 -4.840783 -0.991076 -4.565357 12.971437 3.856567 0.684485 15.591496 -0.888667 -1.095179 -3.643863 0.008306 -1.595036 -16.838232 7.7e-05 -2.2e-05 6e-06 0.012643 -0.028584 0.102995 0.598027 -3.778672 -10.543983 -0.575195 3.732064 -10.543854 -10.448655 -11.323305 14.640741 -54.549595 -12.956235 20.327728 -0.024904 -37.929611 0.078381 7.893662 4.379209 -24.354042 -5.882105 9.861288 0.70259 -10.936873 -0.360576 7.156207 0.0 8.774829 -3e-06 -16.077938 18.26671 6.149501 -1.844033 2.498505 -2.507278 -10.163601 4.678946 4.621107 -20.976027 -6e-06 2e-06 -21.226292 2.451694 -3.594001 0.0 -6e-06 2e-06 -1.362681 2.240799 -0.746324 -21.334913 0.584908 3.008323 -13.821213 -3e-06 2e-06 -23.887167 -0.249079 -0.839484 -60.668358 2.763663 -1.123883 -0.294024 1.679688 0.833256 -14.218208 0.093212 1.300581 -34.212048 -0.287566 0.967172 -20.033211 0.964535 1.212844 1e-06 1e-06 -1e-06 -3.440388 0.788233 0.501656 -15.928189 -3.167314 2.999707 -6.338827 -2e-06 1e-06 -18.123444 3.648183 -4.905672 -3e-06 0.0 -2e-06 17.89349 5.611616 15.076519 65.9459 9.883061 12.035813 0.289329 17.115885 0.096928 -6.524922 1.709491 -13.249803 2.243544 -5.255042 -3.180159 14.282904 -0.826597 6.952505 -1e-06 -12.690618 0.0 16.19623 -17.610622 2.598246 1.665667 -1.955923 -2.8783 4.727803 -4.170593 4.993927 11.020536 2e-06 -1e-06 12.109062 -3.735721 -2.866786 2e-06 0.0 0.0 1.291987 -1.928552 -1.49809 14.80014 0.567468 3.865609 14.242585 -1.341738 -6.660662 19.631985 0.143926 -0.648247 49.866951 -0.40986 -6.259696 0.353029 -1.511152 -0.03194 20.222807 3.684311 2.316629 18.787289 3e-06 -3e-06 10.751638 -0.479869 1.397907 -2e-06 -1e-06 0.0 3.27381 0.305946 -0.580112 21.486832 11.830385 2.266132 8.162937 3e-06 -2e-06 18.399101 -3.798989 -4.940584 4e-06 1e-06 -1e-06 -1.889 3.767398 22.521292 -0.04505 -0.06556 2.510118 -1.219119 7.502249 -10.3699 1.80316 -1.88004 -0.539075 0.0 0.0 2e-06 -1.067438 -4.820739 -17.730808 0.053583 -0.187219 -0.281089 3.566622 -11.192086 11.903314 -1.359738 1.114787 -2.624581 -0.0 -0.0 -1e-06 
0.0 0.0 0.0 0.0 -0.0 0.0 12.1365 96.972397 311.432465 -0.474352 8.576495 -5.331207 -2.037912 -0.208268 0.607006 -1.260178 -2.641113 -5.054922 -0.734962 -4.677034 12.993475 3.99091 0.627043 15.686713 -0.882896 -0.956541 -3.678256 0.006439 -1.544142 -16.060528 7.7e-05 -2.3e-05 6e-06 0.012069 -0.041325 0.092662 0.605441 -3.792311 -10.550713 -0.582506 3.721299 -10.549105 -11.006185 -11.214036 14.830894 -54.54924 -12.273777 20.239281 -0.127994 -37.213867 0.110832 8.086924 4.316058 -24.141323 -5.882107 9.861287 0.702591 -10.936872 -0.360574 7.156205 -0.0 8.774827 -0.0 -16.131592 18.243486 6.19626 -1.844034 2.498507 -2.507279 -10.163602 4.678947 4.621109 -20.976028 -3e-06 1e-06 -21.226294 2.451699 -3.594001 -1e-06 -6e-06 0.0 -1.362682 2.240798 -0.746323 -21.334917 0.584911 3.008323 -13.821217 -2e-06 3e-06 -23.887171 -0.249078 -0.839485 -60.765099 2.792723 -0.988994 -0.294026 1.679688 0.833257 -14.218212 0.093215 1.300579 -34.212059 -0.287564 0.967169 -20.033218 0.964537 1.212843 1e-06 1e-06 -1e-06 -3.440389 0.788234 0.501656 -15.928189 -3.16731 2.999709 -6.338827 1e-06 -0.0 -18.123447 3.648184 -4.905673 -4e-06 0.0 -1e-06 18.62718 5.543204 15.095333 65.796204 9.330427 11.471327 0.162728 16.517527 0.064434 -6.323705 1.416257 -13.681701 2.243541 -5.255039 -3.180158 14.282887 -0.826594 6.952503 -2e-06 -12.690609 -1e-06 16.236464 -17.637259 2.581389 1.665666 -1.955922 -2.878299 4.727798 -4.170588 4.993924 11.020524 2e-06 -0.0 12.10905 -3.735718 -2.866784 1e-06 0.0 -1e-06 1.291986 -1.92855 -1.498089 14.800125 0.567468 3.865609 14.242571 -1.341738 -6.660658 19.631964 0.143926 -0.648243 49.915085 -0.359477 -6.282859 0.353028 -1.51115 -0.03194 20.222788 3.684311 2.316632 18.78727 3e-06 -1e-06 10.751625 -0.479868 1.397906 -2e-06 -1e-06 -1e-06 3.273807 0.305946 -0.580111 21.486809 11.830379 2.266135 8.162926 3e-06 0.0 18.39908 -3.798986 -4.940576 3e-06 0.0 -1e-06 0.407306 3.784215 23.481901 -0.039456 -0.185318 3.324811 -2.220584 7.218462 -8.317872 1.823772 -1.867162 -1.971897 -0.0 -0.0 1e-06 0.654785 -3.960669 -16.695896 0.013826 -0.243659 -0.00937 1.313539 -11.675194 15.173933 -1.37359 1.090177 -2.179708 -0.0 -0.0 -1e-06 
0.0 0.0 0.0 0.0 -0.0 0.0 11.750676 97.125107 314.358429 -1.725744 8.491325 -5.414844 -1.401998 -0.276773 0.232535 -1.222091 -2.748638 -5.274305 -0.476543 -4.680387 12.988479 3.960557 0.759551 15.928133 -0.862028 -1.039232 -3.74219 0.142233 -1.427768 -15.303734 7.7e-05 -2.2e-05 6e-06 0.001642 -0.036678 0.071392 0.599333 -3.78138 -10.557527 -0.596096 3.719014 -10.543951 -11.446279 -10.957648 15.059484 -54.751606 -11.367498 20.194223 -0.105344 -36.574615 0.114135 8.216407 4.13009 -24.281359 -5.882113 9.861295 0.702591 -10.93688 -0.360575 7.156209 -0.0 8.774831 -1e-06 -16.189764 18.189117 6.283938 -1.844035 2.498509 -2.507281 -10.16361 4.678951 4.621109 -20.976044 -3e-06 -1e-06 -21.226309 2.451698 -3.594007 -1e-06 -7e-06 -0.0 -1.362683 2.2408 -0.746324 -21.33493 0.584913 3.008322 -13.821223 -1e-06 -0.0 -23.887188 -0.249078 -0.839489 -60.820908 2.792718 -0.880054 -0.294025 1.679688 0.833257 -14.218221 0.093216 1.300579 -34.212078 -0.287561 0.967165 -20.03323 0.964537 1.212841 1e-06 -1e-06 -0.0 -3.440392 0.788235 0.501655 -15.9282 -3.167308 2.999708 -6.338831 2e-06 -1e-06 -18.123465 3.648186 -4.905681 -4e-06 0.0 -1e-06 19.060648 5.481453 15.283256 65.722191 8.853273 11.1655 0.109532 16.365894 0.079662 -6.190038 1.241313 -14.122679 2.243542 -5.255038 -3.180158 14.282896 -0.826595 6.952504 -3e-06 -12.690609 0.0 16.261431 -17.62714 2.61759 1.665667 -1.955922 -2.878299 4.7278 -4.170588 4.993924 11.020529 3e-06 -1e-06 12.109056 -3.735717 -2.866784 0.0 0.0 -1e-06 1.291986 -1.928549 -1.498089 14.800132 0.567468 3.865609 14.242577 -1.341736 -6.660658 19.631973 0.143925 -0.648244 49.854099 -0.240237 -6.301235 0.353028 -1.511151 -0.03194 20.222801 3.684311 2.316632 18.787283 5e-06 -1e-06 10.751633 -0.479868 1.397907 -2e-06 -1e-06 0.0 3.273808 0.305948 -0.580111 21.486824 11.830379 2.266135 8.162931 2e-06 0.0 18.39909 -3.798987 -4.940576 3e-06 0.0 -1e-06 2.587989 3.86221 24.436134 -0.013718 -0.281892 4.765282 -3.220511 7.094536 -5.580993 1.855217 -1.817104 -3.82696 0.0 -0.0 3e-06 2.333171 -3.016067 -15.307938 -0.037726 -0.240571 0.349174 -0.406122 -11.495404 17.94302 -1.374406 1.04106 -1.636688 0.0 0.0 -1e-06 
0.0 0.0 0.0 0.0 -0.0 0.0 11.34109 97.373215 317.407379 -2.983463 8.193518 -5.745122 -0.769754 -0.327143 -0.030548 -1.129727 -2.798635 -5.424585 -0.251089 -4.670145 12.972625 3.853676 0.875652 16.310177 -0.827842 -0.932921 -3.752926 0.179216 -1.202302 -14.749495 7.7e-05 -2.2e-05 6e-06 -0.001502 -0.037502 0.06651 0.600132 -3.788388 -10.576875 -0.602121 3.725307 -10.556926 -11.747683 -10.670057 15.274871 -55.099483 -10.244543 20.012936 -0.209007 -36.021881 0.143438 8.344559 3.86076 -24.414871 -5.882106 9.861286 0.70259 -10.936871 -0.360576 7.156204 -1e-06 8.774827 -3e-06 -16.241346 18.070339 6.320257 -1.844032 2.498503 -2.507278 -10.163599 4.678945 4.621107 -20.976025 -5e-06 1e-06 -21.226286 2.451695 -3.594003 -0.0 -6e-06 -0.0 -1.362682 2.240799 -0.746324 -21.334915 0.584908 3.00832 -13.821214 -3e-06 1e-06 -23.887175 -0.249081 -0.839487 -60.899757 2.781259 -0.757479 -0.294024 1.679686 0.833255 -14.218208 0.093213 1.300578 -34.212048 -0.287567 0.967166 -20.033215 0.964535 1.212841 1e-06 -1e-06 1e-06 -3.440389 0.788235 0.501655 -15.928187 -3.167311 2.999705 -6.338826 0.0 0.0 -18.123447 3.648184 -4.905673 -4e-06 0.0 -2e-06 19.174082 5.495303 15.404755 65.832664 8.382867 11.183371 -0.020939 16.420107 0.069095 -5.986033 1.27308 -14.417624 2.243542 -5.255039 -3.180159 14.282896 -0.826594 6.952506 -2e-06 -12.690609 1e-06 16.331821 -17.640478 2.590627 1.665667 -1.955923 -2.8783 4.7278 -4.17059 4.993927 11.020529 3e-06 -2e-06 12.109056 -3.735718 -2.866786 0.0 0.0 -1e-06 1.291986 -1.928551 -1.49809 14.800132 0.567468 3.865609 14.242578 -1.341737 -6.660661 19.631975 0.143927 -0.648245 49.815025 -0.254665 -6.32995 0.35303 -1.511151 -0.03194 20.222799 3.684311 2.316632 18.787277 4e-06 -1e-06 10.751631 -0.479868 1.397907 -2e-06 -0.0 -1e-06 3.273808 0.305947 -0.580111 21.486818 11.830382 2.266135 8.162929 2e-06 1e-06 18.399082 -3.798989 -4.940577 4e-06 -0.0 -1e-06 4.63395 3.731439 25.220547 0.039686 -0.446447 6.948128 -4.057064 7.056123 -1.462998 1.89949 -1.847943 -6.203473 0.0 1e-06 2e-06 4.182436 -2.366195 -13.765348 -0.047741 -0.197991 1.129138 -2.085763 -11.381497 18.210587 -1.391831 0.981677 -1.130964 -0.0 0.0 -1e-06 
0.0 0.0 0.0 0.0 -0.0 0.0 10.954735 97.694328 320.458069 -4.083701 7.689891 -6.183609 -0.180912 -0.363514 -0.216579 -1.07469 -2.760047 -5.555336 -0.053606 -4.632732 12.831695 3.511715 1.030564 16.96839 -0.716086 -0.596592 -3.773983 0.289168 -1.298559 -14.158587 7.7e-05 -2.3e-05 6e-06 -0.005067 -0.012804 0.063561 0.593892 -3.762579 -10.563328 -0.600225 3.751462 -10.551743 -12.073506 -10.294575 15.655079 -55.513161 -9.142042 19.549782 -0.422057 -35.346169 0.184212 8.528512 3.559087 -24.856192 -5.88211 9.861291 0.702589 -10.93688 -0.360577 7.156208 1e-06 8.77483 -2e-06 -16.124987 18.148142 6.41347 -1.844034 2.498504 -2.507279 -10.163608 4.678948 4.621109 -20.976044 -7e-06 1e-06 -21.226305 2.451693 -3.594004 -1e-06 -6e-06 -1e-06 -1.362682 2.240799 -0.746323 -21.33493 0.584907 3.00832 -13.821223 -5e-06 1e-06 -23.88719 -0.249085 -0.839486 -60.756233 2.781881 -0.759873 -0.294025 1.679688 0.833256 -14.218221 0.093214 1.300577 -34.212082 -0.287573 0.967166 -20.03323 0.964531 1.212843 1e-06 0.0 -1e-06 -3.44039 0.788233 0.501655 -15.928201 -3.167314 2.999705 -6.338831 -1e-06 0.0 -18.123459 3.648181 -4.905675 -5e-06 -0.0 -1e-06 18.875599 5.398018 15.334673 66.102402 7.85626 11.149944 0.10205 16.670591 0.128103 -5.716903 1.474252 -14.575737 2.243543 -5.255037 -3.180158 14.282897 -0.826595 6.952503 -3e-06 -12.690604 -0.0 16.27651 -17.680321 2.616419 1.665667 -1.955921 -2.878299 4.727801 -4.170587 4.993924 11.020532 3e-06 -1e-06 12.109056 -3.735716 -2.866785 0.0 0.0 -1e-06 1.291986 -1.92855 -1.498089 14.800136 0.567468 3.865608 14.242579 -1.341737 -6.660659 19.631975 0.143925 -0.648245 49.815273 -0.336402 -6.269908 0.353029 -1.511151 -0.03194 20.222803 3.68431 2.31663 18.787285 5e-06 -2e-06 10.751634 -0.479869 1.397906 -1e-06 -1e-06 -1e-06 3.273808 0.305947 -0.580111 21.486824 11.830376 2.266134 8.162931 3e-06 -1e-06 18.399088 -3.798983 -4.940576 4e-06 0.0 -2e-06 6.20453 3.386069 25.57637 0.140204 -0.619376 10.290192 -4.426468 7.513974 1.986399 2.014581 -1.955387 -8.793651 0.0 1e-06 2e-06 5.947412 -1.743453 -12.091187 -0.043553 -0.240612 2.090894 -3.651579 -11.004604 16.906633 -1.400214 0.980984 -0.531434 0.0 0.0 -1e-06 
0.0 0.0 0.0 0.0 -0.0 0.0 10.52742 97.900978 323.566223 -5.190166 7.192713 -6.732627 0.397751 -0.350186 -0.351752 -0.942168 -2.822025 -5.621006 0.096546 -4.550063 12.773942 3.303009 1.2438 17.498119 -0.668794 -0.485747 -3.77855 0.365955 -1.134081 -13.618855 7.7e-05 -2.2e-05 6e-06 -0.00618 -0.011052 0.063865 0.595798 -3.766748 -10.568055 -0.603561 3.758825 -10.551035 -12.142008 -10.024385 15.820274 -56.123978 -7.803907 19.204191 -0.436315 -34.845657 0.188617 8.550958 3.378248 -25.072578 -5.882105 9.861286 0.70259 -10.93687 -0.360574 7.156204 -1e-06 8.774826 -1e-06 -16.140581 18.063982 6.414595 -1.844032 2.498504 -2.507277 -10.163598 4.678947 4.621109 -20.976021 -2e-06 2e-06 -21.226284 2.451699 -3.594 2e-06 -5e-06 -0.0 -1.362681 2.240797 -0.746323 -21.334906 0.584911 3.008323 -13.82121 -2e-06 3e-06 -23.887165 -0.249076 -0.839484 -60.82711 2.765492 -0.734929 -0.294025 1.679689 0.833256 -14.218205 0.093216 1.300581 -34.212036 -0.28756 0.967169 -20.033207 0.964539 1.212842 1e-06 -0.0 -1e-06 -3.440388 0.788234 0.501655 -15.928183 -3.167309 2.999707 -6.338825 0.0 1e-06 -18.123444 3.648183 -4.905671 -4e-06 -0.0 -2e-06 18.47389 5.568191 15.444627 66.382599 7.538735 11.34026 0.066497 17.161673 0.124948 -5.537706 1.595095 -14.906379 2.243541 -5.255037 -3.180157 14.282888 -0.826595 6.952503 -1e-06 -12.690605 0.0 16.236782 -17.691391 2.630536 1.665666 -1.955922 -2.878298 4.727798 -4.170588 4.993925 11.020524 2e-06 -1e-06 12.109051 -3.735717 -2.866784 0.0 0.0 -0.0 1.291985 -1.928549 -1.498089 14.800125 0.567467 3.865609 14.242569 -1.341738 -6.660657 19.631962 0.143925 -0.648244 49.719353 -0.324995 -6.299399 0.353029 -1.511151 -0.03194 20.222788 3.684309 2.316631 18.78727 3e-06 -1e-06 10.751627 -0.479869 1.397907 -2e-06 -1e-06 -1e-06 3.273806 0.305946 -0.58011 21.486809 11.830376 2.266134 8.162926 1e-06 1e-06 18.39908 -3.798988 -4.940576 4e-06 0.0 -1e-06 7.699599 2.979491 25.090921 0.157477 -0.724859 15.027472 -4.426933 8.349183 5.310878 2.087141 -1.933069 -11.61327 0.0 1e-06 1e-06 7.68101 -1.210335 -10.09471 -0.027552 -0.245147 2.767184 -4.628968 -11.060093 14.2347 -1.406284 0.967167 -0.216282 0.0 0.0 -1e-06 
0.0 0.0 0.0 0.0 -0.0 0.0 10.099509 98.051773 326.679718 -6.321424 6.62644 -7.384974 1.027253 -0.356904 -0.346327 -0.791178 -2.819661 -5.647958 0.266127 -4.429919 12.753879 3.064578 1.503765 17.920664 -0.673168 -0.454609 -3.785485 0.52188 -1.076428 -13.133528 7.7e-05 -2.2e-05 6e-06 -0.002464 -0.009537 0.065269 0.608945 -3.766871 -10.577827 -0.608765 3.761608 -10.558383 -12.194117 -9.703327 15.96046 -56.67448 -6.628058 18.923786 -0.413657 -34.462204 0.162725 8.474141 3.256088 -25.165939 -5.882107 9.861286 0.702592 -10.936874 -0.360573 7.156208 -0.0 8.774825 1e-06 -16.164595 17.968201 6.390127 -1.844033 2.498504 -2.507278 -10.163603 4.678946 4.621111 -20.97603 -1e-06 2e-06 -21.226295 2.451699 -3.593999 2e-06 -6e-06 -0.0 -1.362682 2.240799 -0.746323 -21.334921 0.584911 3.008324 -13.821217 -2e-06 2e-06 -23.887178 -0.249079 -0.839483 -60.835751 2.690108 -0.665151 -0.294024 1.679688 0.833257 -14.218212 0.093217 1.300581 -34.212059 -0.287559 0.967172 -20.033218 0.964541 1.212844 1e-06 -0.0 0.0 -3.440389 0.788232 0.501656 -15.928191 -3.16731 2.999709 -6.338827 1e-06 1e-06 -18.123453 3.648183 -4.905669 -4e-06 0.0 -1e-06 17.861891 5.774591 15.496099 66.613914 7.37362 11.708965 0.120416 17.842793 0.135253 -5.492527 1.704402 -15.133396 2.243542 -5.255037 -3.180159 14.282892 -0.826595 6.952503 -2e-06 -12.690606 0.0 16.177706 -17.69183 2.677965 1.665666 -1.955922 -2.878299 4.727799 -4.170587 4.993924 11.020528 3e-06 -1e-06 12.109053 -3.735716 -2.866785 1e-06 0.0 -0.0 1.291985 -1.92855 -1.498089 14.800129 0.567467 3.865607 14.242571 -1.341738 -6.660658 19.631968 0.143925 -0.648246 49.678547 -0.334641 -6.28453 0.353029 -1.51115 -0.03194 20.222794 3.684309 2.316629 18.787273 3e-06 -2e-06 10.751629 -0.479869 1.397904 -2e-06 -0.0 -0.0 3.273807 0.305946 -0.580111 21.486813 11.830376 2.266133 8.162928 2e-06 -1e-06 18.399082 -3.798985 -4.940575 5e-06 1e-06 -2e-06 9.149053 2.686944 23.433083 0.124224 -0.804831 21.946321 -4.100965 9.500581 8.501616 2.141203 -1.883772 -13.838309 -0.0 1e-06 1e-06 9.429389 -0.711493 -7.832754 0.007654 -0.275103 3.209192 -5.237817 -11.147249 11.806782 -1.408509 0.95422 0.026013 0.0 0.0 -1e-06 
0.0 0.0 0.0 0.0 -0.0 0.0 9.680126 98.100243 329.657196 -7.505288 6.120907 -8.183173 1.709414 -0.356733 -0.118981 -0.611553 -2.742275 -5.575527 0.479817 -4.319026 12.764704 2.77921 1.77907 18.152758 -0.683649 -0.488284 -3.783304 0.746011 -1.12851 -12.828776 7.7e-05 -2.3e-05 6e-06 0.004683 0.012415 0.069309 0.628378 -3.744005 -10.585847 -0.613962 3.781825 -10.568296 -12.319954 -9.392123 16.087048 -57.052586 -5.762492 18.582447 -0.488322 -34.209232 0.154189 8.421633 3.129977 -25.110302 -5.882114 9.8613 0.70259 -10.936883 -0.360576 7.156208 -0.0 8.774837 -1e-06 -16.184378 17.878361 6.354837 -1.844036 2.498507 -2.50728 -10.163612 4.678953 4.621109 -20.976051 -4e-06 -3e-06 -21.226315 2.451699 -3.59401 1e-06 -5e-06 -0.0 -1.362684 2.2408 -0.746324 -21.334938 0.58491 3.008318 -13.82123 -3e-06 -2e-06 -23.887201 -0.249083 -0.839491 -60.785175 2.59668 -0.635206 -0.294025 1.67969 0.833257 -14.218225 0.093217 1.300578 -34.212086 -0.287567 0.967162 -20.033241 0.964534 1.212839 -0.0 -1e-06 -1e-06 -3.440392 0.788234 0.501656 -15.928203 -3.167314 2.999705 -6.338833 -1e-06 -1e-06 -18.123466 3.648187 -4.905682 -5e-06 0.0 -1e-06 17.122561 6.031019 15.545598 66.686882 7.470052 12.509473 0.187382 18.660751 0.143886 -5.585524 1.77788 -15.343024 2.243543 -5.255045 -3.180159 14.282905 -0.826595 6.952506 -2e-06 -12.690621 -0.0 16.116922 -17.6775 2.767411 1.665668 -1.955926 -2.878301 4.727803 -4.170593 4.993927 11.020538 3e-06 -2e-06 12.109064 -3.73572 -2.866787 0.0 0.0 -1e-06 1.291987 -1.928552 -1.49809 14.800142 0.567469 3.865607 14.242586 -1.341738 -6.660664 19.631985 0.143928 -0.648246 49.681198 -0.361699 -6.213968 0.353029 -1.511152 -0.031939 20.222811 3.684315 2.31663 18.787292 7e-06 -3e-06 10.751637 -0.479868 1.397906 -2e-06 -0.0 1e-06 3.27381 0.305948 -0.580111 21.486834 11.830392 2.266134 8.162935 3e-06 -1e-06 18.399099 -3.798988 -4.940581 4e-06 1e-06 -1e-06 10.765773 2.730659 20.53685 0.026808 -0.860952 30.913393 -3.34883 10.924252 12.134726 2.1459 -1.834323 -14.099035 -1e-06 1e-06 -0.0 11.210301 -0.346147 -5.311017 0.065273 -0.309505 3.391553 -5.50064 -11.281802 9.527806 -1.410743 0.960882 0.174618 0.0 0.0 -1e-06 
0.0 0.0 0.0 0.0 -0.0 0.0 9.293625 98.051842 332.409698 -8.618298 5.687057 -9.089878 2.355767 -0.329886 0.348305 -0.416309 -2.571381 -5.391464 0.745906 -4.243699 12.821816 2.439565 2.026632 18.136599 -0.695608 -0.512927 -3.782109 0.971404 -1.258686 -12.741581 7.7e-05 -2.2e-05 6e-06 0.012206 0.046246 0.062836 0.640834 -3.707705 -10.583268 -0.611897 3.812012 -10.571301 -12.647242 -9.134037 16.095314 -57.173771 -5.21061 18.213572 -0.627249 -33.910011 0.156198 8.503654 2.91463 -25.104858 -5.882102 9.861279 0.702589 -10.936865 -0.360577 7.156202 2e-06 8.774821 -0.0 -16.134071 17.816404 6.323851 -1.844031 2.498504 -2.507277 -10.163594 4.678942 4.621107 -20.976011 -5e-06 4e-06 -21.226274 2.451693 -3.593997 2e-06 -6e-06 -0.0 -1.362681 2.240796 -0.746323 -21.334904 0.584906 3.008323 -13.821206 -4e-06 3e-06 -23.887156 -0.249079 -0.83948 -60.706142 2.567026 -0.676008 -0.294024 1.679685 0.833256 -14.218199 0.093213 1.300581 -34.212025 -0.287565 0.967175 -20.033203 0.964535 1.212845 -0.0 -1e-06 -1e-06 -3.440387 0.788232 0.501656 -15.928179 -3.16731 2.999707 -6.338823 -1e-06 1e-06 -18.123436 3.64818 -4.905665 -4e-06 -1e-06 -1e-06 16.365303 6.353031 15.593349 66.488472 7.838072 13.434499 0.224804 19.561073 0.12127 -5.878829 1.846191 -15.545683 2.243541 -5.255034 -3.180157 14.282884 -0.826595 6.952502 -2e-06 -12.690601 -1e-06 16.08873 -17.629873 2.853475 1.665665 -1.95592 -2.878298 4.727797 -4.170586 4.993923 11.02052 2e-06 -1e-06 12.109046 -3.735715 -2.866783 -1e-06 0.0 -0.0 1.291985 -1.928549 -1.498089 14.800123 0.567468 3.865607 14.242566 -1.341737 -6.660655 19.631956 0.143925 -0.648244 49.712986 -0.353688 -6.084896 0.353029 -1.51115 -0.03194 20.222784 3.684309 2.316631 18.787266 4e-06 1e-06 10.751623 -0.479868 1.397907 -1e-06 -0.0 0.0 3.273805 0.305948 -0.58011 21.486801 11.83037 2.266134 8.162922 2e-06 1e-06 18.399075 -3.798984 -4.940573 5e-06 1e-06 -1e-06 12.334821 3.12541 16.608171 -0.089718 -0.833097 40.854401 -1.542813 13.058788 16.413582 2.091944 -1.880509 -9.789276 0.0 -0.0 2e-06 12.894117 -0.160731 -2.631394 0.102578 -0.32192 3.31396 -5.366669 -11.376921 7.395599 -1.413077 0.985803 0.112261 0.0 0.0 -1e-06 
0.0 0.0 0.0 0.0 -0.0 0.0 8.996025 97.9907 334.978058 -9.382201 5.289091 -9.88149 2.847861 -0.272725 0.898177 -0.251584 -2.335598 -5.161963 0.959563 -4.149833 12.911326 2.112602 2.185555 17.933922 -0.745103 -0.474774 -3.793135 1.143163 -1.417242 -12.935252 7.7e-05 -2.3e-05 6e-06 0.016891 0.062053 0.042859 0.642781 -3.688541 -10.567146 -0.605297 3.823569 -10.561468 -13.044011 -8.877233 16.053413 -57.271736 -5.115026 17.808107 -0.707282 -33.243565 0.185227 8.873994 2.694126 -25.212021 -5.882106 9.861284 0.70259 -10.936872 -0.360576 7.156203 1e-06 8.774824 -1e-06 -15.99754 17.789635 6.310587 -1.844033 2.498504 -2.507277 -10.163601 4.678945 4.621107 -20.976025 -5e-06 2e-06 -21.22629 2.451695 -3.593999 1e-06 -5e-06 -1e-06 -1.362682 2.240798 -0.746324 -21.334915 0.584908 3.008322 -13.821214 -3e-06 1e-06 -23.887175 -0.249081 -0.839482 -60.560749 2.619554 -0.728917 -0.294025 1.679687 0.833256 -14.218208 0.093214 1.300579 -34.212048 -0.287564 0.96717 -20.033211 0.964536 1.212842 1e-06 0.0 -0.0 -3.440388 0.788233 0.501655 -15.928185 -3.16731 2.999707 -6.338825 -1e-06 0.0 -18.123444 3.64818 -4.905671 -4e-06 0.0 -1e-06 15.651609 6.71569 15.620293 66.045494 8.508031 14.232539 0.252118 20.316296 0.061604 -6.422005 1.894398 -15.910405 2.243542 -5.255037 -3.180159 14.282894 -0.826595 6.952506 -2e-06 -12.690609 1e-06 16.110386 -17.547598 2.887479 1.665666 -1.955921 -2.8783 4.727798 -4.170588 4.993926 11.020526 2e-06 -0.0 12.109053 -3.735716 -2.866785 -1e-06 -0.0 -1e-06 1.291986 -1.928549 -1.498089 14.800129 0.567469 3.86561 14.242573 -1.341736 -6.660659 19.631968 0.143926 -0.648245 49.702377 -0.336172 -5.956627 0.353029 -1.511152 -0.03194 20.222795 3.684309 2.31663 18.787279 5e-06 -1e-06 10.751631 -0.479869 1.397906 -0.0 0.0 0.0 3.273806 0.305948 -0.580111 21.486816 11.830376 2.266133 8.16293 2e-06 0.0 18.39908 -3.798987 -4.940573 4e-06 1e-06 -3e-06 13.141249 3.483016 12.288744 -0.126138 -0.71619 49.705044 0.567721 15.344778 19.078629 2.093893 -2.01192 -4.606803 -0.0 -0.0 2e-06 14.167512 -0.15778 -0.349596 0.073092 -0.312339 3.643616 -4.937293 -11.438231 5.285478 -1.41089 1.011926 -0.01304 -0.0 0.0 -1e-06 
0.0 0.0 0.0 0.0 -0.0 0.0 8.818179 98.050049 337.48587 -9.512856 4.850432 -10.413857 3.059936 -0.166721 1.370005 -0.170826 -2.057436 -4.944098 0.954492 -3.942999 12.965657 1.868594 2.25955 17.772404 -0.824228 -0.413205 -3.786338 1.278661 -1.558896 -13.336006 7.7e-05 -2.2e-05 6e-06 0.017685 0.062121 0.02563 0.640868 -3.685084 -10.548297 -0.6028 3.82062 -10.547253 -13.168035 -8.562201 16.040653 -57.763935 -5.355631 17.029228 -0.778249 -32.203732 0.266476 9.512871 2.573463 -25.237778 -5.88211 9.86129 0.70259 -10.936875 -0.360574 7.156208 -1e-06 8.774826 0.0 -15.851145 17.804358 6.317206 -1.844033 2.498507 -2.507279 -10.163604 4.678948 4.62111 -20.97603 -0.0 1e-06 -21.226297 2.451701 -3.594003 1e-06 -6e-06 0.0 -1.362682 2.240799 -0.746324 -21.334921 0.584913 3.008323 -13.821219 -1e-06 -0.0 -23.88718 -0.249076 -0.839487 -60.337852 2.683448 -0.771467 -0.294025 1.679688 0.833256 -14.218214 0.093217 1.300581 -34.212063 -0.28756 0.967167 -20.033222 0.964539 1.212842 1e-06 0.0 -0.0 -3.44039 0.788233 0.501656 -15.928192 -3.167308 2.999708 -6.338828 1e-06 -0.0 -18.123457 3.648186 -4.905675 -3e-06 -1e-06 -2e-06 15.024248 7.096646 15.777146 65.543076 9.561754 14.775967 0.283633 20.682936 0.028807 -7.214021 1.900268 -16.414238 2.243541 -5.255035 -3.180156 14.282887 -0.826593 6.9525 -3e-06 -12.690601 -0.0 16.131929 -17.51049 2.926023 1.665665 -1.955922 -2.878298 4.727797 -4.170587 4.993923 11.020524 4e-06 -1e-06 12.109047 -3.735714 -2.866783 -1e-06 -0.0 -1e-06 1.291985 -1.928548 -1.498088 14.800125 0.567469 3.865605 14.242568 -1.341735 -6.660654 19.631958 0.143926 -0.648243 49.641132 -0.371608 -5.898953 0.353029 -1.51115 -0.03194 20.222786 3.684311 2.316629 18.78727 7e-06 -1e-06 10.751622 -0.479867 1.397906 1e-06 0.0 -0.0 3.273806 0.305947 -0.580111 21.486809 11.830373 2.266131 8.162926 2e-06 0.0 18.399076 -3.798984 -4.940573 3e-06 1e-06 -0.0 12.665229 3.419662 8.046357 -0.130067 -0.506013 56.439907 1.363563 16.767355 16.51018 2.087073 -2.04573 -3.083618 0.0 -1e-06 2e-06 14.715458 -0.20809 2.037544 0.014561 -0.302336 3.298979 -4.571111 -11.326818 3.712699 -1.404039 1.035688 -0.049694 0.0 0.0 -1e-06 
0.0 0.0 0.0 0.0 -0.0 0.0 8.737699 98.234657 339.886749 -8.955403 4.374159 -10.641974 2.990312 -0.026305 1.766356 -0.192011 -1.711054 -4.755992 0.646676 -3.648655 12.872096 1.710319 2.325463 17.703449 -0.890582 -0.370414 -3.762153 1.40909 -1.680641 -13.6703 7.7e-05 -2.2e-05 6e-06 0.015253 0.068475 0.021214 0.64001 -3.676808 -10.533984 -0.607855 3.825823 -10.534973 -12.940507 -8.181035 15.93896 -58.601215 -5.50951 15.979967 -0.850208 -31.28549 0.319145 10.123288 2.570811 -25.293682 -5.882109 9.861292 0.70259 -10.936875 -0.360574 7.156208 -0.0 8.77483 -1e-06 -15.739012 17.781029 6.328262 -1.844033 2.498505 -2.507278 -10.163602 4.678949 4.62111 -20.97603 -2e-06 1e-06 -21.226292 2.451699 -3.594003 1e-06 -6e-06 1e-06 -1.362682 2.240799 -0.746323 -21.334917 0.584911 3.008324 -13.821217 -1e-06 1e-06 -23.887177 -0.249078 -0.839483 -60.131443 2.71719 -0.812613 -0.294025 1.679688 0.833257 -14.218212 0.093216 1.300581 -34.212063 -0.287563 0.967169 -20.03322 0.964537 1.212844 0.0 0.0 -0.0 -3.440389 0.788235 0.501656 -15.928189 -3.167309 2.999708 -6.338828 -1e-06 0.0 -18.123453 3.648185 -4.905673 -3e-06 0.0 -1e-06 14.373081 7.63043 16.011009 65.333267 10.698991 14.940414 0.280502 20.819656 0.031631 -8.137256 1.737977 -16.941481 2.243541 -5.255037 -3.180158 14.282889 -0.826595 6.952506 -2e-06 -12.690608 1e-06 16.101797 -17.476 2.988765 1.665666 -1.955922 -2.878299 4.727798 -4.170588 4.993926 11.020525 4e-06 0.0 12.10905 -3.735717 -2.866784 -0.0 0.0 -0.0 1.291985 -1.928549 -1.49809 14.800125 0.567468 3.865609 14.242569 -1.341737 -6.660658 19.631968 0.143925 -0.648244 49.589638 -0.421298 -5.890605 0.35303 -1.511151 -0.03194 20.222788 3.684311 2.316633 18.78727 3e-06 2e-06 10.751631 -0.479869 1.397907 -0.0 1e-06 1e-06 3.273806 0.305948 -0.580111 21.486811 11.830377 2.266136 8.162928 2e-06 1e-06 18.39908 -3.798987 -4.940574 4e-06 1e-06 -1e-06 11.088181 2.985735 3.850684 -0.122744 -0.27642 60.51907 1.184112 17.782455 11.777149 2.045437 -2.03442 -2.989858 0.0 1e-06 2e-06 14.436756 -0.185398 4.325734 -0.002951 -0.274361 2.490485 -4.408577 -11.092957 2.620375 -1.402809 1.042786 0.001707 0.0 0.0 -1e-06 
0.0 0.0 0.0 0.0 -0.0 0.0 8.715689 98.453583 342.158569 -7.988084 3.836253 -10.670881 2.788037 0.130085 2.122687 -0.251812 -1.308987 -4.580805 0.138 -3.277059 12.65923 1.491814 2.442891 17.630329 -0.928153 -0.379697 -3.736387 1.587244 -1.834139 -13.903908 7.7e-05 -2.2e-05 6e-06 0.011559 0.079427 0.029329 0.641944 -3.666417 -10.524881 -0.618406 3.837672 -10.527251 -12.702602 -7.708214 15.79425 -59.280628 -5.410686 15.127459 -0.79926 -31.024107 0.280803 10.498949 2.563924 -25.610577 -5.882111 9.861293 0.702591 -10.93688 -0.360576 7.156209 1e-06 8.774832 -1e-06 -15.687621 17.717268 6.308587 -1.844034 2.498507 -2.507279 -10.163607 4.678948 4.621112 -20.97604 -2e-06 2e-06 -21.226303 2.451699 -3.594003 0.0 -6e-06 -1e-06 -1.362683 2.2408 -0.746324 -21.33493 0.584911 3.008324 -13.821225 -2e-06 0.0 -23.887192 -0.24908 -0.839486 -60.021381 2.71227 -0.888382 -0.294025 1.679688 0.833256 -14.218219 0.093214 1.300581 -34.212082 -0.287564 0.967169 -20.033232 0.964537 1.212843 0.0 0.0 -0.0 -3.440391 0.788235 0.501656 -15.9282 -3.167313 2.999709 -6.33883 -1e-06 1e-06 -18.123463 3.648186 -4.905675 -3e-06 1e-06 -1e-06 13.551309 8.370493 16.159857 65.483765 11.646313 15.052216 0.252886 21.024475 0.052949 -8.896175 1.536328 -17.370035 2.243542 -5.255037 -3.180157 14.282896 -0.826594 6.952502 -3e-06 -12.690607 -0.0 16.041718 -17.418715 3.021452 1.665667 -1.955922 -2.878299 4.7278 -4.170588 4.993924 11.02053 3e-06 -2e-06 12.109056 -3.735716 -2.866785 0.0 0.0 0.0 1.291985 -1.92855 -1.498089 14.800132 0.56747 3.865606 14.242576 -1.341736 -6.660659 19.631971 0.143928 -0.648243 49.466831 -0.470446 -5.93734 0.353029 -1.511151 -0.03194 20.222797 3.684312 2.316629 18.787279 8e-06 0.0 10.751631 -0.479868 1.397906 -0.0 0.0 0.0 3.273808 0.305947 -0.580111 21.48682 11.830379 2.266132 8.16293 2e-06 -0.0 18.399088 -3.798984 -4.940578 4e-06 1e-06 -1e-06 9.183291 2.430876 -0.121448 -0.102143 -0.105489 61.791321 0.335446 18.398651 7.298537 2.000467 -2.042292 -3.070299 0.0 0.0 2e-06 13.632375 -0.079501 6.372998 0.015339 -0.242335 1.872727 -4.328541 -10.75927 1.474106 -1.409399 1.010218 0.093889 0.0 0.0 -1e-06 
0.0 0.0 0.0 0.0 -0.0 0.0 8.708424 98.642014 344.312531 -6.850855 3.270975 -10.587917 2.543235 0.270059 2.414743 -0.317032 -0.853097 -4.405225 -0.440098 -2.849831 12.475873 1.166809 2.648509 17.443544 -0.948084 -0.514227 -3.719987 1.810692 -1.978908 -14.102239 7.7e-05 -2.3e-05 6e-06 0.007833 0.066682 0.038449 0.645511 -3.678968 -10.51508 -0.630859 3.824382 -10.518926 -12.759315 -7.163091 15.678795 -59.419998 -5.172124 14.648786 -0.617596 -31.514046 0.189368 10.695602 2.495702 -26.154886 -5.882106 9.86129 0.70259 -10.936871 -0.360575 7.156205 0.0 8.774829 -2e-06 -15.676429 17.706287 6.294209 -1.844033 2.498504 -2.507278 -10.163599 4.678945 4.621108 -20.976023 -5e-06 2e-06 -21.226286 2.451697 -3.594001 1e-06 -6e-06 -1e-06 -1.362681 2.240798 -0.746323 -21.334913 0.58491 3.008322 -13.821214 -3e-06 -0.0 -23.887171 -0.24908 -0.839484 -60.012783 2.695846 -0.969388 -0.294025 1.679689 0.833256 -14.218208 0.093214 1.30058 -34.212048 -0.287565 0.96717 -20.033211 0.964536 1.212843 0.0 0.0 -1e-06 -3.440389 0.788234 0.501656 -15.928185 -3.167312 2.999707 -6.338826 -1e-06 1e-06 -18.123447 3.648183 -4.905673 -3e-06 0.0 -2e-06 12.652272 9.193779 16.210983 65.724327 12.460263 15.599171 0.181242 21.43561 0.068742 -9.337452 1.419536 -17.569174 2.243543 -5.25504 -3.180159 14.282896 -0.826596 6.952503 -0.0 -12.69061 1e-06 16.007776 -17.365238 2.998305 1.665667 -1.955922 -2.878299 4.727801 -4.17059 4.993924 11.020529 2e-06 -1e-06 12.109056 -3.735718 -2.866786 -0.0 0.0 -1e-06 1.291986 -1.92855 -1.49809 14.800132 0.567466 3.865607 14.242577 -1.34174 -6.66066 19.631975 0.143925 -0.648247 49.345249 -0.507934 -5.997721 0.353029 -1.511152 -0.03194 20.222801 3.684309 2.31663 18.787281 2e-06 -3e-06 10.751633 -0.479868 1.397904 1e-06 -0.0 0.0 3.273808 0.305947 -0.58011 21.48682 11.830381 2.266132 8.16293 1e-06 -3e-06 18.399088 -3.798988 -4.940579 4e-06 1e-06 -1e-06 7.509234 1.972902 -3.731982 -0.060648 0.021825 60.431561 -0.677438 18.678156 3.611916 1.957519 -2.073909 -3.110014 0.0 1e-06 2e-06 12.593113 0.034852 8.015203 0.037814 -0.211767 1.661068 -4.292554 -10.311932 0.215561 -1.421829 0.961385 0.159514 0.0 0.0 -1e-06 
0.0 0.0 0.0 0.0 -0.0 0.0 8.707229 98.766769 346.396637 -5.700813 2.715557 -10.40059 2.285369 0.374934 2.625373 -0.381467 -0.351485 -4.236049 -1.005295 -2.429907 12.375021 0.786475 2.912364 17.109255 -0.963023 -0.683591 -3.728752 2.023429 -2.159537 -14.319418 7.7e-05 -2.2e-05 6e-06 0.007095 0.040473 0.044195 0.646689 -3.70474 -10.505408 -0.634976 3.796601 -10.513077 -13.110682 -6.618353 15.595287 -59.049923 -4.965742 14.445803 -0.387959 -32.396103 0.080105 10.826346 2.383265 -26.631861 -5.882112 9.861293 0.70259 -10.93688 -0.360575 7.156209 0.0 8.774831 -1e-06 -15.668389 17.761194 6.306807 -1.844035 2.498507 -2.507279 -10.16361 4.678948 4.62111 -20.97604 -4e-06 0.0 -21.226305 2.451698 -3.594002 0.0 -6e-06 -0.0 -1.362683 2.2408 -0.746324 -21.33493 0.58491 3.008323 -13.821227 -2e-06 0.0 -23.887194 -0.249079 -0.839487 -60.088562 2.70407 -1.0223 -0.294025 1.679688 0.833256 -14.218222 0.093215 1.30058 -34.212082 -0.287563 0.967168 -20.033232 0.964536 1.212842 0.0 0.0 -1e-06 -3.440391 0.788234 0.501656 -15.928201 -3.167312 2.999707 -6.338832 -0.0 0.0 -18.123463 3.648186 -4.905675 -4e-06 0.0 -2e-06 11.851322 9.983039 16.201376 65.838875 13.255553 16.55538 0.137936 21.972942 0.070178 -9.573582 1.424004 -17.550535 2.243544 -5.255041 -3.180158 14.282901 -0.826595 6.952505 -2e-06 -12.690615 1e-06 16.002842 -17.335793 2.942164 1.665668 -1.955924 -2.878299 4.727802 -4.170591 4.993925 11.020535 2e-06 -2e-06 12.109061 -3.735719 -2.866786 -1e-06 0.0 -1e-06 1.291986 -1.928551 -1.49809 14.800139 0.567468 3.865607 14.242584 -1.341737 -6.660664 19.631979 0.143927 -0.648248 49.276821 -0.51849 -6.009107 0.35303 -1.511152 -0.031941 20.222805 3.684314 2.316629 18.787289 4e-06 -4e-06 10.751636 -0.479868 1.397904 -1e-06 1e-06 -1e-06 3.273809 0.305947 -0.580111 21.486828 11.830385 2.266133 8.16293 2e-06 -3e-06 18.399094 -3.798988 -4.940582 4e-06 1e-06 -1e-06 6.267571 1.719122 -6.894717 0.005767 0.132699 56.685856 -1.379508 18.797785 1.100005 1.912691 -2.105057 -3.069403 -0.0 1e-06 1e-06 11.467283 0.112442 9.308066 0.045666 -0.173631 1.824472 -4.200534 -9.820969 -1.274949 -1.437497 0.92349 0.22526 -0.0 0.0 -1e-06 
0.0 0.0 0.0 0.0 -0.0 0.0 8.713922 98.836899 348.443604 -4.585149 2.176022 -10.088938 2.010876 0.444551 2.774769 -0.440115 0.174672 -4.098805 -1.520654 -2.035113 12.335613 0.36982 3.176944 16.689465 -0.970035 -0.844656 -3.764357 2.168152 -2.344478 -14.609057 7.7e-05 -2.2e-05 6e-06 0.009755 0.016976 0.043062 0.640509 -3.72784 -10.495778 -0.624685 3.770957 -10.510381 -13.656897 -6.159743 15.518556 -58.401794 -4.876799 14.394287 -0.141537 -33.291935 -0.036453 10.966208 2.295863 -26.973347 -5.882106 9.861284 0.70259 -10.936872 -0.360574 7.156206 0.0 8.774824 -1e-06 -15.646987 17.837029 6.327037 -1.844032 2.498504 -2.507278 -10.163599 4.678945 4.621109 -20.976021 -4e-06 2e-06 -21.226286 2.451698 -3.594 1e-06 -6e-06 -0.0 -1.362681 2.240798 -0.746323 -21.334913 0.584911 3.008324 -13.821213 -2e-06 2e-06 -23.887167 -0.249077 -0.839482 -60.166912 2.718338 -1.03712 -0.294025 1.679685 0.833256 -14.218207 0.093215 1.300581 -34.212048 -0.287562 0.967171 -20.033211 0.964538 1.212842 0.0 0.0 -1e-06 -3.440388 0.788233 0.501656 -15.928185 -3.167307 2.999708 -6.338825 1e-06 1e-06 -18.123444 3.648185 -4.905669 -3e-06 1e-06 -1e-06 11.1824 10.696338 16.161009 65.81778 14.148155 17.717052 0.144467 22.458792 0.045031 -9.739999 1.484516 -17.401957 2.24354 -5.255034 -3.180156 14.282887 -0.826594 6.952501 -3e-06 -12.690599 0.0 16.001225 -17.323217 2.876634 1.665666 -1.955921 -2.878298 4.727797 -4.170586 4.993922 11.020524 3e-06 -2e-06 12.109052 -3.735713 -2.866783 -1e-06 0.0 -2e-06 1.291986 -1.928549 -1.498089 14.800125 0.567469 3.865606 14.242568 -1.341735 -6.660657 19.631966 0.143928 -0.648244 49.240452 -0.505779 -5.984006 0.353029 -1.51115 -0.031941 20.222786 3.684311 2.316628 18.78727 5e-06 0.0 10.751624 -0.479868 1.397905 -1e-06 1e-06 -0.0 3.273806 0.305946 -0.58011 21.486809 11.83037 2.266132 8.162926 4e-06 0.0 18.399076 -3.798983 -4.940573 3e-06 1e-06 -1e-06 5.384173 1.678925 -9.739178 0.098159 0.245556 50.936794 -1.402371 18.977207 0.119355 1.869314 -2.121723 -2.961444 0.0 -0.0 2e-06 10.337564 0.181891 10.315151 0.034337 -0.11017 2.203322 -4.084043 -9.341316 -2.869444 -1.450343 0.909404 0.368526 -0.0 0.0 -1e-06 
0.0 0.0 0.0 0.0 -0.0 0.0 8.744628 98.855522 350.518188 -3.566328 1.722364 -9.657293 1.731478 0.482019 2.861655 -0.493914 0.653149 -4.015947 -1.951765 -1.666834 12.330233 -0.069475 3.415251 16.268784 -0.980828 -0.957033 -3.794674 2.27467 -2.513524 -14.982174 7.7e-05 -2.2e-05 6e-06 0.014581 0.009725 0.041856 0.628453 -3.735451 -10.482665 -0.603925 3.762551 -10.506782 -14.279709 -5.807544 15.396449 -57.711998 -4.873802 14.365875 0.078005 -33.96228 -0.120433 11.134665 2.224562 -27.221861 -5.882109 9.861287 0.70259 -10.936875 -0.360576 7.156204 1e-06 8.774827 -2e-06 -15.640928 17.888659 6.303125 -1.844034 2.498506 -2.507278 -10.163604 4.678946 4.621109 -20.976034 -4e-06 -0.0 -21.226294 2.451696 -3.594003 1e-06 -5e-06 -0.0 -1.362682 2.240799 -0.746324 -21.334921 0.58491 3.00832 -13.82122 -3e-06 -0.0 -23.88718 -0.249082 -0.839485 -60.203384 2.708917 -1.052757 -0.294025 1.679688 0.833256 -14.218214 0.093214 1.300578 -34.212067 -0.287568 0.967166 -20.033222 0.964534 1.212842 0.0 0.0 -1e-06 -3.44039 0.788233 0.501655 -15.928192 -3.16731 2.999705 -6.338829 -1e-06 0.0 -18.123455 3.648182 -4.905674 -3e-06 0.0 -1e-06 10.589338 11.338993 16.091623 65.813805 15.119341 18.913303 0.177783 22.716801 0.013602 -9.895889 1.491013 -17.19138 2.243542 -5.25504 -3.180159 14.282898 -0.826595 6.952507 -2e-06 -12.69061 -1e-06 16.002663 -17.342573 2.821579 1.665668 -1.955922 -2.8783 4.727801 -4.170589 4.993925 11.020534 2e-06 -2e-06 12.109059 -3.735719 -2.866788 -0.0 0.0 -1e-06 1.291986 -1.928551 -1.498089 14.800136 0.567469 3.865607 14.242579 -1.341738 -6.660662 19.631973 0.143925 -0.648246 49.221844 -0.480439 -5.968075 0.353029 -1.511153 -0.031941 20.222803 3.684313 2.31663 18.787285 4e-06 -2e-06 10.751633 -0.479869 1.397906 1e-06 -0.0 1e-06 3.273808 0.305948 -0.580112 21.486824 11.830383 2.266133 8.16293 2e-06 -1e-06 18.399096 -3.798985 -4.940581 3e-06 1e-06 -2e-06 4.741568 1.854581 -12.263417 0.189398 0.341911 43.970264 -0.750838 19.064125 0.954009 1.829174 -2.132914 -2.909583 0.0 -0.0 3e-06 9.314049 0.379371 11.137127 -0.000574 -0.028537 2.576416 -3.998721 -9.020669 -4.448182 -1.457468 0.913131 0.579801 -0.0 0.0 -1e-06 
0.0 0.0 0.0 0.0 -0.0 0.0 8.816693 98.844719 352.686615 -2.708451 1.356406 -9.158593 1.5064 0.47793 2.918946 -0.560196 1.018089 -3.987214 -2.283385 -1.278814 12.31726 -0.499012 3.604923 15.891801 -1.000979 -1.010388 -3.801083 2.372517 -2.652215 -15.401387 7.7e-05 -2.2e-05 6e-06 0.01853 0.014573 0.041546 0.620959 -3.732076 -10.481064 -0.589357 3.768275 -10.512569 -14.77922 -5.54 15.227538 -57.210262 -4.887271 14.30764 0.221893 -34.446976 -0.150837 11.311312 2.190146 -27.377367 -5.882106 9.861289 0.70259 -10.936873 -0.360575 7.156206 1e-06 8.774829 -2e-06 -15.626961 17.912079 6.254714 -1.844032 2.498505 -2.507278 -10.1636 4.678944 4.621109 -20.976025 -4e-06 1e-06 -21.226288 2.451697 -3.594001 1e-06 -5e-06 -0.0 -1.362682 2.240799 -0.746323 -21.334915 0.584909 3.008324 -13.821215 -2e-06 2e-06 -23.887171 -0.249079 -0.839482 -60.181229 2.700526 -1.07878 -0.294025 1.679688 0.833256 -14.21821 0.093213 1.30058 -34.212048 -0.287565 0.967171 -20.033215 0.964537 1.212845 1e-06 -0.0 -0.0 -3.440389 0.788233 0.501655 -15.928187 -3.167311 2.999707 -6.338827 -0.0 0.0 -18.123447 3.648184 -4.905674 -3e-06 0.0 -1e-06 9.965353 11.929552 15.980013 65.996468 16.098362 20.067987 0.217253 22.715822 0.000736 -10.005502 1.401118 -17.000923 2.243544 -5.255039 -3.180159 14.2829 -0.826598 6.952503 -0.0 -12.69061 -1e-06 16.008139 -17.381292 2.785606 1.665667 -1.955922 -2.878299 4.727802 -4.17059 4.993923 11.020535 1e-06 -2e-06 12.10906 -3.735718 -2.866785 -0.0 -0.0 -0.0 1.291986 -1.92855 -1.498088 14.800139 0.567466 3.865604 14.242584 -1.341738 -6.660662 19.631981 0.143925 -0.648247 49.190502 -0.453755 -5.962118 0.35303 -1.511151 -0.031938 20.222805 3.68431 2.316628 18.787287 5e-06 -5e-06 10.751637 -0.479868 1.397906 0.0 0.0 -1e-06 3.273808 0.305948 -0.580111 21.486828 11.830379 2.266131 8.16293 1e-06 -2e-06 18.399096 -3.798985 -4.940581 3e-06 -0.0 -1e-06 4.239695 2.384377 -14.371135 0.257392 0.423325 36.265152 0.231516 18.698763 3.199353 1.783727 -2.131407 -2.831044 0.0 0.0 2e-06 8.464307 0.665824 12.168679 -0.037885 0.037924 2.36197 -3.989844 -8.863958 -5.584594 -1.459748 0.932584 0.803641 -0.0 0.0 -1e-06 
0.0 0.0 0.0 0.0 -0.0 0.0 8.949323 98.785728 354.948486 -2.029477 1.043751 -8.655437 1.357163 0.444573 2.951412 -0.634123 1.243045 -3.990465 -2.519511 -0.846758 12.281582 -0.896438 3.723447 15.55261 -1.006108 -1.045041 -3.797873 2.452896 -2.779215 -15.805407 7.7e-05 -2.3e-05 6e-06 0.022629 0.025754 0.047296 0.625368 -3.725512 -10.503706 -0.586463 3.783866 -10.536493 -15.028763 -5.307106 15.141 -57.002403 -4.962742 14.284376 0.329951 -34.868366 -0.178607 11.40634 2.240239 -27.251137 -5.882112 9.861292 0.70259 -10.93688 -0.360575 7.156208 -0.0 8.77483 -1e-06 -15.593428 17.904034 6.228108 -1.844034 2.498506 -2.507279 -10.163606 4.678948 4.621109 -20.976038 -2e-06 -0.0 -21.226303 2.451699 -3.594005 1e-06 -5e-06 -1e-06 -1.362683 2.240798 -0.746324 -21.334929 0.584912 3.008322 -13.821223 -2e-06 0.0 -23.887184 -0.249079 -0.839486 -60.167805 2.686641 -1.105074 -0.294025 1.679687 0.833256 -14.218219 0.093216 1.30058 -34.212078 -0.287562 0.967166 -20.033228 0.964536 1.212842 1e-06 0.0 -1e-06 -3.44039 0.788233 0.501656 -15.928196 -3.16731 2.999707 -6.33883 0.0 1e-06 -18.123459 3.648185 -4.905675 -3e-06 -1e-06 -1e-06 9.225638 12.48349 15.79792 66.509087 17.00061 21.076172 0.248036 22.506927 -0.000827 -10.051372 1.248952 -16.826679 2.243543 -5.255037 -3.180159 14.282895 -0.826594 6.952502 -2e-06 -12.690605 2e-06 16.019358 -17.397543 2.78282 1.665667 -1.955922 -2.878299 4.727799 -4.170588 4.993924 11.020529 2e-06 -2e-06 12.109056 -3.735718 -2.866784 0.0 -0.0 1e-06 1.291986 -1.92855 -1.49809 14.800129 0.567469 3.865607 14.242576 -1.341736 -6.660661 19.631969 0.143925 -0.648247 49.158455 -0.440477 -5.933112 0.353029 -1.51115 -0.03194 20.222792 3.68431 2.316628 18.787273 4e-06 -3e-06 10.751631 -0.479867 1.397904 0.0 -1e-06 -0.0 3.273807 0.305946 -0.580112 21.48682 11.830376 2.266132 8.162928 2e-06 -1e-06 18.399086 -3.798984 -4.940577 3e-06 1e-06 -1e-06 3.745047 3.404097 -15.961691 0.280378 0.48797 27.933273 0.685356 17.426178 6.039043 1.732936 -2.125368 -2.668071 0.0 -1e-06 2e-06 7.744618 0.947569 13.24659 -0.051606 0.074226 2.053165 -3.922239 -8.788959 -6.615391 -1.457448 0.965328 0.983654 -0.0 0.0 -1e-06 
0.0 0.0 0.0 0.0 -0.0 0.0 9.148861 98.642609 357.285522 -1.614788 0.752726 -8.212188 1.313516 0.390795 2.947005 -0.68402 1.358038 -4.002317 -2.628969 -0.475681 12.230703 -1.266888 3.843516 15.237746 -0.985197 -1.102183 -3.812795 2.511051 -2.845305 -16.174053 7.7e-05 -2.2e-05 6e-06 0.026496 0.037003 0.055147 0.634761 -3.718157 -10.536155 -0.589148 3.798955 -10.56404 -15.024803 -5.061361 15.170296 -57.106949 -5.069872 14.291595 0.419117 -35.250675 -0.206924 11.386314 2.34269 -26.949739 -5.88211 9.861288 0.70259 -10.936875 -0.360575 7.156206 0.0 8.774827 -0.0 -15.568723 17.870945 6.243622 -1.844033 2.498507 -2.507278 -10.163604 4.678947 4.621109 -20.976032 -2e-06 -0.0 -21.226294 2.451697 -3.594003 0.0 -5e-06 -0.0 -1.362682 2.240798 -0.746324 -21.334921 0.584912 3.008322 -13.821218 -1e-06 1e-06 -23.887178 -0.249078 -0.839484 -60.193146 2.666831 -1.085944 -0.294025 1.679688 0.833256 -14.218214 0.093214 1.300579 -34.212063 -0.287564 0.967167 -20.03322 0.964535 1.212843 1e-06 0.0 -1e-06 -3.440389 0.788234 0.501656 -15.928192 -3.167308 2.999707 -6.338829 -0.0 0.0 -18.123455 3.648184 -4.905674 -4e-06 -1e-06 -1e-06 8.394093 12.989975 15.653131 67.301689 17.822926 21.826794 0.261487 22.267809 -0.011529 -9.971515 1.129607 -16.611496 2.243544 -5.255039 -3.180159 14.2829 -0.826596 6.952506 -1e-06 -12.690611 -2e-06 16.030409 -17.378916 2.80876 1.665668 -1.955923 -2.878301 4.727801 -4.17059 4.993926 11.020534 0.0 -1e-06 12.10906 -3.735719 -2.866787 -0.0 -0.0 -0.0 1.291987 -1.928551 -1.498091 14.800138 0.567467 3.865608 14.24258 -1.341738 -6.660664 19.631981 0.143925 -0.648248 49.166985 -0.465498 -5.883787 0.35303 -1.511152 -0.031941 20.222803 3.684309 2.316629 18.787287 2e-06 -2e-06 10.751636 -0.479868 1.397905 0.0 0.0 -1e-06 3.273809 0.305946 -0.580112 21.486826 11.83038 2.266135 8.16293 1e-06 -1e-06 18.399094 -3.798988 -4.940581 2e-06 1e-06 -2e-06 3.209925 4.92145 -17.082262 0.233628 0.518568 19.681343 -0.057249 15.5872 8.243937 1.683647 -2.106112 -2.437567 -0.0 -0.0 2e-06 7.27608 1.279498 14.333039 -0.053096 0.080074 1.96743 -3.745574 -8.747535 -7.651226 -1.453445 0.986085 1.069701 0.0 0.0 -1e-06 
0.0 0.0 0.0 0.0 -0.0 0.0 9.405859 98.424492 359.70105 -1.435121 0.488446 -7.827045 1.35482 0.330173 2.884901 -0.68866 1.416633 -4.035127 -2.62869 -0.262791 12.196735 -1.626471 3.998839 14.924501 -0.978072 -1.124002 -3.81759 2.533418 -2.869977 -16.484518 7.7e-05 -2.3e-05 6e-06 0.026786 0.040962 0.064486 0.639701 -3.717171 -10.563162 -0.594673 3.805998 -10.587116 -14.996424 -4.823812 15.250045 -57.262779 -5.105565 14.330183 0.469641 -35.579067 -0.214653 11.257793 2.451111 -26.634798 -5.882109 9.861295 0.70259 -10.936875 -0.360575 7.156205 0.0 8.774833 -1e-06 -15.553889 17.833475 6.275931 -1.844034 2.498506 -2.507279 -10.163604 4.67895 4.621108 -20.976034 -6e-06 -1e-06 -21.226301 2.451697 -3.594005 -0.0 -5e-06 -0.0 -1.362682 2.2408 -0.746324 -21.334923 0.584909 3.008321 -13.82122 -3e-06 -0.0 -23.887178 -0.249082 -0.839486 -60.226444 2.664283 -1.047975 -0.294024 1.679691 0.833256 -14.218215 0.093215 1.300578 -34.212067 -0.287568 0.967164 -20.03322 0.964533 1.212843 0.0 0.0 -1e-06 -3.44039 0.788234 0.501655 -15.928192 -3.167313 2.999705 -6.338829 -1e-06 -0.0 -18.123453 3.648187 -4.905678 -4e-06 1e-06 -2e-06 7.673715 13.404234 15.641159 68.082024 18.526608 22.394276 0.243547 22.252884 -0.055442 -9.750751 1.054587 -16.453693 2.243544 -5.255041 -3.180158 14.282904 -0.826599 6.952505 0.0 -12.690616 -0.0 16.042097 -17.38484 2.843603 1.66567 -1.955924 -2.878301 4.727804 -4.170593 4.993925 11.020538 -0.0 -2e-06 12.109064 -3.735722 -2.866787 -0.0 -0.0 -0.0 1.291987 -1.92855 -1.498089 14.800142 0.567465 3.865608 14.242586 -1.34174 -6.660665 19.631985 0.143924 -0.648248 49.238708 -0.513079 -5.856826 0.35303 -1.511154 -0.031939 20.222807 3.684309 2.316628 18.787292 2e-06 -5e-06 10.751639 -0.479869 1.397906 0.0 0.0 -2e-06 3.27381 0.305946 -0.580111 21.486832 11.830382 2.26613 8.162934 0.0 -3e-06 18.399099 -3.798987 -4.940586 4e-06 1e-06 -0.0 2.588565 6.634963 -17.925634 0.129599 0.496825 12.285349 -1.830671 13.832763 9.276315 1.644964 -2.075727 -2.306091 0.0 -0.0 2e-06 7.065422 1.732919 15.526853 -0.057721 0.062538 1.846471 -3.519491 -8.837316 -8.605094 -1.45173 0.97358 1.020794 0.0 0.0 -1e-06 
0.0 0.0 0.0 0.0 -0.0 0.0 9.7449 98.113953 362.231537 -1.369921 0.167127 -7.481874 1.429911 0.282742 2.76813 -0.661164 1.458154 -4.106134 -2.523644 -0.175977 12.218145 -2.063222 4.208438 14.622355 -0.951023 -1.078332 -3.802425 2.516778 -2.852973 -16.722553 7.7e-05 -2.2e-05 6e-06 0.022474 0.039062 0.07245 0.632901 -3.721283 -10.577413 -0.597662 3.806236 -10.599693 -15.173848 -4.5989 15.353604 -57.220921 -5.09123 14.379125 0.436383 -35.731888 -0.219695 11.08569 2.468182 -26.349997 -5.88211 9.861292 0.702588 -10.936877 -0.360577 7.156205 1e-06 8.77483 -2e-06 -15.51224 17.804745 6.307934 -1.844035 2.498506 -2.507279 -10.163607 4.678946 4.621107 -20.97604 -6e-06 -3e-06 -21.226307 2.451697 -3.594007 1e-06 -6e-06 -0.0 -1.362683 2.240798 -0.746324 -21.334929 0.584908 3.008319 -13.821225 -4e-06 -2e-06 -23.887184 -0.249083 -0.839487 -60.246647 2.712101 -1.047385 -0.294025 1.679688 0.833256 -14.218219 0.093214 1.300578 -34.212074 -0.287571 0.967163 -20.033226 0.964533 1.212842 1e-06 0.0 0.0 -3.44039 0.788234 0.501655 -15.928196 -3.167312 2.999705 -6.338831 -1e-06 0.0 -18.123459 3.648183 -4.905677 -3e-06 1e-06 -2e-06 7.191189 13.739318 15.756639 68.625206 19.089266 22.76449 0.268806 22.538143 -0.096208 -9.480696 1.049684 -16.295361 2.243545 -5.255041 -3.180161 14.282907 -0.826595 6.95251 -5e-06 -12.690616 0.0 16.047834 -17.412941 2.844801 1.665668 -1.955921 -2.878301 4.727804 -4.170592 4.99393 11.02054 4e-06 -1e-06 12.109066 -3.735717 -2.866787 -0.0 0.0 -0.0 1.291987 -1.92855 -1.49809 14.800146 0.567472 3.86561 14.242587 -1.341733 -6.660665 19.631987 0.143929 -0.648245 49.309742 -0.52681 -5.867819 0.353029 -1.511153 -0.03194 20.222818 3.684315 2.316631 18.787296 7e-06 0.0 10.751641 -0.479867 1.397908 -1e-06 1e-06 -2e-06 3.27381 0.305948 -0.580112 21.486841 11.83039 2.266132 8.162938 3e-06 0.0 18.399105 -3.798985 -4.940577 4e-06 -0.0 -0.0 1.840136 8.33516 -18.595217 0.00536 0.450192 6.170414 -3.939778 12.52258 9.383906 1.618473 -2.065697 -2.480185 -0.0 1e-06 1e-06 6.94895 2.248861 16.777208 -0.062588 0.039009 1.766386 -3.248384 -8.954993 -9.617062 -1.453146 0.927561 0.932862 0.0 0.0 -1e-06 
0.0 0.0 0.0 0.0 -0.0 0.0 10.18769 97.706863 364.833191 -1.33515 -0.260842 -7.186975 1.54225 0.241987 2.626696 -0.62121 1.50616 -4.175957 -2.369841 -0.138503 12.260691 -2.598826 4.456666 14.33975 -0.901515 -1.000272 -3.780992 2.509084 -2.783078 -16.840662 7.7e-05 -2.2e-05 6e-06 0.016268 0.032058 0.078195 0.620744 -3.727415 -10.568521 -0.599055 3.79837 -10.590465 -15.582595 -4.414077 15.398551 -56.927555 -4.993667 14.528031 0.376668 -35.720207 -0.224625 10.927416 2.428694 -26.208853 -5.882112 9.86129 0.70259 -10.936878 -0.360574 7.156208 0.0 8.77483 -1e-06 -15.48218 17.768703 6.307186 -1.844034 2.498505 -2.507279 -10.163608 4.678947 4.621109 -20.97604 -4e-06 -0.0 -21.226303 2.451698 -3.594004 1e-06 -5e-06 -1e-06 -1.362683 2.240799 -0.746324 -21.33493 0.584911 3.008322 -13.821227 -2e-06 -1e-06 -23.887188 -0.24908 -0.839486 -60.255985 2.754503 -1.067926 -0.294026 1.679688 0.833256 -14.21822 0.093215 1.300579 -34.212078 -0.287566 0.967167 -20.03323 0.964536 1.212843 0.0 0.0 -1e-06 -3.440391 0.788234 0.501655 -15.928201 -3.16731 2.999706 -6.338832 -0.0 0.0 -18.123463 3.648186 -4.905677 -3e-06 1e-06 -2e-06 6.924139 14.033515 15.872396 68.916847 19.394129 22.97806 0.407646 23.093714 -0.078893 -9.178828 1.16447 -16.093018 2.24354 -5.255034 -3.180156 14.282885 -0.826592 6.952497 -5e-06 -12.690601 -0.0 16.038605 -17.432722 2.797963 1.665665 -1.95592 -2.878299 4.727796 -4.170586 4.993919 11.020522 4e-06 -2e-06 12.109048 -3.735713 -2.866786 -0.0 -0.0 -0.0 1.291985 -1.928548 -1.498089 14.800122 0.567471 3.865604 14.242566 -1.341734 -6.660657 19.631962 0.14393 -0.648245 49.329681 -0.49998 -5.926385 0.353029 -1.51115 -0.031939 20.222784 3.684312 2.316628 18.787268 9e-06 1e-06 10.751625 -0.479865 1.397905 1e-06 3e-06 -2e-06 3.273805 0.305946 -0.580111 21.486809 11.830376 2.266131 8.162924 3e-06 -1e-06 18.399076 -3.798981 -4.940575 4e-06 1e-06 -1e-06 1.03133 9.837101 -19.426125 -0.084553 0.396145 2.487695 -5.880942 11.81821 8.634405 1.596714 -2.089291 -2.783291 0.0 -0.0 2e-06 6.828263 2.832963 18.095732 -0.081571 0.016001 1.785754 -2.963401 -9.065648 -10.775067 -1.454678 0.879521 0.909826 0.0 0.0 -1e-06 
0.0 0.0 0.0 0.0 -0.0 0.0 10.721705 97.290581 367.485229 -1.227205 -0.7873 -6.968959 1.622887 0.243333 2.455425 -0.583324 1.55582 -4.229063 -2.25227 -0.153686 12.323464 -3.129482 4.720464 14.087063 -0.86303 -0.905642 -3.767714 2.576317 -2.610403 -16.708424 7.7e-05 -2.2e-05 6e-06 0.011496 0.036571 0.076333 0.618311 -3.719429 -10.549963 -0.606988 3.79975 -10.567932 -16.085636 -4.263443 15.390025 -56.526684 -4.812238 14.508765 0.20914 -35.572857 -0.175571 10.868009 2.353893 -26.421364 -5.882106 9.861291 0.70259 -10.936872 -0.360576 7.156206 -1e-06 8.774828 -2e-06 -15.501422 17.724815 6.25878 -1.844032 2.498506 -2.507278 -10.163601 4.678946 4.621109 -20.976027 -4e-06 1e-06 -21.226292 2.451699 -3.594002 1e-06 -5e-06 -0.0 -1.362681 2.240799 -0.746323 -21.334915 0.584911 3.008324 -13.821215 -1e-06 2e-06 -23.887171 -0.249077 -0.839485 -60.217552 2.759924 -1.065796 -0.294024 1.679688 0.833256 -14.218208 0.093214 1.300581 -34.212048 -0.287563 0.96717 -20.033218 0.964538 1.212842 0.0 0.0 0.0 -3.440389 0.788232 0.501656 -15.928185 -3.16731 2.999708 -6.338827 -0.0 1e-06 -18.123447 3.648183 -4.905673 -3e-06 1e-06 -1e-06 6.86427 14.284363 15.943083 69.015457 19.464565 23.360226 0.532604 23.703407 -0.029466 -8.778364 1.360693 -15.905396 2.243543 -5.255037 -3.180157 14.282887 -0.826595 6.952499 -0.0 -12.690605 1e-06 16.028118 -17.41087 2.748479 1.665666 -1.955921 -2.878298 4.727798 -4.17059 4.993922 11.020526 2e-06 -1e-06 12.109053 -3.735719 -2.866783 -0.0 -0.0 -0.0 1.291986 -1.92855 -1.49809 14.800125 0.567467 3.865607 14.242571 -1.341739 -6.660657 19.631964 0.143924 -0.648247 49.27393 -0.453705 -5.99763 0.353029 -1.51115 -0.03194 20.222786 3.684308 2.316631 18.78727 2e-06 -3e-06 10.751626 -0.479869 1.397905 1e-06 3e-06 -2e-06 3.273807 0.305948 -0.580111 21.486809 11.830372 2.266131 8.162926 2e-06 -1e-06 18.39908 -3.798988 -4.940576 4e-06 -0.0 -1e-06 0.349639 10.797804 -20.139963 -0.108252 0.360501 1.418826 -7.012006 11.822927 7.756495 1.587903 -2.095553 -2.91476 0.0 0.0 2e-06 6.603926 3.435571 19.51511 -0.118272 0.007667 1.888541 -2.729895 -9.192754 -11.714145 -1.455616 0.871062 0.884765 0.0 0.0 -1e-06 
0.0 0.0 0.0 0.0 -0.0 0.0 11.338991 96.96022 370.125397 -0.851337 -1.357458 -6.79087 1.491459 0.276619 2.194874 -0.561016 1.660356 -4.334948 -2.227368 -0.281086 12.444464 -3.484216 4.97525 13.884427 -0.855541 -0.737717 -3.691355 2.613189 -2.381859 -16.293201 7.7e-05 -2.3e-05 6e-06 0.015679 0.115 0.080558 0.632698 -3.645539 -10.546244 -0.612805 3.88176 -10.55758 -16.650591 -4.199597 15.228607 -56.135651 -4.404634 14.512401 0.104347 -35.206799 -0.135105 10.905215 2.434451 -27.172798 -5.88211 9.86129 0.70259 -10.936876 -0.360574 7.156208 -0.0 8.77483 -1e-06 -15.533059 17.60832 6.155986 -1.844034 2.498506 -2.507279 -10.163604 4.678949 4.62111 -20.976032 0.0 -1e-06 -21.226297 2.451699 -3.594005 -0.0 -5e-06 -0.0 -1.362683 2.240801 -0.746324 -21.334925 0.584911 3.008322 -13.821221 -1e-06 -0.0 -23.887182 -0.249079 -0.839488 -60.184513 2.678066 -1.06539 -0.294025 1.679687 0.833256 -14.218214 0.093215 1.300581 -34.212055 -0.287562 0.967167 -20.033218 0.964538 1.212843 1e-06 0.0 -1e-06 -3.440389 0.788234 0.501656 -15.928192 -3.16731 2.999708 -6.338828 -0.0 0.0 -18.123455 3.648185 -4.905675 -4e-06 1e-06 -2e-06 7.145214 14.405301 15.967048 68.948288 19.327662 24.066345 0.452243 24.070585 -0.001462 -8.351741 1.62317 -15.891897 2.243541 -5.255035 -3.180157 14.28289 -0.826594 6.952503 -2e-06 -12.6906 0.0 15.977599 -17.381697 2.71853 1.665666 -1.955922 -2.878298 4.727798 -4.170588 4.993925 11.020526 3e-06 0.0 12.109051 -3.735716 -2.866785 -0.0 -0.0 -0.0 1.291986 -1.92855 -1.49809 14.800129 0.567469 3.865609 14.242571 -1.341737 -6.660656 19.631969 0.143923 -0.648244 49.241001 -0.523677 -6.092396 0.353029 -1.51115 -0.03194 20.222794 3.684307 2.316631 18.787273 3e-06 3e-06 10.75163 -0.479868 1.397907 1e-06 3e-06 -1e-06 3.273806 0.305948 -0.58011 21.486813 11.830371 2.266135 8.162928 0.0 1e-06 18.399086 -3.798987 -4.940573 3e-06 1e-06 -1e-06 -0.290208 11.204024 -19.941061 -0.102141 0.289261 1.410536 -7.029613 12.125199 7.631944 1.578773 -2.102185 -2.835905 0.0 0.0 3e-06 5.90739 3.773246 20.922686 -0.128449 -0.023541 2.229082 -2.464131 -9.079157 -12.200225 -1.476175 0.869494 0.68891 -0.0 0.0 -1e-06 
0.0 0.0 0.0 0.0 -0.0 0.0 12.064309 96.78611 372.91684 -0.201438 -1.916236 -6.575258 1.094985 0.355767 1.692426 -0.561955 1.669994 -4.513603 -2.231771 -0.43017 12.639408 -3.765171 5.172251 13.817757 -0.806769 -0.481337 -3.715772 2.682581 -2.099806 -15.471014 7.7e-05 -2.2e-05 6e-06 0.01892 0.110387 0.068878 0.63794 -3.654989 -10.568799 -0.610774 3.881692 -10.574376 -17.423735 -4.116497 15.016416 -55.654251 -3.772899 14.430499 0.063165 -34.672768 -0.130884 11.067927 2.492348 -28.087015 -5.882108 9.86129 0.70259 -10.936874 -0.360575 7.156207 -0.0 8.774829 -2e-06 -15.458538 17.648859 6.233568 -1.844033 2.498505 -2.507278 -10.163602 4.678948 4.621109 -20.97603 -3e-06 1e-06 -21.226292 2.451699 -3.594002 -0.0 -5e-06 -1e-06 -1.362683 2.2408 -0.746324 -21.334921 0.584909 3.008323 -13.821218 -1e-06 1e-06 -23.88718 -0.249079 -0.839485 -60.157623 2.660896 -1.02789 -0.294025 1.679688 0.833256 -14.218212 0.093215 1.30058 -34.212063 -0.287564 0.967168 -20.033216 0.964536 1.212844 0.0 -0.0 0.0 -3.44039 0.788235 0.501655 -15.928191 -3.167311 2.999707 -6.338828 -0.0 0.0 -18.123453 3.648184 -4.905674 -4e-06 1e-06 -2e-06 7.904615 14.246837 16.005274 68.562469 18.984001 24.788527 0.275577 24.195599 -0.048772 -7.973051 1.851828 -16.064674 2.243543 -5.255037 -3.180158 14.282891 -0.826595 6.952502 -1e-06 -12.690603 -1e-06 15.958137 -17.365854 2.732227 1.665666 -1.955922 -2.8783 4.727799 -4.170588 4.993925 11.020527 2e-06 -1e-06 12.109053 -3.735717 -2.866786 0.0 -1e-06 -0.0 1.291985 -1.928549 -1.498089 14.800129 0.567466 3.865608 14.242572 -1.341738 -6.660658 19.631968 0.143925 -0.648249 49.25423 -0.50145 -6.09123 0.35303 -1.511152 -0.03194 20.222794 3.684307 2.316629 18.787273 4e-06 -2e-06 10.751629 -0.47987 1.397905 1e-06 2e-06 0.0 3.273807 0.305948 -0.580111 21.486813 11.830374 2.266132 8.162928 1e-06 -0.0 18.399082 -3.798985 -4.940576 3e-06 -0.0 -1e-06 -0.936166 11.130932 -18.929277 -0.06492 0.252032 1.802826 -6.503999 12.385199 8.876142 1.6239 -2.07211 -2.751955 0.0 0.0 3e-06 4.765397 3.898004 22.000982 -0.140987 0.019527 3.254166 -2.142039 -8.86479 -11.989515 -1.484238 0.920206 0.232015 0.0 0.0 -1e-06 
0.0 0.0 0.0 0.0 -0.0 0.0 12.86467 96.844193 375.788757 0.959337 -2.351713 -6.337413 0.32813 0.381921 1.058431 -0.606351 1.655107 -4.795751 -2.415834 -0.54344 12.908411 -3.893087 5.273466 13.823697 -0.723087 -0.17058 -3.741998 2.736093 -1.794571 -14.462757 7.7e-05 -2.3e-05 6e-06 0.025613 0.092296 0.049509 0.641499 -3.680202 -10.608309 -0.600061 3.870764 -10.615004 -18.369038 -4.095345 14.832663 -55.022804 -3.085573 14.425267 0.062613 -33.864342 -0.100605 11.145689 2.575085 -29.193602 -5.88211 9.861292 0.70259 -10.936878 -0.360575 7.156209 0.0 8.77483 -1e-06 -15.366653 17.690649 6.331654 -1.844033 2.498506 -2.507279 -10.163605 4.678948 4.621111 -20.976036 -4e-06 2e-06 -21.226295 2.451699 -3.594001 1e-06 -5e-06 -0.0 -1.362682 2.240799 -0.746324 -21.334925 0.584911 3.008324 -13.821221 -2e-06 2e-06 -23.887184 -0.249078 -0.839484 -60.116661 2.662927 -0.940552 -0.294025 1.679688 0.833256 -14.218217 0.093216 1.300581 -34.21207 -0.287562 0.96717 -20.033226 0.964538 1.212844 0.0 0.0 0.0 -3.44039 0.788234 0.501656 -15.928196 -3.167312 2.999709 -6.33883 -0.0 1e-06 -18.123457 3.648185 -4.905674 -4e-06 0.0 -2e-06 9.087827 13.844523 16.087933 67.963409 18.402414 24.826258 0.086114 24.13888 -0.098999 -7.9032 2.140602 -16.256762 2.243543 -5.255037 -3.180159 14.282896 -0.826597 6.952505 -1e-06 -12.690608 1e-06 15.965166 -17.363178 2.757441 1.665666 -1.955922 -2.8783 4.727801 -4.170588 4.993926 11.020531 3e-06 0.0 12.109058 -3.735719 -2.866783 -0.0 -1e-06 -0.0 1.291986 -1.928551 -1.498091 14.800136 0.567466 3.865608 14.242579 -1.341737 -6.660661 19.631975 0.143925 -0.648247 49.343498 -0.498263 -6.022455 0.35303 -1.511152 -0.031939 20.222801 3.684308 2.316632 18.787283 2e-06 -1e-06 10.751633 -0.479872 1.397906 1e-06 2e-06 -0.0 3.273808 0.305948 -0.58011 21.486824 11.830376 2.266135 8.162933 1e-06 1e-06 18.399096 -3.798988 -4.940575 2e-06 1e-06 0.0 -2.164703 10.861654 -17.650675 -0.012875 0.215376 2.063487 -5.477198 12.366799 11.994429 1.667113 -2.05761 -2.489342 0.0 1e-06 2e-06 2.798577 3.69022 22.444572 -0.150496 0.046475 5.477411 -1.494511 -8.49397 -10.95421 -1.488922 0.950185 -0.855197 0.0 0.0 -1e-06 
0.0 0.0 0.0 0.0 -0.0 0.0 13.723296 97.023247 378.774689 2.433155 -2.595036 -6.204561 -0.565704 0.380594 0.478169 -0.709841 1.628345 -5.118333 -2.815731 -0.632661 13.1011 -3.808181 5.238111 14.010647 -0.674479 0.07856 -3.748596 2.815643 -1.558444 -13.530745 7.7e-05 -2.3e-05 6e-06 0.03365 0.0933 0.027445 0.648014 -3.686202 -10.639097 -0.589645 3.87881 -10.656156 -18.915184 -4.102855 14.81739 -54.786346 -2.57289 14.540314 0.099274 -32.860451 -0.036059 11.074786 2.73421 -30.223911 -5.88211 9.861294 0.702591 -10.936879 -0.360575 7.156211 0.0 8.774833 -1e-06 -15.335788 17.688448 6.3373 -1.844033 2.498507 -2.507279 -10.163607 4.678948 4.621113 -20.976038 -4e-06 4e-06 -21.226299 2.4517 -3.594 1e-06 -6e-06 -1e-06 -1.362682 2.2408 -0.746324 -21.334929 0.58491 3.008327 -13.821223 -1e-06 3e-06 -23.887186 -0.249078 -0.839482 -60.101704 2.671792 -0.934638 -0.294025 1.679688 0.833257 -14.218219 0.093216 1.300582 -34.212074 -0.287562 0.967173 -20.033226 0.964538 1.212845 0.0 -0.0 0.0 -3.440391 0.788234 0.501656 -15.928196 -3.16731 2.999711 -6.33883 0.0 1e-06 -18.123459 3.648188 -4.905673 -5e-06 1e-06 -2e-06 9.999367 13.27482 16.105892 67.834724 17.50165 24.208242 -0.072972 24.110764 -0.125638 -8.324018 2.410653 -16.527302 2.243543 -5.25504 -3.180159 14.282897 -0.826596 6.952505 -1e-06 -12.690612 -0.0 15.968901 -17.366711 2.75056 1.665668 -1.955922 -2.878301 4.727801 -4.170592 4.993926 11.020529 3e-06 -3e-06 12.109058 -3.735718 -2.866787 0.0 -1e-06 1e-06 1.291986 -1.92855 -1.498089 14.800136 0.567468 3.865608 14.24258 -1.341738 -6.660662 19.631975 0.143926 -0.648247 49.411102 -0.521667 -6.004949 0.35303 -1.511151 -0.03194 20.222801 3.68431 2.316629 18.787283 5e-06 -3e-06 10.751632 -0.479869 1.397904 0.0 1e-06 -0.0 3.273808 0.305946 -0.58011 21.48682 11.830383 2.266132 8.16293 0.0 -1e-06 18.39909 -3.79899 -4.940579 3e-06 -0.0 0.0 -3.837984 10.609015 -16.088648 0.016444 0.20728 2.00469 -4.542895 12.007725 15.258317 1.703016 -2.049219 -2.031537 0.0 1e-06 2e-06 0.248519 3.110462 22.378479 -0.189317 0.07367 8.956393 -0.494363 -7.947315 -8.868418 -1.492847 0.965239 -2.606323 -0.0 0.0 -1e-06 
0.0 0.0 0.0 0.0 -0.0 0.0 14.637455 97.188774 381.923065 3.985765 -2.684458 -6.23502 -1.420209 0.377431 -0.002023 -0.865715 1.568355 -5.370883 -3.266438 -0.602922 13.051941 -3.507038 5.186362 14.471845 -0.643064 0.126611 -3.738366 2.876762 -1.410355 -12.799729 7.7e-05 -2.3e-05 6e-06 0.029814 0.105983 0.023387 0.64594 -3.657186 -10.59851 -0.594269 3.873947 -10.609505 -18.890396 -4.001687 15.172583 -55.139648 -2.479444 14.507733 -0.042599 -31.896889 0.089527 10.955126 2.800571 -31.389555 -5.882113 9.8613 0.70259 -10.936881 -0.360575 7.156208 -0.0 8.774837 -1e-06 -15.453655 17.701658 6.308782 -1.844035 2.498508 -2.507279 -10.16361 4.678952 4.621109 -20.976044 -3e-06 -3e-06 -21.226311 2.451699 -3.594009 1e-06 -6e-06 -1e-06 -1.362684 2.240801 -0.746324 -21.334932 0.58491 3.00832 -13.821226 -3e-06 -1e-06 -23.887192 -0.249081 -0.839488 -60.48233 2.611418 -0.94323 -0.294025 1.679689 0.833256 -14.218223 0.093217 1.300578 -34.212078 -0.287567 0.967164 -20.033232 0.964534 1.21284 0.0 -0.0 0.0 -3.440392 0.788235 0.501655 -15.928201 -3.167313 2.999707 -6.338833 0.0 -1e-06 -18.123466 3.648188 -4.90568 -5e-06 0.0 -2e-06 10.370974 12.536867 16.15262 68.207962 16.263134 23.525072 -0.244684 24.254761 -0.16028 -9.123778 2.612012 -17.501822 2.243544 -5.255042 -3.180158 14.282902 -0.826597 6.952503 -0.0 -12.690618 1e-06 16.028128 -17.178654 2.630435 1.665668 -1.955924 -2.878302 4.727803 -4.170592 4.993926 11.020536 2e-06 -2e-06 12.109064 -3.73572 -2.866788 0.0 -0.0 -1e-06 1.291987 -1.928551 -1.498089 14.800139 0.567468 3.865609 14.242585 -1.341741 -6.660666 19.631985 0.143925 -0.64825 49.344753 -0.449175 -5.957841 0.35303 -1.511154 -0.031941 20.222807 3.684311 2.316629 18.787289 4e-06 -5e-06 10.751637 -0.479868 1.397905 -1e-06 0.0 -0.0 3.27381 0.305946 -0.580111 21.486832 11.830384 2.266131 8.162935 1e-06 -2e-06 18.399101 -3.798989 -4.940587 3e-06 0.0 -1e-06 -5.613798 10.2925 -14.08659 -0.059863 0.089855 1.782728 -3.796878 11.955752 16.983843 1.703712 -1.940298 -1.751851 0.0 -0.0 2e-06 -2.624212 2.264347 21.933273 -0.18982 0.176744 13.554444 0.447304 -7.278323 -6.474662 -1.490834 0.873294 -5.859597 -0.0 -0.0 -2e-06 
0.0 0.0 0.0 0.0 -0.0 0.0 15.580278 97.429787 385.043671 5.520818 -2.56124 -6.531086 -2.21429 0.397819 -0.300229 -0.999565 1.54771 -5.53582 -3.77298 -0.701823 12.966137 -3.259586 5.018828 15.085419 -0.622243 0.288298 -3.782635 2.891647 -1.403271 -12.057859 7.7e-05 -2.3e-05 6e-06 0.038046 0.123089 0.027471 0.640338 -3.647858 -10.617308 -0.573231 3.895777 -10.642747 -18.667282 -4.01299 15.275812 -55.671963 -2.005718 14.503234 -0.115638 -31.777267 0.15371 10.554046 2.951966 -31.341936 -5.88211 9.861288 0.702589 -10.936877 -0.360575 7.156206 -0.0 8.774829 -1e-06 -15.555425 17.625658 6.162314 -1.844034 2.498506 -2.507278 -10.163604 4.678946 4.621109 -20.976034 -2e-06 -0.0 -21.226297 2.451697 -3.594003 -0.0 -6e-06 -1e-06 -1.362682 2.2408 -0.746324 -21.334925 0.58491 3.008321 -13.82122 -3e-06 -0.0 -23.887182 -0.24908 -0.839485 -60.55719 2.599006 -1.134605 -0.294025 1.679688 0.833256 -14.218215 0.093215 1.300579 -34.212067 -0.287565 0.967165 -20.033222 0.964534 1.212843 0.0 0.0 -0.0 -3.44039 0.788233 0.501656 -15.928192 -3.16731 2.999707 -6.338828 -1e-06 0.0 -18.123459 3.648185 -4.905674 -5e-06 0.0 -1e-06 10.345813 12.009756 16.097696 68.841583 14.699937 22.703348 -0.429832 24.545475 -0.180703 -9.355006 2.618064 -17.780363 2.243543 -5.255038 -3.180158 14.282896 -0.826594 6.952505 -3e-06 -12.690607 1e-06 16.151289 -17.348272 2.623501 1.665668 -1.955923 -2.878301 4.7278 -4.170589 4.993925 11.020531 4e-06 -2e-06 12.109058 -3.735716 -2.866785 -1e-06 -0.0 -0.0 1.291986 -1.928549 -1.498089 14.800134 0.56747 3.865608 14.242578 -1.341735 -6.660661 19.631973 0.143927 -0.648245 49.714401 -0.483191 -5.966311 0.353028 -1.511151 -0.03194 20.222797 3.684309 2.316628 18.787279 5e-06 -2e-06 10.751632 -0.479868 1.397905 -1e-06 1e-06 0.0 3.273808 0.305947 -0.580112 21.486822 11.830381 2.26613 8.16293 2e-06 -0.0 18.399088 -3.798985 -4.940578 4e-06 -0.0 -0.0 -7.616358 10.592063 -11.843432 -0.092653 0.182845 1.856273 -2.025073 10.666803 16.731405 1.682407 -1.92643 -0.80691 0.0 0.0 2e-06 -5.790498 0.975073 21.000572 -0.163056 0.269191 19.259708 1.299032 -6.501138 -3.753185 -1.506818 0.840445 -9.219364 -0.0 0.0 -2e-06 
0.0 0.0 0.0 0.0 -0.0 0.0 16.565565 97.70549 388.148926 6.949982 -2.483979 -7.126798 -2.870286 0.414872 -0.419451 -1.150712 1.544932 -5.570402 -4.194441 -0.709718 12.902205 -3.113193 4.935974 15.709133 -0.664074 0.289935 -3.746695 3.018071 -1.434115 -11.569498 7.7e-05 -2.2e-05 6e-06 0.040511 0.102494 0.035256 0.632297 -3.664015 -10.587126 -0.560139 3.868562 -10.615702 -18.689306 -3.924638 15.449659 -55.795746 -1.660106 14.734347 -0.101707 -32.176643 0.156348 10.10915 2.809322 -31.184048 -5.88211 9.861291 0.70259 -10.936877 -0.360575 7.156206 1e-06 8.774831 -2e-06 -15.634271 17.63459 6.090868 -1.844035 2.498506 -2.507278 -10.163604 4.678947 4.621109 -20.976034 -4e-06 1e-06 -21.226297 2.451698 -3.594002 1e-06 -6e-06 -1e-06 -1.362682 2.2408 -0.746323 -21.334927 0.584909 3.008321 -13.821222 -3e-06 -0.0 -23.887186 -0.249081 -0.839486 -60.60371 2.545136 -1.292743 -0.294024 1.679689 0.833256 -14.218215 0.093215 1.300579 -34.212067 -0.287569 0.967168 -20.033226 0.964533 1.212842 0.0 0.0 0.0 -3.440391 0.788233 0.501655 -15.928198 -3.167312 2.999706 -6.338829 -1e-06 0.0 -18.123459 3.648185 -4.905674 -4e-06 0.0 -2e-06 10.27215 11.541924 16.08456 69.124535 13.307979 22.372852 -0.395276 24.559742 -0.120751 -9.090474 2.533728 -17.271862 2.243544 -5.255044 -3.180161 14.282907 -0.826596 6.952508 -2e-06 -12.690618 0.0 16.205784 -17.493502 2.614586 1.665668 -1.955923 -2.8783 4.727805 -4.170593 4.993927 11.020539 4e-06 -3e-06 12.109067 -3.735719 -2.866787 -1e-06 -0.0 -0.0 1.291987 -1.928551 -1.49809 14.800144 0.567466 3.865609 14.242587 -1.341739 -6.660664 19.63199 0.143925 -0.648248 49.856594 -0.496811 -6.048831 0.353029 -1.511152 -0.03194 20.222815 3.684312 2.316631 18.787296 6e-06 -2e-06 10.751641 -0.479868 1.397906 1e-06 1e-06 0.0 3.273811 0.305947 -0.580111 21.486837 11.830387 2.266134 8.162938 2e-06 -1e-06 18.399105 -3.798988 -4.940581 4e-06 -0.0 -0.0 -9.523831 10.866039 -9.258348 -0.097034 0.187757 1.854407 -0.598292 9.761985 14.364344 1.67456 -1.920648 -0.353543 0.0 0.0 2e-06 -8.837543 -0.124931 19.488222 -0.123971 0.429403 26.324499 2.129293 -5.719143 -0.179444 -1.525004 0.813873 -12.629604 -0.0 0.0 -1e-06 
0.0 0.0 0.0 0.0 -0.0 0.0 17.570766 97.869217 391.138855 8.252419 -2.546059 -7.951344 -3.409792 0.455049 -0.330228 -1.272698 1.530646 -5.47161 -4.559058 -0.674438 12.845551 -3.159169 5.025196 16.17635 -0.665833 0.229292 -3.717001 3.155531 -1.521837 -11.127958 7.7e-05 -2.3e-05 6e-06 0.040203 0.080563 0.043026 0.62401 -3.680798 -10.561281 -0.552675 3.839471 -10.589427 -18.988783 -3.753906 15.495024 -55.444733 -1.373279 15.134965 -0.079561 -32.869049 0.100555 9.72333 2.563581 -30.909813 -5.882111 9.861292 0.70259 -10.93688 -0.360574 7.15621 1e-06 8.77483 -0.0 -15.748005 17.657434 6.034033 -1.844034 2.498506 -2.507279 -10.163607 4.678948 4.621112 -20.97604 -3e-06 1e-06 -21.226305 2.451696 -3.594002 1e-06 -6e-06 -0.0 -1.362683 2.2408 -0.746324 -21.334929 0.58491 3.008324 -13.821223 -2e-06 1e-06 -23.887188 -0.249081 -0.839484 -60.669006 2.567556 -1.421173 -0.294026 1.679689 0.833257 -14.218221 0.093215 1.300581 -34.212078 -0.287564 0.967169 -20.03323 0.964536 1.212844 1e-06 -0.0 0.0 -3.440391 0.788234 0.501656 -15.928201 -3.167312 2.999709 -6.338831 -2e-06 1e-06 -18.123463 3.648183 -4.905674 -5e-06 0.0 -2e-06 10.24865 11.255386 16.085621 69.094604 12.145532 22.266653 -0.231193 24.272291 -0.028597 -8.50899 2.415917 -16.312981 2.243543 -5.25504 -3.18016 14.282903 -0.826596 6.952507 -1e-06 -12.690614 1e-06 16.277805 -17.577017 2.575951 1.665668 -1.955922 -2.8783 4.727803 -4.17059 4.993928 11.020536 3e-06 -1e-06 12.109061 -3.735718 -2.866786 -1e-06 -0.0 1e-06 1.291987 -1.928551 -1.498091 14.80014 0.567467 3.865609 14.242584 -1.341738 -6.660662 19.631987 0.143926 -0.648246 49.853668 -0.451008 -6.079111 0.353029 -1.511152 -0.031939 20.222811 3.684311 2.316631 18.787289 5e-06 -1e-06 10.751637 -0.47987 1.397906 0.0 0.0 -1e-06 3.273809 0.305947 -0.580112 21.486834 11.830382 2.266136 8.162935 0.0 -1e-06 18.399099 -3.798989 -4.940581 4e-06 1e-06 1e-06 -11.221637 11.347198 -6.416112 -0.094854 0.181068 1.737748 0.69033 9.064949 12.052453 1.658891 -1.944357 -0.100534 -0.0 0.0 2e-06 -11.691889 -0.935761 17.261026 -0.053585 0.569482 34.544281 2.982604 -5.04233 4.122758 -1.529865 0.782761 -13.895048 0.0 0.0 -4e-06 
0.0 0.0 0.0 0.0 -0.0 0.0 18.537003 97.903824 394.029785 9.410746 -2.691608 -8.912796 -3.837573 0.488225 -0.022681 -1.370486 1.536357 -5.273151 -4.888173 -0.644709 12.807945 -3.332621 5.277576 16.483791 -0.639833 0.046137 -3.697696 3.248918 -1.551232 -10.949951 7.7e-05 -2.2e-05 6e-06 0.039986 0.069083 0.050922 0.626407 -3.688915 -10.541929 -0.55624 3.824872 -10.576033 -19.395521 -3.649659 15.420906 -54.809223 -1.255736 15.637201 -0.018582 -33.455879 0.007185 9.509748 2.320112 -30.842037 -5.882105 9.861284 0.70259 -10.936869 -0.360574 7.156205 0.0 8.774824 -2e-06 -15.853124 17.679142 6.00174 -1.844032 2.498504 -2.507277 -10.163598 4.678946 4.621108 -20.976021 -3e-06 1e-06 -21.226286 2.451697 -3.594001 1e-06 -6e-06 -1e-06 -1.362682 2.240798 -0.746323 -21.334911 0.584909 3.008323 -13.821213 -2e-06 1e-06 -23.887167 -0.24908 -0.839484 -60.684223 2.606751 -1.428071 -0.294025 1.679687 0.833256 -14.218206 0.093216 1.30058 -34.21204 -0.287563 0.967169 -20.033211 0.964537 1.212842 1e-06 0.0 -1e-06 -3.440388 0.788234 0.501656 -15.928183 -3.167309 2.999707 -6.338825 -1e-06 1e-06 -18.123444 3.648183 -4.90567 -4e-06 1e-06 -2e-06 10.258588 11.084072 16.123907 68.943443 11.364572 22.076948 -0.069442 23.666891 0.05579 -7.93888 2.242199 -15.445824 2.243541 -5.255037 -3.180157 14.282887 -0.826594 6.952503 -3e-06 -12.690603 1e-06 16.322987 -17.568779 2.538175 1.665666 -1.955921 -2.878297 4.727798 -4.170587 4.993922 11.020524 4e-06 -1e-06 12.10905 -3.735716 -2.866783 -1e-06 0.0 0.0 1.291984 -1.928549 -1.498089 14.800125 0.567469 3.865606 14.242568 -1.341736 -6.660654 19.631962 0.143924 -0.648243 49.776703 -0.384483 -6.049257 0.353029 -1.51115 -0.03194 20.222786 3.684309 2.316631 18.78727 5e-06 1e-06 10.751624 -0.479869 1.397907 0.0 0.0 0.0 3.273805 0.305948 -0.580112 21.486811 11.830374 2.266135 8.162926 1e-06 0.0 18.399076 -3.798985 -4.940575 4e-06 0.0 1e-06 -12.694476 12.027071 -3.581692 -0.068536 0.170121 1.674748 1.770779 8.479688 9.775787 1.645388 -1.997756 -0.145345 -0.0 0.0 2e-06 -14.087726 -1.334226 14.399283 0.037319 0.62193 43.24976 3.51791 -5.207565 8.731834 -1.468806 0.773856 -10.592826 0.0 -0.0 -2e-06 
0.0 0.0 0.0 0.0 -0.0 0.0 19.392721 97.882217 396.776123 10.267999 -2.865227 -9.797703 -4.133577 0.48952 0.430742 -1.448202 1.533149 -5.051035 -5.116263 -0.692617 12.811205 -3.536609 5.528176 16.645645 -0.601918 -0.072459 -3.689508 3.253014 -1.452027 -11.208925 7.7e-05 -2.2e-05 6e-06 0.03851 0.080815 0.060994 0.635846 -3.675032 -10.531629 -0.569578 3.837081 -10.57497 -19.561167 -3.7342 15.337571 -54.281029 -1.489241 16.003611 0.046381 -33.638081 -0.087559 9.598568 2.201101 -30.988302 -5.882102 9.861284 0.702592 -10.936865 -0.360573 7.156203 0.0 8.774823 -0.0 -15.854191 17.71876 6.05724 -1.844031 2.498503 -2.507277 -10.163593 4.678942 4.621109 -20.976009 -6e-06 4e-06 -21.226273 2.451696 -3.593996 0.0 -5e-06 -0.0 -1.36268 2.240798 -0.746323 -21.334902 0.584909 3.008324 -13.821206 -1e-06 3e-06 -23.887157 -0.249076 -0.839481 -60.662983 2.63719 -1.304466 -0.294024 1.679687 0.833256 -14.218199 0.093214 1.300582 -34.212032 -0.287561 0.967173 -20.033201 0.964539 1.212844 1e-06 -0.0 0.0 -3.440387 0.788232 0.501656 -15.928179 -3.16731 2.999708 -6.338823 -0.0 2e-06 -18.123438 3.648183 -4.905667 -5e-06 0.0 -1e-06 10.26053 10.963622 16.182804 68.802666 11.069879 21.652994 0.041021 22.703682 0.09693 -7.757495 2.077181 -15.174582 2.243541 -5.255035 -3.180155 14.282881 -0.826595 6.952498 -1e-06 -12.690601 0.0 16.357252 -17.534773 2.505646 1.665665 -1.955922 -2.878297 4.727796 -4.170586 4.99392 11.020519 2e-06 -3e-06 12.109045 -3.735716 -2.866785 -1e-06 1e-06 -1e-06 1.291984 -1.92855 -1.498089 14.800118 0.567468 3.865604 14.242564 -1.341739 -6.660654 19.631956 0.143926 -0.648246 49.681545 -0.316692 -5.97878 0.353029 -1.511152 -0.031938 20.222778 3.684308 2.316629 18.787264 4e-06 -0.0 10.751623 -0.479867 1.397904 0.0 -0.0 -2e-06 3.273805 0.305946 -0.580111 21.486801 11.830369 2.26613 8.162922 2e-06 -2e-06 18.399071 -3.798985 -4.940577 3e-06 1e-06 -2e-06 -13.8007 12.741314 -1.032811 -0.02489 0.174784 1.71 2.620289 8.06116 7.673072 1.636019 -2.057375 -0.286171 0.0 0.0 2e-06 -15.583977 -1.378689 10.982734 0.092147 0.568268 51.397987 3.263155 -6.044189 12.290307 -1.38123 0.824159 -5.053452 -0.0 0.0 -1e-06 
0.0 0.0 0.0 0.0 -0.0 0.0 20.058765 97.917976 399.313324 10.553217 -2.890672 -10.385242 -4.24908 0.472693 0.884608 -1.512568 1.388313 -4.864774 -5.097846 -0.948765 12.810513 -3.644499 5.716527 16.837557 -0.584671 -0.068417 -3.677454 3.183639 -1.241585 -11.827693 7.7e-05 -2.2e-05 6e-06 0.036038 0.093545 0.069938 0.643803 -3.658242 -10.527916 -0.582964 3.848591 -10.575662 -19.259056 -4.023254 15.353444 -54.167217 -2.103693 16.108238 0.050773 -33.337513 -0.119541 9.923588 2.249212 -30.888926 -5.882107 9.861286 0.702588 -10.936873 -0.360575 7.156205 0.0 8.774826 -3e-06 -15.809108 17.78339 6.159021 -1.844034 2.498507 -2.507278 -10.163601 4.678945 4.621107 -20.976027 -5e-06 -0.0 -21.22629 2.451695 -3.594001 1e-06 -6e-06 -1e-06 -1.362682 2.240799 -0.746324 -21.334917 0.584907 3.008321 -13.821217 -3e-06 -0.0 -23.887178 -0.24908 -0.839486 -60.657825 2.692751 -1.161822 -0.294025 1.679688 0.833256 -14.218213 0.093214 1.300578 -34.212063 -0.287567 0.967166 -20.03322 0.964534 1.212841 1e-06 0.0 -1e-06 -3.440389 0.788233 0.501655 -15.928189 -3.167311 2.999706 -6.338827 -0.0 0.0 -18.123447 3.648181 -4.905674 -3e-06 0.0 -1e-06 10.251462 10.806751 16.285479 68.69735 11.24418 21.08606 0.086774 21.536266 0.083436 -8.01446 1.909228 -15.636701 2.243544 -5.255037 -3.180158 14.282898 -0.826595 6.952504 -2e-06 -12.690611 -1e-06 16.39764 -17.542475 2.47966 1.665668 -1.955921 -2.878299 4.727801 -4.17059 4.993925 11.020532 3e-06 -3e-06 12.109059 -3.735717 -2.866787 0.0 -0.0 -1e-06 1.291986 -1.92855 -1.49809 14.800136 0.567468 3.865606 14.242582 -1.341736 -6.660661 19.631981 0.143927 -0.648246 49.680801 -0.24772 -5.923789 0.353029 -1.51115 -0.03194 20.222801 3.684312 2.316627 18.787283 5e-06 -3e-06 10.751634 -0.479867 1.397905 1e-06 0.0 0.0 3.273809 0.305946 -0.580111 21.486824 11.83038 2.266131 8.162933 2e-06 -2e-06 18.399096 -3.798985 -4.940579 3e-06 1e-06 -1e-06 -14.272832 13.152989 1.051341 0.013507 0.157931 1.788243 3.169775 7.874815 5.932041 1.627573 -2.081819 -0.33744 0.0 0.0 2e-06 -15.860038 -1.322615 7.31103 0.105095 0.456405 57.933044 3.171805 -6.38877 11.467752 -1.376806 0.870155 -2.908512 -0.0 -0.0 -1e-06 
0.0 0.0 0.0 0.0 -0.0 0.0 20.548265 98.065575 401.557159 10.212382 -2.706919 -10.69113 -4.18461 0.405113 1.283545 -1.534598 1.086833 -4.700587 -4.818081 -1.399004 12.770956 -3.611445 5.872102 17.134871 -0.579208 -0.007223 -3.669657 3.071437 -0.96147 -12.380119 7.7e-05 -2.2e-05 6e-06 0.032674 0.093989 0.071932 0.648699 -3.656585 -10.533808 -0.594203 3.849959 -10.586385 -18.510784 -4.506924 15.440518 -54.47287 -2.939686 16.064884 -0.036459 -32.641308 -0.088384 10.247657 2.454241 -30.582794 -5.882109 9.861287 0.702591 -10.936877 -0.360575 7.156207 1e-06 8.774828 -1e-06 -15.789451 17.791857 6.226744 -1.844033 2.498506 -2.507278 -10.163604 4.678945 4.621109 -20.976032 -3e-06 2e-06 -21.226294 2.451697 -3.594 1e-06 -6e-06 -0.0 -1.362682 2.240798 -0.746324 -21.334925 0.584908 3.008323 -13.82122 -3e-06 2e-06 -23.887182 -0.249079 -0.839482 -60.640648 2.715504 -1.050901 -0.294024 1.679687 0.833256 -14.218216 0.093215 1.30058 -34.212067 -0.287565 0.967169 -20.033222 0.964536 1.212843 1e-06 -0.0 -1e-06 -3.44039 0.788234 0.501655 -15.928192 -3.16731 2.999707 -6.33883 -2e-06 0.0 -18.123457 3.648183 -4.905673 -3e-06 0.0 -1e-06 10.313814 10.559981 16.387247 68.568123 11.595579 20.31251 0.080183 20.47864 0.055138 -8.37057 1.771203 -16.723637 2.243542 -5.255037 -3.180159 14.282896 -0.826594 6.952505 -3e-06 -12.690608 1e-06 16.442087 -17.594942 2.476459 1.665667 -1.955921 -2.878299 4.7278 -4.170588 4.993925 11.020528 3e-06 -1e-06 12.109056 -3.735716 -2.866785 0.0 -0.0 1e-06 1.291986 -1.92855 -1.498089 14.800134 0.567468 3.86561 14.242577 -1.341735 -6.66066 19.631973 0.143926 -0.648244 49.798 -0.189556 -5.909299 0.353029 -1.51115 -0.031939 20.222801 3.684311 2.316631 18.787283 5e-06 2e-06 10.751633 -0.479868 1.397907 2e-06 0.0 0.0 3.273808 0.305948 -0.580112 21.486822 11.830378 2.266135 8.16293 2e-06 1e-06 18.399088 -3.798986 -4.940575 3e-06 0.0 -1e-06 -14.027368 13.242524 2.803583 0.019306 0.114274 1.852175 3.3938 7.796218 4.539947 1.627613 -2.069473 -0.360732 0.0 0.0 2e-06 -14.997776 -1.252555 3.546401 0.101863 0.321805 62.345928 3.474059 -6.465878 8.451825 -1.398793 0.888988 -2.419241 -0.0 -0.0 -1e-06 
0.0 0.0 0.0 0.0 -0.0 0.0 20.918243 98.276123 403.525879 9.488043 -2.340399 -10.819677 -4.072322 0.286912 1.663445 -1.519593 0.654182 -4.528911 -4.358098 -1.944257 12.670568 -3.399477 5.889494 17.438231 -0.566204 0.127808 -3.668862 2.918801 -0.658521 -12.68281 7.7e-05 -2.3e-05 6e-06 0.028488 0.091738 0.07166 0.650386 -3.661334 -10.547252 -0.603114 3.851495 -10.603302 -17.438116 -5.202818 15.562564 -55.00528 -3.845706 16.04323 -0.194756 -31.777958 -0.019379 10.391739 2.80652 -30.398062 -5.882108 9.861286 0.70259 -10.936875 -0.360575 7.156205 2e-06 8.774824 -0.0 -15.797123 17.758684 6.261351 -1.844033 2.498503 -2.507278 -10.163603 4.678946 4.621108 -20.97603 -6e-06 1e-06 -21.226295 2.451695 -3.594002 -0.0 -6e-06 -0.0 -1.362682 2.240798 -0.746324 -21.334921 0.58491 3.008321 -13.821219 -4e-06 -0.0 -23.887178 -0.249081 -0.839484 -60.620956 2.729259 -0.985109 -0.294025 1.679687 0.833256 -14.218215 0.093213 1.300578 -34.212063 -0.287566 0.96717 -20.033224 0.964535 1.212842 -0.0 0.0 1e-06 -3.440389 0.788234 0.501656 -15.928192 -3.16731 2.999705 -6.338828 -1e-06 -0.0 -18.123453 3.648179 -4.905673 -4e-06 1e-06 -2e-06 10.449052 10.26136 16.402927 68.428337 11.892 19.103714 0.105064 19.70742 0.059241 -8.590128 1.8142 -17.671524 2.243543 -5.255037 -3.180159 14.2829 -0.826595 6.952507 -3e-06 -12.69061 1e-06 16.471731 -17.649429 2.489437 1.665667 -1.955922 -2.878301 4.727801 -4.170589 4.993926 11.020534 3e-06 -2e-06 12.109058 -3.735716 -2.866785 1e-06 0.0 0.0 1.291986 -1.928551 -1.498089 14.800139 0.567469 3.865607 14.242582 -1.341735 -6.660661 19.631981 0.143928 -0.648246 49.884007 -0.175539 -5.937702 0.353029 -1.511151 -0.03194 20.222807 3.684313 2.31663 18.787287 7e-06 -1e-06 10.751636 -0.479867 1.397907 1e-06 0.0 -0.0 3.273809 0.305948 -0.580112 21.486828 11.830381 2.266132 8.162931 2e-06 -1e-06 18.399096 -3.798986 -4.940577 5e-06 1e-06 -2e-06 -13.315457 13.180264 4.342768 -0.003699 0.054643 1.901206 3.369563 7.710287 3.370473 1.630306 -2.022047 -0.318627 0.0 0.0 2e-06 -13.53275 -1.246614 -0.256135 0.093459 0.183642 64.546387 3.789323 -6.753099 5.495363 -1.417814 0.890716 -2.369363 0.0 -0.0 -2e-06 
0.0 0.0 0.0 0.0 -0.0 0.0 21.205465 98.474548 405.324371 8.653216 -1.844704 -10.86508 -3.988993 0.145994 2.033292 -1.490526 0.168739 -4.342854 -3.87035 -2.494665 12.584754 -3.012291 5.692361 17.66535 -0.531954 0.335032 -3.665658 2.711478 -0.376812 -12.782283 7.7e-05 -2.2e-05 6e-06 0.025337 0.096688 0.070966 0.651265 -3.658873 -10.557373 -0.608912 3.859319 -10.615438 -16.378439 -6.034374 15.716313 -55.325584 -4.750278 16.135181 -0.364299 -31.071035 0.052593 10.245417 3.249117 -30.400288 -5.882108 9.861287 0.702589 -10.936875 -0.360576 7.156205 1e-06 8.774828 -2e-06 -15.812076 17.732277 6.2866 -1.844033 2.498506 -2.507279 -10.163604 4.678946 4.621109 -20.976032 -6e-06 1e-06 -21.226295 2.451696 -3.594002 -0.0 -6e-06 -0.0 -1.362682 2.240799 -0.746323 -21.334925 0.584906 3.008322 -13.821221 -5e-06 1e-06 -23.887182 -0.249082 -0.839483 -60.590088 2.744188 -0.950389 -0.294024 1.679688 0.833256 -14.218213 0.093213 1.30058 -34.212063 -0.287566 0.967171 -20.03322 0.964534 1.212844 1e-06 1e-06 -0.0 -3.44039 0.788233 0.501656 -15.928192 -3.167312 2.999707 -6.338827 -0.0 0.0 -18.123453 3.648182 -4.905673 -3e-06 0.0 -3e-06 10.694246 9.894834 16.267733 68.26358 12.027719 17.672503 0.111366 19.348822 0.077436 -8.70177 2.102514 -18.207554 2.243543 -5.255037 -3.180159 14.282896 -0.826596 6.952503 -2e-06 -12.69061 -1e-06 16.462828 -17.662968 2.511796 1.665667 -1.955923 -2.878299 4.727799 -4.170588 4.993925 11.020529 2e-06 -2e-06 12.109056 -3.735718 -2.866787 0.0 -0.0 -0.0 1.291986 -1.928549 -1.498089 14.800132 0.567469 3.865607 14.242577 -1.341737 -6.660662 19.631971 0.143928 -0.648247 49.866943 -0.207146 -5.981549 0.353029 -1.511151 -0.03194 20.222799 3.684312 2.316629 18.787283 5e-06 -4e-06 10.75163 -0.479868 1.397907 1e-06 0.0 1e-06 3.273808 0.305948 -0.580112 21.486816 11.83038 2.266131 8.16293 3e-06 -1e-06 18.399086 -3.798986 -4.940579 5e-06 1e-06 -2e-06 -12.442008 13.040827 5.752633 -0.036133 0.009095 1.914701 3.227272 7.55954 2.29565 1.634825 -1.962944 -0.229196 0.0 -0.0 2e-06 -12.028469 -1.356631 -3.952393 0.067071 0.041949 64.543144 3.991866 -7.29145 3.028233 -1.421424 0.874219 -2.436849 -0.0 -0.0 -1e-06 
0.0 0.0 0.0 0.0 -0.0 0.0 21.451101 98.638542 407.057861 7.812421 -1.302482 -10.832773 -3.918709 -0.004608 2.372381 -1.453785 -0.28704 -4.179258 -3.406667 -3.010877 12.580738 -2.544561 5.335323 17.799519 -0.477941 0.617154 -3.66901 2.485852 -0.139916 -12.828628 7.7e-05 -2.3e-05 6e-06 0.023846 0.082241 0.073019 0.653984 -3.672239 -10.558925 -0.613266 3.844081 -10.619293 -15.501161 -6.881886 15.836229 -55.291492 -5.608071 16.279369 -0.546171 -30.733027 0.137721 9.921929 3.635309 -30.451077 -5.88211 9.861292 0.702588 -10.936878 -0.360576 7.156206 0.0 8.77483 -3e-06 -15.829004 17.728264 6.312427 -1.844033 2.498505 -2.507279 -10.163604 4.678947 4.621108 -20.976034 -4e-06 -1e-06 -21.226297 2.451698 -3.594005 1e-06 -6e-06 1e-06 -1.362682 2.240799 -0.746324 -21.334925 0.584909 3.00832 -13.821223 -2e-06 -1e-06 -23.887188 -0.249081 -0.839488 -60.548466 2.74374 -0.914018 -0.294026 1.679688 0.833256 -14.218217 0.093216 1.300578 -34.212067 -0.287566 0.967164 -20.03323 0.964534 1.212842 -0.0 0.0 1e-06 -3.44039 0.788234 0.501655 -15.928192 -3.167311 2.999706 -6.338828 -1e-06 -0.0 -18.123457 3.648184 -4.905674 -4e-06 0.0 -1e-06 11.051907 9.446918 16.062611 68.061111 12.070224 16.284292 0.029961 19.38859 0.075237 -8.841306 2.530407 -18.548594 2.243544 -5.25504 -3.180158 14.282898 -0.826597 6.952504 -1e-06 -12.69061 -0.0 16.424013 -17.674192 2.551442 1.665667 -1.955924 -2.878299 4.727802 -4.17059 4.993925 11.020534 2e-06 -2e-06 12.109059 -3.735719 -2.866786 1e-06 0.0 -1e-06 1.291986 -1.92855 -1.49809 14.800136 0.567467 3.865607 14.242581 -1.341738 -6.660662 19.631981 0.143925 -0.648248 49.809059 -0.259631 -6.002852 0.353029 -1.511152 -0.03194 20.222803 3.684309 2.316629 18.787287 4e-06 -3e-06 10.751636 -0.479869 1.397905 1e-06 0.0 -1e-06 3.273808 0.305946 -0.580111 21.486824 11.830379 2.266132 8.162933 1e-06 -1e-06 18.399096 -3.798987 -4.940581 4e-06 0.0 -0.0 -11.545244 12.826268 7.035059 -0.068467 -0.005413 1.91129 3.099269 7.38515 1.245121 1.643013 -1.897614 -0.111091 0.0 -0.0 2e-06 -10.658963 -1.505021 -7.458866 0.000727 -0.097931 62.313408 3.986459 -8.080595 1.16966 -1.427268 0.859965 -2.507752 0.0 -0.0 -3e-06 
0.0 0.0 0.0 0.0 -0.0 0.0 21.67491 98.754784 408.829559 7.051112 -0.740682 -10.727173 -3.847752 -0.145597 2.662143 -1.415319 -0.655997 -4.063343 -3.006773 -3.467505 12.659559 -2.076844 4.923886 17.872004 -0.424443 0.860111 -3.688938 2.295281 0.067757 -12.917807 7.7e-05 -2.3e-05 6e-06 0.023725 0.05343 0.074934 0.655232 -3.695859 -10.558843 -0.613727 3.811091 -10.620165 -14.792588 -7.639049 15.891969 -55.05299 -6.432798 16.373909 -0.7409 -30.796316 0.249182 9.662575 3.944375 -30.486458 -5.882107 9.861286 0.70259 -10.936874 -0.360575 7.156209 1e-06 8.774828 -1e-06 -15.807102 17.716249 6.33521 -1.844032 2.498505 -2.507279 -10.163604 4.678946 4.62111 -20.97603 -4e-06 2e-06 -21.226295 2.451696 -3.594001 -0.0 -6e-06 -0.0 -1.362682 2.240799 -0.746324 -21.334921 0.584907 3.008325 -13.821218 -3e-06 1e-06 -23.887178 -0.249079 -0.839482 -60.499577 2.714703 -0.891361 -0.294025 1.679687 0.833256 -14.218213 0.093215 1.300581 -34.212063 -0.287564 0.967171 -20.033222 0.964536 1.212845 1e-06 -0.0 1e-06 -3.440389 0.788234 0.501655 -15.928192 -3.16731 2.999708 -6.338829 -1e-06 1e-06 -18.123453 3.648183 -4.905672 -4e-06 0.0 -1e-06 11.443894 8.954878 15.888199 67.866356 12.086044 15.113872 -0.114034 19.685766 0.047744 -9.072292 2.947896 -18.903934 2.243541 -5.255035 -3.180157 14.282885 -0.826595 6.952501 -3e-06 -12.690601 0.0 16.358988 -17.690237 2.599035 1.665665 -1.955922 -2.878298 4.727797 -4.170584 4.993922 11.020522 4e-06 -1e-06 12.109048 -3.735714 -2.866783 1e-06 0.0 -1e-06 1.291985 -1.928548 -1.498088 14.800122 0.567468 3.865606 14.242564 -1.341734 -6.660654 19.631958 0.143928 -0.648243 49.723724 -0.309247 -5.997696 0.353029 -1.51115 -0.03194 20.222784 3.684309 2.31663 18.787268 6e-06 0.0 10.751624 -0.479868 1.397906 1e-06 -1e-06 -1e-06 3.273806 0.305947 -0.580111 21.486803 11.83037 2.266133 8.162926 2e-06 -0.0 18.399075 -3.798983 -4.940572 3e-06 0.0 -2e-06 -10.760965 12.449465 8.211978 -0.081994 0.001324 1.896627 3.054091 7.308494 0.198813 1.65062 -1.853206 0.040525 -0.0 -0.0 2e-06 -9.531244 -1.630969 -10.570395 -0.079826 -0.195865 57.981922 3.838915 -8.972341 0.029606 -1.444471 0.875928 -2.536527 0.0 -0.0 -4e-06 
0.0 0.0 0.0 0.0 -0.0 0.0 21.863258 98.824883 410.642822 6.384206 -0.208008 -10.549769 -3.773568 -0.254852 2.890602 -1.371491 -0.954512 -3.996228 -2.675354 -3.831324 12.772285 -1.638689 4.509121 17.926371 -0.383309 1.009868 -3.724547 2.154269 0.279488 -13.004485 7.7e-05 -2.3e-05 6e-06 0.023487 0.024004 0.075735 0.65077 -3.718332 -10.5584 -0.608977 3.776372 -10.616335 -14.174174 -8.256925 15.887387 -54.807663 -7.240872 16.414772 -0.890202 -31.162661 0.351912 9.536354 4.198322 -30.605177 -5.882108 9.861292 0.70259 -10.936872 -0.360574 7.156208 -0.0 8.77483 -0.0 -15.756604 17.688917 6.349726 -1.844033 2.498505 -2.507278 -10.1636 4.678947 4.62111 -20.976027 -2e-06 0.0 -21.22629 2.451699 -3.594003 -0.0 -6e-06 0.0 -1.362683 2.2408 -0.746323 -21.334917 0.584911 3.008324 -13.821217 -2e-06 0.0 -23.887177 -0.249078 -0.839485 -60.45945 2.682286 -0.875246 -0.294025 1.679689 0.833256 -14.21821 0.093216 1.30058 -34.212048 -0.287563 0.967167 -20.033215 0.964537 1.212841 1e-06 -0.0 -0.0 -3.440389 0.788235 0.501656 -15.928189 -3.16731 2.999707 -6.338827 0.0 0.0 -18.123447 3.648186 -4.905674 -4e-06 1e-06 -2e-06 11.801989 8.519098 15.778593 67.768463 12.072359 14.099123 -0.249157 20.094673 0.019482 -9.345609 3.254087 -19.317921 2.243543 -5.255041 -3.180159 14.282896 -0.826595 6.952503 -2e-06 -12.690612 0.0 16.285984 -17.743216 2.647439 1.665668 -1.955922 -2.8783 4.727801 -4.17059 4.993925 11.020532 3e-06 -2e-06 12.109058 -3.735718 -2.866786 -0.0 -0.0 -0.0 1.291986 -1.92855 -1.49809 14.800134 0.567468 3.865607 14.24258 -1.341738 -6.660661 19.631973 0.143927 -0.648246 49.643394 -0.377339 -5.997217 0.35303 -1.511151 -0.03194 20.222801 3.684311 2.316629 18.787279 5e-06 -3e-06 10.751632 -0.479868 1.397906 2e-06 0.0 -1e-06 3.273808 0.305947 -0.580111 21.48682 11.83038 2.266133 8.162932 2e-06 -1e-06 18.399088 -3.798985 -4.940578 4e-06 -0.0 -2e-06 -10.114841 11.887327 9.301194 -0.080229 0.021133 1.875739 3.126724 7.383552 -0.844592 1.65316 -1.835879 0.195313 -0.0 -0.0 2e-06 -8.607731 -1.734299 -13.19553 -0.128407 -0.203717 51.83857 3.47118 -9.892434 -0.038014 -1.460383 0.932845 -2.615827 -0.0 0.0 -1e-06 
0.0 0.0 0.0 0.0 -0.0 0.0 21.997282 98.828377 412.484802 5.85588 0.278427 -10.301387 -3.719771 -0.339733 3.02599 -1.315976 -1.21237 -3.95494 -2.452589 -4.043276 12.870112 -1.193236 4.102182 17.989693 -0.381329 1.047287 -3.758587 2.062127 0.466061 -13.086135 7.7e-05 -2.2e-05 6e-06 0.020458 0.008117 0.073728 0.641661 -3.730722 -10.564801 -0.605341 3.758024 -10.618662 -13.600423 -8.752379 15.84233 -54.682522 -8.001155 16.464376 -0.92589 -31.730618 0.394806 9.523972 4.404462 -30.88781 -5.882102 9.861283 0.70259 -10.936865 -0.360576 7.156202 1e-06 8.774821 -0.0 -15.726425 17.673601 6.316222 -1.844031 2.498502 -2.507276 -10.163593 4.678942 4.621107 -20.976009 -5e-06 3e-06 -21.226273 2.451694 -3.593998 0.0 -5e-06 0.0 -1.36268 2.240798 -0.746323 -21.334902 0.584908 3.008321 -13.821206 -4e-06 1e-06 -23.887159 -0.249082 -0.839482 -60.397732 2.653316 -0.869832 -0.294025 1.679686 0.833256 -14.218201 0.093213 1.300579 -34.212032 -0.287569 0.967171 -20.033201 0.964535 1.212843 1e-06 -0.0 -0.0 -3.440387 0.788232 0.501655 -15.928177 -3.16731 2.999705 -6.338823 -1e-06 1e-06 -18.123438 3.64818 -4.905668 -3e-06 1e-06 -3e-06 12.055467 8.187626 15.699603 67.856499 11.986167 13.24795 -0.295199 20.46203 0.017637 -9.599886 3.432698 -19.616348 2.24354 -5.255036 -3.180157 14.282887 -0.826594 6.952501 -2e-06 -12.690603 -0.0 16.223682 -17.795252 2.680613 1.665666 -1.955921 -2.878299 4.727797 -4.170587 4.993923 11.020524 2e-06 -2e-06 12.109052 -3.735716 -2.866785 -0.0 0.0 0.0 1.291986 -1.92855 -1.49809 14.800125 0.567467 3.865607 14.242568 -1.341736 -6.660658 19.631962 0.143927 -0.648245 49.591164 -0.446494 -5.997706 0.353029 -1.51115 -0.03194 20.222786 3.684309 2.316629 18.78727 4e-06 -0.0 10.751625 -0.479868 1.397905 2e-06 1e-06 -0.0 3.273806 0.305947 -0.580111 21.486809 11.830376 2.266134 8.162926 1e-06 -0.0 18.399075 -3.798985 -4.940573 4e-06 0.0 -1e-06 -9.627698 11.179435 10.313141 -0.074497 0.040873 1.873677 3.244554 7.562264 -1.965864 1.652704 -1.843839 0.363102 0.0 -0.0 2e-06 -7.937312 -1.918932 -15.168453 -0.118616 -0.132319 44.18972 2.910871 -10.704505 1.168238 -1.463388 1.015278 -2.708211 0.0 -0.0 -1e-06 
0.0 0.0 0.0 0.0 -0.0 0.0 22.07918 98.785522 414.352142 5.459016 0.677531 -9.984321 -3.669273 -0.392611 3.051339 -1.254483 -1.411605 -3.936303 -2.326094 -4.125028 12.931956 -0.783907 3.725616 18.061888 -0.385291 1.032564 -3.769166 2.010716 0.590518 -13.176329 7.7e-05 -2.2e-05 6e-06 0.014601 -0.001091 0.073156 0.631548 -3.74183 -10.578275 -0.606384 3.750474 -10.631093 -13.094204 -9.106342 15.769791 -54.716194 -8.668061 16.504898 -0.846348 -32.442905 0.378269 9.533246 4.527793 -31.100475 -5.882104 9.861281 0.70259 -10.936866 -0.360575 7.156204 -0.0 8.774822 -2e-06 -15.735752 17.688574 6.241577 -1.844032 2.498502 -2.507276 -10.163595 4.678943 4.621107 -20.976013 -3e-06 3e-06 -21.226276 2.451697 -3.593999 0.0 -5e-06 -1e-06 -1.36268 2.240796 -0.746323 -21.334904 0.58491 3.008322 -13.821206 -2e-06 2e-06 -23.887159 -0.249077 -0.839482 -60.327026 2.637039 -0.898796 -0.294024 1.679687 0.833256 -14.218201 0.093214 1.300581 -34.212036 -0.287563 0.967172 -20.033205 0.964537 1.212844 1e-06 0.0 -1e-06 -3.440387 0.788234 0.501656 -15.928179 -3.167308 2.999708 -6.338823 -1e-06 1e-06 -18.12344 3.648183 -4.905668 -4e-06 -1e-06 -2e-06 12.14584 7.963871 15.625339 68.11087 11.849277 12.823601 -0.273311 20.620125 0.035771 -9.597972 3.490895 -19.391764 2.243541 -5.255036 -3.180157 14.282884 -0.826595 6.952502 -2e-06 -12.6906 0.0 16.200083 -17.823313 2.687109 1.665665 -1.95592 -2.878298 4.727797 -4.170587 4.993923 11.02052 3e-06 -0.0 12.109043 -3.735716 -2.866782 -0.0 0.0 0.0 1.291984 -1.92855 -1.498089 14.800122 0.567467 3.865607 14.242566 -1.341738 -6.660655 19.63196 0.143926 -0.648243 49.612408 -0.496669 -6.012178 0.353028 -1.51115 -0.03194 20.222784 3.684308 2.316631 18.787268 3e-06 -0.0 10.751624 -0.479869 1.397907 1e-06 0.0 0.0 3.273805 0.305947 -0.580111 21.486803 11.830368 2.266132 8.162924 1e-06 -1e-06 18.399076 -3.798985 -4.940573 3e-06 -1e-06 -1e-06 -9.288052 10.45009 11.221241 -0.075293 0.069237 1.856111 3.347953 7.847305 -3.046112 1.651172 -1.866527 0.547881 -0.0 -0.0 2e-06 -7.487698 -2.261132 -16.39613 -0.071135 -0.054805 35.354984 2.462049 -10.940111 3.590685 -1.454921 1.089103 -2.735835 0.0 -0.0 -1e-06 
0.0 0.0 0.0 0.0 -0.0 0.0 22.109665 98.687531 416.248932 5.19148 1.044225 -9.658486 -3.636262 -0.389932 2.996198 -1.193882 -1.536346 -3.941639 -2.263743 -4.142194 12.988007 -0.453533 3.395778 18.15634 -0.394217 1.045271 -3.758634 2.036092 0.547103 -13.293392 7.7e-05 -2.2e-05 6e-06 0.006498 0.012251 0.075754 0.621903 -3.733628 -10.597185 -0.612551 3.768388 -10.653266 -12.66305 -9.329246 15.70644 -54.904102 -9.242651 16.644245 -0.654496 -33.294918 0.300948 9.493555 4.576519 -31.302244 -5.882108 9.861286 0.70259 -10.936877 -0.360576 7.156209 2e-06 8.774828 1e-06 -15.779091 17.720869 6.159286 -1.844033 2.498506 -2.50728 -10.163604 4.678944 4.621111 -20.976034 -9e-06 2e-06 -21.226295 2.451694 -3.594001 0.0 -6e-06 -0.0 -1.362682 2.240799 -0.746324 -21.334925 0.584906 3.008325 -13.82122 -5e-06 2e-06 -23.88718 -0.249083 -0.839483 -60.293865 2.646203 -0.967482 -0.294025 1.679687 0.833256 -14.218217 0.093213 1.30058 -34.21207 -0.28757 0.967171 -20.033226 0.964535 1.212846 1e-06 -0.0 -1e-06 -3.44039 0.788233 0.501656 -15.928198 -3.167313 2.999708 -6.338829 -1e-06 1e-06 -18.123455 3.648181 -4.905673 -3e-06 -0.0 -1e-06 12.064426 7.807989 15.579905 68.508667 11.723219 12.786949 -0.176051 20.435989 0.077268 -9.274489 3.450488 -18.57608 2.243543 -5.25504 -3.18016 14.282902 -0.826596 6.952507 -3e-06 -12.69061 2e-06 16.208872 -17.819189 2.672622 1.665668 -1.955922 -2.878301 4.727803 -4.170589 4.993927 11.020536 3e-06 -1e-06 12.10906 -3.735717 -2.866786 1e-06 -0.0 -0.0 1.291987 -1.928549 -1.49809 14.80014 0.567469 3.865609 14.242584 -1.341734 -6.660663 19.631985 0.143928 -0.648246 49.696815 -0.520116 -6.047196 0.353029 -1.511151 -0.03194 20.222809 3.684311 2.31663 18.787289 6e-06 -2e-06 10.751636 -0.479869 1.397907 2e-06 0.0 -0.0 3.273809 0.305948 -0.580111 21.486834 11.830379 2.266133 8.162935 2e-06 -2e-06 18.399096 -3.798985 -4.940579 4e-06 0.0 -2e-06 -9.033774 9.809414 12.162752 -0.068793 0.110318 1.869793 3.366188 8.188406 -4.171867 1.648995 -1.901175 0.690391 -0.0 -1e-06 2e-06 -7.153547 -3.002097 -16.876352 -0.008766 -0.04463 25.565458 2.611769 -10.304124 6.70374 -1.442153 1.13859 -2.728933 -0.0 -0.0 -1e-06 
0.0 0.0 0.0 0.0 -0.0 0.0 22.088614 98.519478 418.199249 5.089262 1.414668 -9.358188 -3.641832 -0.326256 2.877024 -1.154627 -1.587423 -3.983967 -2.25999 -4.116963 13.044096 -0.210061 3.165135 18.271065 -0.415163 1.051741 -3.751091 2.11611 0.34871 -13.398549 7.7e-05 -2.3e-05 6e-06 -0.001664 0.047235 0.079674 0.617297 -3.702828 -10.614951 -0.624175 3.807356 -10.675901 -12.334307 -9.4519 15.609479 -55.18058 -9.627583 17.058413 -0.356633 -34.199764 0.189113 9.339325 4.64038 -31.574434 -5.882109 9.86129 0.70259 -10.936875 -0.360572 7.156206 -1e-06 8.774828 -1e-06 -15.828289 17.78923 6.126714 -1.844033 2.498505 -2.507278 -10.163603 4.678946 4.621109 -20.976027 -1e-06 3e-06 -21.226292 2.451699 -3.594002 0.0 -5e-06 -0.0 -1.362682 2.240799 -0.746323 -21.334919 0.584913 3.008324 -13.821217 -2e-06 1e-06 -23.887178 -0.249078 -0.839487 -60.28297 2.642483 -1.079295 -0.294025 1.679688 0.833256 -14.218211 0.093216 1.30058 -34.212059 -0.287562 0.967166 -20.033216 0.964538 1.212842 0.0 -0.0 -2e-06 -3.44039 0.788234 0.501656 -15.928189 -3.167311 2.999707 -6.338828 -1e-06 0.0 -18.123451 3.648186 -4.905674 -4e-06 -0.0 -1e-06 11.873643 7.708633 15.519947 68.982895 11.539495 12.986795 -0.008394 19.935244 0.127655 -8.682471 3.263382 -17.410006 2.243543 -5.25504 -3.180159 14.282896 -0.826596 6.952507 -3e-06 -12.69061 1e-06 16.22452 -17.779913 2.641042 1.665666 -1.955923 -2.8783 4.7278 -4.170588 4.993927 11.020529 3e-06 -1e-06 12.109056 -3.735717 -2.866785 -0.0 -0.0 -0.0 1.291986 -1.92855 -1.49809 14.800132 0.567468 3.86561 14.242577 -1.341737 -6.66066 19.631969 0.143925 -0.648245 49.798382 -0.527119 -6.106283 0.353029 -1.511151 -0.03194 20.222801 3.684312 2.316632 18.787281 3e-06 -1e-06 10.751633 -0.479869 1.397908 -0.0 -1e-06 0.0 3.273808 0.305947 -0.580111 21.48682 11.830379 2.266134 8.16293 3e-06 1e-06 18.399084 -3.798986 -4.940575 4e-06 0.0 -2e-06 -8.855489 9.362111 13.186315 -0.052074 0.137496 1.944113 3.287731 8.385523 -5.357838 1.647013 -1.920935 0.715135 -0.0 -0.0 2e-06 -6.801738 -4.323434 -16.79915 0.069964 -0.120008 15.866817 3.83953 -9.205129 9.174943 -1.414276 1.161599 -2.729149 -0.0 0.0 -1e-06 
0.0 0.0 0.0 0.0 -0.0 0.0 22.031281 98.307373 420.160522 5.054117 1.771911 -9.048097 -3.612149 -0.224777 2.687059 -1.145818 -1.573602 -4.070765 -2.294536 -4.031792 13.069288 -0.034888 3.008675 18.372025 -0.41881 0.948345 -3.756553 2.176347 0.154009 -13.378948 7.7e-05 -2.2e-05 6e-06 -0.004408 0.082318 0.079958 0.618458 -3.670955 -10.639392 -0.630802 3.84619 -10.701297 -12.181318 -9.532228 15.435498 -55.362511 -9.762844 17.64525 -0.118395 -35.051735 0.093129 9.05525 4.785948 -31.475828 -5.88211 9.861293 0.702591 -10.936877 -0.360574 7.156209 0.0 8.774831 -2e-06 -15.877204 17.855326 6.153989 -1.844034 2.498506 -2.507279 -10.163606 4.678948 4.62111 -20.97604 -3e-06 0.0 -21.226305 2.451699 -3.594005 0.0 -5e-06 -0.0 -1.362682 2.240802 -0.746324 -21.334927 0.58491 3.008323 -13.821221 -4e-06 1e-06 -23.887184 -0.24908 -0.839487 -60.267918 2.579888 -1.168932 -0.294026 1.67969 0.833256 -14.218219 0.093216 1.300581 -34.212074 -0.287565 0.967168 -20.03323 0.964537 1.212842 0.0 -0.0 -1e-06 -3.44039 0.788233 0.501655 -15.928196 -3.16731 2.999708 -6.338831 -1e-06 1e-06 -18.123461 3.648186 -4.905675 -3e-06 1e-06 -1e-06 11.809704 7.610776 15.375825 69.317612 11.229534 13.298346 0.171318 19.183418 0.152611 -8.032073 2.883847 -16.165352 2.243542 -5.25504 -3.180159 14.282898 -0.826596 6.952507 -2e-06 -12.690614 1e-06 16.178061 -17.692253 2.639091 1.665667 -1.955922 -2.8783 4.727802 -4.170591 4.993927 11.020534 3e-06 -1e-06 12.109059 -3.735718 -2.866785 -0.0 0.0 -1e-06 1.291986 -1.928553 -1.49809 14.800138 0.567468 3.865611 14.242579 -1.341738 -6.660661 19.631979 0.143926 -0.648244 49.838192 -0.560328 -6.152969 0.353029 -1.511153 -0.03194 20.222803 3.684312 2.316633 18.787287 4e-06 -1e-06 10.751633 -0.47987 1.397908 -1e-06 -1e-06 1e-06 3.273808 0.305947 -0.580111 21.486828 11.830384 2.266136 8.16293 2e-06 0.0 18.399096 -3.798989 -4.940578 4e-06 0.0 -1e-06 -8.638785 9.069567 14.156485 -0.041978 0.124983 2.154818 3.108977 8.369861 -6.581746 1.649385 -1.895316 0.718158 -0.0 -0.0 2e-06 -6.222659 -6.026245 -16.625162 0.127104 -0.222141 7.41459 5.963377 -8.518283 9.994042 -1.372044 1.169881 -2.69862 -0.0 -0.0 -1e-06 
0.0 0.0 0.0 0.0 -0.0 0.0 21.936884 98.037407 422.190796 5.03085 2.09868 -8.794923 -3.562604 -0.123695 2.495369 -1.15486 -1.542271 -4.144893 -2.36529 -3.903517 13.072362 0.110085 2.87127 18.460484 -0.391185 0.832937 -3.772599 2.167082 0.086893 -13.33568 7.7e-05 -2.3e-05 6e-06 -0.002717 0.092262 0.078493 0.615751 -3.661269 -10.651844 -0.624412 3.857173 -10.705495 -12.137277 -9.606956 15.182984 -55.469177 -9.641899 18.113333 -0.006899 -35.802139 0.026513 8.721364 4.989703 -30.986069 -5.882113 9.861293 0.702589 -10.93688 -0.360575 7.156207 0.0 8.774831 -0.0 -15.917216 17.911932 6.202312 -1.844035 2.498507 -2.50728 -10.16361 4.678949 4.621109 -20.976044 -4e-06 -3e-06 -21.226311 2.451695 -3.594007 -1e-06 -6e-06 -0.0 -1.362683 2.240802 -0.746324 -21.33493 0.584911 3.008319 -13.821227 -4e-06 -1e-06 -23.887192 -0.249082 -0.839489 -60.323986 2.54528 -1.180927 -0.294025 1.679689 0.833256 -14.21822 0.093216 1.300578 -34.212074 -0.287567 0.967164 -20.033228 0.964533 1.212837 1e-06 0.0 0.0 -3.440391 0.788234 0.501655 -15.928201 -3.167312 2.999704 -6.338831 -1e-06 -1e-06 -18.123465 3.648183 -4.905679 -3e-06 1e-06 -1e-06 11.962339 7.528072 15.258358 69.452339 10.971239 13.633464 0.277588 18.303761 0.150559 -7.489558 2.332262 -15.113834 2.243543 -5.255041 -3.18016 14.282904 -0.826594 6.952507 -4e-06 -12.690614 -0.0 16.100538 -17.576965 2.65425 1.665668 -1.955924 -2.878301 4.727803 -4.170591 4.993927 11.020536 3e-06 -2e-06 12.109061 -3.735717 -2.866786 1e-06 0.0 -0.0 1.291987 -1.928551 -1.49809 14.800144 0.56747 3.865609 14.242584 -1.341735 -6.660661 19.631985 0.143927 -0.648245 49.735172 -0.609913 -6.206638 0.353029 -1.511152 -0.03194 20.222811 3.684314 2.31663 18.787289 7e-06 -2e-06 10.751637 -0.479869 1.397906 -1e-06 -0.0 1e-06 3.27381 0.305947 -0.580112 21.486835 11.830385 2.266133 8.162935 2e-06 -2e-06 18.399099 -3.798985 -4.94058 5e-06 1e-06 -2e-06 -8.375751 8.783673 15.155259 -0.05249 0.100638 2.564037 2.809805 8.341618 -7.915546 1.658702 -1.852735 0.762449 -0.0 -1e-06 2e-06 -5.402235 -7.789469 -17.016069 0.141684 -0.287993 2.002426 8.4348 -8.162224 9.243399 -1.3464 1.145235 -2.675797 -0.0 -0.0 -0.0 
0.0 0.0 0.0 0.0 -0.0 0.0 21.79039 97.701538 424.40567 5.104301 2.39536 -8.619916 -3.612686 -0.045732 2.352125 -1.194675 -1.560027 -4.193055 -2.468848 -3.760245 13.071818 0.287336 2.741858 18.490219 -0.357812 0.764122 -3.753791 2.103273 0.117879 -13.47273 7.7e-05 -2.2e-05 6e-06 -0.001029 0.077055 0.082142 0.614149 -3.672012 -10.646642 -0.619066 3.837924 -10.687626 -12.001565 -9.682874 14.994027 -55.653595 -9.412798 18.365763 0.062525 -36.366413 -0.006067 8.523134 5.087548 -30.491781 -5.882112 9.861295 0.70259 -10.93688 -0.360573 7.156207 0.0 8.774832 -1e-06 -15.931295 17.953117 6.207585 -1.844035 2.498506 -2.507279 -10.163607 4.678949 4.621109 -20.976044 -4e-06 -1e-06 -21.226311 2.451697 -3.594006 0.0 -5e-06 -1e-06 -1.362682 2.240799 -0.746323 -21.334929 0.584911 3.008322 -13.821222 -4e-06 -0.0 -23.887188 -0.249082 -0.839488 -60.367718 2.553562 -1.222321 -0.294025 1.67969 0.833256 -14.21822 0.093216 1.300579 -34.212074 -0.287565 0.967162 -20.033228 0.964535 1.21284 0.0 -0.0 0.0 -3.440391 0.788234 0.501655 -15.928196 -3.167311 2.999707 -6.338831 -0.0 -0.0 -18.123459 3.648186 -4.905677 -3e-06 0.0 -1e-06 12.146467 7.486286 15.283085 69.555466 10.92621 13.91047 0.290949 17.555576 0.137678 -7.239142 1.738608 -14.356563 2.243544 -5.255044 -3.180159 14.282907 -0.826596 6.952509 -1e-06 -12.690625 0.0 16.0788 -17.489555 2.641379 1.665668 -1.955923 -2.878301 4.727804 -4.170594 4.993928 11.020538 2e-06 -1e-06 12.109064 -3.735721 -2.866787 1e-06 0.0 -0.0 1.291986 -1.928552 -1.49809 14.800146 0.567469 3.865611 14.242587 -1.341739 -6.660663 19.63199 0.143926 -0.648245 49.622086 -0.598425 -6.25676 0.35303 -1.511153 -0.03194 20.222816 3.684314 2.316632 18.787296 4e-06 -2e-06 10.751641 -0.479869 1.397906 -2e-06 0.0 1e-06 3.27381 0.305947 -0.580111 21.486835 11.830392 2.266136 8.162937 2e-06 -1e-06 18.399103 -3.79899 -4.940582 4e-06 0.0 -2e-06 -8.225006 8.341633 16.48564 -0.058795 0.09112 2.577283 2.398555 8.508934 -9.082264 1.667784 -1.84594 0.779465 -0.0 -0.0 2e-06 -4.679004 -9.160639 -18.081568 0.147761 -0.279658 0.642976 10.465108 -7.794755 7.803761 -1.350379 1.089138 -2.725229 -0.0 -0.0 -0.0 
0.0 0.0 0.0 0.0 -0.0 0.0 21.58119 97.326454 426.793243 5.178394 2.801202 -8.448675 -3.728725 0.000858 2.187923 -1.252062 -1.621059 -4.238749 -2.580642 -3.675367 13.095716 0.542564 2.573204 18.425087 -0.331189 0.741741 -3.703148 2.025038 0.142663 -13.671918 7.7e-05 -2.2e-05 6e-06 -0.001334 0.068024 0.089033 0.617315 -3.676236 -10.634955 -0.622499 3.824033 -10.666632 -11.756536 -9.822989 14.967164 -55.877872 -9.20763 18.551384 0.151427 -36.702194 -0.038114 8.483934 5.108377 -30.26506 -5.882109 9.86129 0.70259 -10.936875 -0.360576 7.156206 1e-06 8.774828 -0.0 -15.910267 17.952896 6.169305 -1.844033 2.498504 -2.507279 -10.163602 4.678947 4.621109 -20.97603 -4e-06 -0.0 -21.226297 2.451697 -3.594005 0.0 -6e-06 -0.0 -1.362682 2.240799 -0.746324 -21.334921 0.584911 3.008321 -13.821219 -3e-06 -0.0 -23.887178 -0.249081 -0.839485 -60.337543 2.576825 -1.310152 -0.294025 1.679688 0.833256 -14.218214 0.093216 1.300578 -34.212059 -0.287566 0.967165 -20.033222 0.964536 1.212842 1e-06 -0.0 -1e-06 -3.44039 0.788233 0.501656 -15.928189 -3.16731 2.999704 -6.338827 -0.0 -0.0 -18.123453 3.648183 -4.905674 -3e-06 0.0 -1e-06 12.322098 7.326591 15.365975 69.654366 10.936852 14.073463 0.266765 17.16119 0.144185 -7.224 1.276061 -13.938403 2.243541 -5.255038 -3.180157 14.282894 -0.826595 6.952503 -2e-06 -12.69061 1e-06 16.08844 -17.421507 2.611211 1.665667 -1.955922 -2.878298 4.727798 -4.170589 4.993924 11.020528 3e-06 -1e-06 12.109052 -3.735718 -2.866784 1e-06 0.0 -1e-06 1.291986 -1.92855 -1.498088 14.800129 0.567468 3.865607 14.242572 -1.341738 -6.660657 19.631969 0.143927 -0.648244 49.526798 -0.516838 -6.265303 0.35303 -1.511151 -0.03194 20.222795 3.684311 2.31663 18.787275 4e-06 -1e-06 10.751629 -0.479869 1.397907 -2e-06 -1e-06 1e-06 3.273806 0.305947 -0.580111 21.486818 11.83038 2.266133 8.162928 3e-06 -1e-06 18.399086 -3.798985 -4.940577 5e-06 0.0 -2e-06 -8.067753 7.772039 18.124161 -0.042468 0.063739 2.107436 1.920354 8.723948 -10.010501 1.677803 -1.855448 0.727916 0.0 -0.0 2e-06 -4.218287 -10.019498 -18.50284 0.180445 -0.232879 0.51085 11.513546 -7.483352 7.347229 -1.363727 1.05728 -2.783265 -0.0 0.0 -0.0 
0.0 0.0 0.0 0.0 -0.0 0.0 21.28158 97.005058 429.206512 5.051351 3.404691 -8.170611 -3.772153 0.014727 1.909253 -1.295118 -1.758633 -4.324332 -2.666524 -3.669411 13.131482 0.85354 2.326999 18.274248 -0.31308 0.756205 -3.672916 1.976064 0.127071 -13.714293 7.7e-05 -2.2e-05 6e-06 -0.00253 0.068501 0.09517 0.622639 -3.673136 -10.626958 -0.629737 3.821817 -10.653734 -11.636498 -10.02286 15.055091 -55.904205 -8.973709 18.670254 0.212872 -36.801605 -0.050959 8.462006 5.117218 -30.158022 -5.882113 9.861293 0.70259 -10.936881 -0.360573 7.156211 0.0 8.774831 -1e-06 -15.905521 17.93729 6.136865 -1.844035 2.498507 -2.50728 -10.163611 4.67895 4.621112 -20.976048 -3e-06 -1e-06 -21.226315 2.451698 -3.594005 -1e-06 -6e-06 -0.0 -1.362683 2.240801 -0.746324 -21.334936 0.584912 3.008323 -13.821229 -4e-06 1e-06 -23.887194 -0.24908 -0.839488 -60.305809 2.602332 -1.362917 -0.294026 1.679691 0.833257 -14.218221 0.093216 1.300579 -34.212078 -0.287567 0.967165 -20.033232 0.964536 1.212841 1e-06 0.0 -1e-06 -3.440392 0.788234 0.501655 -15.928201 -3.167313 2.999708 -6.338832 -0.0 -0.0 -18.123466 3.648185 -4.905678 -3e-06 0.0 -2e-06 12.635242 6.989413 15.428177 69.598869 10.836448 14.164391 0.245795 17.147329 0.164634 -7.27625 0.995411 -13.775339 2.243542 -5.255037 -3.180159 14.282894 -0.826595 6.952507 -2e-06 -12.690609 1e-06 16.082991 -17.378218 2.593921 1.665666 -1.955922 -2.878299 4.7278 -4.170588 4.993927 11.020528 3e-06 -1e-06 12.109052 -3.735717 -2.866783 0.0 0.0 0.0 1.291985 -1.92855 -1.49809 14.800132 0.567467 3.86561 14.242574 -1.341736 -6.66066 19.631973 0.143925 -0.648245 49.485489 -0.432881 -6.23069 0.353029 -1.511151 -0.03194 20.222797 3.684309 2.316633 18.787279 4e-06 -0.0 10.75163 -0.47987 1.397907 -2e-06 -1e-06 1e-06 3.273807 0.305947 -0.58011 21.486816 11.830377 2.266135 8.162929 2e-06 1e-06 18.399084 -3.798987 -4.940575 5e-06 1e-06 -2e-06 -7.582595 7.227399 19.645102 -0.017498 0.017919 1.62135 1.359833 8.701428 -10.702059 1.69056 -1.850313 0.595255 -0.0 -0.0 2e-06 -3.922303 -10.194707 -18.131149 0.214073 -0.19064 0.582014 11.452851 -7.352936 8.212582 -1.375552 1.07005 -2.88603 -0.0 -0.0 -0.0 
0.0 0.0 0.0 0.0 -0.0 0.0 20.859055 96.82518 431.610596 4.508173 4.243801 -7.721297 -3.565545 -0.000435 1.476712 -1.307659 -1.956931 -4.505356 -2.701388 -3.779233 13.203559 1.210144 2.047938 18.058622 -0.287674 0.759949 -3.694436 1.98203 0.025361 -13.470335 7.7e-05 -2.3e-05 6e-06 -0.002749 0.074353 0.094894 0.626229 -3.666102 -10.624845 -0.633003 3.827178 -10.650813 -11.912741 -10.24417 15.156455 -55.496567 -8.635193 18.736929 0.203566 -36.621643 -0.056781 8.415205 5.16548 -30.091064 -5.882107 9.861288 0.702589 -10.93687 -0.360575 7.156204 -1e-06 8.774826 -2e-06 -15.891088 17.950428 6.176953 -1.844032 2.498505 -2.507277 -10.163599 4.678945 4.621107 -20.976021 -2e-06 -1e-06 -21.226286 2.451697 -3.594003 -1e-06 -5e-06 -0.0 -1.362682 2.240798 -0.746323 -21.334913 0.584912 3.008321 -13.821213 -2e-06 1e-06 -23.887167 -0.24908 -0.839486 -60.290417 2.628108 -1.283174 -0.294025 1.679688 0.833256 -14.218208 0.093216 1.300579 -34.212048 -0.287562 0.967165 -20.033211 0.964537 1.212841 1e-06 -0.0 -1e-06 -3.440388 0.788234 0.501655 -15.928185 -3.167308 2.999707 -6.338825 0.0 0.0 -18.123444 3.648185 -4.905674 -3e-06 0.0 -1e-06 13.354486 6.523071 15.426927 69.14328 10.537806 14.229345 0.22825 17.394236 0.193146 -7.300245 0.728871 -13.839473 2.243541 -5.255038 -3.180157 14.282888 -0.826595 6.952503 -1e-06 -12.690605 1e-06 16.073189 -17.373053 2.594747 1.665666 -1.955922 -2.878298 4.727798 -4.170588 4.993924 11.020524 1e-06 -0.0 12.109051 -3.735718 -2.866785 1e-06 0.0 -1e-06 1.291986 -1.92855 -1.498088 14.800127 0.567467 3.865608 14.242571 -1.341737 -6.660658 19.631968 0.143925 -0.648245 49.512512 -0.364696 -6.178922 0.353028 -1.511151 -0.03194 20.222786 3.684308 2.31663 18.78727 2e-06 -0.0 10.751624 -0.47987 1.397907 -2e-06 -1e-06 1e-06 3.273806 0.305946 -0.580111 21.486809 11.830376 2.266135 8.162926 1e-06 1e-06 18.399078 -3.798989 -4.940576 4e-06 0.0 -1e-06 -6.502689 6.730857 20.722855 -0.00427 -0.039087 1.636381 0.704055 8.29669 -11.151552 1.710008 -1.830954 0.297361 -0.0 -0.0 2e-06 -3.455698 -9.696265 -17.335573 0.207652 -0.168421 0.612237 9.97997 -7.639434 10.210772 -1.386041 1.104338 -3.061091 -1e-06 -0.0 -0.0 
0.0 0.0 0.0 0.0 -0.0 0.0 20.355581 96.876282 434.086548 3.412273 5.301288 -7.195232 -2.956037 -0.071717 0.931285 -1.266761 -2.109539 -4.779065 -2.641849 -4.02445 13.376713 1.60489 1.81638 17.711456 -0.331475 0.64324 -3.704813 2.006714 -0.17166 -13.016436 7.7e-05 -2.2e-05 6e-06 0.006418 0.034314 0.073849 0.635023 -3.704736 -10.637421 -0.622981 3.787253 -10.667866 -12.764711 -10.434283 15.030412 -54.618694 -8.156356 18.704916 -0.039954 -35.98682 0.134253 8.477523 5.109174 -29.948086 -5.882107 9.861284 0.70259 -10.936873 -0.360576 7.156204 1e-06 8.774824 1e-06 -15.921683 17.907524 6.187659 -1.844033 2.498503 -2.507278 -10.1636 4.678944 4.621108 -20.976027 -6e-06 1e-06 -21.226288 2.451693 -3.593999 1e-06 -5e-06 -0.0 -1.362682 2.240797 -0.746323 -21.334917 0.584908 3.00832 -13.821215 -4e-06 2e-06 -23.887173 -0.249083 -0.839485 -60.225502 2.572011 -1.140107 -0.294025 1.679687 0.833256 -14.21821 0.093214 1.300579 -34.212051 -0.287567 0.967167 -20.033215 0.964534 1.212844 1e-06 -0.0 -2e-06 -3.440388 0.788233 0.501655 -15.928187 -3.167311 2.999704 -6.338826 -2e-06 1e-06 -18.123444 3.64818 -4.905669 -3e-06 0.0 -1e-06 14.533343 5.957561 15.329521 68.186699 10.112456 14.188232 0.226215 17.661455 0.193157 -7.238553 0.322012 -14.100344 2.243541 -5.255036 -3.180158 14.282891 -0.826595 6.952503 -2e-06 -12.690603 0.0 16.080257 -17.458544 2.61273 1.665666 -1.955921 -2.878299 4.727798 -4.170586 4.993924 11.020526 3e-06 -1e-06 12.10905 -3.735715 -2.866784 1e-06 0.0 -0.0 1.291986 -1.92855 -1.498089 14.800129 0.567468 3.865608 14.242571 -1.341735 -6.660657 19.631968 0.143926 -0.648244 49.600666 -0.407428 -6.16854 0.353028 -1.51115 -0.031939 20.222788 3.68431 2.316631 18.78727 4e-06 -2e-06 10.751627 -0.479868 1.397906 -2e-06 -1e-06 -0.0 3.273807 0.305947 -0.58011 21.486813 11.830374 2.266132 8.162928 2e-06 -0.0 18.39908 -3.798985 -4.940575 4e-06 0.0 -2e-06 -4.609732 6.217737 21.567724 -0.021936 -0.026025 1.842235 -0.027871 7.54676 -10.916776 1.761966 -1.811257 -0.184313 -0.0 -1e-06 2e-06 -2.493992 -8.834641 -16.497856 0.122437 -0.203939 0.589258 6.76779 -8.319994 13.662468 -1.383106 1.115617 -3.119576 -0.0 0.0 -1e-06 
0.0 0.0 0.0 0.0 -0.0 0.0 19.850185 97.027359 436.622681 2.079832 6.230141 -6.802285 -2.24036 -0.167125 0.397917 -1.199807 -2.226086 -5.038923 -2.405667 -4.261416 13.494588 1.857375 1.692909 17.425482 -0.321086 0.577159 -3.767212 2.084643 -0.40379 -12.505063 7.7e-05 -2.3e-05 6e-06 0.009397 0.017974 0.053958 0.63119 -3.719788 -10.655787 -0.611786 3.770808 -10.684648 -13.795248 -10.436688 14.98269 -53.889576 -7.65111 18.404335 -0.250812 -35.097961 0.224383 8.712062 5.081746 -29.788538 -5.882107 9.861284 0.702588 -10.936874 -0.360576 7.156204 2e-06 8.774822 -1e-06 -16.006872 17.930328 6.214352 -1.844034 2.498503 -2.507279 -10.163602 4.678942 4.621106 -20.97603 -7e-06 -2e-06 -21.226294 2.451691 -3.594003 1e-06 -5e-06 -0.0 -1.362682 2.240797 -0.746325 -21.334921 0.584907 3.00832 -13.821218 -5e-06 0.0 -23.887184 -0.249085 -0.839486 -60.312004 2.597388 -0.9812 -0.294024 1.679687 0.833256 -14.218213 0.093215 1.300577 -34.212063 -0.28757 0.967167 -20.03322 0.964533 1.212842 0.0 -0.0 -1e-06 -3.440389 0.788233 0.501655 -15.928189 -3.167312 2.999705 -6.338828 -2e-06 0.0 -18.123447 3.648177 -4.905674 -3e-06 -0.0 -1e-06 15.682999 5.595437 15.191912 67.19313 9.625853 13.997178 0.285625 17.703739 0.174598 -7.102733 -0.101127 -14.093571 2.243543 -5.255038 -3.18016 14.282905 -0.826595 6.952506 -4e-06 -12.69061 1e-06 16.079201 -17.480591 2.587412 1.665668 -1.955922 -2.8783 4.727803 -4.170588 4.993927 11.020536 4e-06 -1e-06 12.109062 -3.735717 -2.866786 1e-06 0.0 0.0 1.291987 -1.928549 -1.49809 14.800142 0.567469 3.865609 14.242588 -1.341735 -6.660663 19.631989 0.143927 -0.648246 49.73362 -0.345787 -6.119398 0.353029 -1.511151 -0.03194 20.222811 3.684313 2.31663 18.787291 5e-06 -2e-06 10.751638 -0.479867 1.397907 -1e-06 -1e-06 -0.0 3.27381 0.305946 -0.580111 21.486834 11.830381 2.266132 8.162935 3e-06 -1e-06 18.399099 -3.798984 -4.940578 5e-06 1e-06 -2e-06 -2.348572 5.881869 22.399057 -0.038869 -0.073732 2.271079 -0.849133 6.726658 -10.088898 1.779438 -1.817642 -0.996429 0.0 0.0 2e-06 -1.205534 -8.013682 -15.552145 0.044821 -0.272729 0.578024 3.45721 -8.764707 17.589073 -1.396436 1.054158 -2.858639 0.0 0.0 -1e-06 
0.0 0.0 0.0 0.0 -0.0 0.0 19.397282 97.263176 439.203064 0.944915 6.909132 -6.619211 -1.66294 -0.278166 0.014624 -1.144279 -2.339501 -5.262509 -2.076321 -4.361674 13.439822 1.993466 1.716673 17.212971 -0.329599 0.359287 -3.817908 2.223925 -0.475055 -12.124766 7.7e-05 -2.2e-05 6e-06 0.002324 0.007489 0.027109 0.618139 -3.72787 -10.692756 -0.611317 3.756752 -10.70824 -14.431801 -10.242744 14.951013 -53.909927 -7.075796 18.069557 -0.268437 -34.139984 0.212672 9.020983 4.928281 -30.017241 -5.882108 9.861287 0.70259 -10.936873 -0.360575 7.156206 -0.0 8.774827 -0.0 -16.043222 17.953224 6.29631 -1.844033 2.498504 -2.507278 -10.163603 4.678946 4.621108 -20.97603 -4e-06 -0.0 -21.226288 2.451697 -3.594002 1e-06 -5e-06 -1e-06 -1.362682 2.240799 -0.746323 -21.334917 0.58491 3.008322 -13.821217 -1e-06 -1e-06 -23.887175 -0.249079 -0.839485 -60.466251 2.661877 -0.922102 -0.294025 1.679688 0.833256 -14.218212 0.093215 1.300579 -34.212051 -0.287564 0.967167 -20.033218 0.964536 1.212842 0.0 0.0 -0.0 -3.440389 0.788233 0.501656 -15.928189 -3.16731 2.999707 -6.338828 -1e-06 -0.0 -18.123451 3.648183 -4.905674 -3e-06 0.0 -2e-06 16.294563 5.510759 15.241713 66.622864 9.334193 13.790151 0.396794 17.51992 0.163449 -6.981734 -0.574087 -13.964468 2.243541 -5.255037 -3.180157 14.282887 -0.826595 6.952502 -3e-06 -12.690605 0.0 16.094305 -17.472841 2.565644 1.665666 -1.955921 -2.878298 4.727798 -4.170587 4.993924 11.020524 3e-06 -2e-06 12.109052 -3.735716 -2.866785 0.0 -0.0 -0.0 1.291985 -1.928549 -1.498089 14.800125 0.567468 3.865606 14.242569 -1.341736 -6.660657 19.631962 0.143927 -0.648244 49.701118 -0.23116 -6.15453 0.353029 -1.511151 -0.03194 20.222788 3.684309 2.31663 18.78727 4e-06 -1e-06 10.751627 -0.479869 1.397907 -2e-06 -1e-06 -0.0 3.273806 0.305947 -0.58011 21.486809 11.830376 2.266134 8.162926 2e-06 -0.0 18.399076 -3.798986 -4.940575 4e-06 0.0 -2e-06 -0.326611 5.613942 23.236479 -0.036351 -0.108203 3.053241 -1.62481 6.2554 -8.292936 1.798017 -1.779319 -2.327009 -0.0 -1e-06 2e-06 0.022496 -7.520031 -14.381214 -0.033423 -0.309654 0.653406 1.357276 -8.646765 20.628092 -1.384746 0.96636 -2.45274 -0.0 0.0 -1e-06 
0.0 0.0 0.0 0.0 -0.0 0.0 18.901474 97.688034 441.752441 -0.009858 7.217136 -6.668192 -1.184761 -0.361105 -0.170815 -1.068922 -2.403877 -5.403895 -1.767428 -4.320379 13.22514 2.020901 1.640258 17.19627 -0.364322 0.556039 -3.822746 2.391359 -0.609228 -12.063329 7.7e-05 -2.2e-05 6e-06 0.001785 0.017117 0.029413 0.626312 -3.709915 -10.669696 -0.619493 3.762265 -10.682909 -14.70681 -9.877674 15.099913 -54.389229 -6.531931 17.489462 -0.415349 -33.508648 0.264546 9.321913 4.677225 -30.301134 -5.882106 9.861286 0.702589 -10.936872 -0.360576 7.156205 1e-06 8.774826 -1e-06 -15.987307 18.005342 6.308362 -1.844033 2.498505 -2.507279 -10.163601 4.678945 4.621108 -20.976027 -5e-06 -1e-06 -21.226292 2.451695 -3.594002 0.0 -5e-06 0.0 -1.362681 2.240798 -0.746323 -21.334917 0.584907 3.008322 -13.821216 -3e-06 1e-06 -23.887175 -0.249081 -0.839484 -60.440182 2.636288 -0.963168 -0.294025 1.679689 0.833256 -14.21821 0.093213 1.300579 -34.212051 -0.287568 0.96717 -20.033211 0.964536 1.212844 1e-06 0.0 -0.0 -3.440388 0.788235 0.501656 -15.928187 -3.167312 2.999706 -6.338827 -2e-06 1e-06 -18.123444 3.64818 -4.905671 -3e-06 -0.0 -1e-06 16.311819 5.543446 15.225596 66.535049 9.193726 14.329885 0.417363 17.183283 0.127308 -6.95812 -0.931474 -14.009113 2.243541 -5.255036 -3.180156 14.282887 -0.826594 6.952499 -2e-06 -12.690601 -0.0 16.218313 -17.554693 2.499152 1.665666 -1.955922 -2.878297 4.727798 -4.170587 4.993921 11.020522 3e-06 -1e-06 12.109049 -3.735715 -2.866783 0.0 0.0 -0.0 1.291985 -1.928549 -1.498089 14.800122 0.567468 3.865605 14.242568 -1.341737 -6.660654 19.631958 0.143925 -0.648244 49.876331 -0.342679 -6.125883 0.353028 -1.51115 -0.03194 20.222786 3.684309 2.316629 18.78727 5e-06 -2e-06 10.751622 -0.479868 1.397906 -2e-06 -0.0 -0.0 3.273806 0.305948 -0.58011 21.486803 11.83037 2.266131 8.162926 3e-06 -1e-06 18.399076 -3.798982 -4.940574 4e-06 1e-06 -2e-06 1.446953 5.410059 24.001963 0.00464 -0.218256 4.313568 -2.213589 5.967741 -4.984798 1.824206 -1.892553 -4.178461 -0.0 1e-06 2e-06 1.237608 -7.54519 -13.080641 -0.023426 -0.374364 1.116751 -0.145097 -7.999282 20.292242 -1.396648 0.955799 -1.677623 0.0 -0.0 -1e-06 
0.0 0.0 0.0 0.0 -0.0 0.0 18.419876 98.09552 444.24118 -0.785565 7.399784 -6.792303 -0.783936 -0.401464 -0.373583 -1.010013 -2.427154 -5.491271 -1.584611 -4.299057 13.066081 2.166473 1.618453 17.220354 -0.298835 0.57577 -3.807455 2.394956 -0.497381 -12.054582 7.7e-05 -2.2e-05 6e-06 -0.002561 0.003828 0.04085 0.628493 -3.732042 -10.67326 -0.629125 3.758067 -10.677427 -14.597588 -9.548157 15.183695 -55.090343 -5.851333 17.242939 -0.435682 -33.186127 0.233036 9.420269 4.402535 -30.324316 -5.882107 9.86129 0.702592 -10.936875 -0.360575 7.156209 1e-06 8.774831 -2e-06 -15.984289 17.917938 6.311451 -1.844032 2.498503 -2.507278 -10.163604 4.678947 4.62111 -20.97603 -3e-06 5e-06 -21.226294 2.451699 -3.593999 1e-06 -5e-06 0.0 -1.362682 2.240799 -0.746323 -21.334925 0.58491 3.008326 -13.82122 -4e-06 2e-06 -23.887182 -0.249078 -0.839479 -60.473122 2.645669 -0.943241 -0.294025 1.679689 0.833256 -14.218215 0.093215 1.300582 -34.212067 -0.287564 0.967173 -20.033226 0.964537 1.212844 1e-06 0.0 1e-06 -3.44039 0.788234 0.501656 -15.928192 -3.167311 2.999709 -6.33883 -1e-06 0.0 -18.123457 3.648186 -4.905672 -3e-06 -0.0 -1e-06 16.242685 5.747945 15.268466 66.468796 9.20324 15.010588 0.35047 17.018261 0.094212 -6.820427 -1.072973 -13.821723 2.243541 -5.255038 -3.180159 14.282895 -0.826594 6.952505 -2e-06 -12.690609 -0.0 16.252981 -17.550982 2.471403 1.665666 -1.955922 -2.878299 4.727799 -4.170589 4.993925 11.020529 3e-06 -2e-06 12.109055 -3.735717 -2.866785 0.0 -0.0 -0.0 1.291986 -1.92855 -1.49809 14.800132 0.567468 3.865608 14.242577 -1.341737 -6.660661 19.631973 0.143926 -0.648245 49.740562 -0.357205 -6.181806 0.353029 -1.511151 -0.03194 20.222797 3.684311 2.31663 18.787275 4e-06 -2e-06 10.751629 -0.479868 1.397907 -2e-06 -0.0 0.0 3.273808 0.305947 -0.58011 21.486818 11.83038 2.266135 8.16293 2e-06 -0.0 18.399088 -3.798986 -4.940577 3e-06 1e-06 -0.0 3.005326 5.226168 24.53577 0.033173 -0.35147 5.958529 -2.785961 5.587974 -1.129682 1.854388 -1.911855 -6.130474 0.0 1e-06 4e-06 2.323218 -7.608421 -11.663963 -0.014967 -0.36264 1.606964 -1.107312 -7.748824 18.082161 -1.406851 0.912571 -1.243528 -0.0 -0.0 -1e-06 
0.0 0.0 0.0 0.0 -0.0 0.0 17.970991 98.477554 446.779816 -1.399846 7.430167 -6.97565 -0.393658 -0.434282 -0.520322 -1.019736 -2.32493 -5.590255 -1.473684 -4.238414 12.924734 2.328382 1.569164 17.355192 -0.218861 0.552635 -3.782721 2.395882 -0.447787 -12.018608 7.7e-05 -2.2e-05 6e-06 -0.011826 -0.002949 0.05093 0.625956 -3.745479 -10.659903 -0.642237 3.758945 -10.665691 -14.53139 -9.156569 15.423034 -55.487888 -5.299839 17.243284 -0.463101 -33.17337 0.154499 9.195469 4.140647 -30.143927 -5.88211 9.861286 0.702591 -10.936878 -0.360575 7.156209 1e-06 8.774828 -1e-06 -15.968441 17.85211 6.296749 -1.844033 2.498506 -2.507279 -10.163605 4.678946 4.621111 -20.976034 -4e-06 3e-06 -21.226299 2.451697 -3.593999 0.0 -6e-06 -0.0 -1.362682 2.240797 -0.746324 -21.334925 0.58491 3.008325 -13.821221 -2e-06 1e-06 -23.887184 -0.249079 -0.839484 -60.400871 2.659551 -0.880164 -0.294025 1.679687 0.833256 -14.218217 0.093214 1.300581 -34.212067 -0.287565 0.967173 -20.033226 0.964537 1.212845 0.0 0.0 -0.0 -3.440391 0.788233 0.501656 -15.928198 -3.16731 2.999709 -6.338829 -0.0 1e-06 -18.123459 3.648182 -4.905671 -3e-06 0.0 -2e-06 16.096655 5.839666 15.196874 66.339973 9.201018 15.609431 0.421844 17.250191 0.132059 -6.761486 -0.915076 -13.306737 2.243542 -5.255037 -3.180157 14.282895 -0.826595 6.952502 -3e-06 -12.690605 1e-06 16.162706 -17.442253 2.481077 1.665667 -1.955922 -2.878299 4.727799 -4.170588 4.993925 11.020528 3e-06 -2e-06 12.109055 -3.735716 -2.866783 0.0 0.0 -1e-06 1.291986 -1.928548 -1.49809 14.800132 0.567468 3.865607 14.242573 -1.341735 -6.660657 19.631969 0.143927 -0.648245 49.540306 -0.389671 -6.192563 0.353029 -1.511151 -0.03194 20.222799 3.68431 2.31663 18.787279 6e-06 -3e-06 10.751631 -0.479867 1.397906 -2e-06 -0.0 0.0 3.273808 0.305947 -0.580111 21.48682 11.830376 2.266131 8.16293 3e-06 -0.0 18.399088 -3.798983 -4.940576 5e-06 1e-06 -1e-06 4.385759 5.25947 24.726568 0.073802 -0.535993 8.290188 -3.260249 5.267275 2.086438 1.91633 -1.932043 -7.993182 -0.0 1e-06 3e-06 3.252639 -7.565047 -10.096651 -0.007845 -0.371633 1.889634 -1.828977 -7.625418 16.126265 -1.407155 0.867356 -0.876684 0.0 -0.0 -1e-06 
0.0 0.0 0.0 0.0 -0.0 0.0 17.502871 98.754128 449.288849 -2.026709 7.47024 -7.170475 0.000731 -0.412878 -0.692142 -0.977079 -2.300594 -5.668795 -1.344633 -4.113884 12.891214 2.552457 1.525017 17.272572 -0.215456 0.514201 -3.773494 2.384297 -0.366897 -11.662641 7.7e-05 -2.2e-05 6e-06 -0.016627 -0.008743 0.064172 0.626396 -3.760567 -10.649495 -0.651509 3.762383 -10.655332 -14.610478 -8.882999 15.460642 -55.573711 -4.573596 17.536909 -0.465594 -33.445507 0.09134 8.808428 3.995544 -29.458746 -5.882108 9.86129 0.70259 -10.936872 -0.360574 7.156204 -1e-06 8.774828 -1e-06 -16.039423 17.862091 6.27263 -1.844032 2.498504 -2.507278 -10.1636 4.678947 4.621109 -20.976023 -0.0 1e-06 -21.226286 2.4517 -3.594003 1e-06 -6e-06 -0.0 -1.362681 2.240798 -0.746323 -21.334913 0.584914 3.008323 -13.821215 -0.0 1e-06 -23.887167 -0.249075 -0.839485 -60.479496 2.652167 -0.834187 -0.294026 1.679687 0.833256 -14.21821 0.093217 1.30058 -34.212048 -0.28756 0.967168 -20.033215 0.964538 1.212841 0.0 0.0 1e-06 -3.440389 0.788235 0.501656 -15.928185 -3.167308 2.999707 -6.338826 0.0 1e-06 -18.123444 3.648186 -4.905673 -3e-06 -1e-06 -1e-06 15.970607 6.081831 15.134617 66.001633 9.220373 16.288523 0.419454 17.945778 0.135018 -6.637101 -0.483289 -13.068351 2.243541 -5.255037 -3.180157 14.282887 -0.826595 6.9525 -2e-06 -12.690604 -0.0 16.091856 -17.399767 2.505589 1.665666 -1.955922 -2.878298 4.727798 -4.170588 4.993924 11.020524 2e-06 -0.0 12.10905 -3.735716 -2.866784 0.0 -0.0 -1e-06 1.291985 -1.928549 -1.49809 14.800125 0.567468 3.865605 14.242569 -1.341737 -6.660656 19.631962 0.143925 -0.648245 49.387802 -0.41141 -6.187084 0.353029 -1.511151 -0.03194 20.222786 3.684309 2.316628 18.78727 4e-06 -1e-06 10.751625 -0.479868 1.397905 -1e-06 -1e-06 0.0 3.273806 0.305947 -0.58011 21.486809 11.830376 2.266133 8.162926 2e-06 -1e-06 18.399076 -3.798986 -4.940575 4e-06 1e-06 -2e-06 5.801062 5.354783 24.358707 0.063056 -0.645216 11.48992 -3.74563 5.282043 4.77648 1.95966 -1.941487 -9.34852 0.0 -1e-06 3e-06 4.186901 -7.587919 -8.577017 -0.004519 -0.395085 2.297338 -2.365427 -7.680361 13.959013 -1.417147 0.83505 -0.546381 -0.0 -0.0 -1e-06 
0.0 0.0 0.0 0.0 -0.0 0.0 17.082121 98.94017 451.910309 -2.679588 7.402525 -7.385935 0.439999 -0.383185 -0.811828 -0.922045 -2.243505 -5.71282 -1.162715 -3.917991 12.907598 2.723514 1.535222 17.054636 -0.205471 0.374782 -3.764537 2.369889 -0.237141 -11.310072 7.7e-05 -2.3e-05 6e-06 -0.018846 -0.033972 0.073583 0.631349 -3.792182 -10.645052 -0.660557 3.743586 -10.6566 -14.820168 -8.605555 15.459428 -55.425011 -4.017978 17.899885 -0.496139 -33.673557 0.02681 8.43614 3.791576 -28.601328 -5.882108 9.861284 0.70259 -10.936873 -0.360574 7.156204 1e-06 8.774826 -1e-06 -16.135012 17.892897 6.246718 -1.844033 2.498504 -2.507278 -10.163602 4.678945 4.621108 -20.976028 -4e-06 -0.0 -21.226292 2.451695 -3.594001 1e-06 -6e-06 -0.0 -1.362682 2.240798 -0.746323 -21.334919 0.58491 3.00832 -13.821217 -3e-06 -0.0 -23.887175 -0.24908 -0.839485 -60.540707 2.632701 -0.787813 -0.294025 1.679686 0.833256 -14.218212 0.093215 1.300578 -34.212055 -0.287566 0.967166 -20.033218 0.964534 1.212842 0.0 -0.0 -0.0 -3.440388 0.788232 0.501655 -15.928189 -3.16731 2.999705 -6.338828 0.0 0.0 -18.123453 3.64818 -4.905674 -3e-06 -0.0 -2e-06 15.812155 6.357136 15.022035 65.534515 9.344432 17.087797 0.336328 18.893974 0.11557 -6.790412 0.069698 -13.255712 2.243542 -5.255037 -3.180159 14.282894 -0.826594 6.952505 -3e-06 -12.690602 0.0 16.011627 -17.37756 2.559296 1.665666 -1.955921 -2.8783 4.727799 -4.170586 4.993924 11.020528 4e-06 -3e-06 12.109054 -3.735715 -2.866784 -1e-06 0.0 -0.0 1.291986 -1.92855 -1.498089 14.800131 0.567469 3.865609 14.242577 -1.341734 -6.660659 19.631969 0.143927 -0.648244 49.315598 -0.433803 -6.150581 0.353029 -1.51115 -0.03194 20.222794 3.684311 2.316631 18.787273 6e-06 -1e-06 10.751629 -0.479868 1.397907 -1e-06 -0.0 1e-06 3.273808 0.305948 -0.58011 21.486816 11.830373 2.266135 8.162928 2e-06 0.0 18.399084 -3.798982 -4.940576 5e-06 1e-06 -2e-06 7.174111 5.555341 23.370598 0.056099 -0.758181 15.695469 -4.172409 5.534724 6.749372 1.978578 -1.926888 -9.920629 0.0 -0.0 3e-06 5.153494 -7.594606 -7.254864 -0.013608 -0.42886 3.173298 -2.686307 -7.84145 11.552189 -1.427335 0.819985 -0.332099 0.0 0.0 -1e-06 
0.0 0.0 0.0 0.0 -0.0 0.0 16.733398 99.031761 454.479156 -3.32249 7.243721 -7.589304 0.889983 -0.352548 -0.884172 -0.836339 -2.132425 -5.710468 -0.933354 -3.717546 12.948852 2.74882 1.533186 16.801052 -0.211257 0.287914 -3.746063 2.403936 -0.166473 -11.160474 7.7e-05 -2.2e-05 6e-06 -0.019875 -0.072411 0.078732 0.639816 -3.832879 -10.638816 -0.671029 3.707516 -10.657967 -15.011614 -8.291431 15.44734 -55.377831 -3.754389 18.047907 -0.51731 -33.635128 -0.034636 8.247409 3.561573 -27.834518 -5.882103 9.861278 0.70259 -10.936868 -0.360576 7.156206 1e-06 8.774821 -2e-06 -16.21796 17.92597 6.237345 -1.844031 2.498503 -2.507278 -10.163595 4.678941 4.621109 -20.976017 -6e-06 3e-06 -21.226276 2.451694 -3.593996 1e-06 -6e-06 1e-06 -1.362681 2.240798 -0.746323 -21.334909 0.584908 3.008324 -13.821213 -3e-06 2e-06 -23.887165 -0.24908 -0.839481 -60.636467 2.613804 -0.81034 -0.294024 1.679687 0.833256 -14.218204 0.093213 1.300581 -34.21204 -0.287566 0.967173 -20.033205 0.964536 1.212845 1e-06 -0.0 -0.0 -3.440388 0.788232 0.501656 -15.928183 -3.16731 2.999708 -6.338824 -1e-06 1e-06 -18.123442 3.648179 -4.905667 -3e-06 -0.0 -1e-06 15.514026 6.714436 14.922859 65.128845 9.674236 17.919029 0.180572 19.856136 0.054788 -7.260785 0.478545 -13.91644 2.243541 -5.255034 -3.180158 14.282887 -0.826593 6.952503 -4e-06 -12.690596 2e-06 15.960135 -17.386126 2.612373 1.665666 -1.95592 -2.878299 4.727797 -4.170584 4.993923 11.020524 3e-06 -2e-06 12.10905 -3.735713 -2.866781 -1e-06 0.0 0.0 1.291985 -1.928548 -1.498089 14.800123 0.567469 3.865608 14.242568 -1.341732 -6.660657 19.631966 0.143927 -0.648244 49.330017 -0.423255 -6.061594 0.353029 -1.51115 -0.03194 20.222786 3.684309 2.31663 18.78727 6e-06 2e-06 10.751627 -0.479867 1.397907 1e-06 1e-06 2e-06 3.273807 0.305948 -0.580111 21.486809 11.830368 2.266133 8.162926 3e-06 1e-06 18.399076 -3.798982 -4.940569 6e-06 1e-06 -2e-06 8.39796 5.88174 21.756828 0.044591 -0.868301 20.66573 -4.534375 5.786112 8.234999 1.975693 -1.906005 -9.760311 -1e-06 1e-06 1e-06 6.083938 -7.502474 -6.062687 -0.014762 -0.446849 4.277735 -2.832889 -8.090184 9.023909 -1.433318 0.81941 -0.180733 0.0 0.0 -1e-06 
0.0 0.0 0.0 0.0 -0.0 0.0 16.439156 99.056137 456.527344 -3.948081 7.058429 -7.772865 1.32825 -0.317965 -0.902224 -0.715807 -2.000044 -5.661981 -0.654717 -3.541638 12.985836 2.602176 1.475723 16.597605 -0.251736 0.337665 -3.732983 2.431067 -0.255221 -11.169965 7.7e-05 -2.2e-05 6e-06 -0.020719 -0.110243 0.082225 0.642078 -3.868665 -10.613971 -0.674981 3.665203 -10.639554 -15.135565 -7.89801 15.410724 -55.584381 -3.666738 17.683561 -0.551472 -33.381496 -0.049785 8.238332 3.254192 -27.141104 -5.88211 9.86129 0.70259 -10.936876 -0.360574 7.156206 -1e-06 8.774829 -1e-06 -16.258797 17.979774 6.244881 -1.844034 2.498506 -2.507278 -10.163604 4.678947 4.621109 -20.97603 -1e-06 0.0 -21.226295 2.451699 -3.594003 1e-06 -6e-06 -0.0 -1.362682 2.240799 -0.746323 -21.334921 0.584912 3.008322 -13.821219 -2e-06 -0.0 -23.887182 -0.249078 -0.839487 -60.768925 2.604455 -0.888013 -0.294024 1.679687 0.833256 -14.218214 0.093217 1.30058 -34.212059 -0.287562 0.967167 -20.033216 0.964538 1.212842 1e-06 -0.0 -0.0 -3.44039 0.788235 0.501656 -15.928192 -3.167309 2.999707 -6.338829 1e-06 1e-06 -18.123453 3.648188 -4.905675 -3e-06 0.0 -2e-06 15.099738 7.161271 14.9662 64.748901 10.281463 18.503508 0.042484 20.907524 -0.030956 -7.794098 0.650629 -14.70014 2.243544 -5.255043 -3.180159 14.2829 -0.826599 6.952506 1e-06 -12.690617 -2e-06 15.926358 -17.462105 2.684273 1.665667 -1.955923 -2.878299 4.727803 -4.170593 4.993927 11.020535 1e-06 -3e-06 12.109062 -3.735722 -2.866787 -1e-06 0.0 -1e-06 1.291986 -1.92855 -1.49809 14.800138 0.567466 3.865609 14.242584 -1.341741 -6.660663 19.631979 0.143922 -0.648249 49.406185 -0.425852 -5.955379 0.35303 -1.511152 -0.031939 20.222803 3.684309 2.316631 18.787287 1e-06 -2e-06 10.751633 -0.47987 1.397907 1e-06 1e-06 0.0 3.273809 0.305947 -0.580111 21.486826 11.830382 2.266134 8.162932 -0.0 -2e-06 18.399097 -3.798991 -4.940584 4e-06 1e-06 -1e-06 9.398569 6.18805 19.635405 0.013644 -0.963028 26.163502 -4.746272 6.106293 9.315461 1.953697 -1.897961 -8.964215 0.0 0.0 2e-06 6.959992 -7.336039 -4.706826 0.003543 -0.399386 4.474157 -3.024058 -8.368825 7.251171 -1.432224 0.83591 -0.098413 -0.0 0.0 -1e-06 
