HIERARCHY
ROOT Root
{
  OFFSET 0.0 0.0 0.0
  CHANNELS 6 Xposition Yposition Zposition Zrotation Yrotation Xrotation
  JOINT Hips
  {
    OFFSET 0.0 100.0 0.0
    CHANNELS 6 Xposition Yposition Zposition Zrotation Yrotation Xrotation
    JOINT Spine1
    {
      OFFSET -0.013727 5.003763 -0.053727
      CHANNELS 3 Zrotation Yrotation Xrotation
      JOINT Spine2
      {
        OFFSET -0.0 7.125301 -0.029825
        CHANNELS 3 Zrotation Yrotation Xrotation
        JOINT Chest
        {
          OFFSET -1e-06 7.550063 -0.815971
          CHANNELS 3 Zrotation Yrotation Xrotation
          JOINT Neck1
          {
            OFFSET -0.181677 26.311295 -0.553348
            CHANNELS 3 Zrotation Yrotation Xrotation
            JOINT Neck2
            {
              OFFSET -3e-06 7.709397 2.302585
              CHANNELS 3 Zrotation Yrotation Xrotation
              JOINT Head
              {
                OFFSET -5e-06 6.128916 1.953709
                CHANNELS 3 Zrotation Yrotation Xrotation
                JOINT HeadEnd
                {
                  OFFSET 0.003598 16.065403 -1.835379
                  CHANNELS 3 Zrotation Yrotation Xrotation
                }
                JOINT Jaw
                {
                  OFFSET 0.002637 0.475592 3.094941
                  CHANNELS 3 Zrotation Yrotation Xrotation
                }
                JOINT LeftEye
                {
                  OFFSET 3.206381 5.380205 7.586883
                  CHANNELS 3 Zrotation Yrotation Xrotation
                }
                JOINT RightEye
                {
                  OFFSET -3.22244 5.361869 7.558234
                  CHANNELS 3 Zrotation Yrotation Xrotation
                }
              }
            }
          }
          JOINT LeftShoulder
          {
            OFFSET 1.621652 23.237164 5.113413
            CHANNELS 3 Zrotation Yrotation Xrotation
            JOINT LeftArm
            {
              OFFSET 14.919846 2e-06 -5.502326
              CHANNELS 3 Zrotation Yrotation Xrotation
              JOINT LeftForeArm
              {
                OFFSET 28.739307 0.0 -0.002588
                CHANNELS 3 Zrotation Yrotation Xrotation
                JOINT LeftHand
                {
                  OFFSET 27.093981 -1e-06 0.002609
                  CHANNELS 3 Zrotation Yrotation Xrotation
                  JOINT LeftHandThumb1
                  {
                    OFFSET 2.276482 -1.392045 3.191413
                    CHANNELS 3 Zrotation Yrotation Xrotation
                    JOINT LeftHandThumb2
                    {
                      OFFSET 4.012836 -1.828127 1.641654
                      CHANNELS 3 Zrotation Yrotation Xrotation
                      JOINT LeftHandThumb3
                      {
                        OFFSET 2.798515 0.0 -3e-06
                        CHANNELS 3 Zrotation Yrotation Xrotation
                        JOINT LeftHandThumbEnd
                        {
                          OFFSET 3.180793 -4e-06 4e-06
                          CHANNELS 3 Zrotation Yrotation Xrotation
                        }
                      }
                    }
                  }
                  JOINT LeftHandIndex1
                  {
                    OFFSET 3.247555 -0.531998 2.296169
                    CHANNELS 3 Zrotation Yrotation Xrotation
                    JOINT LeftHandIndex2
                    {
                      OFFSET 6.364578 0.01206 0.1786
                      CHANNELS 3 Zrotation Yrotation Xrotation
                      JOINT LeftHandIndex3
                      {
                        OFFSET 3.662364 0.0 0.0
                        CHANNELS 3 Zrotation Yrotation Xrotation
                        JOINT LeftHandIndex4
                        {
                          OFFSET 2.329242 4e-06 4e-06
                          CHANNELS 3 Zrotation Yrotation Xrotation
                          JOINT LeftHandIndexEnd
                          {
                            OFFSET 2.759615 -0.180537 -0.113024
                            CHANNELS 3 Zrotation Yrotation Xrotation
                          }
                        }
                      }
                    }
                  }
                  JOINT LeftHandMiddle1
                  {
                    OFFSET 3.163495 0.240981 1.000332
                    CHANNELS 3 Zrotation Yrotation Xrotation
                    JOINT LeftHandMiddle2
                    {
                      OFFSET 6.19078 -0.259278 -1.002548
                      CHANNELS 3 Zrotation Yrotation Xrotation
                      JOINT LeftHandMiddle3
                      {
                        OFFSET 4.35652 -4e-06 -1e-06
                        CHANNELS 3 Zrotation Yrotation Xrotation
                        JOINT LeftHandMiddle4
                        {
                          OFFSET 2.996877 -8e-06 0.0
                          CHANNELS 3 Zrotation Yrotation Xrotation
                          JOINT LeftHandMiddleEnd
                          {
                            OFFSET 2.304287 -0.294569 -0.031741
                            CHANNELS 3 Zrotation Yrotation Xrotation
                          }
                        }
                      }
                    }
                  }
                  JOINT LeftHandRing1
                  {
                    OFFSET 2.882643 -0.053652 -0.322543
                    CHANNELS 3 Zrotation Yrotation Xrotation
                    JOINT LeftHandRing2
                    {
                      OFFSET 5.854541 -0.486202 -1.373841
                      CHANNELS 3 Zrotation Yrotation Xrotation
                      JOINT LeftHandRing3
                      {
                        OFFSET 4.350578 0.0 3e-06
                        CHANNELS 3 Zrotation Yrotation Xrotation
                        JOINT LeftHandRing4
                        {
                          OFFSET 2.651321 7e-06 2e-06
                          CHANNELS 3 Zrotation Yrotation Xrotation
                          JOINT LeftHandRingEnd
                          {
                            OFFSET 1.936105 0.077687 -7.1e-05
                            CHANNELS 3 Zrotation Yrotation Xrotation
                          }
                        }
                      }
                    }
                  }
                  JOINT LeftHandPinky1
                  {
                    OFFSET 2.8655 -0.310005 -1.600378
                    CHANNELS 3 Zrotation Yrotation Xrotation
                    JOINT LeftHandPinky2
                    {
                      OFFSET 5.087849 -1.331141 -1.77123
                      CHANNELS 3 Zrotation Yrotation Xrotation
                      JOINT LeftHandPinky3
                      {
                        OFFSET 3.070974 4e-06 0.0
                        CHANNELS 3 Zrotation Yrotation Xrotation
                        JOINT LeftHandPinky4
                        {
                          OFFSET 1.549672 0.0 1e-06
                          CHANNELS 3 Zrotation Yrotation Xrotation
                          JOINT LeftHandPinkyEnd
                          {
                            OFFSET 1.944893 -0.157802 0.057219
                            CHANNELS 3 Zrotation Yrotation Xrotation
                          }
                        }
                      }
                    }
                  }
                }
              }
            }
          }
          JOINT RightShoulder
          {
            OFFSET -1.380118 23.180309 5.214158
            CHANNELS 3 Zrotation Yrotation Xrotation
            JOINT RightArm
            {
              OFFSET -15.037196 1.2e-05 -5.545604
              CHANNELS 3 Zrotation Yrotation Xrotation
              JOINT RightForeArm
              {
                OFFSET -28.736639 2e-06 -0.002597
                CHANNELS 3 Zrotation Yrotation Xrotation
                JOINT RightHand
                {
                  OFFSET -27.133619 -0.0 0.002613
                  CHANNELS 3 Zrotation Yrotation Xrotation
                  JOINT RightHandThumb1
                  {
                    OFFSET -2.274032 -1.383988 3.163127
                    CHANNELS 3 Zrotation Yrotation Xrotation
                    JOINT RightHandThumb2
                    {
                      OFFSET -4.011429 -1.827466 1.640914
                      CHANNELS 3 Zrotation Yrotation Xrotation
                      JOINT RightHandThumb3
                      {
                        OFFSET -2.794935 -4e-06 -3e-06
                        CHANNELS 3 Zrotation Yrotation Xrotation
                        JOINT RightHandThumbEnd
                        {
                          OFFSET -3.183852 4e-06 1e-06
                          CHANNELS 3 Zrotation Yrotation Xrotation
                        }
                      }
                    }
                  }
                  JOINT RightHandIndex1
                  {
                    OFFSET -3.253266 -0.520057 2.282866
                    CHANNELS 3 Zrotation Yrotation Xrotation
                    JOINT RightHandIndex2
                    {
                      OFFSET -6.341917 0.012471 0.178266
                      CHANNELS 3 Zrotation Yrotation Xrotation
                      JOINT RightHandIndex3
                      {
                        OFFSET -3.654871 -8e-06 -0.0
                        CHANNELS 3 Zrotation Yrotation Xrotation
                        JOINT RightHandIndex4
                        {
                          OFFSET -2.327586 0.0 1e-06
                          CHANNELS 3 Zrotation Yrotation Xrotation
                          JOINT RightHandIndexEnd
                          {
                            OFFSET -2.76179 -0.180656 -0.113078
                            CHANNELS 3 Zrotation Yrotation Xrotation
                          }
                        }
                      }
                    }
                  }
                  JOINT RightHandMiddle1
                  {
                    OFFSET -3.168106 0.246593 1.00103
                    CHANNELS 3 Zrotation Yrotation Xrotation
                    JOINT RightHandMiddle2
                    {
                      OFFSET -6.180828 -0.258836 -1.000895
                      CHANNELS 3 Zrotation Yrotation Xrotation
                      JOINT RightHandMiddle3
                      {
                        OFFSET -4.348901 0.0 -0.0
                        CHANNELS 3 Zrotation Yrotation Xrotation
                        JOINT RightHandMiddle4
                        {
                          OFFSET -3.00024 -4e-06 -2e-06
                          CHANNELS 3 Zrotation Yrotation Xrotation
                          JOINT RightHandMiddleEnd
                          {
                            OFFSET -2.30252 -0.29437 -0.031706
                            CHANNELS 3 Zrotation Yrotation Xrotation
                          }
                        }
                      }
                    }
                  }
                  JOINT RightHandRing1
                  {
                    OFFSET -2.88569 -0.067952 -0.308858
                    CHANNELS 3 Zrotation Yrotation Xrotation
                    JOINT RightHandRing2
                    {
                      OFFSET -5.854198 -0.48613 -1.373731
                      CHANNELS 3 Zrotation Yrotation Xrotation
                      JOINT RightHandRing3
                      {
                        OFFSET -4.33881 -4e-06 -0.0
                        CHANNELS 3 Zrotation Yrotation Xrotation
                        JOINT RightHandRing4
                        {
                          OFFSET -2.654903 -4e-06 4e-06
                          CHANNELS 3 Zrotation Yrotation Xrotation
                          JOINT RightHandRingEnd
                          {
                            OFFSET -1.933568 0.077527 -5.2e-05
                            CHANNELS 3 Zrotation Yrotation Xrotation
                          }
                        }
                      }
                    }
                  }
                  JOINT RightHandPinky1
                  {
                    OFFSET -2.866425 -0.342796 -1.584145
                    CHANNELS 3 Zrotation Yrotation Xrotation
                    JOINT RightHandPinky2
                    {
                      OFFSET -5.091371 -1.332055 -1.772385
                      CHANNELS 3 Zrotation Yrotation Xrotation
                      JOINT RightHandPinky3
                      {
                        OFFSET -3.062664 -4e-06 1e-06
                        CHANNELS 3 Zrotation Yrotation Xrotation
                        JOINT RightHandPinky4
                        {
                          OFFSET -1.546529 4e-06 -2e-06
                          CHANNELS 3 Zrotation Yrotation Xrotation
                          JOINT RightHandPinkyEnd
                          {
                            OFFSET -1.945119 -0.157718 0.057211
                            CHANNELS 3 Zrotation Yrotation Xrotation
                          }
                        }
                      }
                    }
                  }
                }
              }
            }
          }
        }
      }
    }
    JOINT LeftLeg
    {
      OFFSET 10.043214 -8.434526 2.595655
      CHANNELS 3 Zrotation Yrotation Xrotation
      JOINT LeftShin
      {
        OFFSET -1e-06 -43.221752 -0.802913
        CHANNELS 3 Zrotation Yrotation Xrotation
        JOINT LeftFoot
        {
          OFFSET 1e-06 -42.155094 -3.481523
          CHANNELS 3 Zrotation Yrotation Xrotation
          JOINT LeftToeBase
          {
            OFFSET 0.0 -5.059472 13.231529
            CHANNELS 3 Zrotation Yrotation Xrotation
            JOINT LeftToeEnd
            {
              OFFSET -0.009607 -1.647619 6.513017
              CHANNELS 3 Zrotation Yrotation Xrotation
            }
          }
        }
      }
    }
    JOINT RightLeg
    {
      OFFSET -10.047278 -8.29526 2.620317
      CHANNELS 3 Zrotation Yrotation Xrotation
      JOINT RightShin
      {
        OFFSET 1e-06 -43.362206 -0.805556
        CHANNELS 3 Zrotation Yrotation Xrotation
        JOINT RightFoot
        {
          OFFSET 2e-06 -42.117393 -3.478398
          CHANNELS 3 Zrotation Yrotation Xrotation
          JOINT RightToeBase
          {
            OFFSET -0.0 -5.079609 13.284196
            CHANNELS 3 Zrotation Yrotation Xrotation
            JOINT RightToeEnd
            {
              OFFSET 0.009532 -1.634378 6.460591
              CHANNELS 3 Zrotation Yrotation Xrotation
            }
          }
        }
      }
    }
  }
}
MOTION
Frames: 180
Frame Time: 0.03333333333333333
0.0 0.0 0.0 0.0 -0.0 0.0 -1.112369 100.338829 3.546564 1.552861 -0.33853 -0.675306 -0.139381 -0.023475 -3.086178 -0.631674 0.319152 -6.074135 -2.240495 -1.191566 15.135753 0.347813 2.400575 0.616139 -0.975161 -0.688579 -3.562211 0.116479 -1.615709 -5.13708 7.7e-05 -2.2e-05 6e-06 0.015083 -0.056803 0.026932 0.764134 -3.772461 -10.579955 -0.73759 3.665501 -10.604006 -21.083767 -5.761146 17.293447 -45.277504 -11.395846 30.102945 0.348188 -35.484451 -0.173231 0.216703 0.755874 -23.698847 -5.88211 9.861292 0.702591 -10.936877 -0.360575 7.156207 -1e-06 8.77483 -2e-06 -16.216381 18.040203 6.006209 -1.844033 2.498506 -2.507277 -10.163605 4.678948 4.62111 -20.976034 -3e-06 1e-06 -21.226297 2.4517 -3.594002 1e-06 -6e-06 -0.0 -1.362682 2.240799 -0.746325 -21.334925 0.584911 3.008325 -13.821219 -1e-06 3e-06 -23.887178 -0.249077 -0.839482 -60.238861 2.519944 -1.230907 -0.294025 1.679689 0.833257 -14.218215 0.093216 1.300581 -34.212063 -0.287561 0.967172 -20.033222 0.964539 1.212842 1e-06 -1e-06 0.0 -3.44039 0.788234 0.501654 -15.928192 -3.167309 2.999709 -6.338829 -1e-06 0.0 -18.123455 3.648186 -4.905674 -2e-06 1e-06 -3e-06 23.140303 10.915414 19.634462 39.589764 12.660036 24.43198 0.471236 34.973629 0.292247 4.847637 -3.258133 -14.525571 2.243543 -5.25504 -3.180158 14.282892 -0.826596 6.952503 -0.0 -12.690609 0.0 16.250452 -17.572041 2.456653 1.665667 -1.955922 -2.878297 4.7278 -4.17059 4.993921 11.020529 1e-06 -1e-06 12.109056 -3.735719 -2.866787 0.0 -1e-06 2e-06 1.291986 -1.928549 -1.498089 14.800131 0.567466 3.865604 14.242577 -1.341738 -6.660662 19.631971 0.143924 -0.648249 49.756744 -0.605953 -6.460612 0.353029 -1.511151 -0.031939 20.222795 3.684309 2.316628 18.787275 2e-06 -2e-06 10.751631 -0.479869 1.397904 0.0 0.0 0.0 3.273807 0.305947 -0.580114 21.486816 11.830379 2.266133 8.16293 2e-06 -2e-06 18.39909 -3.798988 -4.94058 3e-06 -2e-06 -1e-06 4.280555 6.392045 2.831668 0.039972 -0.027411 1.691573 -6.679027 1.081917 -1.105493 1.632941 -1.862465 -1.041262 0.0 -0.0 2e-06 -9.421144 -12.455665 2.332934 0.013956 -0.160657 1.900761 9.535049 -4.014165 -1.529171 -1.420504 1.010038 -0.654799 0.0 0.0 -1e-06 
0.0 0.0 0.0 0.0 -0.0 0.0 -0.852775 100.330772 3.661384 1.689803 -0.34639 -0.651724 -0.174761 0.01215 -3.016313 -0.615223 0.412809 -6.04571 -2.298785 -1.221122 15.151552 0.219316 2.490993 0.573537 -1.007396 -0.78845 -3.540621 0.020825 -1.701352 -5.223232 7.7e-05 -2.2e-05 6e-06 0.012075 -0.0553 0.028013 0.758386 -3.768802 -10.56992 -0.738084 3.665437 -10.592258 -21.122545 -5.696408 17.327175 -45.478985 -11.21413 29.869684 0.264304 -35.626793 -0.183093 0.279585 0.626907 -24.1856 -5.88211 9.861292 0.702591 -10.936878 -0.360577 7.156206 0.0 8.774831 -3e-06 -16.238937 17.971901 5.974959 -1.844033 2.498505 -2.507279 -10.16361 4.678947 4.621109 -20.97604 -6e-06 0.0 -21.226301 2.451696 -3.594003 1e-06 -6e-06 1e-06 -1.362683 2.2408 -0.746324 -21.334927 0.58491 3.008323 -13.821223 -3e-06 2e-06 -23.887184 -0.249081 -0.839486 -60.22551 2.517018 -1.167174 -0.294025 1.679687 0.833258 -14.21822 0.093213 1.30058 -34.212074 -0.287566 0.96717 -20.033226 0.964535 1.212845 1e-06 0.0 0.0 -3.440391 0.788233 0.501655 -15.928196 -3.167312 2.999708 -6.338831 -2e-06 0.0 -18.123461 3.648184 -4.905675 -3e-06 0.0 -3e-06 23.004993 11.051395 19.75301 39.086536 12.516809 23.871998 0.46969 34.690014 0.288355 4.893897 -3.121086 -14.914893 2.243542 -5.255038 -3.180158 14.282899 -0.826592 6.952507 -6e-06 -12.69061 -0.0 16.271091 -17.577793 2.439212 1.665667 -1.955921 -2.878298 4.7278 -4.170588 4.993927 11.020534 6e-06 0.0 12.109056 -3.735714 -2.866786 0.0 -0.0 -2e-06 1.291987 -1.92855 -1.498088 14.800138 0.567472 3.865608 14.242579 -1.341733 -6.660657 19.631981 0.143929 -0.648243 49.876225 -0.602464 -6.418769 0.353029 -1.511151 -0.031941 20.222803 3.684315 2.316632 18.787283 9e-06 1e-06 10.751633 -0.479866 1.397907 0.0 0.0 0.0 3.273809 0.305947 -0.580111 21.48683 11.830384 2.266135 8.162933 5e-06 -1e-06 18.39909 -3.798984 -4.940575 4e-06 -2e-06 -1e-06 3.939055 6.357757 2.926831 0.026815 -0.058871 1.644098 -6.500891 1.187362 -1.207333 1.638046 -1.900197 -1.076699 0.0 -0.0 2e-06 -9.778848 -12.29353 2.437378 0.012451 -0.157885 1.844829 9.688342 -4.077873 -1.493692 -1.423669 0.994031 -0.69397 -0.0 0.0 -1e-06 
0.0 0.0 0.0 0.0 -0.0 0.0 -0.446951 100.327042 3.86429 1.880587 -0.384755 -0.583539 -0.240455 0.03021 -2.951861 -0.594969 0.476736 -6.031219 -2.357502 -1.200804 15.215789 0.106815 2.57095 0.487783 -1.036901 -0.852566 -3.567987 -0.12431 -1.793242 -5.290086 7.7e-05 -2.3e-05 6e-06 0.012646 -0.066052 0.027747 0.752961 -3.776877 -10.571537 -0.731676 3.651893 -10.588488 -21.099987 -5.624895 17.380783 -45.743214 -11.001155 29.712864 0.219651 -35.826012 -0.199836 0.295176 0.557243 -24.992662 -5.882108 9.861284 0.702591 -10.936873 -0.360574 7.156207 0.0 8.774825 -1e-06 -16.235182 17.967737 5.972221 -1.844032 2.498503 -2.507278 -10.163601 4.678945 4.621109 -20.976025 -3e-06 3e-06 -21.226288 2.451697 -3.593999 1e-06 -6e-06 1e-06 -1.362681 2.240798 -0.746325 -21.334917 0.584909 3.008322 -13.821217 -3e-06 3e-06 -23.887175 -0.24908 -0.839481 -60.24733 2.539128 -1.187759 -0.294024 1.679685 0.833257 -14.21821 0.093213 1.300582 -34.212051 -0.287564 0.967171 -20.033216 0.964538 1.212844 -0.0 -1e-06 -1e-06 -3.440389 0.788235 0.501656 -15.928189 -3.167309 2.999707 -6.338828 -2e-06 2e-06 -18.123451 3.648183 -4.905672 -4e-06 -0.0 -2e-06 22.814379 11.220023 19.820284 38.585709 12.292541 23.330317 0.484313 34.465187 0.269635 4.801125 -3.082536 -15.410892 2.243543 -5.255037 -3.180157 14.282896 -0.826596 6.952503 -1e-06 -12.690609 -1e-06 16.283861 -17.560238 2.453009 1.665668 -1.955922 -2.8783 4.727801 -4.170589 4.993926 11.020534 2e-06 -1e-06 12.109058 -3.735717 -2.866784 -0.0 -0.0 -1e-06 1.291986 -1.92855 -1.498091 14.800136 0.567468 3.865609 14.242581 -1.341737 -6.660661 19.631977 0.143925 -0.648246 49.895279 -0.60121 -6.401138 0.353028 -1.511151 -0.03194 20.222801 3.68431 2.316631 18.787283 5e-06 -2e-06 10.751636 -0.479868 1.397907 -1e-06 -0.0 0.0 3.273808 0.305947 -0.58011 21.486824 11.830378 2.266134 8.162933 2e-06 -1e-06 18.399092 -3.798986 -4.940578 3e-06 -2e-06 0.0 3.483667 6.348065 2.971975 0.025721 -0.086341 1.656487 -6.176742 1.276868 -1.309735 1.640916 -1.911778 -1.103444 0.0 -0.0 2e-06 -10.238362 -12.1893 2.534015 0.016204 -0.158932 1.703371 9.928745 -4.147448 -1.394723 -1.422829 0.996721 -0.687818 -0.0 0.0 -1e-06 
0.0 0.0 0.0 0.0 -0.0 0.0 0.001119 100.322388 4.079872 2.075471 -0.484268 -0.496647 -0.327183 0.042026 -2.877488 -0.568997 0.514598 -6.01827 -2.387488 -1.154758 15.260098 0.012313 2.613458 0.451925 -1.036275 -0.814257 -3.604802 -0.258996 -1.826695 -5.413148 7.7e-05 -2.2e-05 6e-06 0.013685 -0.07552 0.02624 0.747466 -3.784096 -10.569808 -0.72412 3.639409 -10.58252 -21.00799 -5.536797 17.458097 -46.106003 -10.809143 29.771801 0.23228 -35.947865 -0.222832 0.310258 0.489663 -25.710548 -5.882115 9.861299 0.702588 -10.936885 -0.360574 7.156212 -2e-06 8.774835 -1e-06 -16.189341 17.934095 5.994055 -1.844035 2.498508 -2.507281 -10.163613 4.678952 4.62111 -20.976053 0.0 -0.0 -21.226318 2.451702 -3.594008 1e-06 -6e-06 0.0 -1.362684 2.240801 -0.746324 -21.334944 0.584914 3.008323 -13.82123 -1e-06 1e-06 -23.887205 -0.24908 -0.839487 -60.271297 2.545268 -1.192979 -0.294025 1.679689 0.833256 -14.218228 0.093216 1.30058 -34.212097 -0.287563 0.967165 -20.033241 0.964539 1.212841 0.0 1e-06 0.0 -3.440393 0.788234 0.501657 -15.928206 -3.16731 2.99971 -6.338835 -1e-06 -1e-06 -18.123474 3.648188 -4.905682 -3e-06 -0.0 -1e-06 22.516457 11.354047 19.816031 38.177593 12.031533 22.997137 0.440209 34.340031 0.224801 4.718292 -3.112529 -15.976866 2.243546 -5.255044 -3.18016 14.282907 -0.826598 6.952511 -1e-06 -12.690619 3e-06 16.272106 -17.529417 2.487045 1.665668 -1.955923 -2.878301 4.727805 -4.170593 4.993929 11.020538 0.0 -1e-06 12.109066 -3.735721 -2.866788 -1e-06 -0.0 -1e-06 1.291988 -1.928552 -1.498089 14.800146 0.567466 3.865609 14.242589 -1.34174 -6.660666 19.631992 0.143925 -0.648247 49.86026 -0.618085 -6.385485 0.353029 -1.511153 -0.031938 20.222815 3.68431 2.316632 18.787294 1e-06 -3e-06 10.751639 -0.479871 1.397906 -1e-06 1e-06 -0.0 3.27381 0.305947 -0.580109 21.486834 11.830385 2.266136 8.162937 2e-06 -3e-06 18.399103 -3.798991 -4.940586 3e-06 -0.0 0.0 2.985292 6.43535 3.00345 0.02615 -0.116592 1.706917 -5.818972 1.354576 -1.448778 1.639769 -1.901999 -1.150343 0.0 -0.0 2e-06 -10.748803 -12.079782 2.570893 0.017719 -0.171393 1.64529 10.205009 -4.202266 -1.27184 -1.420509 0.986039 -0.717136 -0.0 0.0 -1e-06 
0.0 0.0 0.0 0.0 -0.0 0.0 0.476671 100.304779 4.303268 2.271418 -0.634586 -0.401528 -0.429164 0.059628 -2.814328 -0.543916 0.520393 -6.008745 -2.398854 -1.117522 15.284789 -0.028492 2.628608 0.500496 -1.005335 -0.715412 -3.625463 -0.375938 -1.786904 -5.605307 7.7e-05 -2.3e-05 6e-06 0.016244 -0.069896 0.0283 0.744539 -3.776285 -10.550413 -0.715934 3.641697 -10.564011 -20.907291 -5.459651 17.565168 -46.490299 -10.630424 29.987223 0.259443 -35.987679 -0.246239 0.362943 0.414805 -26.487226 -5.882108 9.861289 0.70259 -10.936876 -0.360576 7.156208 1e-06 8.774829 -1e-06 -16.102861 17.838202 6.034475 -1.844033 2.498505 -2.507279 -10.163603 4.678946 4.621109 -20.97603 -5e-06 1e-06 -21.226295 2.451693 -3.594002 1e-06 -6e-06 0.0 -1.362682 2.240798 -0.746325 -21.334925 0.584906 3.008321 -13.821217 -4e-06 2e-06 -23.887178 -0.249084 -0.839482 -60.278488 2.527603 -1.141651 -0.294025 1.679688 0.833256 -14.218215 0.093213 1.300579 -34.212067 -0.28757 0.967171 -20.033222 0.964535 1.212844 0.0 0.0 -1e-06 -3.440389 0.788232 0.501656 -15.928192 -3.167313 2.999706 -6.338829 -3e-06 0.0 -18.123453 3.64818 -4.905674 -3e-06 0.0 -1e-06 22.141954 11.388177 19.755358 37.876373 11.7721 22.742874 0.361322 34.317242 0.196919 4.62017 -3.151728 -16.561565 2.243543 -5.255038 -3.180158 14.282896 -0.826596 6.952504 -3e-06 -12.69061 2e-06 16.243334 -17.491358 2.520734 1.665667 -1.955922 -2.8783 4.7278 -4.170589 4.993925 11.020529 3e-06 -1e-06 12.109056 -3.735717 -2.866785 -0.0 0.0 -1e-06 1.291986 -1.92855 -1.498089 14.800134 0.567469 3.865607 14.242579 -1.341735 -6.66066 19.631975 0.143927 -0.648244 49.81749 -0.63199 -6.371198 0.353029 -1.511151 -0.031939 20.222797 3.684311 2.316628 18.787279 5e-06 -2e-06 10.751631 -0.47987 1.397906 -1e-06 1e-06 1e-06 3.273808 0.305946 -0.580112 21.48682 11.830379 2.266129 8.16293 3e-06 -1e-06 18.399092 -3.798987 -4.940579 4e-06 1e-06 -1e-06 2.435806 6.528076 3.072462 0.030091 -0.145557 1.73969 -5.443276 1.463894 -1.666837 1.637327 -1.887098 -1.210542 0.0 -0.0 2e-06 -11.299497 -11.915042 2.558694 0.017583 -0.18024 1.703151 10.485257 -4.338573 -1.203764 -1.420633 0.968211 -0.754519 0.0 0.0 -1e-06 
0.0 0.0 0.0 0.0 -0.0 0.0 1.05211 100.26667 4.581713 2.514208 -0.824905 -0.330228 -0.590923 0.066252 -2.735075 -0.530131 0.498243 -6.006035 -2.399888 -1.13721 15.281491 0.017581 2.613524 0.677617 -0.945141 -0.546931 -3.642106 -0.482554 -1.675988 -5.903595 7.7e-05 -2.3e-05 6e-06 0.020137 -0.052042 0.031071 0.744372 -3.757411 -10.531439 -0.707681 3.657209 -10.550954 -20.787865 -5.419887 17.734314 -46.899445 -10.505198 30.310843 0.292627 -35.889923 -0.293065 0.376165 0.317406 -27.24725 -5.882111 9.86129 0.70259 -10.936878 -0.360575 7.156209 -0.0 8.77483 -2e-06 -16.039787 17.74962 6.077739 -1.844034 2.498505 -2.507279 -10.163606 4.678948 4.621111 -20.97604 -4e-06 2e-06 -21.226301 2.451698 -3.594002 1e-06 -6e-06 0.0 -1.362682 2.240799 -0.746324 -21.33493 0.58491 3.008324 -13.821225 -3e-06 1e-06 -23.88719 -0.249079 -0.839485 -60.342384 2.524667 -1.068976 -0.294025 1.679688 0.833256 -14.218221 0.093215 1.300581 -34.212074 -0.287564 0.967171 -20.03323 0.964535 1.212845 0.0 0.0 0.0 -3.440391 0.788233 0.501655 -15.928201 -3.167313 2.999709 -6.338832 -2e-06 1e-06 -18.123461 3.648184 -4.905677 -2e-06 1e-06 -2e-06 21.652262 11.336816 19.68187 37.806889 11.508528 22.222931 0.281494 34.415054 0.193243 4.396711 -3.251361 -17.060478 2.243542 -5.255037 -3.180157 14.282896 -0.826596 6.952502 -2e-06 -12.690607 1e-06 16.231462 -17.459614 2.548229 1.665667 -1.955922 -2.878298 4.727801 -4.170589 4.993926 11.020531 2e-06 -1e-06 12.109056 -3.735718 -2.866783 -0.0 -0.0 -1e-06 1.291986 -1.928549 -1.49809 14.800136 0.567467 3.865609 14.242579 -1.341738 -6.66066 19.631975 0.143925 -0.648246 49.784229 -0.61979 -6.35138 0.353029 -1.511152 -0.031941 20.222801 3.68431 2.316628 18.787283 4e-06 -1e-06 10.751633 -0.47987 1.397907 0.0 1e-06 1e-06 3.273808 0.305947 -0.580111 21.486822 11.830379 2.266131 8.16293 1e-06 -1e-06 18.399088 -3.798986 -4.940578 4e-06 0.0 -1e-06 1.75721 6.53227 3.217359 0.032835 -0.166257 1.761791 -4.988266 1.697182 -1.971873 1.638714 -1.876201 -1.245481 -0.0 -0.0 2e-06 -11.944444 -11.594791 2.479727 0.01215 -0.179667 1.996322 10.749807 -4.635405 -1.290735 -1.424409 0.953544 -0.779244 -0.0 0.0 -1e-06 
0.0 0.0 0.0 0.0 -0.0 0.0 1.748444 100.185326 4.876626 2.909166 -1.061973 -0.318797 -0.90011 0.069288 -2.600828 -0.549901 0.436286 -6.00107 -2.405047 -1.197537 15.274052 0.17961 2.553279 0.938768 -0.873019 -0.319275 -3.660625 -0.572027 -1.520619 -6.39345 7.7e-05 -2.3e-05 6e-06 0.025734 -0.032969 0.032186 0.744177 -3.738848 -10.523006 -0.696038 3.67578 -10.551923 -20.612078 -5.45661 18.0478 -47.286781 -10.57383 30.734032 0.317992 -35.762325 -0.361849 0.336008 0.23078 -27.833906 -5.882109 9.861288 0.702591 -10.936877 -0.360574 7.156208 -0.0 8.774828 1e-06 -16.02314 17.704861 6.114835 -1.844033 2.498505 -2.507278 -10.163604 4.678946 4.621109 -20.976032 -3e-06 1e-06 -21.226295 2.451696 -3.594 1e-06 -6e-06 0.0 -1.362682 2.240798 -0.746324 -21.334923 0.584912 3.008322 -13.821219 -1e-06 1e-06 -23.887178 -0.249079 -0.839485 -60.442265 2.544517 -1.029115 -0.294025 1.679687 0.833256 -14.218215 0.093216 1.30058 -34.212063 -0.287562 0.96717 -20.033222 0.964538 1.212843 0.0 1e-06 -1e-06 -3.44039 0.788235 0.501655 -15.928192 -3.167308 2.999708 -6.338829 -1e-06 -0.0 -18.123457 3.648185 -4.905673 -3e-06 1e-06 -1e-06 21.013401 11.187634 19.602173 38.080486 11.257756 21.247171 0.217411 34.67078 0.215606 3.934835 -3.439533 -17.425135 2.243542 -5.255037 -3.180156 14.282894 -0.826595 6.952503 -2e-06 -12.690607 1e-06 16.220491 -17.426685 2.570249 1.665666 -1.955922 -2.8783 4.727799 -4.170588 4.993926 11.020528 3e-06 1e-06 12.109056 -3.735717 -2.866782 -0.0 0.0 -0.0 1.291985 -1.92855 -1.49809 14.800132 0.567468 3.86561 14.242576 -1.341738 -6.660656 19.631971 0.143925 -0.648242 49.730183 -0.592976 -6.328186 0.353029 -1.511151 -0.031938 20.222797 3.684309 2.316634 18.787279 4e-06 1e-06 10.751632 -0.479869 1.397907 -1e-06 1e-06 -1e-06 3.273807 0.305948 -0.58011 21.48682 11.830377 2.266134 8.16293 2e-06 -0.0 18.399088 -3.798988 -4.940575 5e-06 0.0 -0.0 0.834615 6.438076 3.44781 0.032758 -0.173889 1.807537 -4.454787 2.03896 -2.37047 1.647687 -1.866583 -1.260895 -0.0 -0.0 2e-06 -12.805017 -11.063587 1.839961 -0.006521 -0.162373 3.548899 11.014888 -5.021278 -1.979757 -1.431901 0.938547 -0.801165 -0.0 0.0 -1e-06 
0.0 0.0 0.0 0.0 -0.0 0.0 2.573281 100.017082 5.189327 3.638946 -1.344081 -0.417148 -1.492686 0.090304 -2.333631 -0.616117 0.305411 -5.938666 -2.456353 -1.245873 15.244711 0.465513 2.466229 1.189422 -0.802591 -0.111345 -3.654461 -0.618298 -1.32648 -7.209085 7.7e-05 -2.2e-05 6e-06 0.028389 -0.028475 0.044172 0.746647 -3.739517 -10.526347 -0.693278 3.685462 -10.561986 -20.279583 -5.623373 18.505428 -47.586826 -10.919893 31.272886 0.302978 -35.812382 -0.403671 0.230079 0.11427 -28.239798 -5.882111 9.861293 0.70259 -10.936881 -0.360577 7.156209 1e-06 8.774832 -2e-06 -16.012836 17.701345 6.106777 -1.844034 2.498507 -2.507279 -10.16361 4.678947 4.621109 -20.976042 -6e-06 1e-06 -21.226307 2.451695 -3.594005 -0.0 -5e-06 0.0 -1.362683 2.2408 -0.746324 -21.334934 0.584906 3.008322 -13.821223 -4e-06 2e-06 -23.887192 -0.249083 -0.839483 -60.389248 2.571377 -1.076359 -0.294025 1.679688 0.833256 -14.218224 0.093213 1.300578 -34.212082 -0.28757 0.96717 -20.033232 0.964533 1.212844 -0.0 -1e-06 -0.0 -3.440391 0.788233 0.501655 -15.928203 -3.167316 2.999707 -6.338833 -3e-06 1e-06 -18.123463 3.648182 -4.905676 -3e-06 0.0 -0.0 20.128817 10.919628 19.534101 38.842274 11.09607 19.852816 0.154572 35.046391 0.225266 3.14706 -3.70002 -17.734337 2.243543 -5.25504 -3.180158 14.282902 -0.826598 6.952507 -1e-06 -12.690614 0.0 16.232481 -17.407602 2.578192 1.665667 -1.955923 -2.878299 4.727804 -4.170592 4.993928 11.020534 1e-06 0.0 12.10906 -3.735721 -2.866785 -0.0 0.0 -0.0 1.291986 -1.92855 -1.498089 14.800139 0.567466 3.865612 14.242582 -1.34174 -6.660658 19.631979 0.143923 -0.648243 49.59293 -0.553364 -6.33442 0.353029 -1.511151 -0.03194 20.222805 3.684309 2.316633 18.787289 1e-06 -0.0 10.751637 -0.479871 1.397905 1e-06 1e-06 -2e-06 3.273809 0.305946 -0.580109 21.486828 11.830382 2.266134 8.162933 1e-06 1e-06 18.399097 -3.798991 -4.940578 5e-06 0.0 -2e-06 -0.523031 6.274597 3.789179 0.033141 -0.178174 1.868267 -3.846596 2.530689 -2.869186 1.664649 -1.852456 -1.228414 -0.0 -0.0 2e-06 -14.190373 -10.322998 -0.092524 -0.036735 -0.112028 7.796939 11.484287 -5.358008 -3.510964 -1.442622 0.934745 -0.897173 0.0 0.0 -1e-06 
0.0 0.0 0.0 0.0 -0.0 0.0 3.460957 99.718307 5.553478 4.845729 -1.651804 -0.75348 -2.425315 0.106936 -1.834987 -0.697218 0.205954 -5.778409 -2.696679 -1.266358 15.253254 0.882064 2.328846 1.339918 -0.715033 0.115607 -3.533904 -0.64202 -1.202436 -8.485925 7.7e-05 -2.2e-05 6e-06 0.033627 0.050139 0.085573 0.76493 -3.674952 -10.535557 -0.701453 3.778733 -10.579319 -19.759014 -6.043716 19.036884 -47.616577 -11.539021 32.146652 0.304177 -36.190651 -0.423919 0.06253 -0.19468 -28.65292 -5.88211 9.861292 0.702592 -10.936877 -0.360574 7.156206 0.0 8.774829 -1e-06 -15.988957 17.668314 6.019194 -1.844033 2.498505 -2.507279 -10.163605 4.678947 4.62111 -20.976034 -2e-06 0.0 -21.226297 2.4517 -3.594004 -0.0 -6e-06 0.0 -1.362683 2.2408 -0.746324 -21.334927 0.584911 3.008324 -13.82122 -1e-06 2e-06 -23.887182 -0.249078 -0.839485 -60.265438 2.584439 -1.215198 -0.294025 1.679688 0.833256 -14.218214 0.093217 1.300582 -34.212067 -0.287562 0.967168 -20.033222 0.964539 1.212843 -0.0 0.0 0.0 -3.440391 0.788235 0.501655 -15.928192 -3.16731 2.99971 -6.338829 -1e-06 1e-06 -18.123453 3.648186 -4.905675 -4e-06 1e-06 -0.0 18.994564 10.467616 19.540201 40.21534 11.006892 17.904081 0.109606 35.625214 0.289114 1.871527 -3.891505 -18.245186 2.243543 -5.255039 -3.180158 14.282896 -0.826596 6.9525 -2e-06 -12.690609 1e-06 16.187443 -17.417936 2.6165 1.665667 -1.955923 -2.878299 4.7278 -4.170588 4.993923 11.020529 2e-06 -2e-06 12.109056 -3.735717 -2.866786 -1e-06 -0.0 -1e-06 1.291986 -1.92855 -1.49809 14.800132 0.567467 3.865607 14.242576 -1.341738 -6.660658 19.631971 0.143925 -0.648247 49.469994 -0.636765 -6.398123 0.353029 -1.511151 -0.03194 20.222797 3.68431 2.316629 18.787275 3e-06 -1e-06 10.751629 -0.47987 1.397905 -0.0 -0.0 -1e-06 3.273807 0.305948 -0.58011 21.486818 11.830379 2.266132 8.162929 1e-06 -2e-06 18.399086 -3.798985 -4.940579 2e-06 -1e-06 -2e-06 -2.462998 6.096972 4.382108 0.03196 -0.236501 1.900098 -3.158109 3.243381 -3.475143 1.676789 -1.839578 -1.124199 0.0 -0.0 2e-06 -16.263002 -9.576604 -3.000715 -0.041854 -0.036645 14.658332 12.22029 -5.633671 -5.216527 -1.474729 0.939345 -1.31824 0.0 0.0 -1e-06 
0.0 0.0 0.0 0.0 -0.0 0.0 4.363332 99.318077 5.958977 6.095937 -1.821909 -1.35985 -3.299675 0.071407 -1.231716 -0.797144 0.060073 -5.541071 -3.07464 -1.317039 15.453785 1.135288 2.199314 1.448517 -0.688785 0.21771 -3.501882 -0.57608 -1.14352 -9.608673 7.7e-05 -2.2e-05 6e-06 0.035184 0.061871 0.103421 0.765431 -3.670069 -10.527178 -0.699594 3.798503 -10.576524 -19.523273 -6.366443 19.498352 -46.85537 -12.400203 33.248051 0.360373 -36.781605 -0.44283 -0.163987 -0.623648 -28.71822 -5.882115 9.861296 0.70259 -10.936883 -0.360573 7.156212 -0.0 8.774834 -0.0 -15.973956 17.776367 6.057754 -1.844034 2.498507 -2.50728 -10.163611 4.678951 4.621112 -20.976044 -1e-06 -1e-06 -21.226311 2.451701 -3.594007 -0.0 -5e-06 0.0 -1.362683 2.2408 -0.746324 -21.334934 0.584913 3.008328 -13.821229 -0.0 1e-06 -23.887194 -0.249078 -0.839486 -60.238213 2.645359 -1.309617 -0.294026 1.679688 0.833257 -14.218224 0.093219 1.30058 -34.212086 -0.28756 0.967166 -20.033234 0.964538 1.212841 -0.0 -0.0 -1e-06 -3.440392 0.788236 0.501655 -15.928203 -3.16731 2.999711 -6.338833 -1e-06 -0.0 -18.123466 3.648187 -4.905678 -3e-06 0.0 -1e-06 17.963074 9.957722 19.566441 41.740047 10.928422 16.170534 0.023411 36.086838 0.231407 0.488133 -3.861572 -18.910681 2.243542 -5.255037 -3.180158 14.282892 -0.826595 6.952502 -2e-06 -12.690607 -0.0 16.105402 -17.493383 2.701082 1.665666 -1.955922 -2.8783 4.727798 -4.170588 4.993925 11.020526 3e-06 -2e-06 12.109052 -3.735717 -2.866785 0.0 -0.0 0.0 1.291986 -1.92855 -1.498089 14.800129 0.567468 3.865607 14.242573 -1.341738 -6.660661 19.631969 0.143926 -0.648246 49.391163 -0.641102 -6.41173 0.35303 -1.511151 -0.031941 20.222788 3.684309 2.31663 18.78727 5e-06 -2e-06 10.751625 -0.479869 1.397905 0.0 1e-06 -0.0 3.273807 0.305946 -0.580112 21.486813 11.830376 2.266131 8.162926 2e-06 -2e-06 18.39908 -3.798987 -4.940577 2e-06 -1e-06 -1e-06 -4.399698 6.001304 5.239473 0.049581 -0.215683 1.914686 -2.527038 3.684983 -4.315279 1.691631 -1.8407 -1.024968 -0.0 0.0 2e-06 -18.527746 -9.085516 -6.011727 -0.029568 0.151313 22.521814 13.116725 -5.850188 -5.497464 -1.498355 1.012417 -2.088641 -0.0 0.0 -1e-06 
0.0 0.0 0.0 0.0 -0.0 0.0 5.302382 98.995522 6.374715 6.9491 -1.965991 -2.236782 -3.78308 0.029076 -0.583832 -0.861276 0.039591 -5.186754 -3.425816 -1.532999 15.85931 1.185176 2.197917 1.434887 -0.742667 0.108905 -3.549317 -0.487456 -1.049519 -10.455388 7.7e-05 -2.3e-05 6e-06 0.028571 0.026345 0.090352 0.752551 -3.699789 -10.528184 -0.700764 3.756767 -10.57095 -19.725822 -6.639991 19.685268 -45.315647 -13.347378 34.536846 0.516448 -37.318783 -0.441254 -0.38619 -1.160067 -28.51421 -5.882106 9.861284 0.702591 -10.936875 -0.360577 7.156205 3e-06 8.774826 -0.0 -16.07328 17.833324 5.964777 -1.844033 2.498504 -2.507279 -10.163601 4.678944 4.621109 -20.976027 -9e-06 3e-06 -21.226288 2.451693 -3.593998 0.0 -6e-06 -0.0 -1.362681 2.240798 -0.746324 -21.334921 0.584905 3.008323 -13.821217 -5e-06 1e-06 -23.887178 -0.249082 -0.83948 -60.291359 2.668757 -1.405926 -0.294024 1.679688 0.833256 -14.21821 0.093213 1.300579 -34.212051 -0.287572 0.967174 -20.033218 0.964534 1.212847 -1e-06 1e-06 -0.0 -3.440389 0.788232 0.501656 -15.928191 -3.167312 2.999706 -6.338826 -2e-06 -0.0 -18.123447 3.648179 -4.905669 -3e-06 -1e-06 -2e-06 17.328611 9.392532 19.824663 42.841496 11.003975 14.799643 0.076311 35.960945 0.25396 -0.656233 -3.687037 -19.488285 2.243541 -5.255037 -3.180159 14.282896 -0.826594 6.952507 -4e-06 -12.690608 2e-06 16.134264 -17.564753 2.650331 1.665666 -1.955922 -2.8783 4.727799 -4.170588 4.993928 11.020529 5e-06 -3e-06 12.109054 -3.735714 -2.866785 0.0 0.0 1e-06 1.291986 -1.92855 -1.498091 14.800134 0.56747 3.86561 14.242575 -1.341733 -6.660659 19.631973 0.143929 -0.648243 49.29129 -0.577352 -6.43512 0.353029 -1.511151 -0.031939 20.222799 3.684314 2.316632 18.787281 8e-06 1e-06 10.751633 -0.479868 1.397907 -1e-06 1e-06 -1e-06 3.273807 0.305948 -0.580111 21.48682 11.83038 2.266134 8.162929 3e-06 -1e-06 18.399082 -3.798985 -4.940572 3e-06 0.0 -1e-06 -5.852744 5.901175 6.461201 0.038698 -0.194954 1.858232 -1.893152 4.092541 -4.962755 1.694069 -1.810176 -0.908298 -0.0 0.0 2e-06 -20.327436 -9.001337 -9.462374 0.063758 0.428831 31.193283 13.447523 -6.420769 -3.414927 -1.514673 1.022606 -3.911108 0.0 0.0 -1e-06 
0.0 0.0 0.0 0.0 -0.0 0.0 6.174136 98.798134 6.85006 7.161956 -2.095506 -3.104285 -3.819878 -0.038198 0.001096 -0.864418 -0.051911 -4.90489 -3.519161 -1.696158 16.256916 1.047486 2.191242 1.544106 -0.884985 -0.082285 -3.533595 -0.435521 -0.988535 -10.911965 7.7e-05 -2.3e-05 6e-06 0.027074 0.032141 0.079594 0.748484 -3.689007 -10.501158 -0.700138 3.757372 -10.547833 -20.11916 -6.807956 19.83778 -43.518677 -14.520639 35.560631 0.573855 -37.457111 -0.452084 -0.727005 -1.673553 -27.654692 -5.88211 9.861291 0.702589 -10.936876 -0.360575 7.156204 1e-06 8.774829 -1e-06 -16.238609 18.038467 5.956343 -1.844034 2.498507 -2.50728 -10.163604 4.678947 4.621109 -20.976036 -6e-06 -0.0 -21.226295 2.451697 -3.594002 1e-06 -4e-06 0.0 -1.362683 2.240799 -0.746324 -21.334923 0.584909 3.008319 -13.821218 -3e-06 -1e-06 -23.887182 -0.249082 -0.839487 -60.474823 2.659412 -1.396123 -0.294025 1.679688 0.833258 -14.218215 0.093214 1.300577 -34.21207 -0.287568 0.967167 -20.033226 0.964534 1.212842 -1e-06 -1e-06 -1e-06 -3.44039 0.788233 0.501657 -15.928192 -3.167311 2.999705 -6.338829 -0.0 1e-06 -18.123457 3.648182 -4.905675 -3e-06 1e-06 -0.0 16.898081 8.965454 20.16938 43.718437 11.0489 14.476245 0.19186 35.030876 0.253022 -1.097789 -3.906211 -19.295708 2.243543 -5.25504 -3.180158 14.282896 -0.826597 6.952505 -0.0 -12.69061 -1e-06 16.124264 -17.658621 2.670171 1.665667 -1.955922 -2.878299 4.727801 -4.170592 4.993926 11.02053 1e-06 -2e-06 12.109057 -3.735719 -2.866787 -0.0 0.0 -1e-06 1.291986 -1.928549 -1.49809 14.800132 0.567467 3.865608 14.242579 -1.341739 -6.660661 19.631975 0.143923 -0.648246 49.314915 -0.558507 -6.429001 0.353029 -1.51115 -0.031939 20.222799 3.684308 2.316629 18.787283 2e-06 -3e-06 10.751632 -0.479871 1.397904 -0.0 0.0 -0.0 3.273808 0.305948 -0.580111 21.48682 11.830377 2.266135 8.16293 1e-06 -1e-06 18.399092 -3.798988 -4.94058 3e-06 -0.0 -1e-06 -6.492783 6.127362 7.775039 0.033272 -0.19325 1.81348 -1.420496 3.977474 -5.505609 1.681924 -1.836009 -0.778854 0.0 -0.0 2e-06 -21.142733 -9.829256 -13.179275 0.179749 0.549949 39.594776 11.903059 -7.130251 0.351329 -1.523915 0.987738 -5.157126 0.0 -0.0 -2e-06 
0.0 0.0 0.0 0.0 -0.0 0.0 6.865313 98.752419 7.439311 6.725918 -2.190741 -3.752128 -3.503254 -0.155668 0.488079 -0.807757 -0.170462 -4.672249 -3.335098 -1.915726 16.472845 0.940574 2.233123 1.659486 -1.003691 -0.337075 -3.521896 -0.474191 -0.942584 -11.097945 7.7e-05 -2.2e-05 6e-06 0.02378 0.018439 0.064941 0.737903 -3.692938 -10.464 -0.69604 3.733853 -10.513524 -20.321598 -6.994817 19.731274 -42.079521 -15.533994 36.236103 0.540955 -37.335155 -0.404106 -1.121923 -1.960889 -26.651827 -5.882108 9.86129 0.702592 -10.936877 -0.360576 7.156209 1e-06 8.77483 -0.0 -16.429968 18.230585 5.986533 -1.844033 2.498505 -2.507279 -10.163604 4.678947 4.621111 -20.976034 -3e-06 3e-06 -21.226297 2.4517 -3.594002 2e-06 -5e-06 1e-06 -1.362681 2.240798 -0.746325 -21.334925 0.584908 3.008326 -13.821218 -2e-06 4e-06 -23.887182 -0.249081 -0.839481 -60.695904 2.639163 -1.312815 -0.294025 1.679688 0.833254 -14.218215 0.093213 1.300583 -34.212063 -0.287565 0.967173 -20.033226 0.964536 1.212845 0.0 1e-06 -1e-06 -3.440389 0.788234 0.501654 -15.928192 -3.167312 2.999708 -6.338829 -1e-06 1e-06 -18.123453 3.648183 -4.905671 -4e-06 1e-06 0.0 16.745441 8.701084 20.466269 44.342564 10.965913 15.390408 0.247902 33.479023 0.212912 -0.702757 -4.35735 -18.138342 2.243543 -5.255039 -3.180159 14.282898 -0.826594 6.952504 -4e-06 -12.690611 -0.0 16.190493 -17.726969 2.622702 1.665667 -1.955922 -2.878301 4.727801 -4.170589 4.993927 11.020535 4e-06 -3e-06 12.109059 -3.735716 -2.866787 -0.0 -0.0 -2e-06 1.291987 -1.928551 -1.498091 14.800138 0.56747 3.865608 14.242582 -1.341735 -6.660663 19.631979 0.143928 -0.648246 49.346504 -0.566929 -6.470662 0.353029 -1.511152 -0.031942 20.222803 3.684314 2.31663 18.787285 8e-06 -3e-06 10.751634 -0.479867 1.397906 -1e-06 0.0 -0.0 3.273809 0.305948 -0.580112 21.48683 11.830384 2.266133 8.162935 3e-06 -2e-06 18.399092 -3.798986 -4.940578 2e-06 0.0 -3e-06 -6.332991 6.29583 8.894372 0.015168 -0.190157 1.896958 -1.096422 3.752559 -5.949206 1.665823 -1.872504 -0.795439 -0.0 -0.0 2e-06 -20.724098 -11.211932 -16.936731 0.222196 0.501624 46.862743 8.585629 -8.583491 4.427143 -1.493559 0.889161 -4.261382 -0.0 1e-06 -1e-06 
0.0 0.0 0.0 0.0 -0.0 0.0 7.367019 98.820404 8.195729 5.814458 -2.232481 -3.998871 -3.046521 -0.305468 0.851946 -0.708366 -0.352752 -4.547726 -2.858684 -2.167315 16.479879 0.979632 2.25176 1.668542 -1.055156 -0.508035 -3.52941 -0.576282 -0.983946 -11.145638 7.7e-05 -2.2e-05 6e-06 0.021925 0.007088 0.044406 0.726639 -3.698904 -10.45444 -0.687749 3.717322 -10.499233 -20.264072 -7.278491 19.453348 -41.04517 -16.299515 36.335403 0.466915 -37.302498 -0.33668 -1.501818 -2.025377 -25.787117 -5.882106 9.861285 0.702591 -10.936871 -0.360575 7.156205 0.0 8.774822 -0.0 -16.583948 18.346485 6.017145 -1.844033 2.498503 -2.507277 -10.163599 4.678945 4.621112 -20.976023 -1e-06 1e-06 -21.226286 2.451698 -3.594002 1e-06 -7e-06 0.0 -1.362682 2.240798 -0.746323 -21.334913 0.58491 3.008323 -13.821213 -2e-06 2e-06 -23.887167 -0.24908 -0.839483 -60.814209 2.592283 -1.184209 -0.294025 1.679687 0.833256 -14.218208 0.093216 1.300581 -34.212048 -0.287563 0.967168 -20.033213 0.964536 1.212842 0.0 1e-06 -0.0 -3.440388 0.788234 0.501658 -15.928185 -3.167307 2.999707 -6.338825 -0.0 -1e-06 -18.123449 3.648184 -4.905673 -4e-06 1e-06 0.0 16.845167 8.544325 20.640619 44.848671 10.622092 17.05056 0.333428 31.843285 0.176973 0.311683 -4.810616 -16.158484 2.243543 -5.255036 -3.180158 14.282887 -0.826595 6.952499 -1e-06 -12.690601 1e-06 16.241333 -17.738165 2.54651 1.665665 -1.955921 -2.878298 4.727798 -4.170587 4.993923 11.020523 2e-06 -2e-06 12.109051 -3.735715 -2.866783 0.0 0.0 0.0 1.291986 -1.928549 -1.49809 14.800123 0.567467 3.865605 14.242567 -1.341737 -6.660656 19.631958 0.143925 -0.648247 49.40625 -0.606528 -6.533361 0.353029 -1.51115 -0.03194 20.222786 3.684307 2.316628 18.78727 3e-06 -3e-06 10.751625 -0.479869 1.397904 -2e-06 -0.0 -0.0 3.273805 0.305948 -0.580111 21.486803 11.830368 2.266132 8.162924 1e-06 -0.0 18.399076 -3.798986 -4.940577 2e-06 0.0 -2e-06 -5.593349 6.367396 9.708659 -0.010971 -0.202697 1.962693 -0.944683 3.470159 -6.318782 1.653398 -1.874507 -0.833449 0.0 -0.0 2e-06 -19.187321 -12.851557 -20.498928 0.176508 0.324378 51.96368 5.742079 -9.627397 6.93923 -1.457693 0.832649 -2.710974 -0.0 1e-06 -2e-06 
0.0 0.0 0.0 0.0 -0.0 0.0 7.699107 98.914398 9.082582 4.717052 -2.244213 -3.805345 -2.620149 -0.424442 1.090151 -0.593712 -0.604299 -4.519971 -2.206706 -2.426543 16.285828 1.255612 2.189418 1.519869 -1.084094 -0.573519 -3.544915 -0.678418 -1.014043 -11.17085 7.7e-05 -2.3e-05 6e-06 0.021282 -0.00267 0.019062 0.724819 -3.70673 -10.474428 -0.686035 3.704891 -10.504913 -20.012491 -7.67892 19.108643 -40.227203 -16.82659 35.743122 0.429866 -37.681522 -0.271519 -1.764687 -2.043502 -25.106895 -5.882102 9.861279 0.70259 -10.936866 -0.360575 7.156203 1e-06 8.774819 -3e-06 -16.659103 18.452265 5.995092 -1.844031 2.498503 -2.507277 -10.163595 4.678941 4.621109 -20.976015 -5e-06 2e-06 -21.226276 2.451695 -3.593998 0.0 -6e-06 0.0 -1.36268 2.240797 -0.746323 -21.334904 0.58491 3.008324 -13.821206 -2e-06 3e-06 -23.887157 -0.24908 -0.839483 -60.797153 2.591604 -1.17182 -0.294026 1.679686 0.833256 -14.218204 0.093215 1.300581 -34.212036 -0.287564 0.967171 -20.033205 0.964537 1.212843 0.0 1e-06 -1e-06 -3.440387 0.788232 0.501654 -15.928179 -3.167308 2.999707 -6.338823 -0.0 -0.0 -18.12344 3.648181 -4.905667 -5e-06 0.0 -1e-06 17.083849 8.445442 20.614595 45.386932 9.970066 18.980087 0.445422 30.678307 0.165332 1.572541 -5.018665 -14.043104 2.24354 -5.255033 -3.180156 14.282883 -0.826594 6.952497 -2e-06 -12.690597 0.0 16.230289 -17.695225 2.461987 1.665665 -1.955921 -2.878298 4.727796 -4.170585 4.99392 11.02052 2e-06 -3e-06 12.109046 -3.735714 -2.866784 -0.0 -0.0 -0.0 1.291985 -1.928548 -1.49809 14.800122 0.567467 3.865605 14.242564 -1.341736 -6.660656 19.631954 0.143926 -0.648245 49.463623 -0.66209 -6.592428 0.353029 -1.51115 -0.031939 20.222778 3.684307 2.316627 18.787262 4e-06 -3e-06 10.75162 -0.479868 1.397904 -1e-06 -0.0 -0.0 3.273805 0.305947 -0.58011 21.486799 11.830365 2.26613 8.162921 1e-06 -1e-06 18.399071 -3.798982 -4.940573 2e-06 -0.0 -2e-06 -4.612084 6.359727 10.159258 -0.035964 -0.217324 1.942312 -0.965239 3.14825 -6.750627 1.645169 -1.835025 -0.834719 -0.0 0.0 2e-06 -16.923805 -14.405297 -23.588892 0.138578 0.209103 53.79491 5.824476 -8.863889 7.571092 -1.443709 0.839531 -2.214708 0.0 -0.0 -1e-06 
0.0 0.0 0.0 0.0 -0.0 0.0 7.924109 98.992188 10.068135 3.649345 -2.25018 -3.280484 -2.253679 -0.488464 1.204522 -0.482486 -0.864097 -4.531965 -1.5464 -2.688511 16.022566 1.736674 2.054689 1.166108 -1.108479 -0.550985 -3.553384 -0.730609 -1.034463 -11.232191 7.7e-05 -2.2e-05 6e-06 0.021696 -0.022483 0.000582 0.724523 -3.726498 -10.494711 -0.683689 3.683576 -10.512582 -19.707087 -8.202429 18.781242 -39.330032 -17.160526 34.518642 0.505851 -38.641277 -0.25126 -1.780598 -2.163945 -25.019426 -5.882111 9.861294 0.702589 -10.936879 -0.360574 7.156209 0.0 8.774833 -0.0 -16.665081 18.550989 5.939902 -1.844035 2.498507 -2.507279 -10.16361 4.67895 4.621113 -20.976042 -2e-06 1e-06 -21.226307 2.4517 -3.594004 0.0 -6e-06 -1e-06 -1.362683 2.2408 -0.746324 -21.334929 0.584911 3.008322 -13.821223 -2e-06 1e-06 -23.887188 -0.24908 -0.839486 -60.723484 2.619067 -1.228698 -0.294025 1.679689 0.833256 -14.21822 0.093215 1.300578 -34.212074 -0.287565 0.967168 -20.03323 0.964536 1.212842 1e-06 -1e-06 1e-06 -3.44039 0.788235 0.501654 -15.928201 -3.167311 2.999707 -6.33883 0.0 -0.0 -18.123463 3.648188 -4.905677 -5e-06 1e-06 -2e-06 17.405411 8.338993 20.46911 45.966957 9.132738 20.678879 0.485025 30.227037 0.134871 2.65212 -4.867538 -12.465051 2.243543 -5.255037 -3.180158 14.282895 -0.826595 6.9525 -2e-06 -12.690605 1e-06 16.218946 -17.707867 2.397597 1.665667 -1.955922 -2.878298 4.727799 -4.170588 4.993924 11.020528 2e-06 -2e-06 12.109056 -3.735716 -2.866785 1e-06 -1e-06 -0.0 1.291986 -1.92855 -1.498089 14.800129 0.567468 3.865605 14.242576 -1.341737 -6.660658 19.631969 0.143926 -0.648247 49.514999 -0.684257 -6.642364 0.353029 -1.511151 -0.031941 20.222794 3.68431 2.316629 18.787275 4e-06 -3e-06 10.751629 -0.479868 1.397905 -0.0 0.0 1e-06 3.273807 0.305947 -0.580111 21.486816 11.830376 2.266131 8.162928 1e-06 -2e-06 18.399088 -3.798984 -4.940578 3e-06 1e-06 -2e-06 -3.633504 6.272883 10.360073 -0.055929 -0.216282 1.855586 -1.12893 2.83398 -7.224246 1.646591 -1.787111 -0.834275 0.0 -0.0 2e-06 -14.257997 -15.801675 -26.169586 0.128772 0.183849 52.109013 7.473547 -6.979193 8.196145 -1.434019 0.857153 -2.176478 -0.0 1e-06 -1e-06 
0.0 0.0 0.0 0.0 -0.0 0.0 8.091435 99.002899 11.204867 2.809167 -2.224742 -2.59411 -2.013296 -0.506883 1.221851 -0.398534 -1.112599 -4.548515 -1.004993 -2.948258 15.820576 2.357692 1.870724 0.655336 -1.122622 -0.464057 -3.567008 -0.708728 -1.041791 -11.369917 7.7e-05 -2.3e-05 6e-06 0.022477 -0.034239 -0.002717 0.715186 -3.741066 -10.500849 -0.671862 3.673011 -10.50846 -19.33828 -8.84134 18.461483 -38.268044 -17.343702 32.797455 0.587374 -40.144051 -0.262493 -1.479392 -2.351968 -25.623871 -5.88211 9.86129 0.70259 -10.936876 -0.360574 7.156211 -0.0 8.774828 -0.0 -16.615118 18.599722 5.882045 -1.844033 2.498506 -2.50728 -10.163604 4.678948 4.621108 -20.97603 -1e-06 3e-06 -21.226295 2.451701 -3.594002 1e-06 -8e-06 -1e-06 -1.362683 2.240798 -0.746322 -21.334923 0.584912 3.008323 -13.821217 -0.0 1e-06 -23.887178 -0.249077 -0.839485 -60.653229 2.641761 -1.295704 -0.294025 1.679687 0.833256 -14.218212 0.093217 1.300582 -34.212055 -0.287558 0.967166 -20.033218 0.964537 1.212842 0.0 -0.0 1e-06 -3.44039 0.788234 0.501657 -15.928189 -3.167308 2.999708 -6.338828 1e-06 0.0 -18.123451 3.648186 -4.905674 -5e-06 1e-06 -2e-06 17.708752 8.174615 20.244759 46.715088 8.303649 21.872705 0.391922 30.344461 0.07178 3.258021 -4.47942 -11.671135 2.243541 -5.255037 -3.180158 14.282896 -0.826594 6.952504 -3e-06 -12.690605 2e-06 16.251633 -17.775156 2.37782 1.665667 -1.955921 -2.878298 4.7278 -4.170587 4.993924 11.02053 4e-06 -1e-06 12.109056 -3.735713 -2.866784 0.0 -0.0 -1e-06 1.291986 -1.928549 -1.49809 14.800132 0.567469 3.86561 14.242576 -1.341735 -6.660659 19.631971 0.143927 -0.648244 49.542107 -0.674364 -6.684379 0.353029 -1.51115 -0.031941 20.222797 3.684311 2.31663 18.787279 6e-06 0.0 10.751633 -0.479868 1.397907 -1e-06 1e-06 0.0 3.273808 0.305947 -0.580112 21.48682 11.830378 2.266133 8.16293 2e-06 0.0 18.399084 -3.798984 -4.940575 2e-06 -0.0 -2e-06 -2.828194 6.246656 10.484 -0.066216 -0.198411 1.738888 -1.375937 2.429584 -7.752383 1.652894 -1.762053 -0.823189 0.0 -0.0 2e-06 -11.603936 -16.967346 -27.980518 0.14926 0.202415 46.901337 9.300843 -5.078529 9.482554 -1.431761 0.864483 -2.392857 -0.0 1e-06 -2e-06 
0.0 0.0 0.0 0.0 -0.0 0.0 8.206635 98.903519 12.467662 2.279023 -2.160568 -1.848017 -1.954018 -0.494578 1.168468 -0.357417 -1.366311 -4.569317 -0.617055 -3.18988 15.697318 3.105092 1.644468 0.056347 -1.130559 -0.318939 -3.586097 -0.623406 -1.012271 -11.53605 7.7e-05 -2.3e-05 6e-06 0.020413 -0.039373 0.008316 0.698555 -3.751763 -10.496815 -0.658933 3.672375 -10.49467 -18.874029 -9.535198 18.237072 -36.996346 -17.577082 31.122437 0.675163 -41.880993 -0.283724 -1.016864 -2.438349 -26.280598 -5.882113 9.861295 0.702588 -10.936881 -0.360576 7.156208 1e-06 8.774833 1e-06 -16.531773 18.594772 5.840254 -1.844035 2.498507 -2.507279 -10.16361 4.678951 4.621109 -20.976048 -4e-06 -1e-06 -21.226315 2.451696 -3.594007 0.0 -6e-06 -0.0 -1.362682 2.240799 -0.746326 -21.334938 0.584909 3.008321 -13.821229 -3e-06 0.0 -23.887196 -0.24908 -0.839488 -60.578957 2.663794 -1.347664 -0.294025 1.67969 0.833256 -14.218225 0.093214 1.300579 -34.212082 -0.287568 0.967166 -20.033234 0.964533 1.212841 1e-06 -1e-06 1e-06 -3.440392 0.788234 0.501656 -15.928203 -3.167312 2.999706 -6.338833 -2e-06 1e-06 -18.123466 3.648183 -4.905678 -4e-06 1e-06 -2e-06 17.995235 7.953411 20.02412 47.671959 7.622684 22.447655 0.256948 30.709688 0.016443 3.368509 -4.108638 -11.373918 2.243544 -5.255041 -3.18016 14.282907 -0.826595 6.952508 -3e-06 -12.690614 1e-06 16.273865 -17.812971 2.397491 1.665668 -1.955923 -2.8783 4.727805 -4.170591 4.993928 11.02054 3e-06 -1e-06 12.109064 -3.735718 -2.866787 0.0 -0.0 0.0 1.291987 -1.928551 -1.49809 14.800146 0.567469 3.86561 14.24259 -1.341737 -6.660664 19.631994 0.143925 -0.648245 49.511482 -0.667967 -6.71405 0.353029 -1.511152 -0.031939 20.222816 3.684313 2.316631 18.787296 5e-06 -3e-06 10.751645 -0.479868 1.397907 -1e-06 -0.0 -1e-06 3.273811 0.305947 -0.580112 21.486843 11.830386 2.266133 8.16294 2e-06 -1e-06 18.399109 -3.798984 -4.940579 2e-06 -0.0 -1e-06 -2.284776 6.295547 10.561282 -0.065452 -0.1584 1.77462 -1.591742 1.972516 -8.472062 1.65562 -1.776059 -0.794437 0.0 0.0 2e-06 -9.284274 -17.614578 -28.783627 0.19522 0.241261 38.397861 11.236168 -3.670632 11.346491 -1.448781 0.878746 -2.803026 -0.0 0.0 -1e-06 
0.0 0.0 0.0 0.0 -0.0 0.0 8.242882 98.71106 13.900885 2.046817 -1.974777 -1.144599 -2.085128 -0.497264 1.072499 -0.356702 -1.625356 -4.612165 -0.364565 -3.441719 15.642436 3.949153 1.35518 -0.530604 -1.125931 -0.092985 -3.593959 -0.546433 -0.963643 -11.728452 7.7e-05 -2.2e-05 6e-06 0.015831 -0.026194 0.026917 0.688524 -3.744025 -10.492577 -0.658035 3.691214 -10.486044 -18.300421 -10.245784 18.246529 -35.499172 -18.04491 29.949932 0.823703 -43.467838 -0.327226 -0.752781 -2.338007 -26.428215 -5.882107 9.861284 0.702591 -10.936873 -0.360576 7.156208 2e-06 8.774827 -1e-06 -16.449392 18.581213 5.828756 -1.844032 2.498503 -2.507278 -10.163601 4.678943 4.621109 -20.976027 -6e-06 1e-06 -21.22629 2.451694 -3.594001 1e-06 -6e-06 -0.0 -1.362682 2.240798 -0.746325 -21.334919 0.584906 3.008323 -13.821217 -4e-06 1e-06 -23.887173 -0.249084 -0.839481 -60.560879 2.696792 -1.363219 -0.294024 1.679687 0.833257 -14.218211 0.093211 1.300582 -34.212055 -0.287569 0.967174 -20.033218 0.964532 1.212846 1e-06 -0.0 1e-06 -3.44039 0.788232 0.501658 -15.928191 -3.167312 2.999709 -6.338827 -2e-06 0.0 -18.123447 3.648179 -4.90567 -4e-06 1e-06 0.0 18.268095 7.684257 19.888292 48.803558 7.096387 22.545116 0.136112 31.111691 0.011868 3.225238 -3.90532 -11.685479 2.243541 -5.255036 -3.180157 14.282887 -0.826593 6.952501 -4e-06 -12.690603 -0.0 16.229839 -17.80669 2.466475 1.665666 -1.955921 -2.878299 4.727797 -4.170586 4.993925 11.020526 4e-06 -2e-06 12.109052 -3.735714 -2.866784 0.0 -0.0 -0.0 1.291985 -1.928549 -1.49809 14.800125 0.56747 3.865605 14.242572 -1.341734 -6.660657 19.631969 0.143928 -0.648245 49.487957 -0.653944 -6.686391 0.353029 -1.51115 -0.03194 20.222788 3.684312 2.316629 18.78727 7e-06 -2e-06 10.751629 -0.479867 1.397906 -1e-06 0.0 -0.0 3.273806 0.305947 -0.58011 21.486809 11.830377 2.266131 8.162926 2e-06 -0.0 18.399076 -3.798981 -4.940575 2e-06 0.0 -1e-06 -1.983516 6.348251 10.697263 -0.045398 -0.093542 1.989118 -1.708467 1.465171 -9.275228 1.650262 -1.81066 -0.795189 0.0 0.0 2e-06 -7.583411 -17.504164 -28.356667 0.248888 0.231558 27.063524 13.367199 -3.053038 13.273595 -1.47604 0.93092 -3.185756 -0.0 0.0 -1e-06 
0.0 0.0 0.0 0.0 -0.0 0.0 8.158733 98.423271 15.596771 2.14186 -1.495428 -0.542818 -2.373561 -0.546467 0.933067 -0.435723 -1.87592 -4.714925 -0.252019 -3.677421 15.643933 4.876993 1.040496 -1.020731 -1.094667 0.130066 -3.586964 -0.577698 -0.942251 -11.988703 7.7e-05 -2.3e-05 6e-06 0.015137 0.02057 0.036497 0.696518 -3.702702 -10.513515 -0.667747 3.745749 -10.505278 -17.61557 -11.052152 18.439587 -33.83083 -18.734541 29.440256 1.014368 -44.66959 -0.408152 -0.945415 -2.139266 -25.72925 -5.882106 9.861288 0.702592 -10.936873 -0.360577 7.156206 1e-06 8.774829 -2e-06 -16.375376 18.620056 5.889999 -1.844033 2.498505 -2.507278 -10.163601 4.678945 4.621107 -20.97603 -7e-06 1e-06 -21.226288 2.451694 -3.594 1e-06 -5e-06 -1e-06 -1.362682 2.240798 -0.746324 -21.334917 0.584906 3.008323 -13.821215 -5e-06 3e-06 -23.887175 -0.249081 -0.839482 -60.605354 2.735322 -1.432523 -0.294025 1.679687 0.833255 -14.21821 0.093214 1.300579 -34.212048 -0.287571 0.967171 -20.033215 0.964532 1.212845 1e-06 0.0 0.0 -3.440388 0.788234 0.501654 -15.928189 -3.167314 2.999706 -6.338827 -2e-06 0.0 -18.123447 3.648181 -4.905672 -3e-06 1e-06 -1e-06 18.467735 7.282415 19.7605 50.210625 6.581306 22.615532 -0.024822 31.500256 0.010318 3.187701 -3.857454 -12.29945 2.243543 -5.25504 -3.180159 14.282904 -0.826594 6.952506 -4e-06 -12.690613 0.0 16.159071 -17.824175 2.552006 1.665667 -1.955922 -2.878299 4.727802 -4.17059 4.993927 11.020535 5e-06 -1e-06 12.109061 -3.735717 -2.866784 -0.0 -1e-06 -0.0 1.291987 -1.92855 -1.498091 14.800144 0.56747 3.865609 14.242584 -1.341735 -6.660658 19.631985 0.143927 -0.648243 49.566093 -0.613215 -6.604113 0.353029 -1.511152 -0.031941 20.222811 3.684315 2.316633 18.787289 7e-06 -1e-06 10.751637 -0.479868 1.397907 -1e-06 0.0 -0.0 3.27381 0.305948 -0.58011 21.486834 11.830384 2.266136 8.162936 3e-06 -1e-06 18.399099 -3.798985 -4.940579 2e-06 0.0 -2e-06 -1.904838 6.400034 11.013535 0.006583 -0.051223 2.295806 -1.722386 0.71943 -10.061993 1.64483 -1.824958 -0.801672 0.0 -0.0 2e-06 -6.823925 -16.343632 -26.787878 0.283719 0.089953 14.093569 15.491204 -3.72279 13.457279 -1.451192 1.045156 -3.326383 -0.0 0.0 -1e-06 
0.0 0.0 0.0 0.0 -0.0 0.0 7.983534 98.086884 17.543066 2.381046 -0.779293 0.052602 -2.629846 -0.584223 0.69506 -0.55077 -2.130324 -4.868347 -0.232721 -3.86969 15.64475 5.708199 0.796824 -1.430156 -1.054736 0.147126 -3.602579 -0.672997 -0.935316 -12.155661 7.7e-05 -2.2e-05 6e-06 0.024867 0.096414 0.02086 0.722673 -3.630998 -10.561218 -0.67469 3.828778 -10.553358 -16.953119 -11.905409 18.403126 -32.311554 -19.392683 29.685337 1.256593 -45.363098 -0.618703 -1.593217 -2.064554 -24.409407 -5.882108 9.861286 0.702591 -10.936873 -0.360576 7.156206 1e-06 8.774828 -0.0 -16.255247 18.646719 6.001705 -1.844032 2.498503 -2.507277 -10.163601 4.678945 4.621107 -20.976027 -4e-06 2e-06 -21.226288 2.451698 -3.593999 1e-06 -6e-06 -1e-06 -1.362683 2.240798 -0.746322 -21.334917 0.584908 3.008323 -13.821217 -3e-06 1e-06 -23.887175 -0.249082 -0.839483 -60.571766 2.723463 -1.551131 -0.294025 1.679687 0.833254 -14.21821 0.093215 1.300581 -34.212051 -0.287569 0.967171 -20.033215 0.964535 1.212844 0.0 1e-06 0.0 -3.440389 0.788234 0.501655 -15.928189 -3.167311 2.999706 -6.338828 -2e-06 1e-06 -18.123453 3.648182 -4.905672 -3e-06 1e-06 -2e-06 18.638603 6.810758 19.479473 51.645824 5.871693 22.90172 -0.141155 31.891424 0.032712 3.473201 -3.924879 -12.791624 2.243542 -5.255037 -3.180158 14.282895 -0.826595 6.952504 -2e-06 -12.690607 -0.0 16.066757 -17.873659 2.649967 1.665666 -1.955922 -2.878299 4.727799 -4.170588 4.993925 11.020528 3e-06 -3e-06 12.109055 -3.735716 -2.866786 0.0 -0.0 -0.0 1.291986 -1.92855 -1.498088 14.800132 0.567468 3.865607 14.242576 -1.341737 -6.660658 19.631973 0.143927 -0.648245 49.597374 -0.597466 -6.580136 0.353029 -1.511151 -0.031939 20.222797 3.684312 2.316629 18.787279 5e-06 -2e-06 10.75163 -0.479869 1.397905 -2e-06 0.0 0.0 3.273808 0.305947 -0.580111 21.48682 11.830377 2.266134 8.16293 3e-06 -0.0 18.399088 -3.798985 -4.940577 3e-06 -0.0 -2e-06 -1.859492 6.240844 11.562304 0.033355 -0.058008 2.506422 -1.650867 -0.04221 -10.657211 1.654686 -1.800641 -0.792517 0.0 -0.0 2e-06 -6.776828 -14.265883 -25.26272 0.243402 -0.079939 2.595899 16.597504 -5.652791 12.092101 -1.35233 1.145497 -3.301164 -0.0 -0.0 -1e-06 
0.0 0.0 0.0 0.0 -0.0 0.0 7.725254 97.728439 19.72098 2.446765 -0.041036 0.536497 -2.659649 -0.604188 0.444839 -0.598421 -2.41626 -4.972139 -0.223424 -4.06435 15.626023 6.290426 0.676473 -1.716871 -1.007542 0.065571 -3.623203 -0.824714 -0.946258 -12.25449 7.7e-05 -2.3e-05 6e-06 0.035488 0.146091 -0.003419 0.736662 -3.581957 -10.583699 -0.667319 3.880139 -10.581058 -16.446949 -12.540991 18.187424 -31.20027 -19.987322 29.68783 1.248753 -45.649311 -0.783853 -2.162071 -2.188338 -22.873369 -5.882104 9.861281 0.702591 -10.936867 -0.360576 7.156201 1e-06 8.774822 -1e-06 -16.124561 18.683195 6.10991 -1.844031 2.498504 -2.507277 -10.163595 4.678943 4.621105 -20.976017 -5e-06 1e-06 -21.226284 2.451693 -3.594 1e-06 -7e-06 -1e-06 -1.362681 2.240798 -0.746322 -21.334906 0.584908 3.00832 -13.821212 -5e-06 3e-06 -23.887165 -0.249082 -0.839483 -60.536091 2.692059 -1.528974 -0.294025 1.679686 0.833253 -14.218204 0.093213 1.300578 -34.212036 -0.287568 0.967171 -20.033209 0.964533 1.212842 2e-06 1e-06 1e-06 -3.440388 0.788232 0.501655 -15.928183 -3.16731 2.999704 -6.338825 -3e-06 -0.0 -18.123444 3.64818 -4.905669 -3e-06 0.0 -2e-06 18.800476 6.467311 19.299524 52.721569 5.223359 23.349684 -0.115163 32.227909 0.139799 4.000217 -4.020468 -13.237288 2.243541 -5.255037 -3.180158 14.282892 -0.826595 6.952505 -2e-06 -12.690603 1e-06 16.010042 -17.940893 2.759721 1.665666 -1.955922 -2.878299 4.727799 -4.170588 4.993924 11.020528 2e-06 -2e-06 12.109055 -3.735717 -2.866785 0.0 -0.0 -0.0 1.291986 -1.928549 -1.498089 14.800129 0.567468 3.86561 14.242571 -1.341736 -6.660658 19.631969 0.143925 -0.648243 49.544113 -0.61402 -6.665028 0.353029 -1.511151 -0.031938 20.222794 3.684309 2.316631 18.787273 4e-06 -0.0 10.751629 -0.479869 1.397905 -2e-06 0.0 -1e-06 3.273807 0.305947 -0.580109 21.486813 11.830374 2.266135 8.162928 1e-06 -0.0 18.399086 -3.798986 -4.940575 5e-06 1e-06 -1e-06 -1.540164 5.85927 12.532518 0.009023 -0.093844 2.389437 -1.771194 -0.583476 -11.051645 1.67684 -1.787537 -0.870095 -0.0 -0.0 2e-06 -6.516743 -12.64835 -25.14983 0.133609 -0.143689 -3.61757 16.798876 -7.399459 10.520305 -1.291455 1.140914 -3.278524 -0.0 -0.0 -1e-06 
0.0 0.0 0.0 0.0 -0.0 0.0 7.377814 97.33918 22.182728 2.357171 0.646306 0.764673 -2.534097 -0.648241 0.251749 -0.5966 -2.702724 -5.046729 -0.165578 -4.276816 15.616415 6.649662 0.712077 -1.773437 -0.987593 -0.039996 -3.617005 -1.028113 -0.989113 -12.401592 7.7e-05 -2.2e-05 6e-06 0.04075 0.159502 -0.01628 0.740367 -3.567048 -10.572665 -0.660038 3.890589 -10.576644 -16.033894 -12.874717 18.103338 -30.670828 -20.469969 29.034298 1.146927 -45.789536 -0.851315 -2.404978 -2.395116 -21.697544 -5.882109 9.861292 0.70259 -10.936875 -0.360574 7.156206 0.0 8.774829 -1e-06 -16.049698 18.730112 6.16281 -1.844034 2.498507 -2.507278 -10.163604 4.678947 4.621109 -20.976034 -6e-06 -3e-06 -21.226297 2.451694 -3.594005 0.0 -5e-06 -1e-06 -1.362682 2.240801 -0.746323 -21.334921 0.584909 3.008318 -13.821218 -3e-06 -2e-06 -23.887182 -0.249084 -0.839487 -60.609112 2.701051 -1.479743 -0.294025 1.679688 0.833255 -14.218214 0.093214 1.300579 -34.212059 -0.287567 0.967164 -20.03322 0.964535 1.212841 2e-06 1e-06 1e-06 -3.44039 0.788235 0.501657 -15.928191 -3.167312 2.999704 -6.338829 -1e-06 -0.0 -18.123457 3.648183 -4.905677 -3e-06 0.0 -3e-06 18.901127 6.216888 19.363792 53.377918 4.788304 23.792727 0.009278 32.477997 0.278428 4.430994 -4.092811 -13.465703 2.243543 -5.25504 -3.180158 14.2829 -0.826596 6.952505 -1e-06 -12.690614 -1e-06 16.028755 -17.980587 2.790515 1.665667 -1.955923 -2.878298 4.727802 -4.170591 4.993923 11.020534 2e-06 -1e-06 12.109059 -3.735719 -2.866786 1e-06 -0.0 0.0 1.291986 -1.928551 -1.49809 14.800139 0.567468 3.865608 14.242579 -1.341741 -6.660659 19.631983 0.143924 -0.648244 49.497673 -0.574165 -6.766363 0.353029 -1.511152 -0.031941 20.222803 3.68431 2.316632 18.787287 3e-06 -2e-06 10.751634 -0.47987 1.397905 -1e-06 1e-06 -1e-06 3.273809 0.305947 -0.580111 21.486824 11.830382 2.266135 8.16293 1e-06 -1e-06 18.399097 -3.798988 -4.940581 4e-06 1e-06 -1e-06 -0.915433 5.586257 14.056131 -0.008628 -0.171335 1.987297 -2.085161 -1.166723 -11.152723 1.698798 -1.788364 -1.234745 0.0 -0.0 2e-06 -5.954651 -11.754788 -25.853741 0.055104 -0.115029 -4.749797 16.464701 -8.174526 9.769483 -1.290338 1.093677 -3.330905 -0.0 -0.0 -1e-06 
0.0 0.0 0.0 0.0 -0.0 0.0 6.912765 96.898445 24.921154 2.179937 1.378379 0.723793 -2.285436 -0.709733 0.051398 -0.600825 -2.958788 -5.112779 -0.054251 -4.469432 15.635444 6.811743 0.681048 -1.64721 -1.015917 -0.227455 -3.575746 -1.276536 -1.071088 -12.551908 7.7e-05 -2.2e-05 6e-06 0.035124 0.099604 -0.02061 0.7348 -3.630576 -10.561014 -0.665443 3.832245 -10.561682 -15.650856 -13.069345 18.068266 -30.747221 -20.751448 28.074755 0.969061 -45.896336 -0.669325 -2.409499 -2.646389 -21.102795 -5.88211 9.861293 0.70259 -10.93688 -0.360576 7.15621 1e-06 8.774835 -0.0 -15.969223 18.713972 6.177267 -1.844034 2.498506 -2.50728 -10.163607 4.678949 4.621112 -20.97604 -5e-06 3e-06 -21.226305 2.451697 -3.594004 1e-06 -6e-06 -1e-06 -1.362683 2.2408 -0.746326 -21.334929 0.584908 3.008323 -13.821224 -4e-06 1e-06 -23.887188 -0.249082 -0.839484 -60.744549 2.704926 -1.509375 -0.294026 1.679689 0.833257 -14.218221 0.093214 1.300581 -34.212074 -0.287567 0.967171 -20.03323 0.964535 1.212846 2e-06 1e-06 1e-06 -3.440391 0.788234 0.501656 -15.928201 -3.167313 2.999707 -6.338832 -3e-06 1e-06 -18.123461 3.648184 -4.905675 -4e-06 1e-06 -3e-06 19.007826 5.908334 19.509941 53.67519 4.401548 24.268129 0.030597 32.592693 0.37263 4.731334 -4.194188 -13.624863 2.243544 -5.25504 -3.180161 14.282907 -0.826595 6.95251 -3e-06 -12.690614 1e-06 16.068239 -18.014116 2.761408 1.665668 -1.955922 -2.878303 4.727804 -4.17059 4.99393 11.020538 4e-06 -2e-06 12.109064 -3.735717 -2.866787 1e-06 -1e-06 0.0 1.291987 -1.92855 -1.498089 14.800146 0.567469 3.865611 14.242586 -1.341735 -6.660663 19.63199 0.143927 -0.648243 49.296051 -0.607323 -6.85534 0.353029 -1.511152 -0.03194 20.222816 3.684314 2.316632 18.787291 6e-06 -2e-06 10.751639 -0.479868 1.397906 -1e-06 1e-06 0.0 3.27381 0.305948 -0.580112 21.486843 11.830386 2.266136 8.162937 2e-06 0.0 18.399103 -3.798987 -4.940578 4e-06 0.0 -1e-06 -0.037084 5.300742 15.731671 0.012532 -0.235625 2.150219 -2.375576 -1.918696 -11.169518 1.746313 -1.743603 -1.805298 0.0 0.0 2e-06 -5.409975 -10.956608 -26.072309 0.027171 -0.016343 -3.348995 15.240077 -8.095072 9.891759 -1.311101 1.108851 -3.42479 -0.0 0.0 -1e-06 
0.0 0.0 0.0 0.0 -0.0 0.0 6.324482 96.455894 27.883574 1.85192 2.168217 0.50554 -1.908373 -0.690676 -0.258088 -0.629425 -3.195775 -5.233981 0.096406 -4.680835 15.746367 6.786536 0.629241 -1.419615 -0.988616 -0.461611 -3.546381 -1.52841 -1.149025 -12.472353 7.7e-05 -2.2e-05 6e-06 0.030153 0.082313 0.000863 0.725154 -3.650643 -10.545511 -0.665313 3.817176 -10.534184 -15.660903 -13.113598 18.207306 -30.879087 -20.738634 27.12344 0.910147 -46.208309 -0.572542 -2.429043 -2.711807 -20.563782 -5.882111 9.861292 0.70259 -10.936877 -0.360574 7.156207 0.0 8.774831 -0.0 -15.910081 18.61528 6.237665 -1.844035 2.498504 -2.507279 -10.163608 4.678949 4.621109 -20.976038 -1e-06 -2e-06 -21.226301 2.451696 -3.594005 -0.0 -6e-06 -2e-06 -1.362683 2.2408 -0.746323 -21.334929 0.584912 3.008321 -13.821223 -4e-06 -0.0 -23.887188 -0.249079 -0.839489 -60.648823 2.683686 -1.430681 -0.294026 1.679687 0.833257 -14.218217 0.093217 1.300579 -34.21207 -0.287566 0.967164 -20.033226 0.964535 1.212841 1e-06 0.0 1e-06 -3.44039 0.788233 0.501655 -15.928196 -3.167312 2.999707 -6.338831 -1e-06 -0.0 -18.123459 3.648185 -4.905676 -3e-06 1e-06 -3e-06 19.324457 5.59501 19.54183 53.477821 3.880275 24.974274 -0.00875 32.638767 0.358904 4.92593 -4.157087 -13.569853 2.243542 -5.255039 -3.180159 14.282896 -0.826595 6.952505 -0.0 -12.690608 -1e-06 16.031218 -17.961294 2.680866 1.665667 -1.955922 -2.8783 4.727801 -4.170589 4.993926 11.020531 2e-06 -2e-06 12.109057 -3.735719 -2.866785 1e-06 -0.0 -0.0 1.291986 -1.92855 -1.498089 14.800132 0.567468 3.86561 14.242576 -1.341738 -6.660659 19.631971 0.143925 -0.648245 49.16531 -0.552239 -6.855039 0.353029 -1.511151 -0.03194 20.222801 3.684311 2.316631 18.787279 3e-06 -2e-06 10.751633 -0.479869 1.397906 0.0 1e-06 0.0 3.273808 0.305947 -0.58011 21.48682 11.830378 2.266134 8.16293 1e-06 0.0 18.399088 -3.798986 -4.940578 4e-06 1e-06 -0.0 1.212762 5.136663 17.438848 0.017608 -0.342193 2.919096 -2.753616 -2.94112 -10.807263 1.764868 -1.748918 -3.085037 -0.0 -0.0 2e-06 -4.965908 -9.897759 -25.851536 0.048311 0.010409 -0.180987 13.185303 -7.293413 10.932756 -1.363041 1.118606 -3.839637 -0.0 0.0 -0.0 
0.0 0.0 0.0 0.0 -0.0 0.0 5.65277 96.208977 30.984682 1.02186 2.909518 0.251071 -1.117508 -0.675675 -0.711032 -0.621006 -3.229202 -5.461599 0.287317 -4.956806 16.053135 6.66265 0.481791 -1.227606 -1.024786 -0.498051 -3.518665 -1.845709 -1.424614 -12.219627 7.7e-05 -2.3e-05 6e-06 0.024943 0.08734 0.00634 0.708132 -3.646679 -10.548303 -0.658091 3.823975 -10.539559 -16.300379 -12.935861 18.257799 -30.831543 -20.396227 26.496328 1.012638 -46.394131 -0.639141 -2.289929 -2.842645 -20.54908 -5.882106 9.861287 0.70259 -10.936873 -0.360578 7.156206 1e-06 8.77483 0.0 -15.828284 18.462437 6.285972 -1.844032 2.498506 -2.507278 -10.163601 4.678945 4.621109 -20.976028 -6e-06 2e-06 -21.226292 2.451694 -3.594 -0.0 -7e-06 0.0 -1.362682 2.240799 -0.746324 -21.334919 0.584907 3.008324 -13.821217 -4e-06 2e-06 -23.887178 -0.249083 -0.839481 -60.47419 2.569492 -1.292716 -0.294025 1.679688 0.833255 -14.218212 0.093214 1.300578 -34.212051 -0.287567 0.967169 -20.033216 0.964534 1.212844 0.0 1e-06 0.0 -3.440389 0.788233 0.501656 -15.928191 -3.167313 2.999707 -6.338829 -3e-06 1e-06 -18.123453 3.648183 -4.905672 -4e-06 0.0 -3e-06 20.13913 5.393093 19.549553 52.56583 3.379158 25.669222 -0.103515 32.359577 0.231054 4.7902 -4.106029 -13.360354 2.243544 -5.255041 -3.180161 14.282904 -0.826594 6.952506 -2e-06 -12.690615 -1e-06 15.972664 -17.878235 2.61628 1.665668 -1.955923 -2.878301 4.727804 -4.17059 4.993927 11.020536 3e-06 -2e-06 12.109063 -3.735719 -2.866787 1e-06 -1e-06 -1e-06 1.291987 -1.928551 -1.49809 14.800142 0.567469 3.865611 14.242586 -1.341737 -6.660664 19.631987 0.143926 -0.648245 49.123703 -0.515348 -6.783266 0.353029 -1.511152 -0.03194 20.222815 3.684313 2.316632 18.787292 5e-06 -1e-06 10.751638 -0.479868 1.397905 -1e-06 1e-06 -1e-06 3.27381 0.305947 -0.580111 21.486834 11.830386 2.266136 8.162935 2e-06 -1e-06 18.399099 -3.798987 -4.940581 3e-06 0.0 -1e-06 3.186721 5.016616 18.670019 0.022805 -0.453613 4.723295 -3.301726 -4.122324 -9.53075 1.7956 -1.795479 -5.150301 0.0 -0.0 2e-06 -4.049402 -8.945877 -25.879688 0.057104 -0.039529 3.84851 10.283117 -6.473577 14.226062 -1.397265 1.062299 -4.10966 0.0 0.0 -1e-06 
0.0 0.0 0.0 0.0 -0.0 0.0 4.930693 96.179512 34.201332 -0.207235 3.418859 -0.149477 -0.221763 -0.718591 -1.124314 -0.528885 -3.217905 -5.713443 0.833956 -5.15787 16.288013 6.236815 0.506682 -0.825085 -1.087149 -0.615797 -3.537215 -2.110875 -1.578597 -11.960748 7.7e-05 -2.3e-05 6e-06 0.010897 0.052685 -0.021359 0.67113 -3.67871 -10.558393 -0.64805 3.785644 -10.543404 -17.093668 -12.443054 18.123699 -31.601686 -19.648037 26.001051 1.278215 -46.160347 -0.775753 -1.855879 -2.981597 -20.75519 -5.882107 9.861287 0.702591 -10.936876 -0.360576 7.156205 2e-06 8.77483 1e-06 -15.841619 18.369057 6.257436 -1.844033 2.498505 -2.507278 -10.163603 4.678944 4.621109 -20.976032 -6e-06 2e-06 -21.226295 2.451693 -3.594001 0.0 -8e-06 -1e-06 -1.362681 2.2408 -0.746325 -21.334921 0.584906 3.00832 -13.821221 -7e-06 2e-06 -23.887182 -0.249083 -0.839483 -60.449162 2.527224 -1.250966 -0.294024 1.679689 0.833254 -14.218215 0.093212 1.300579 -34.212063 -0.28757 0.967168 -20.033222 0.964532 1.212844 0.0 2e-06 1e-06 -3.44039 0.788232 0.501656 -15.928192 -3.167314 2.999705 -6.338829 -2e-06 1e-06 -18.123457 3.648178 -4.905672 -3e-06 2e-06 -2e-06 20.874044 5.451176 19.778641 51.485107 3.170424 25.80134 -0.099556 31.44792 0.152 4.397536 -4.131066 -12.718616 2.243541 -5.255036 -3.180157 14.282891 -0.826594 6.952501 -2e-06 -12.690603 -1e-06 15.980551 -17.849169 2.537024 1.665666 -1.955921 -2.878299 4.727799 -4.170587 4.993922 11.020524 3e-06 -2e-06 12.10905 -3.735716 -2.866784 1e-06 -0.0 1e-06 1.291985 -1.928549 -1.498089 14.800125 0.567468 3.865606 14.242569 -1.341736 -6.660656 19.631968 0.143925 -0.648244 49.145428 -0.381896 -6.771601 0.353029 -1.51115 -0.031941 20.222788 3.684309 2.316629 18.78727 5e-06 -2e-06 10.751625 -0.479868 1.397906 0.0 1e-06 0.0 3.273806 0.305947 -0.580111 21.486814 11.830373 2.266134 8.162928 2e-06 -1e-06 18.39908 -3.798985 -4.940575 3e-06 1e-06 -2e-06 5.697667 5.002401 19.572361 0.048561 -0.59042 7.515031 -3.885071 -5.368167 -6.587238 1.85378 -1.78369 -8.887031 -0.0 -0.0 1e-06 -2.576736 -8.466142 -26.158194 0.016661 -0.048252 8.748094 7.846103 -5.672899 17.562183 -1.389435 0.945447 -3.452913 -0.0 -0.0 -1e-06 
0.0 0.0 0.0 0.0 -0.0 0.0 4.143363 96.456619 37.656994 -1.439362 3.52592 -0.749971 0.414836 -0.742895 -1.338287 -0.344694 -3.17321 -5.826811 1.592538 -5.306228 16.12624 5.615155 0.531586 0.042321 -1.051036 -0.568651 -3.527596 -2.336049 -1.595148 -11.77228 7.7e-05 -2.2e-05 6e-06 -0.001925 0.006536 -0.021004 0.653883 -3.721264 -10.52163 -0.65318 3.739188 -10.519748 -17.302671 -11.668755 18.019125 -33.957554 -18.49523 25.126486 1.203613 -45.421272 -0.749415 -0.79072 -2.864361 -21.303585 -5.882114 9.861295 0.702589 -10.936881 -0.360571 7.156211 -2e-06 8.77483 -1e-06 -15.943038 18.526772 6.224318 -1.844034 2.498508 -2.507281 -10.163611 4.678951 4.621109 -20.976044 0.0 -0.0 -21.226309 2.4517 -3.594007 1e-06 -8e-06 -1e-06 -1.362684 2.240802 -0.746324 -21.334934 0.584915 3.008321 -13.821227 2e-06 0.0 -23.887192 -0.249077 -0.839489 -60.437244 2.481662 -1.252039 -0.294027 1.679689 0.833257 -14.218223 0.09322 1.300581 -34.212082 -0.287561 0.96716 -20.03323 0.964539 1.212838 2e-06 1e-06 0.0 -3.440392 0.788234 0.501656 -15.928203 -3.167308 2.999709 -6.338832 2e-06 -0.0 -18.123466 3.648188 -4.90568 -3e-06 1e-06 -4e-06 20.79039 5.609001 19.944521 51.0182 3.304643 25.996014 -0.122935 30.033035 0.082874 3.887922 -4.421552 -13.145112 2.243543 -5.25504 -3.180159 14.282896 -0.826597 6.952503 -0.0 -12.690612 1e-06 15.990091 -17.918352 2.475786 1.665667 -1.955923 -2.8783 4.727801 -4.170591 4.993926 11.020531 2e-06 -2e-06 12.109058 -3.735719 -2.866786 0.0 -0.0 -1e-06 1.291986 -1.92855 -1.49809 14.800134 0.567466 3.865608 14.242579 -1.341738 -6.660662 19.631973 0.143923 -0.648247 49.238831 -0.361816 -6.677984 0.353029 -1.511152 -0.031941 20.222797 3.684309 2.316629 18.787283 3e-06 -4e-06 10.751633 -0.479871 1.397905 -1e-06 1e-06 -2e-06 3.273808 0.305947 -0.580109 21.486818 11.830377 2.266134 8.16293 1e-06 -1e-06 18.39909 -3.798988 -4.94058 3e-06 1e-06 -2e-06 8.086139 5.090526 19.973335 0.158726 -0.850334 11.630121 -3.937794 -6.267899 -3.125962 1.974992 -1.85886 -14.030598 -0.0 -0.0 1e-06 -0.935491 -8.525072 -26.208622 0.039807 -0.084669 14.630874 6.662134 -4.583839 15.030989 -1.388561 0.948294 -2.318263 -0.0 -0.0 -1e-06 
0.0 0.0 0.0 0.0 -0.0 0.0 3.30313 96.888588 41.343369 -2.36765 3.625515 -1.344783 0.848582 -0.686649 -1.490308 -0.190263 -3.238276 -5.865075 2.048041 -5.302584 15.692075 5.316482 0.609324 0.963536 -1.124259 -0.750797 -3.510647 -2.403171 -1.570068 -11.467622 7.7e-05 -2.3e-05 6e-06 -0.012043 -0.04387 -0.0029 0.649006 -3.776284 -10.498668 -0.667453 3.692948 -10.481108 -16.865656 -11.153222 17.963366 -37.200222 -16.757687 24.491045 1.256836 -44.129383 -0.775982 0.067407 -2.520247 -21.660084 -5.882114 9.861297 0.702591 -10.936883 -0.360573 7.15621 0.0 8.774835 1e-06 -15.979347 18.443935 6.155602 -1.844036 2.498507 -2.50728 -10.163611 4.678952 4.62111 -20.976048 -3e-06 -3e-06 -21.226315 2.451698 -3.594009 1e-06 -6e-06 -0.0 -1.362684 2.240801 -0.746326 -21.334938 0.58491 3.008322 -13.821229 -2e-06 -1e-06 -23.887201 -0.249082 -0.839488 -60.412956 2.476436 -1.296672 -0.294025 1.679688 0.833259 -14.218224 0.093217 1.300581 -34.212086 -0.287565 0.967165 -20.033236 0.964534 1.212842 0.0 -0.0 1e-06 -3.440391 0.788234 0.501654 -15.928203 -3.167311 2.999707 -6.338833 -1e-06 -1e-06 -18.123466 3.648187 -4.905679 -4e-06 1e-06 -2e-06 20.636538 5.912112 20.050018 50.823662 3.550439 25.87565 -0.267953 28.590942 0.006489 3.368138 -4.733301 -13.571061 2.243544 -5.255041 -3.18016 14.282904 -0.826596 6.952507 -2e-06 -12.690616 -1e-06 16.107004 -17.900776 2.380315 1.665668 -1.955923 -2.8783 4.727804 -4.170592 4.993926 11.020536 4e-06 -2e-06 12.109063 -3.735719 -2.866785 0.0 -0.0 -0.0 1.291987 -1.928551 -1.49809 14.800139 0.567468 3.865611 14.242584 -1.341739 -6.660662 19.631983 0.143924 -0.648246 49.190277 -0.387428 -6.71146 0.353029 -1.511152 -0.031941 20.222811 3.684312 2.316632 18.787289 3e-06 -2e-06 10.751635 -0.479869 1.397907 -2e-06 -0.0 0.0 3.27381 0.305947 -0.58011 21.486834 11.830384 2.266134 8.162936 1e-06 -1e-06 18.399099 -3.798989 -4.940581 3e-06 0.0 -2e-06 10.176829 5.190029 19.03511 0.134131 -1.03154 17.61039 -3.930677 -6.419526 1.650838 2.084607 -1.803147 -19.595175 0.0 0.0 3e-06 0.292031 -8.418784 -24.59264 0.086071 -0.080464 17.707712 5.693367 -4.058037 10.511924 -1.386419 0.937396 -1.619104 0.0 -0.0 -1e-06 
0.0 0.0 0.0 0.0 -0.0 0.0 2.458019 97.468185 44.994144 -3.123167 3.924947 -1.982704 1.276276 -0.615199 -1.456374 -0.118199 -3.178874 -5.84112 2.20077 -5.24046 15.230668 5.140157 0.664428 1.480824 -1.272314 -1.05156 -3.489923 -2.335629 -1.775735 -11.094109 7.7e-05 -2.3e-05 6e-06 -0.01319 -0.058575 0.012657 0.657876 -3.792653 -10.496438 -0.6783 3.678922 -10.474571 -16.425594 -10.814723 18.138474 -39.768509 -15.24696 24.358988 1.040058 -42.346519 -0.664195 0.012512 -2.072737 -21.594166 -5.88211 9.861288 0.70259 -10.936874 -0.360574 7.156205 -0.0 8.774826 -1e-06 -15.97021 18.334137 6.082469 -1.844032 2.498505 -2.507279 -10.163602 4.678947 4.621109 -20.97603 -1e-06 -1e-06 -21.226297 2.451696 -3.594005 1e-06 -6e-06 -1e-06 -1.362683 2.2408 -0.746323 -21.334917 0.584912 3.008322 -13.821217 0.0 0.0 -23.887177 -0.24908 -0.839488 -60.332352 2.431535 -1.33062 -0.294025 1.679686 0.833257 -14.218212 0.093217 1.300581 -34.212063 -0.287563 0.967167 -20.033222 0.964536 1.21284 1e-06 -0.0 0.0 -3.44039 0.788234 0.501654 -15.928191 -3.167308 2.999707 -6.338829 0.0 1e-06 -18.123453 3.648185 -4.905676 -3e-06 2e-06 -1e-06 20.479731 6.120089 20.058449 50.540958 3.834378 25.296234 -0.190242 28.175114 0.03419 2.975883 -4.910067 -13.888254 2.243543 -5.255039 -3.180157 14.282889 -0.826599 6.952502 3e-06 -12.690609 -0.0 16.177664 -17.802858 2.363388 1.665667 -1.955922 -2.878298 4.727799 -4.17059 4.993923 11.020526 -1e-06 -2e-06 12.109052 -3.735721 -2.866785 0.0 -0.0 -0.0 1.291986 -1.92855 -1.49809 14.800129 0.567465 3.865607 14.242574 -1.341742 -6.660658 19.631968 0.143922 -0.648248 49.18718 -0.447301 -6.652592 0.353029 -1.511151 -0.03194 20.222788 3.684305 2.316629 18.78727 0.0 -4e-06 10.751631 -0.47987 1.397903 -2e-06 -0.0 -0.0 3.273806 0.305946 -0.58011 21.486809 11.830373 2.266135 8.162926 0.0 -1e-06 18.39908 -3.79899 -4.94058 3e-06 0.0 -1e-06 12.270341 5.55883 16.231092 0.015238 -1.127794 26.268499 -4.102436 -6.31389 7.779567 2.152497 -1.669889 -23.589104 0.0 0.0 4e-06 1.225239 -7.959333 -21.688608 0.120646 -0.126546 18.370171 4.588377 -4.253702 7.149169 -1.384863 0.925568 -1.171507 -0.0 -0.0 -1e-06 
0.0 0.0 0.0 0.0 -0.0 0.0 1.599897 98.018097 48.415257 -3.905832 4.602222 -2.799277 1.777932 -0.543031 -1.154805 -0.08408 -3.022876 -5.692475 2.182028 -5.174679 14.882563 4.948544 0.723161 1.537768 -1.329853 -1.450458 -3.464597 -2.29697 -2.095728 -10.898398 7.7e-05 -2.2e-05 6e-06 -0.005316 -0.026276 0.018725 0.67603 -3.764158 -10.504774 -0.681417 3.712095 -10.484466 -16.014496 -10.651402 18.352959 -41.634769 -14.053769 24.76297 0.689231 -40.440334 -0.490554 -0.617124 -1.64602 -21.333046 -5.882113 9.861294 0.702593 -10.936881 -0.360574 7.156208 -1e-06 8.774831 -0.0 -15.980589 18.19482 6.037484 -1.844035 2.498507 -2.507278 -10.16361 4.678949 4.621109 -20.976044 -1e-06 1e-06 -21.226311 2.451701 -3.594006 1e-06 -6e-06 -1e-06 -1.362683 2.240801 -0.746324 -21.334934 0.584914 3.008322 -13.821227 -1e-06 -2e-06 -23.887196 -0.249077 -0.839487 -60.347851 2.409203 -1.357577 -0.294025 1.679689 0.833257 -14.218223 0.093218 1.30058 -34.21209 -0.287563 0.967167 -20.033236 0.964537 1.212842 -0.0 0.0 1e-06 -3.440391 0.788235 0.501655 -15.928201 -3.16731 2.999709 -6.338832 -0.0 -1e-06 -18.123463 3.648186 -4.905676 -3e-06 1e-06 0.0 20.193605 6.368859 20.076754 50.067513 4.156179 24.994209 -0.21543 29.168169 0.082491 2.837771 -4.656484 -14.501903 2.243542 -5.255039 -3.180159 14.282896 -0.826596 6.952508 -2e-06 -12.690611 1e-06 16.244358 -17.746099 2.388118 1.665667 -1.955922 -2.878301 4.727801 -4.170589 4.993928 11.020532 3e-06 -1e-06 12.109058 -3.735717 -2.866785 0.0 -1e-06 -0.0 1.291986 -1.92855 -1.498091 14.800134 0.567468 3.865609 14.242578 -1.341736 -6.660661 19.631973 0.143926 -0.648244 49.308105 -0.480719 -6.560747 0.353029 -1.511151 -0.03194 20.222801 3.684311 2.316633 18.787277 4e-06 -1e-06 10.751633 -0.47987 1.397907 -1e-06 -0.0 -1e-06 3.273808 0.305947 -0.580111 21.486824 11.830381 2.266134 8.162931 2e-06 -0.0 18.399094 -3.798987 -4.940576 3e-06 0.0 -0.0 14.562368 6.094547 11.740539 -0.105238 -1.139879 37.10619 -4.428595 -5.523902 14.421598 2.037365 -1.572168 -21.248878 -0.0 0.0 2e-06 2.182872 -7.490257 -17.990545 0.134299 -0.172214 17.521023 3.345627 -5.109788 4.581079 -1.39681 0.945988 -0.900812 -0.0 -0.0 -1e-06 
0.0 0.0 0.0 0.0 -0.0 0.0 0.781452 98.394516 51.564831 -4.771211 5.432136 -3.814588 2.328321 -0.460348 -0.629792 -0.056118 -2.774981 -5.455101 2.111463 -5.102326 14.784002 4.717544 0.78483 1.335575 -1.28764 -1.873932 -3.469861 -2.350625 -2.318769 -11.057979 7.7e-05 -2.2e-05 7e-06 -1e-06 -0.001825 0.006285 0.688594 -3.740886 -10.51291 -0.684674 3.734637 -10.49021 -15.873649 -10.402885 18.527748 -42.710838 -13.214968 25.37517 0.300409 -38.871548 -0.331287 -1.382925 -1.504147 -21.122469 -5.882106 9.861288 0.702588 -10.93687 -0.360575 7.156204 -1e-06 8.774825 -3e-06 -16.065388 18.126869 6.059505 -1.844032 2.498504 -2.507278 -10.163599 4.678946 4.621109 -20.976021 -3e-06 0.0 -21.226286 2.451696 -3.594004 1e-06 -5e-06 -1e-06 -1.362682 2.240798 -0.746323 -21.334913 0.584911 3.008321 -13.821212 -2e-06 -1e-06 -23.887167 -0.249079 -0.839486 -60.507381 2.464803 -1.330355 -0.294024 1.679686 0.833253 -14.218208 0.093217 1.30058 -34.212048 -0.287565 0.967165 -20.033211 0.964538 1.212842 -0.0 -0.0 -0.0 -3.440388 0.788233 0.501656 -15.928183 -3.167309 2.999705 -6.338826 1e-06 -0.0 -18.123444 3.648185 -4.905675 -3e-06 1e-06 -1e-06 19.85565 6.661658 20.141685 49.105457 4.659395 24.842592 -0.29802 31.161129 0.0669 2.678296 -3.996893 -15.781119 2.243543 -5.255039 -3.180158 14.282896 -0.826598 6.952504 0.0 -12.69061 3e-06 16.30442 -17.718266 2.415713 1.665667 -1.955923 -2.878301 4.727801 -4.170591 4.993927 11.020529 1e-06 -2e-06 12.109058 -3.735719 -2.866785 -1e-06 -1e-06 -1e-06 1.291986 -1.92855 -1.49809 14.800131 0.567465 3.865608 14.242577 -1.341738 -6.660661 19.631969 0.143924 -0.648248 49.540146 -0.485825 -6.435769 0.353029 -1.511151 -0.031939 20.222795 3.684307 2.31663 18.787275 1e-06 -5e-06 10.751631 -0.479871 1.397904 -1e-06 -0.0 -1e-06 3.273808 0.305946 -0.58011 21.486816 11.830376 2.26613 8.16293 0.0 -1e-06 18.39909 -3.79899 -4.940578 2e-06 1e-06 -1e-06 16.640846 6.592372 6.626155 -0.119631 -1.092561 47.747265 -3.675516 -2.854812 19.025747 1.788184 -1.738261 -10.451893 0.0 0.0 2e-06 3.320431 -7.292257 -14.130552 0.079291 -0.157974 16.265318 2.30739 -6.035474 2.46091 -1.41166 1.002043 -0.856023 -0.0 -0.0 -1e-06 
0.0 0.0 0.0 0.0 -0.0 0.0 0.101561 98.712502 54.534946 -5.29799 5.973475 -4.882095 2.770518 -0.324206 -0.040199 -0.067114 -2.416414 -5.190725 1.825725 -4.81945 14.899574 4.459998 0.789875 1.178995 -1.26312 -2.218406 -3.450407 -2.376933 -2.45885 -11.539169 7.7e-05 -2.3e-05 6e-06 0.000959 -0.004404 0.002151 0.69191 -3.744569 -10.519063 -0.687805 3.733029 -10.493117 -16.067453 -9.856456 18.723728 -43.272686 -12.698328 25.977863 0.031372 -37.428574 -0.234955 -2.127382 -1.778101 -21.24419 -5.88211 9.861292 0.702592 -10.93688 -0.360576 7.15621 2e-06 8.774833 -1e-06 -16.180611 18.105675 6.058289 -1.844034 2.498505 -2.507278 -10.163605 4.678947 4.621111 -20.97604 -7e-06 1e-06 -21.226301 2.451694 -3.594002 2e-06 -7e-06 -1e-06 -1.362683 2.2408 -0.746326 -21.334934 0.584906 3.008324 -13.821226 -6e-06 -1e-06 -23.887192 -0.249085 -0.839483 -60.646618 2.520325 -1.306075 -0.294025 1.679688 0.833254 -14.21822 0.093214 1.300581 -34.212082 -0.287569 0.96717 -20.033232 0.964535 1.212844 -0.0 1e-06 -0.0 -3.440391 0.788234 0.501655 -15.928201 -3.167314 2.999708 -6.338832 -2e-06 1e-06 -18.123461 3.648183 -4.905673 -3e-06 1e-06 -2e-06 19.622337 7.044163 20.247227 47.49445 5.557143 24.782204 -0.235746 33.029194 0.022049 2.279137 -3.166016 -17.423307 2.243542 -5.255038 -3.180158 14.2829 -0.826591 6.952503 -6e-06 -12.690609 1e-06 16.352579 -17.642982 2.412814 1.665667 -1.955922 -2.8783 4.727801 -4.170588 4.993926 11.020535 6e-06 -1e-06 12.109059 -3.735714 -2.866785 0.0 0.0 -2e-06 1.291986 -1.92855 -1.498089 14.800139 0.567472 3.865608 14.242582 -1.341733 -6.660658 19.631985 0.14393 -0.648243 49.601627 -0.518431 -6.333019 0.353029 -1.511151 -0.031941 20.222803 3.684316 2.31663 18.787287 8e-06 1e-06 10.751634 -0.479867 1.397908 -0.0 0.0 0.0 3.273809 0.305948 -0.580112 21.486834 11.830385 2.266134 8.162933 2e-06 -1e-06 18.399092 -3.798982 -4.940576 2e-06 1e-06 -1e-06 17.727924 6.920929 1.953648 -0.118213 -0.995201 56.146641 -2.590502 -0.568041 18.854307 1.749745 -1.900213 -4.956308 0.0 -1e-06 3e-06 4.130648 -7.199325 -10.313587 -0.009198 -0.132054 14.886702 1.590827 -6.708858 0.839148 -1.411187 1.046058 -0.794983 -0.0 -0.0 -1e-06 
0.0 0.0 0.0 0.0 -0.0 0.0 -0.370019 99.085548 57.406223 -5.175755 6.071451 -5.675328 2.931472 -0.142885 0.45621 -0.136254 -1.934795 -4.976903 1.314595 -4.301399 15.029917 4.120881 0.862159 1.216759 -1.32168 -2.429336 -3.388693 -2.348474 -2.648153 -11.801422 7.7e-05 -2.2e-05 6e-06 -0.005811 -0.04475 0.011256 0.681876 -3.784395 -10.506669 -0.69276 3.693806 -10.481941 -16.39377 -9.077853 18.898182 -43.921864 -12.315669 26.232634 -0.184664 -35.811951 -0.136713 -2.574075 -1.995543 -21.102976 -5.882113 9.861294 0.702589 -10.936881 -0.360575 7.156212 1e-06 8.774833 -2e-06 -16.24921 18.111362 6.058793 -1.844035 2.498507 -2.507281 -10.163611 4.678949 4.621112 -20.976049 -5e-06 -3e-06 -21.226313 2.451697 -3.594005 2e-06 -6e-06 -1e-06 -1.362683 2.240799 -0.746323 -21.334934 0.58491 3.008323 -13.821227 -3e-06 -1e-06 -23.887196 -0.24908 -0.839488 -60.677101 2.579435 -1.278587 -0.294025 1.679687 0.833256 -14.218224 0.093215 1.300578 -34.212086 -0.287568 0.967166 -20.033234 0.964535 1.212844 -0.0 1e-06 -0.0 -3.440392 0.788233 0.501655 -15.928201 -3.167312 2.999711 -6.338832 -2e-06 0.0 -18.123466 3.648183 -4.905677 -3e-06 -0.0 -3e-06 19.393377 7.669993 20.428368 45.54678 6.865815 24.972086 -0.109152 33.970806 0.062635 1.973351 -2.768003 -18.304379 2.243543 -5.25504 -3.180158 14.282896 -0.826594 6.952501 -3e-06 -12.69061 -0.0 16.381748 -17.561571 2.390042 1.665668 -1.955922 -2.878298 4.7278 -4.170588 4.993922 11.020531 4e-06 -3e-06 12.109058 -3.735715 -2.866788 -0.0 0.0 1e-06 1.291986 -1.92855 -1.49809 14.800136 0.56747 3.865605 14.242579 -1.341735 -6.660661 19.631981 0.143929 -0.648247 49.579941 -0.517415 -6.290725 0.353029 -1.511151 -0.031939 20.222801 3.684315 2.316627 18.787283 7e-06 -3e-06 10.751633 -0.479867 1.397905 0.0 0.0 -1e-06 3.273808 0.305948 -0.580109 21.48682 11.830383 2.266131 8.16293 3e-06 -0.0 18.399088 -3.798984 -4.94058 2e-06 0.0 -1e-06 17.395912 7.022507 -2.284603 -0.155367 -0.772444 61.565762 -2.698353 -0.159458 14.676702 1.752416 -1.907722 -4.085189 0.0 0.0 3e-06 4.201559 -7.095085 -6.696384 -0.046571 -0.106613 13.254723 1.223373 -7.014945 -0.272617 -1.406366 1.063592 -0.698738 -0.0 -0.0 -1e-06 
0.0 0.0 0.0 0.0 -0.0 0.0 -0.668003 99.45887 60.218494 -4.628963 5.820559 -6.090743 2.963645 0.068628 0.88827 -0.212408 -1.332133 -4.789395 0.644692 -3.659254 14.97498 3.583421 1.073823 1.393128 -1.430695 -2.558186 -3.335033 -2.246333 -2.912912 -11.781071 7.7e-05 -2.2e-05 6e-06 -0.010413 -0.069492 0.021022 0.667702 -3.809296 -10.490459 -0.689376 3.669525 -10.470877 -16.688379 -8.194866 19.014418 -44.973888 -11.808567 25.822338 -0.334488 -34.24194 -0.039237 -2.762456 -1.790856 -20.631218 -5.88211 9.861292 0.70259 -10.93688 -0.360576 7.156209 2e-06 8.774833 -1e-06 -16.280527 18.103607 6.072695 -1.844034 2.498505 -2.507279 -10.163607 4.678947 4.621111 -20.97604 -6e-06 3e-06 -21.226301 2.451695 -3.594002 1e-06 -6e-06 -1e-06 -1.362683 2.240799 -0.746324 -21.334929 0.584908 3.008323 -13.821223 -4e-06 -1e-06 -23.887188 -0.249082 -0.839483 -60.646397 2.641063 -1.278058 -0.294024 1.679688 0.833256 -14.21822 0.093214 1.300581 -34.212082 -0.287569 0.967174 -20.03323 0.964533 1.212847 -0.0 -1e-06 0.0 -3.440391 0.788234 0.501655 -15.928201 -3.167314 2.999706 -6.33883 -1e-06 -2e-06 -18.123461 3.648182 -4.905675 -2e-06 1e-06 -1e-06 18.868334 8.595417 20.562622 43.677189 8.307802 25.334507 -0.023654 34.239655 0.175848 2.063557 -2.884444 -18.556471 2.243543 -5.25504 -3.180159 14.282898 -0.826595 6.952505 -3e-06 -12.69061 1e-06 16.387051 -17.473845 2.361029 1.665668 -1.955923 -2.878301 4.727801 -4.170591 4.993925 11.020534 3e-06 -4e-06 12.109059 -3.735717 -2.866787 0.0 0.0 0.0 1.291987 -1.92855 -1.498091 14.800136 0.567469 3.865608 14.242582 -1.341736 -6.660661 19.631979 0.143929 -0.648248 49.532925 -0.528403 -6.334478 0.353029 -1.511152 -0.031941 20.222803 3.684313 2.316628 18.787287 7e-06 -3e-06 10.751634 -0.479866 1.397906 -1e-06 2e-06 -1e-06 3.273808 0.305947 -0.580113 21.486828 11.830383 2.266131 8.162933 3e-06 -3e-06 18.399096 -3.798985 -4.940579 3e-06 1e-06 -1e-06 15.968633 7.02775 -6.543341 -0.189015 -0.55968 64.153557 -3.758138 -0.729498 10.084025 1.744809 -1.887872 -4.046322 1e-06 0.0 4e-06 3.759789 -6.964537 -3.335291 -0.039046 -0.090337 11.298967 1.018279 -7.044306 -1.085081 -1.402495 1.055092 -0.585692 -0.0 -0.0 -1e-06 
0.0 0.0 0.0 0.0 -0.0 0.0 -0.858746 99.75164 63.029625 -3.92301 5.314225 -6.18321 2.974589 0.263184 1.294337 -0.247763 -0.673059 -4.616027 -0.085667 -2.93288 14.772754 2.776307 1.412395 1.479676 -1.52902 -2.665639 -3.325763 -2.068256 -3.166077 -11.650078 7.7e-05 -2.2e-05 7e-06 -0.012801 -0.073245 0.026584 0.656922 -3.813895 -10.485297 -0.685273 3.665494 -10.473724 -17.041962 -7.230645 19.048141 -46.104294 -10.955101 25.041933 -0.285695 -33.354202 -0.022431 -2.730921 -1.375071 -20.34486 -5.882112 9.861293 0.70259 -10.936878 -0.360572 7.156208 -2e-06 8.774831 0.0 -16.301535 18.053625 6.076488 -1.844035 2.498506 -2.507281 -10.163608 4.678951 4.621112 -20.97604 -0.0 -3e-06 -21.226303 2.451699 -3.594009 1e-06 -5e-06 0.0 -1.362683 2.2408 -0.746324 -21.334929 0.584914 3.008322 -13.821221 -0.0 -0.0 -23.887184 -0.249078 -0.839488 -60.628536 2.675652 -1.305179 -0.294025 1.679688 0.833258 -14.218219 0.093217 1.30058 -34.212074 -0.287561 0.967164 -20.033226 0.964537 1.212839 -0.0 -1e-06 0.0 -3.440391 0.788235 0.501655 -15.928194 -3.167309 2.999705 -6.338831 -1e-06 -0.0 -18.123461 3.648186 -4.905679 -2e-06 1e-06 -0.0 17.994081 9.747973 20.573509 42.07436 9.559654 25.340578 -0.028074 34.350269 0.275562 2.270125 -3.157968 -18.793995 2.243544 -5.255039 -3.180158 14.282898 -0.826596 6.952503 -2e-06 -12.690609 1e-06 16.391855 -17.396986 2.361382 1.665668 -1.955922 -2.878302 4.727801 -4.17059 4.993927 11.020534 1e-06 -1e-06 12.109058 -3.735718 -2.866787 -0.0 0.0 -1e-06 1.291987 -1.92855 -1.498089 14.800136 0.567466 3.865607 14.24258 -1.341738 -6.660662 19.631981 0.143926 -0.648249 49.531853 -0.571182 -6.38625 0.35303 -1.511151 -0.031938 20.222801 3.684308 2.316627 18.787285 3e-06 -1e-06 10.751634 -0.47987 1.397904 0.0 1e-06 2e-06 3.273808 0.305947 -0.580111 21.48682 11.830376 2.266133 8.16293 2e-06 -2e-06 18.399094 -3.798986 -4.940582 3e-06 -0.0 -3e-06 13.989094 7.068725 -10.747136 -0.186242 -0.354087 63.988369 -5.108294 -1.411364 6.521276 1.730871 -1.870895 -4.137831 1e-06 0.0 1e-06 3.106948 -6.82107 -0.243509 -0.024739 -0.089508 9.313991 0.856314 -6.844043 -1.913016 -1.403928 1.023347 -0.462492 0.0 -0.0 -1e-06 
0.0 0.0 0.0 0.0 -0.0 0.0 -0.977021 99.906227 65.856949 -3.20834 4.672404 -6.04545 2.978522 0.406688 1.627145 -0.261088 0.000454 -4.462664 -0.807719 -2.192358 14.594748 1.805998 1.832962 1.361479 -1.588513 -2.772333 -3.366203 -1.872184 -3.364614 -11.512358 7.7e-05 -2.3e-05 6e-06 -0.014547 -0.083217 0.028616 0.65037 -3.823396 -10.488209 -0.684285 3.653869 -10.48881 -17.599997 -6.237039 19.040939 -46.879723 -9.754831 24.260242 -0.115762 -33.402157 -0.07778 -2.513336 -1.05396 -20.334087 -5.882112 9.861295 0.702591 -10.93688 -0.360574 7.156209 -1e-06 8.774835 -2e-06 -16.286997 17.994932 6.09847 -1.844034 2.498507 -2.50728 -10.163608 4.678951 4.621111 -20.97604 -2e-06 0.0 -21.226303 2.4517 -3.594007 1e-06 -6e-06 1e-06 -1.362683 2.240801 -0.746324 -21.334929 0.584912 3.008324 -13.821221 -1e-06 1e-06 -23.887184 -0.249079 -0.839487 -60.673267 2.686834 -1.281657 -0.294025 1.67969 0.833257 -14.218218 0.093218 1.300579 -34.21207 -0.287562 0.967166 -20.033226 0.964537 1.21284 -0.0 1e-06 -1e-06 -3.440391 0.788235 0.501656 -15.9282 -3.167311 2.999708 -6.338832 -1e-06 1e-06 -18.123461 3.648187 -4.905677 -2e-06 1e-06 -2e-06 17.035913 10.951785 20.448097 40.607449 10.483487 24.601608 -0.095457 34.602978 0.312964 2.260232 -3.293179 -19.335981 2.243543 -5.255041 -3.180161 14.282902 -0.826597 6.952505 -2e-06 -12.690614 2e-06 16.405905 -17.362555 2.398015 1.665668 -1.955922 -2.878302 4.727803 -4.170591 4.993926 11.020536 3e-06 -1e-06 12.109062 -3.735719 -2.866788 0.0 -0.0 -2e-06 1.291987 -1.928552 -1.49809 14.800139 0.567468 3.865607 14.242584 -1.341737 -6.660662 19.631985 0.143927 -0.648246 49.608093 -0.5807 -6.384834 0.353029 -1.511152 -0.031939 20.222805 3.684311 2.316629 18.787289 4e-06 -3e-06 10.751636 -0.479868 1.397906 2e-06 1e-06 0.0 3.273808 0.305947 -0.580113 21.48683 11.830384 2.266131 8.162933 2e-06 -2e-06 18.399096 -3.798986 -4.94058 2e-06 -0.0 -1e-06 11.950736 7.11174 -14.533579 -0.124266 -0.148498 61.068729 -6.323603 -1.959704 4.38371 1.726017 -1.860387 -4.210859 -0.0 0.0 1e-06 2.379268 -6.753955 2.36619 -0.010038 -0.079507 7.497769 0.715298 -6.445517 -2.794288 -1.412622 0.984421 -0.37634 0.0 0.0 -1e-06 
0.0 0.0 0.0 0.0 -0.0 0.0 -1.018178 99.905266 68.671921 -2.559466 3.978847 -5.75677 2.979834 0.482987 1.864462 -0.26697 0.66923 -4.354924 -1.475083 -1.477493 14.526744 0.776198 2.255483 1.082861 -1.601481 -2.796408 -3.434693 -1.699166 -3.520645 -11.462715 7.7e-05 -2.2e-05 6e-06 -0.014129 -0.098567 0.034301 0.644937 -3.836953 -10.486943 -0.680117 3.635836 -10.49883 -18.362703 -5.262544 19.040073 -47.248569 -8.444806 23.760181 0.071538 -33.973175 -0.146866 -2.26501 -0.90851 -20.497004 -5.882107 9.86129 0.70259 -10.93687 -0.360575 7.1562 -1e-06 8.774828 -3e-06 -16.254429 17.966146 6.123651 -1.844033 2.498506 -2.507277 -10.163599 4.678947 4.621104 -20.976021 0.0 -2e-06 -21.226288 2.4517 -3.594005 -0.0 -6e-06 1e-06 -1.362682 2.240799 -0.746323 -21.334911 0.584912 3.008319 -13.82121 -1e-06 -1e-06 -23.887161 -0.249077 -0.839488 -60.754623 2.678986 -1.210917 -0.294025 1.679687 0.833257 -14.218205 0.093217 1.300578 -34.212044 -0.287561 0.967162 -20.033209 0.964538 1.212839 -0.0 0.0 -2e-06 -3.440387 0.788234 0.501655 -15.928183 -3.167309 2.999705 -6.338825 -1e-06 2e-06 -18.123444 3.648184 -4.905674 -1e-06 1e-06 -1e-06 16.149788 12.095626 20.291059 39.109344 11.197676 23.14176 -0.139647 35.048367 0.301714 2.058091 -3.282434 -20.200378 2.243542 -5.255037 -3.180158 14.28289 -0.826598 6.952502 0.0 -12.690603 2e-06 16.42528 -17.372833 2.450652 1.665666 -1.955921 -2.878298 4.7278 -4.17059 4.993924 11.020527 1e-06 -1e-06 12.109053 -3.735718 -2.866785 -1e-06 -0.0 1e-06 1.291986 -1.928548 -1.498088 14.800129 0.567464 3.865606 14.242574 -1.341739 -6.660656 19.631966 0.143921 -0.648249 49.728283 -0.552288 -6.330021 0.35303 -1.511151 -0.031938 20.222788 3.684304 2.316628 18.78727 -0.0 -1e-06 10.751625 -0.479871 1.397903 1e-06 1e-06 -1e-06 3.273807 0.305945 -0.580113 21.486811 11.83037 2.266132 8.162927 1e-06 -3e-06 18.399088 -3.798987 -4.940579 0.0 -1e-06 1e-06 10.144171 7.06858 -17.684601 -0.033322 0.000574 55.521198 -7.398066 -2.424106 3.736088 1.732284 -1.863124 -4.220019 -0.0 -0.0 3e-06 1.638058 -6.785126 4.64899 -0.006291 -0.037426 6.003415 0.63322 -5.946218 -3.972229 -1.424406 0.959135 -0.282369 0.0 0.0 -1e-06 
0.0 0.0 0.0 0.0 -0.0 0.0 -0.954324 99.747192 71.511002 -2.032248 3.288094 -5.396402 2.993045 0.47588 2.006284 -0.270032 1.308913 -4.296506 -2.040442 -0.837716 14.567257 -0.21155 2.610205 0.755749 -1.567901 -2.706721 -3.50305 -1.60402 -3.645209 -11.568228 7.7e-05 -2.2e-05 6e-06 -0.010241 -0.09421 0.045596 0.638698 -3.830276 -10.480682 -0.668042 3.637729 -10.501407 -19.203537 -4.376888 19.107115 -47.416622 -7.272546 23.635969 0.237531 -34.466194 -0.211318 -2.013283 -0.883769 -20.768251 -5.882109 9.861286 0.70259 -10.936873 -0.360574 7.156206 -1e-06 8.774825 -1e-06 -16.215761 17.983305 6.141075 -1.844033 2.498505 -2.507278 -10.163602 4.678946 4.621109 -20.976027 -1e-06 2e-06 -21.226288 2.451699 -3.594001 -0.0 -7e-06 1e-06 -1.362682 2.240798 -0.746323 -21.334917 0.584912 3.008323 -13.821215 -1e-06 2e-06 -23.887175 -0.249076 -0.839485 -60.833683 2.669019 -1.117769 -0.294025 1.679687 0.833256 -14.21821 0.093215 1.300579 -34.212051 -0.287561 0.967171 -20.033211 0.964539 1.212843 0.0 -0.0 -1e-06 -3.440389 0.788234 0.501655 -15.928187 -3.167308 2.999707 -6.338826 -1e-06 1e-06 -18.123449 3.648183 -4.905672 -2e-06 0.0 -2e-06 15.353068 13.114273 20.198206 37.643654 11.870116 21.330286 -0.124938 35.515675 0.268326 1.768321 -3.220903 -21.07782 2.243541 -5.255036 -3.180156 14.282886 -0.826597 6.952499 -0.0 -12.690601 1e-06 16.422897 -17.400507 2.490943 1.665665 -1.955921 -2.878297 4.727797 -4.170587 4.993921 11.020521 1e-06 -1e-06 12.109048 -3.735717 -2.866781 -0.0 0.0 1e-06 1.291985 -1.92855 -1.49809 14.800122 0.567466 3.865607 14.242567 -1.341738 -6.660655 19.631958 0.143924 -0.648247 49.777958 -0.515933 -6.268419 0.35303 -1.51115 -0.031938 20.222784 3.684306 2.316629 18.78727 2e-06 0.0 10.751625 -0.47987 1.397905 0.0 0.0 -2e-06 3.273805 0.305947 -0.580112 21.486803 11.830368 2.266131 8.162924 1e-06 -1e-06 18.399076 -3.798986 -4.940578 2e-06 -2e-06 -1e-06 8.73914 6.867594 -19.974247 0.039907 0.059782 47.823589 -8.111911 -2.471309 4.43769 1.747823 -1.892535 -4.217441 -0.0 -1e-06 4e-06 0.916895 -6.921247 6.683303 -0.019028 0.050652 4.899715 0.665228 -5.320045 -5.46537 -1.433022 0.954414 -0.107153 0.0 0.0 -1e-06 
0.0 0.0 0.0 0.0 -0.0 0.0 -0.780632 99.475471 74.431854 -1.657274 2.564966 -4.962928 3.03681 0.412115 2.023128 -0.281894 1.879363 -4.287082 -2.463902 -0.274471 14.64701 -1.085693 2.883456 0.491389 -1.499624 -2.553753 -3.538241 -1.601707 -3.71229 -11.771493 7.7e-05 -2.2e-05 6e-06 -0.003266 -0.068976 0.060909 0.635971 -3.805324 -10.480292 -0.65289 3.663749 -10.507833 -19.985064 -3.570591 19.178375 -47.643314 -6.245225 23.807659 0.347179 -34.569267 -0.25091 -1.803307 -0.848167 -20.974455 -5.882109 9.861288 0.702591 -10.936872 -0.360573 7.156206 -2e-06 8.774827 -1e-06 -16.151432 18.044525 6.185266 -1.844033 2.498505 -2.507278 -10.1636 4.678948 4.621109 -20.976027 -0.0 3e-06 -21.226294 2.4517 -3.594001 -2e-06 -6e-06 0.0 -1.362682 2.240798 -0.746324 -21.334915 0.584912 3.008322 -13.821215 -0.0 2e-06 -23.887175 -0.249075 -0.839485 -60.893173 2.687641 -1.041765 -0.294025 1.679688 0.833255 -14.21821 0.093217 1.300581 -34.212048 -0.287558 0.967167 -20.033211 0.96454 1.21284 0.0 -1e-06 -0.0 -3.440389 0.788234 0.501657 -15.928189 -3.167308 2.999707 -6.338828 1e-06 2e-06 -18.123451 3.648186 -4.905673 -3e-06 -0.0 -3e-06 14.666162 13.978345 20.175455 36.249298 12.538423 19.496058 -0.035851 35.916584 0.243028 1.515713 -3.212327 -21.699217 2.243543 -5.255038 -3.180159 14.282894 -0.826598 6.952505 -0.0 -12.690606 0.0 16.420567 -17.441069 2.499227 1.665667 -1.955922 -2.878299 4.727798 -4.170589 4.993927 11.020527 0.0 -2e-06 12.109053 -3.735719 -2.866785 -0.0 0.0 1e-06 1.291985 -1.92855 -1.49809 14.800132 0.567464 3.865611 14.242576 -1.34174 -6.66066 19.631969 0.143922 -0.648247 49.750587 -0.497723 -6.238881 0.353029 -1.51115 -0.03194 20.222795 3.684305 2.31663 18.787279 -1e-06 -1e-06 10.751631 -0.479871 1.397906 0.0 0.0 -2e-06 3.273808 0.305946 -0.580108 21.486816 11.830371 2.266135 8.162929 -0.0 -1e-06 18.39909 -3.798992 -4.940578 3e-06 -1e-06 0.0 7.771907 6.64724 -21.254633 0.077968 0.077868 38.129826 -8.253807 -1.920175 6.064083 1.751622 -1.920404 -4.174766 -0.0 -0.0 2e-06 0.208697 -7.194873 8.542608 -0.049258 0.161949 4.135936 0.882613 -4.481539 -7.065557 -1.434971 0.963489 0.115644 0.0 0.0 -1e-06 
0.0 0.0 0.0 0.0 -0.0 0.0 -0.470549 99.123917 77.479919 -1.419005 1.754804 -4.42423 3.090086 0.352827 1.890842 -0.309799 2.292752 -4.32809 -2.726497 0.264859 14.678871 -1.788913 3.104807 0.303424 -1.423468 -2.419233 -3.540745 -1.627232 -3.622714 -11.953268 7.7e-05 -2.2e-05 6e-06 0.001795 -0.056187 0.073386 0.639211 -3.798368 -10.509897 -0.647076 3.682402 -10.532762 -20.590513 -2.855914 19.22035 -48.134106 -5.289172 23.908304 0.295612 -34.226368 -0.269924 -1.699623 -0.728585 -20.929241 -5.88211 9.86129 0.702591 -10.936879 -0.360575 7.156209 1e-06 8.77483 -1e-06 -16.081894 18.08861 6.26256 -1.844034 2.498506 -2.507279 -10.163607 4.678947 4.62111 -20.97604 -5e-06 1e-06 -21.226301 2.451696 -3.594002 -2e-06 -5e-06 0.0 -1.362682 2.240799 -0.746325 -21.33493 0.584909 3.008324 -13.821226 -4e-06 0.0 -23.887188 -0.249081 -0.839485 -60.990074 2.72257 -0.985664 -0.294025 1.679689 0.833256 -14.218219 0.093215 1.30058 -34.212074 -0.287565 0.967169 -20.03323 0.964536 1.212843 0.0 -1e-06 -1e-06 -3.440391 0.788233 0.501655 -15.9282 -3.16731 2.999708 -6.33883 -1e-06 1e-06 -18.123459 3.648184 -4.905674 -5e-06 -0.0 -2e-06 14.116405 14.702082 20.109056 35.044628 13.120767 17.820042 0.164019 36.161068 0.287181 1.33681 -3.264213 -21.709127 2.243541 -5.255038 -3.180158 14.282896 -0.826596 6.952503 -3e-06 -12.690609 2e-06 16.404516 -17.440218 2.504097 1.665667 -1.955922 -2.878303 4.727801 -4.170588 4.993927 11.020532 2e-06 -2e-06 12.109058 -3.735717 -2.866786 -0.0 0.0 1e-06 1.291986 -1.92855 -1.498089 14.800134 0.567467 3.865607 14.242579 -1.341736 -6.66066 19.631975 0.143927 -0.648246 49.725227 -0.499068 -6.210305 0.353029 -1.511151 -0.031941 20.222801 3.684311 2.31663 18.787283 4e-06 -3e-06 10.751632 -0.479869 1.397907 -1e-06 1e-06 -3e-06 3.273808 0.305948 -0.58011 21.48682 11.830379 2.266129 8.16293 3e-06 -2e-06 18.399086 -3.798986 -4.940578 3e-06 -1e-06 0.0 7.19225 6.410853 -21.434364 0.067711 0.099125 26.835022 -7.791613 -1.025148 7.798701 1.74522 -1.918018 -3.815698 -0.0 0.0 2e-06 -0.569343 -7.574701 10.303895 -0.078301 0.239369 3.551547 1.375456 -3.376382 -8.553691 -1.433318 0.983209 0.259164 0.0 0.0 -1e-06 
0.0 0.0 0.0 0.0 -0.0 0.0 0.012254 98.752228 80.685555 -1.21306 0.794196 -3.782452 3.059564 0.320552 1.616828 -0.335287 2.5654 -4.421368 -2.870082 0.743317 14.646055 -2.332761 3.279327 0.033656 -1.353953 -2.293227 -3.539926 -1.634811 -3.244999 -11.949288 7.7e-05 -2.2e-05 6e-06 0.002588 -0.062075 0.077405 0.644758 -3.812285 -10.557677 -0.651938 3.683477 -10.563863 -21.023617 -2.22064 19.266005 -48.925152 -4.301983 23.836637 0.162349 -33.563118 -0.295142 -1.758417 -0.637965 -20.950039 -5.88211 9.861288 0.702589 -10.93688 -0.360577 7.156208 3e-06 8.77483 -1e-06 -16.030388 18.053179 6.348106 -1.844034 2.498506 -2.507279 -10.163608 4.678945 4.621109 -20.976042 -7e-06 3e-06 -21.226303 2.451695 -3.594001 -2e-06 -6e-06 -1e-06 -1.362683 2.240798 -0.746323 -21.33493 0.584906 3.008324 -13.821225 -6e-06 2e-06 -23.88719 -0.249083 -0.839482 -61.084576 2.701472 -0.883403 -0.294025 1.679688 0.833257 -14.218221 0.093213 1.300581 -34.212082 -0.28757 0.967174 -20.033232 0.964534 1.212846 -0.0 -1e-06 -1e-06 -3.440391 0.788233 0.501655 -15.928201 -3.167313 2.999707 -6.33883 -2e-06 0.0 -18.123459 3.648182 -4.905673 -5e-06 0.0 -1e-06 13.72545 15.324453 20.027624 34.143532 13.615179 16.22891 0.413678 36.316872 0.395518 1.233404 -3.373898 -21.146471 2.243544 -5.255039 -3.18016 14.282896 -0.826593 6.952502 -5e-06 -12.69061 1e-06 16.32881 -17.364901 2.577012 1.665668 -1.95592 -2.878299 4.7278 -4.170588 4.993926 11.020534 4e-06 -3e-06 12.109059 -3.735714 -2.866787 0.0 0.0 1e-06 1.291986 -1.928549 -1.49809 14.800138 0.567471 3.865607 14.24258 -1.341732 -6.660665 19.631979 0.143931 -0.648247 49.810886 -0.519891 -6.092563 0.353029 -1.511151 -0.031938 20.222801 3.684314 2.316625 18.787283 7e-06 -4e-06 10.751633 -0.479867 1.397902 -0.0 0.0 0.0 3.273808 0.305948 -0.580113 21.486828 11.830382 2.266125 8.16293 5e-06 -5e-06 18.399094 -3.798981 -4.94058 3e-06 -1e-06 -1e-06 6.901007 5.976804 -20.710852 0.01778 0.0739 14.930695 -7.240566 -0.094469 8.814948 1.723771 -1.917926 -3.29821 0.0 0.0 2e-06 -1.532463 -7.959219 11.991101 -0.085547 0.219369 3.022701 2.132673 -2.083246 -9.640079 -1.433193 0.989963 0.156335 -0.0 0.0 -1e-06 
0.0 0.0 0.0 0.0 -0.0 0.0 0.643948 98.399063 83.99752 -0.867306 -0.250471 -3.024422 2.821435 0.29636 1.191237 -0.345488 2.792139 -4.56699 -2.982699 1.052563 14.583963 -2.777293 3.357508 -0.410376 -1.253901 -1.991098 -3.549489 -1.634946 -2.688437 -11.738897 7.7e-05 -2.3e-05 6e-06 -0.004546 -0.075636 0.074145 0.635422 -3.829125 -10.586721 -0.657599 3.672704 -10.576868 -21.39377 -1.776753 19.263788 -49.717587 -3.191597 23.802156 -0.03264 -32.751007 -0.274096 -2.178271 -0.760862 -21.22987 -5.882106 9.861286 0.70259 -10.936871 -0.360576 7.156206 1e-06 8.774827 -1e-06 -15.991261 18.041153 6.39004 -1.844032 2.498505 -2.507278 -10.163599 4.678946 4.621109 -20.976025 -4e-06 3e-06 -21.226288 2.451697 -3.594 -0.0 -5e-06 0.0 -1.362681 2.240798 -0.746324 -21.334915 0.584909 3.008326 -13.821213 -3e-06 3e-06 -23.887171 -0.249078 -0.839482 -61.070087 2.62118 -0.819673 -0.294025 1.679687 0.833255 -14.218208 0.093214 1.30058 -34.212048 -0.287565 0.967171 -20.033211 0.964537 1.212844 -0.0 -1e-06 0.0 -3.440388 0.788233 0.501655 -15.928185 -3.167311 2.999707 -6.338826 -2e-06 1e-06 -18.123444 3.648183 -4.90567 -5e-06 0.0 -2e-06 13.662304 15.75124 19.98489 33.441483 13.967212 14.879012 0.469581 36.585835 0.452156 1.186988 -3.365797 -20.624987 2.243542 -5.25504 -3.180159 14.2829 -0.826597 6.952507 -1e-06 -12.690612 -1e-06 16.239466 -17.289114 2.662701 1.665666 -1.955922 -2.8783 4.727801 -4.170591 4.993927 11.020531 2e-06 -1e-06 12.109058 -3.735718 -2.866785 -0.0 0.0 -0.0 1.291986 -1.92855 -1.49809 14.800138 0.567467 3.865611 14.242581 -1.341738 -6.660661 19.631979 0.143924 -0.648244 49.924488 -0.529048 -5.988157 0.353029 -1.511151 -0.031939 20.222803 3.684312 2.316632 18.787287 3e-06 1e-06 10.751636 -0.47987 1.397909 -0.0 0.0 0.0 3.273808 0.305947 -0.580111 21.486826 11.830381 2.266134 8.162931 1e-06 -1e-06 18.399096 -3.798988 -4.940579 3e-06 -0.0 -1e-06 6.631076 5.23491 -19.843475 0.017674 -0.003241 4.926522 -7.399411 0.943418 8.526845 1.690787 -1.981724 -3.14544 -0.0 -0.0 2e-06 -2.80108 -8.073001 13.478752 -0.063528 0.142427 2.804977 3.027828 -0.802323 -10.2827 -1.434795 0.936114 -0.212132 -0.0 1e-06 -1e-06 
0.0 0.0 0.0 0.0 -0.0 0.0 1.371248 98.04071 87.373322 -0.420045 -1.263636 -2.302303 2.441223 0.390312 0.850019 -0.387822 2.996728 -4.768929 -3.060724 1.098076 14.587317 -2.963312 3.372268 -1.041134 -1.1298 -1.660004 -3.503276 -1.695685 -2.156456 -11.710267 7.7e-05 -2.3e-05 6e-06 0.006635 -0.017388 0.068878 0.651879 -3.772445 -10.599408 -0.651807 3.732232 -10.591285 -21.685276 -1.742679 19.209541 -50.274117 -2.246898 24.371447 -0.162234 -31.895884 -0.210697 -2.900352 -0.819531 -21.525959 -5.882105 9.861283 0.70259 -10.93687 -0.360576 7.156206 2e-06 8.774823 -2e-06 -16.037025 17.896816 6.275149 -1.844032 2.498504 -2.507277 -10.163599 4.678943 4.621107 -20.976023 -5e-06 2e-06 -21.226284 2.451695 -3.593999 -1e-06 -5e-06 -0.0 -1.362681 2.240798 -0.746324 -21.334911 0.584907 3.008323 -13.821213 -4e-06 2e-06 -23.887165 -0.249079 -0.839481 -60.97551 2.479186 -0.809551 -0.294025 1.679687 0.833256 -14.218207 0.093213 1.300579 -34.212048 -0.287566 0.967174 -20.033211 0.964535 1.212845 -0.0 -0.0 -0.0 -3.440388 0.788233 0.501656 -15.928185 -3.16731 2.999707 -6.338826 -2e-06 0.0 -18.123444 3.648181 -4.905669 -5e-06 0.0 -2e-06 13.963282 15.943677 19.951475 32.86652 14.035526 13.633913 0.390904 36.994949 0.596454 0.924917 -3.2677 -20.652727 2.243542 -5.255037 -3.180157 14.282894 -0.826593 6.952501 -5e-06 -12.690609 0.0 16.169737 -17.278589 2.677377 1.665667 -1.955923 -2.878298 4.727799 -4.170588 4.993925 11.020528 5e-06 -2e-06 12.109056 -3.735715 -2.866785 -0.0 0.0 -1e-06 1.291986 -1.928551 -1.498092 14.800134 0.567471 3.865607 14.242577 -1.341734 -6.660659 19.631973 0.143929 -0.648246 49.851913 -0.619285 -6.024349 0.353028 -1.511152 -0.03194 20.222799 3.684313 2.316627 18.787279 7e-06 -1e-06 10.751632 -0.479867 1.397907 0.0 1e-06 0.0 3.273808 0.305948 -0.580112 21.486822 11.830382 2.266132 8.162929 4e-06 -2e-06 18.399084 -3.798983 -4.940578 2e-06 -0.0 1e-06 6.052623 4.865467 -19.917686 0.04311 -0.075692 0.656843 -7.567192 2.082643 7.794039 1.666257 -2.041968 -3.222899 0.0 -0.0 2e-06 -4.238506 -7.884834 14.770281 -0.053443 0.088598 3.028454 3.773581 0.174071 -10.543395 -1.448369 0.841543 -0.870761 -0.0 1e-06 -1e-06 
0.0 0.0 0.0 0.0 -0.0 0.0 2.276876 97.690269 90.861717 0.203021 -2.037525 -1.693576 1.869116 0.489088 0.516242 -0.429981 3.085784 -4.919102 -3.173484 1.004432 14.698164 -2.816422 3.377516 -1.719028 -1.119138 -1.36025 -3.552426 -1.680198 -1.826086 -11.795789 7.7e-05 -2.3e-05 6e-06 0.014932 -0.018588 0.0629 0.67261 -3.773325 -10.611145 -0.655528 3.730147 -10.603071 -21.793901 -1.90473 19.03957 -50.573982 -1.719696 25.58354 -0.287633 -31.002953 -0.122409 -3.660716 -0.654353 -21.410093 -5.88211 9.861289 0.702591 -10.936877 -0.360574 7.156207 -1e-06 8.774829 -1e-06 -15.996412 17.89032 6.339887 -1.844034 2.498505 -2.507278 -10.163604 4.678947 4.621109 -20.976036 -2e-06 2e-06 -21.226299 2.451699 -3.594003 -2e-06 -6e-06 -0.0 -1.362682 2.240799 -0.746323 -21.334925 0.584912 3.008323 -13.821219 -2e-06 0.0 -23.88718 -0.249078 -0.839486 -60.89542 2.506228 -0.765897 -0.294025 1.679688 0.833257 -14.218215 0.093216 1.30058 -34.212063 -0.287562 0.967168 -20.033222 0.964537 1.212841 -0.0 -0.0 -1e-06 -3.440389 0.788234 0.501656 -15.928192 -3.167308 2.999707 -6.338829 0.0 1e-06 -18.123457 3.648185 -4.905675 -4e-06 0.0 -2e-06 14.37766 15.988814 19.836094 32.766369 13.70064 12.82384 -0.103894 37.572201 0.436522 0.501885 -3.310757 -21.039423 2.243544 -5.255041 -3.180161 14.282904 -0.826598 6.952507 -2e-06 -12.690614 2e-06 16.133583 -17.27492 2.658504 1.665667 -1.955922 -2.8783 4.727804 -4.170591 4.993929 11.020537 1e-06 -2e-06 12.109064 -3.735719 -2.866789 -0.0 0.0 1e-06 1.291988 -1.92855 -1.498091 14.800142 0.567466 3.865608 14.242586 -1.341738 -6.660666 19.631987 0.143925 -0.648248 49.708771 -0.584196 -6.072336 0.353031 -1.511152 -0.031939 20.222811 3.68431 2.316627 18.787289 4e-06 -4e-06 10.751637 -0.479868 1.397904 0.0 1e-06 -1e-06 3.27381 0.305947 -0.580113 21.486834 11.830384 2.266131 8.162935 2e-06 -5e-06 18.399099 -3.798986 -4.940584 3e-06 -0.0 0.0 5.006168 4.772059 -20.743002 0.066867 -0.103158 2.33656 -6.910154 2.357484 7.795515 1.708809 -2.021417 -3.444192 0.0 -0.0 4e-06 -5.805203 -7.358678 15.859151 -0.06228 0.178631 3.749296 4.448294 0.546504 -10.455384 -1.450766 0.857549 -1.672864 0.0 0.0 -1e-06 
0.0 0.0 0.0 0.0 -0.0 0.0 3.338546 97.407959 94.525032 1.235851 -2.664245 -1.203325 0.99231 0.559029 0.209815 -0.502554 3.041007 -5.091768 -3.348693 0.957211 14.852136 -2.43069 3.276427 -2.416049 -1.096798 -0.964948 -3.570157 -1.741122 -1.576422 -11.891075 7.7e-05 -2.2e-05 6e-06 0.027288 -0.040453 0.062416 0.699662 -3.7975 -10.61105 -0.657297 3.711213 -10.605265 -21.913803 -2.238472 19.0336 -50.575199 -1.670879 27.188551 -0.266072 -30.112194 -0.088806 -4.451797 -0.694948 -21.419765 -5.882108 9.861288 0.70259 -10.936874 -0.360575 7.156205 0.0 8.774828 -1e-06 -15.915941 17.997042 6.504794 -1.844033 2.498505 -2.507277 -10.163601 4.678946 4.621109 -20.976027 -3e-06 2e-06 -21.22629 2.4517 -3.594002 -1e-06 -6e-06 -0.0 -1.362682 2.240798 -0.746324 -21.334917 0.584911 3.008324 -13.821218 -2e-06 1e-06 -23.887173 -0.249078 -0.839485 -60.776772 2.541368 -0.68685 -0.294025 1.679688 0.833255 -14.218212 0.093215 1.30058 -34.212051 -0.287563 0.96717 -20.033218 0.964538 1.212843 -1e-06 -0.0 -0.0 -3.440389 0.788234 0.501654 -15.928189 -3.16731 2.999707 -6.338826 -1e-06 1e-06 -18.123451 3.648183 -4.905673 -4e-06 0.0 -2e-06 14.95403 15.802279 19.725132 32.994221 13.050447 12.146148 -0.420677 38.16769 0.306815 -0.124562 -3.505913 -21.122841 2.243541 -5.255035 -3.180155 14.282887 -0.826594 6.952499 -2e-06 -12.690601 2e-06 16.090248 -17.301792 2.659574 1.665666 -1.955921 -2.878298 4.727798 -4.170587 4.993922 11.020522 2e-06 -2e-06 12.109049 -3.735716 -2.866784 -0.0 0.0 -1e-06 1.291984 -1.928548 -1.498089 14.800123 0.567469 3.865606 14.242568 -1.341735 -6.660657 19.631962 0.143926 -0.648246 49.613243 -0.603171 -6.130819 0.353029 -1.51115 -0.03194 20.222786 3.684308 2.316628 18.78727 3e-06 -1e-06 10.751626 -0.479868 1.397904 -0.0 -0.0 0.0 3.273808 0.305945 -0.580111 21.486809 11.830371 2.266129 8.162924 1e-06 -1e-06 18.399076 -3.798985 -4.940576 1e-06 -0.0 -2e-06 3.351347 4.795382 -21.862928 0.039868 -0.131496 7.040536 -6.351411 1.98447 9.434148 1.756561 -1.980934 -3.440533 0.0 -0.0 2e-06 -7.958931 -6.891755 16.362087 -0.090522 0.304514 6.082372 5.223617 0.720732 -9.811306 -1.459917 0.890238 -3.150003 -0.0 0.0 -1e-06 
0.0 0.0 0.0 0.0 -0.0 0.0 4.457586 97.153954 98.355515 2.633981 -3.099089 -1.014838 -0.058416 0.560904 0.01568 -0.678318 2.984259 -5.271485 -3.628207 1.01413 14.947794 -1.832925 3.134434 -2.736564 -0.920919 -0.835366 -3.576274 -1.765782 -1.256579 -12.337695 7.7e-05 -2.2e-05 6e-06 0.03001 -0.038823 0.06451 0.714175 -3.7811 -10.593866 -0.665874 3.700978 -10.571194 -21.700434 -2.774673 19.508524 -50.683151 -2.255797 28.621832 -0.261402 -29.21306 -0.045263 -5.047165 -0.840202 -22.008707 -5.88211 9.861293 0.70259 -10.936875 -0.360575 7.156206 -2e-06 8.774831 -1e-06 -15.888318 18.017241 6.592622 -1.844034 2.498507 -2.507279 -10.163604 4.678948 4.621109 -20.976034 -1e-06 0.0 -21.226297 2.4517 -3.594005 1e-06 -7e-06 -0.0 -1.362683 2.2408 -0.746323 -21.334921 0.584912 3.008322 -13.82122 -1e-06 0.0 -23.887182 -0.249076 -0.839487 -60.75193 2.424864 -0.464769 -0.294025 1.679689 0.833257 -14.218215 0.093216 1.300579 -34.212067 -0.287561 0.967166 -20.033224 0.964538 1.212841 -0.0 1e-06 0.0 -3.44039 0.788234 0.501655 -15.928192 -3.16731 2.999708 -6.338829 0.0 1e-06 -18.123457 3.648187 -4.905676 -5e-06 0.0 -2e-06 15.292181 15.293253 19.770491 34.143223 12.361062 12.212174 -0.917933 38.52729 0.072879 -0.836581 -3.681659 -21.563053 2.243543 -5.255038 -3.180158 14.282896 -0.826596 6.952503 -2e-06 -12.690609 -1e-06 16.117702 -17.179245 2.619101 1.665667 -1.955921 -2.878299 4.727801 -4.170589 4.993928 11.020531 1e-06 -1e-06 12.109058 -3.735719 -2.866787 0.0 -0.0 -1e-06 1.291987 -1.928552 -1.498089 14.800134 0.567467 3.865607 14.242579 -1.341736 -6.660662 19.631975 0.143926 -0.648246 49.633156 -0.579569 -6.024061 0.353029 -1.511153 -0.03194 20.222801 3.684309 2.31663 18.787283 3e-06 -3e-06 10.751633 -0.47987 1.397904 -0.0 -0.0 0.0 3.273808 0.305946 -0.580113 21.486824 11.830379 2.266132 8.16293 1e-06 -1e-06 18.399092 -3.798986 -4.940578 1e-06 -0.0 -1e-06 1.348298 4.743323 -22.427555 -0.065878 -0.250098 11.872504 -6.959509 1.807678 10.479169 1.734612 -1.905135 -2.698206 -0.0 -0.0 2e-06 -10.645589 -6.698396 15.888502 -0.13631 0.529667 11.0784 5.903296 0.844594 -8.723483 -1.469021 0.838497 -6.009954 0.0 0.0 -1e-06 
0.0 0.0 0.0 0.0 -0.0 0.0 5.582831 97.052063 102.183357 4.379995 -3.158692 -1.385864 -1.18147 0.577533 0.066209 -0.876241 2.917965 -5.295173 -4.231382 0.828579 15.056693 -1.163783 2.79794 -2.305712 -0.863703 -0.590315 -3.573351 -1.619529 -1.076961 -13.482931 7.7e-05 -2.2e-05 6e-06 0.037712 -0.030577 0.090734 0.734454 -3.778729 -10.575164 -0.672045 3.716805 -10.567712 -21.08312 -3.556669 19.650814 -50.657562 -2.916404 30.357538 -0.080988 -28.671366 -0.152648 -5.357203 -0.966519 -22.52717 -5.88211 9.861292 0.702589 -10.936877 -0.360575 7.156209 -0.0 8.77483 -1e-06 -15.757122 17.899853 6.446825 -1.844034 2.498506 -2.507279 -10.163608 4.678948 4.62111 -20.976038 -2e-06 2e-06 -21.226301 2.4517 -3.594002 0.0 -6e-06 -0.0 -1.362682 2.2408 -0.746324 -21.334929 0.58491 3.008323 -13.821223 -1e-06 1e-06 -23.887184 -0.249078 -0.839485 -60.622307 2.390047 -0.777111 -0.294025 1.679688 0.833255 -14.218217 0.093215 1.300581 -34.21207 -0.287564 0.967169 -20.033226 0.964538 1.212843 0.0 0.0 -0.0 -3.440391 0.788234 0.501656 -15.928198 -3.167311 2.999708 -6.33883 1e-06 2e-06 -18.123457 3.648186 -4.905674 -4e-06 1e-06 -1e-06 15.336811 14.489338 19.855789 36.401222 11.882563 12.39476 -0.984275 38.491276 0.025664 -1.471324 -3.82465 -21.316278 2.243543 -5.255038 -3.180159 14.282894 -0.826598 6.952504 1e-06 -12.690606 -1e-06 16.157942 -17.341206 2.677226 1.665666 -1.955922 -2.8783 4.727802 -4.17059 4.993926 11.020528 -0.0 -2e-06 12.109057 -3.73572 -2.866785 -0.0 -0.0 -0.0 1.291987 -1.928551 -1.498088 14.800132 0.567465 3.865609 14.242577 -1.34174 -6.660659 19.631971 0.143923 -0.648246 49.834538 -0.548442 -6.104122 0.353028 -1.511151 -0.031939 20.222797 3.684307 2.316628 18.787281 1e-06 -2e-06 10.751634 -0.47987 1.397905 -0.0 1e-06 -1e-06 3.273808 0.305947 -0.580111 21.486814 11.830373 2.266133 8.16293 1e-06 -0.0 18.39909 -3.798988 -4.940579 3e-06 1e-06 -1e-06 -1.297684 5.123928 -21.812035 -0.080086 -0.173583 16.402946 -6.73701 0.306124 7.666874 1.679037 -1.948527 -1.46863 -0.0 -0.0 2e-06 -13.920483 -7.053875 14.229332 -0.158966 0.692816 19.437731 5.759848 1.150293 -5.980953 -1.508394 0.86704 -10.992441 -0.0 0.0 -1e-06 
0.0 0.0 0.0 0.0 -0.0 0.0 6.603175 97.336174 106.010666 5.917932 -3.087336 -1.985358 -2.138594 0.499699 0.169866 -1.060529 2.762645 -5.216708 -4.686521 0.643159 15.058047 -0.593926 2.560227 -1.499629 -0.967912 -0.518587 -3.512784 -1.388627 -0.828976 -13.926903 7.7e-05 -2.2e-05 6e-06 0.039363 -0.003017 0.101986 0.748097 -3.746639 -10.534657 -0.682703 3.740634 -10.538629 -20.858051 -4.304439 19.897816 -50.065495 -4.128721 31.464647 -0.003894 -27.918894 -0.115748 -5.485861 -1.212279 -22.902914 -5.882112 9.861291 0.70259 -10.936879 -0.360572 7.156208 -1e-06 8.77483 -0.0 -15.757689 17.90724 6.34258 -1.844034 2.498506 -2.507278 -10.163608 4.678949 4.621108 -20.976038 0.0 -0.0 -21.226301 2.4517 -3.594004 -1e-06 -6e-06 -0.0 -1.362683 2.240799 -0.746324 -21.334929 0.584914 3.008322 -13.821223 1e-06 -0.0 -23.887184 -0.249076 -0.839489 -60.616039 2.367133 -0.978534 -0.294025 1.679688 0.833256 -14.21822 0.093218 1.30058 -34.21207 -0.287559 0.967166 -20.033226 0.964537 1.21284 -0.0 -0.0 0.0 -3.440391 0.788234 0.501657 -15.928196 -3.167307 2.999707 -6.338829 0.0 -0.0 -18.123461 3.648186 -4.905674 -5e-06 -0.0 -2e-06 15.2533 13.684614 20.112131 39.355381 11.507657 12.74033 -0.685679 37.905003 0.166074 -1.788255 -4.031414 -21.177938 2.243542 -5.255038 -3.180155 14.282893 -0.826596 6.952502 -2e-06 -12.690609 1e-06 16.256458 -17.479534 2.636261 1.665667 -1.955921 -2.878298 4.727799 -4.17059 4.993924 11.020528 1e-06 0.0 12.109055 -3.735718 -2.866784 -0.0 0.0 1e-06 1.291985 -1.92855 -1.498088 14.800131 0.567466 3.865606 14.242576 -1.341739 -6.66066 19.631969 0.143924 -0.648245 49.944126 -0.51476 -6.154238 0.353028 -1.511151 -0.031942 20.222797 3.684309 2.316629 18.787279 4e-06 -2e-06 10.751631 -0.479869 1.397905 -0.0 1e-06 -0.0 3.273808 0.305947 -0.58011 21.486816 11.83038 2.266132 8.16293 2e-06 -1e-06 18.399088 -3.798987 -4.940576 2e-06 0.0 -1e-06 -3.615322 5.650562 -19.096041 -0.140821 -0.226367 17.303328 -6.175001 -0.975716 4.230564 1.660437 -1.970605 -0.932987 0.0 0.0 2e-06 -16.830772 -7.798537 10.778638 -0.106548 0.875252 30.633574 4.052776 0.968695 -0.09598 -1.584554 0.880787 -16.660086 -0.0 -0.0 -1e-06 
0.0 0.0 0.0 0.0 -0.0 0.0 7.460658 97.847351 109.902023 6.803044 -3.014462 -2.73753 -2.778428 0.388137 0.313776 -1.139955 2.395923 -5.042522 -4.796309 0.365052 15.006823 -0.279959 2.528999 -0.530059 -1.00771 -0.48535 -3.500417 -1.247303 -0.579698 -13.634349 7.7e-05 -2.3e-05 6e-06 0.041045 0.021066 0.103257 0.745687 -3.7113 -10.48397 -0.67728 3.753201 -10.489365 -20.934557 -5.061571 19.923946 -49.065365 -5.403754 31.946901 -0.010507 -27.324509 -0.029148 -5.625883 -1.240837 -22.971453 -5.882107 9.861287 0.702588 -10.936873 -0.360575 7.156204 1e-06 8.774827 0.0 -15.964282 17.982883 6.22977 -1.844032 2.498505 -2.507278 -10.163601 4.678945 4.621108 -20.976027 -3e-06 3e-06 -21.226288 2.451695 -3.594001 -1e-06 -6e-06 -1e-06 -1.362682 2.240798 -0.746324 -21.334917 0.584909 3.008322 -13.821216 -3e-06 3e-06 -23.887175 -0.24908 -0.839484 -60.748169 2.342563 -1.124515 -0.294025 1.679688 0.833255 -14.21821 0.093215 1.30058 -34.212063 -0.287565 0.967168 -20.033218 0.964536 1.212843 -1e-06 -2e-06 -1e-06 -3.440389 0.788234 0.501656 -15.928189 -3.16731 2.999708 -6.338829 -1e-06 1e-06 -18.123449 3.648183 -4.905671 -3e-06 0.0 -3e-06 15.241899 12.977347 20.385534 42.34853 11.226748 14.116092 -0.357048 36.894768 0.209185 -1.267132 -4.255266 -20.958025 2.243541 -5.255034 -3.180156 14.282883 -0.826592 6.952499 -5e-06 -12.6906 2e-06 16.402325 -17.554476 2.55319 1.665665 -1.95592 -2.878298 4.727795 -4.170584 4.99392 11.020519 6e-06 -2e-06 12.109043 -3.735711 -2.866784 -0.0 -0.0 -0.0 1.291985 -1.928548 -1.498089 14.800118 0.56747 3.865604 14.242563 -1.341732 -6.660655 19.631954 0.143931 -0.648246 49.976604 -0.467062 -6.132823 0.353029 -1.51115 -0.031941 20.222784 3.684314 2.316629 18.787266 9e-06 0.0 10.751623 -0.479866 1.397906 1e-06 0.0 2e-06 3.273804 0.305947 -0.580111 21.486801 11.830374 2.266129 8.162922 4e-06 -1e-06 18.399071 -3.79898 -4.940569 2e-06 0.0 -0.0 -5.028265 6.319048 -14.885511 -0.174409 -0.255921 15.739865 -5.593834 -2.041766 1.925946 1.652193 -1.983487 -0.816224 -0.0 0.0 2e-06 -18.830647 -8.928128 5.930544 -4.1e-05 0.899373 43.144451 1.090289 -0.417628 8.098623 -1.5798 0.822424 -15.411365 0.0 0.0 -4e-06 
0.0 0.0 0.0 0.0 -0.0 0.0 8.122431 98.363945 113.714966 6.960245 -2.816414 -3.510766 -3.100885 0.204294 0.525365 -1.130863 1.930481 -4.902239 -4.587507 -0.075678 14.999251 -0.050332 2.59556 0.564127 -0.914272 -0.376741 -3.54536 -1.285853 -0.411941 -13.294299 7.7e-05 -2.2e-05 6e-06 0.045609 0.059 0.113123 0.739719 -3.668644 -10.462542 -0.661594 3.788224 -10.47052 -21.041536 -5.814465 19.923471 -47.685356 -6.862603 32.01046 -0.069231 -27.277758 0.023544 -5.620412 -1.056898 -23.173344 -5.88211 9.861292 0.702591 -10.936878 -0.360575 7.156207 -0.0 8.774831 -0.0 -16.204208 18.044189 6.145534 -1.844034 2.498507 -2.507277 -10.163609 4.678948 4.621108 -20.97604 -2e-06 4e-06 -21.226301 2.451702 -3.594001 -0.0 -5e-06 -1e-06 -1.362683 2.240799 -0.746323 -21.334929 0.58491 3.008326 -13.821221 -1e-06 2e-06 -23.887184 -0.249077 -0.839482 -60.864418 2.28584 -1.098002 -0.294025 1.679688 0.833255 -14.218221 0.093214 1.30058 -34.212078 -0.287563 0.967173 -20.03323 0.964536 1.212844 -1e-06 -0.0 -1e-06 -3.440391 0.788234 0.501656 -15.928198 -3.167311 2.999709 -6.33883 -2e-06 -1e-06 -18.123461 3.648185 -4.905674 -3e-06 -1e-06 -2e-06 15.414501 12.248095 20.53302 45.120743 10.896407 16.688482 -0.323897 35.784077 0.058541 -0.053409 -4.34386 -20.346954 2.243543 -5.255037 -3.180158 14.282896 -0.826595 6.952501 -3e-06 -12.690608 3e-06 16.456371 -17.529366 2.538792 1.665668 -1.955922 -2.8783 4.727799 -4.170589 4.993924 11.020529 3e-06 -4e-06 12.109056 -3.735716 -2.866785 -0.0 -0.0 -0.0 1.291986 -1.928549 -1.498089 14.800132 0.567468 3.865607 14.242578 -1.341737 -6.660659 19.631973 0.143926 -0.648246 49.948589 -0.523419 -6.121735 0.353029 -1.511152 -0.03194 20.222797 3.68431 2.316626 18.787279 5e-06 -2e-06 10.75163 -0.479868 1.397904 0.0 -0.0 -1e-06 3.273808 0.305947 -0.580112 21.486818 11.830376 2.266129 8.16293 2e-06 -3e-06 18.399088 -3.798985 -4.940578 3e-06 -0.0 -2e-06 -5.457183 6.841577 -10.507805 -0.137444 -0.203946 13.832808 -5.183926 -2.750778 0.158132 1.661737 -1.991017 -1.181968 -0.0 -0.0 2e-06 -19.598969 -10.561265 1.174798 0.065322 0.644363 53.606441 -2.397792 -2.443204 13.834147 -1.501461 0.880463 -5.259053 0.0 0.0 -0.0 
0.0 0.0 0.0 0.0 -0.0 0.0 8.610131 98.861679 117.468666 6.605562 -2.442263 -4.185246 -3.233827 0.055797 0.713902 -1.094442 1.362741 -4.817405 -4.132831 -0.710488 15.063472 0.314158 2.649553 1.770002 -0.880767 -0.254838 -3.596325 -1.358763 -0.294068 -13.1113 7.7e-05 -2.2e-05 6e-06 0.047501 0.091898 0.118079 0.743603 -3.6354 -10.494206 -0.660252 3.822927 -10.503173 -21.00724 -6.527039 19.825781 -46.098072 -8.546563 31.882668 -0.016284 -27.62999 0.015833 -5.154552 -1.023398 -23.737627 -5.882111 9.861295 0.702591 -10.936878 -0.360574 7.156211 0.0 8.774833 -1e-06 -16.447786 18.149565 6.039398 -1.844034 2.498507 -2.507277 -10.163606 4.67895 4.621113 -20.976038 -2e-06 1e-06 -21.226301 2.451699 -3.594006 -2e-06 -5e-06 -1e-06 -1.362682 2.2408 -0.746323 -21.334929 0.584911 3.008324 -13.82122 -2e-06 0.0 -23.887188 -0.249082 -0.839485 -60.873291 2.348623 -1.069579 -0.294025 1.679689 0.833256 -14.218219 0.093216 1.30058 -34.212074 -0.287563 0.967168 -20.033226 0.964536 1.212843 -1e-06 -2e-06 -1e-06 -3.440391 0.788234 0.501656 -15.928196 -3.167311 2.999709 -6.338829 -0.0 -1e-06 -18.123459 3.648186 -4.905677 -5e-06 -0.0 -3e-06 15.73483 11.43533 20.669865 47.52256 10.513946 19.721813 -0.318828 34.747559 -0.016055 1.333949 -4.534193 -19.33251 2.243543 -5.255037 -3.180158 14.282896 -0.826595 6.952504 -3e-06 -12.690609 1e-06 16.367579 -17.505032 2.539449 1.665668 -1.955923 -2.8783 4.7278 -4.170589 4.993925 11.020531 3e-06 -2e-06 12.109057 -3.735717 -2.866786 -0.0 0.0 1e-06 1.291986 -1.928549 -1.49809 14.800134 0.567467 3.865608 14.242579 -1.341735 -6.660661 19.631977 0.143927 -0.648245 49.911541 -0.569834 -6.192952 0.353029 -1.51115 -0.031939 20.222801 3.684311 2.316629 18.787283 7e-06 -2e-06 10.751633 -0.479867 1.397906 -1e-06 -1e-06 0.0 3.273808 0.305947 -0.58011 21.486824 11.830379 2.266131 8.16293 2e-06 -2e-06 18.39909 -3.798985 -4.940579 3e-06 0.0 -2e-06 -5.195761 6.886064 -5.887642 -0.085405 -0.183267 11.165421 -4.902935 -2.911656 -1.074607 1.650088 -1.978526 -1.333387 0.0 0.0 2e-06 -19.350107 -12.63717 -2.876563 0.14025 0.367151 60.575043 -2.942018 -2.357116 12.691078 -1.460166 0.880136 -2.900911 -0.0 0.0 -1e-06 
0.0 0.0 0.0 0.0 -0.0 0.0 8.971019 99.244667 121.126747 5.886181 -1.977775 -4.776054 -3.155178 -0.095106 0.938423 -1.021048 0.771702 -4.730028 -3.534502 -1.35072 15.09936 0.791629 2.627028 2.902291 -0.924074 -0.165235 -3.630093 -1.430086 -0.22266 -12.823036 7.7e-05 -2.2e-05 6e-06 0.04385 0.088553 0.107757 0.746441 -3.638999 -10.524904 -0.668338 3.820567 -10.538561 -20.702168 -7.272919 19.703323 -44.527725 -10.440804 30.820755 -0.05774 -28.404499 0.045956 -4.201437 -1.024869 -24.158739 -5.882107 9.861286 0.702588 -10.936873 -0.360575 7.156205 0.0 8.774826 0.0 -16.605433 18.282949 5.963519 -1.844033 2.498504 -2.507276 -10.1636 4.678945 4.621111 -20.976025 -4e-06 3e-06 -21.226288 2.451695 -3.593999 -1e-06 -8e-06 -1e-06 -1.362682 2.240798 -0.746324 -21.334917 0.584909 3.008321 -13.821215 -2e-06 0.0 -23.887175 -0.249078 -0.839483 -60.919754 2.441916 -1.060732 -0.294025 1.679687 0.833255 -14.218212 0.093215 1.30058 -34.212063 -0.287565 0.967169 -20.033218 0.964535 1.212843 -1e-06 -1e-06 -1e-06 -3.440389 0.788233 0.501655 -15.928189 -3.167309 2.99971 -6.338827 -2e-06 -1e-06 -18.123446 3.648183 -4.905667 -5e-06 0.0 -2e-06 16.097059 10.592476 20.775429 49.617096 9.884736 22.374994 -0.224085 33.913486 0.001933 2.63153 -4.795822 -18.070015 2.243541 -5.255037 -3.180158 14.282887 -0.826596 6.952501 -1e-06 -12.690603 1e-06 16.250418 -17.553535 2.530991 1.665666 -1.955921 -2.878299 4.727798 -4.170587 4.993923 11.020523 2e-06 -2e-06 12.10905 -3.735716 -2.866786 -0.0 -1e-06 -1e-06 1.291985 -1.92855 -1.498089 14.800125 0.567467 3.865607 14.242568 -1.341737 -6.660659 19.631962 0.143925 -0.648245 49.833008 -0.554352 -6.262697 0.353029 -1.51115 -0.031939 20.222784 3.684308 2.316628 18.787268 3e-06 -1e-06 10.751625 -0.47987 1.397905 -3e-06 0.0 1e-06 3.273806 0.305947 -0.580111 21.486809 11.830371 2.266133 8.162928 0.0 -1e-06 18.399082 -3.798985 -4.940577 3e-06 1e-06 -2e-06 -4.44572 6.552974 -1.196166 -0.062218 -0.206326 8.036465 -4.68788 -2.852499 -2.004205 1.638141 -1.969405 -1.332623 0.0 -0.0 2e-06 -18.080484 -14.84763 -6.767563 0.19513 0.161021 64.118996 -2.034538 -1.34513 10.16 -1.394529 0.832526 -2.517879 -0.0 0.0 -0.0 
0.0 0.0 0.0 0.0 -0.0 0.0 9.218888 99.435936 124.620712 5.063643 -1.468041 -5.255151 -2.986548 -0.231551 1.236889 -0.925957 0.208694 -4.636415 -2.90056 -1.984428 15.098345 1.307867 2.50025 3.760044 -0.958997 -0.071402 -3.647044 -1.541802 -0.162148 -12.478194 7.7e-05 -2.2e-05 6e-06 0.040575 0.064384 0.086615 0.744053 -3.6624 -10.550715 -0.670262 3.794981 -10.566147 -20.007982 -8.093933 19.555849 -43.06052 -12.376708 29.044296 -0.063804 -29.896931 0.053463 -3.01017 -1.064692 -24.596436 -5.882104 9.861281 0.702589 -10.936868 -0.360574 7.156205 -1e-06 8.774822 -1e-06 -16.571285 18.411793 5.96341 -1.844032 2.498504 -2.507276 -10.163596 4.678943 4.621107 -20.976017 -3e-06 1e-06 -21.226276 2.4517 -3.593997 1e-06 -7e-06 -2e-06 -1.362681 2.240797 -0.746323 -21.334906 0.584911 3.008324 -13.821208 -1e-06 2e-06 -23.887163 -0.249076 -0.839483 -60.905506 2.514575 -1.069139 -0.294025 1.679687 0.833257 -14.218203 0.093215 1.300583 -34.212036 -0.287561 0.96717 -20.033207 0.96454 1.212844 -0.0 -0.0 0.0 -3.440387 0.788233 0.501655 -15.928183 -3.167308 2.99971 -6.338825 -2e-06 2e-06 -18.123442 3.648183 -4.905667 -2e-06 1e-06 -1e-06 16.470146 9.757687 20.851191 51.29266 8.99698 24.311001 -0.065773 33.48558 0.058422 3.645295 -4.78834 -16.990549 2.243541 -5.255036 -3.180159 14.282891 -0.826596 6.952504 -2e-06 -12.690601 0.0 16.150009 -17.672768 2.536448 1.665666 -1.955921 -2.878299 4.727798 -4.170587 4.993924 11.020527 3e-06 0.0 12.109052 -3.735715 -2.866783 0.0 0.0 -1e-06 1.291986 -1.928549 -1.498089 14.800127 0.567467 3.865608 14.24257 -1.341736 -6.660657 19.631968 0.143926 -0.648244 49.642574 -0.536151 -6.361629 0.353029 -1.51115 -0.03194 20.222788 3.684308 2.31663 18.78727 4e-06 1e-06 10.751627 -0.47987 1.397907 -1e-06 1e-06 -0.0 3.273806 0.305947 -0.580111 21.486809 11.830371 2.266131 8.162926 0.0 1e-06 18.39908 -3.798985 -4.940574 2e-06 -1e-06 -1e-06 -3.527763 6.056435 3.163327 -0.062308 -0.233686 5.071236 -4.439875 -2.801717 -2.855293 1.633088 -1.939602 -1.197773 0.0 0.0 2e-06 -16.171553 -16.911495 -10.717203 0.207359 0.024883 64.652046 -0.790061 -0.315209 7.949452 -1.352241 0.783628 -2.360782 -0.0 1e-06 -1e-06 
0.0 0.0 0.0 0.0 -0.0 0.0 9.384761 99.386955 127.983154 4.43491 -1.02486 -5.584661 -2.859374 -0.334463 1.568437 -0.853263 -0.285115 -4.55219 -2.35335 -2.558568 15.134295 1.785345 2.287757 4.240036 -0.945532 0.042175 -3.659322 -1.692959 -0.067017 -12.22077 7.7e-05 -2.3e-05 6e-06 0.037738 0.027275 0.063252 0.737181 -3.698169 -10.572723 -0.667179 3.755998 -10.585669 -19.121834 -8.967055 19.362669 -41.439075 -14.18469 26.977993 0.040926 -32.10434 -0.00352 -1.748181 -1.257152 -25.291136 -5.882111 9.861293 0.702592 -10.936881 -0.360577 7.156207 1e-06 8.774831 -3e-06 -16.345423 18.486694 6.031702 -1.844034 2.498507 -2.507279 -10.163608 4.678946 4.621109 -20.97604 -7e-06 0.0 -21.226301 2.451696 -3.594004 2e-06 -8e-06 0.0 -1.362682 2.240799 -0.746323 -21.334932 0.584908 3.008325 -13.821225 -3e-06 -1e-06 -23.887192 -0.249081 -0.839483 -60.746174 2.561382 -1.092363 -0.294025 1.679688 0.833257 -14.218221 0.093214 1.300579 -34.212078 -0.28757 0.96717 -20.03323 0.964534 1.212844 0.0 1e-06 1e-06 -3.440391 0.788233 0.501656 -15.928201 -3.167313 2.999707 -6.338831 -1e-06 -1e-06 -18.123463 3.648183 -4.905674 -2e-06 0.0 -2e-06 16.94359 8.928829 20.874495 52.335083 8.044388 25.652765 0.064346 33.450089 0.096231 4.232702 -4.401938 -16.175222 2.243545 -5.255043 -3.18016 14.282907 -0.826596 6.952507 -2e-06 -12.69062 1e-06 16.116901 -17.824299 2.556679 1.665668 -1.955923 -2.878302 4.727804 -4.170593 4.993928 11.02054 3e-06 -1e-06 12.109065 -3.73572 -2.866787 0.0 -1e-06 0.0 1.291987 -1.928552 -1.498092 14.800144 0.567468 3.86561 14.242588 -1.341737 -6.660665 19.631989 0.143926 -0.648246 49.478565 -0.538464 -6.442033 0.353029 -1.511153 -0.03194 20.222818 3.684315 2.31663 18.787296 6e-06 -1e-06 10.751641 -0.479869 1.397907 -0.0 0.0 1e-06 3.273811 0.305948 -0.580112 21.486843 11.83039 2.266133 8.162938 2e-06 -2e-06 18.399109 -3.798988 -4.940581 2e-06 -0.0 0.0 -2.82674 5.631598 6.637162 -0.068907 -0.249621 3.33639 -4.082178 -2.850253 -4.144747 1.636754 -1.902602 -0.956456 0.0 0.0 2e-06 -14.153527 -18.530016 -14.684511 0.163915 -0.080619 62.605263 0.474225 0.365219 6.238506 -1.346701 0.753021 -2.291198 0.0 -0.0 -2e-06 
0.0 0.0 0.0 0.0 -0.0 0.0 9.507788 99.134811 131.280869 4.096582 -0.74973 -5.691418 -2.798364 -0.395547 1.842699 -0.810311 -0.701017 -4.496841 -1.934185 -3.036842 15.237812 2.175775 2.03679 4.371724 -0.916286 0.170478 -3.667237 -1.861619 0.061496 -12.067655 7.7e-05 -2.2e-05 6e-06 0.034604 -0.01177 0.043336 0.725708 -3.733283 -10.58059 -0.660835 3.713096 -10.58693 -18.306068 -9.868984 19.069294 -39.438694 -15.787569 24.912312 0.246847 -34.62854 -0.098093 -0.543031 -1.517915 -26.034798 -5.88211 9.861292 0.702593 -10.936877 -0.360573 7.156209 0.0 8.774831 1e-06 -16.039127 18.532732 6.156736 -1.844034 2.498507 -2.507278 -10.163604 4.678951 4.621109 -20.976034 -1e-06 2e-06 -21.226299 2.451701 -3.594004 1e-06 -5e-06 -1e-06 -1.362682 2.2408 -0.746324 -21.334923 0.584912 3.008323 -13.821219 -2e-06 0.0 -23.887178 -0.249077 -0.839485 -60.539963 2.599869 -1.111268 -0.294024 1.679689 0.833255 -14.218215 0.093217 1.300581 -34.212067 -0.287561 0.967169 -20.033222 0.964537 1.212842 -1e-06 1e-06 1e-06 -3.440391 0.788234 0.501657 -15.928194 -3.16731 2.999708 -6.338829 -0.0 0.0 -18.123457 3.648186 -4.905672 -3e-06 2e-06 -2e-06 17.537962 8.150033 20.871178 52.758713 7.226542 26.418732 0.161629 33.557312 0.105293 4.250983 -3.857663 -15.527508 2.243541 -5.255037 -3.180158 14.282887 -0.826595 6.9525 -3e-06 -12.690603 2e-06 16.132883 -17.964281 2.583765 1.665666 -1.955921 -2.878299 4.727797 -4.170587 4.993925 11.020522 2e-06 -1e-06 12.10905 -3.735716 -2.866785 1e-06 -1e-06 -1e-06 1.291985 -1.928549 -1.498088 14.800125 0.567468 3.865606 14.242568 -1.341737 -6.660656 19.631968 0.143926 -0.648244 49.420776 -0.55633 -6.496094 0.353029 -1.51115 -0.031941 20.222788 3.684309 2.31663 18.78727 5e-06 -1e-06 10.751628 -0.479869 1.397907 0.0 0.0 -0.0 3.273806 0.305947 -0.580112 21.486809 11.830373 2.266132 8.162924 2e-06 0.0 18.399076 -3.798985 -4.940575 4e-06 0.0 -2e-06 -2.437346 5.370416 9.428108 -0.071993 -0.256528 2.340218 -3.751599 -2.906055 -5.700378 1.646837 -1.878373 -0.681365 0.0 0.0 2e-06 -12.257251 -19.599833 -18.491497 0.081104 -0.142658 58.118919 1.862003 0.812127 5.155911 -1.355358 0.739491 -2.337071 0.0 0.0 -4e-06 
0.0 0.0 0.0 0.0 -0.0 0.0 9.605127 98.729416 134.568832 4.034451 -0.646943 -5.510458 -2.805503 -0.429226 1.977863 -0.786631 -1.070466 -4.472608 -1.654037 -3.425534 15.373853 2.519757 1.801192 4.252937 -0.912794 0.266759 -3.661655 -2.030832 0.227633 -12.008634 7.7e-05 -2.2e-05 6e-06 0.030619 -0.038764 0.032855 0.705226 -3.758659 -10.572087 -0.647854 3.684771 -10.568627 -17.613342 -10.772899 18.772392 -37.124249 -17.216799 22.936062 0.537653 -36.959 -0.203877 0.501404 -1.697733 -26.598808 -5.882103 9.861283 0.70259 -10.936869 -0.360574 7.156205 -1e-06 8.774824 -3e-06 -15.771709 18.595072 6.307147 -1.844032 2.498504 -2.507277 -10.163598 4.678945 4.621109 -20.976021 -1e-06 5e-06 -21.226282 2.451698 -3.593999 1e-06 -5e-06 -1e-06 -1.362682 2.240799 -0.746324 -21.334911 0.584912 3.008323 -13.821211 0.0 2e-06 -23.887165 -0.249075 -0.839484 -60.385941 2.640157 -1.125109 -0.294025 1.679686 0.833256 -14.218203 0.093217 1.300582 -34.212036 -0.28756 0.96717 -20.033207 0.96454 1.212842 1e-06 -1e-06 1e-06 -3.440387 0.788232 0.501658 -15.928183 -3.167306 2.999708 -6.338825 -1e-06 1e-06 -18.123444 3.648184 -4.905669 -3e-06 2e-06 -2e-06 18.184771 7.486634 20.846884 52.732971 6.633826 26.679712 0.256915 33.657928 0.110588 3.793213 -3.452143 -15.046002 2.243541 -5.255035 -3.180157 14.282887 -0.826595 6.952505 -3e-06 -12.690601 2e-06 16.179646 -18.056938 2.610884 1.665665 -1.955921 -2.878299 4.727798 -4.170586 4.993925 11.020523 3e-06 0.0 12.10905 -3.735713 -2.866781 0.0 -1e-06 -0.0 1.291985 -1.928549 -1.49809 14.800125 0.567467 3.86561 14.242569 -1.341737 -6.660657 19.631962 0.143925 -0.648243 49.465275 -0.603127 -6.535979 0.353029 -1.51115 -0.031939 20.222786 3.684309 2.316632 18.78727 3e-06 -0.0 10.751625 -0.479869 1.397906 0.0 -0.0 1e-06 3.273806 0.305947 -0.580112 21.486809 11.830371 2.266134 8.162926 1e-06 2e-06 18.399076 -3.798986 -4.940573 4e-06 0.0 -1e-06 -2.331358 5.268341 11.619333 -0.067818 -0.249647 1.878251 -3.506781 -2.975156 -7.430283 1.657899 -1.879653 -0.435211 0.0 -0.0 2e-06 -10.482378 -20.249653 -21.897507 0.036612 -0.128406 51.082924 3.298412 0.75725 4.854424 -1.368898 0.731424 -2.572333 -0.0 0.0 -0.0 
0.0 0.0 0.0 0.0 -0.0 0.0 9.623116 98.219719 137.887848 4.117705 -0.64708 -4.98951 -2.825989 -0.480837 1.90373 -0.768696 -1.434761 -4.497747 -1.501076 -3.730059 15.513819 2.844867 1.595768 3.946979 -0.922666 0.295704 -3.636574 -2.182846 0.465769 -12.035474 7.7e-05 -2.2e-05 6e-06 0.023191 -0.055909 0.034717 0.680636 -3.778725 -10.556001 -0.63799 3.669922 -10.542104 -17.023767 -11.609385 18.592375 -34.665169 -18.439159 21.009871 0.809462 -38.839863 -0.302888 1.318944 -1.731775 -26.729387 -5.882106 9.861284 0.702589 -10.936873 -0.360575 7.156204 0.0 8.774824 -1e-06 -15.597359 18.676723 6.432341 -1.844032 2.498503 -2.507277 -10.1636 4.678946 4.621107 -20.976025 -2e-06 -0.0 -21.226286 2.451697 -3.593999 2e-06 -6e-06 -1e-06 -1.362681 2.240797 -0.746323 -21.334915 0.58491 3.008323 -13.821213 -1e-06 1e-06 -23.887173 -0.249079 -0.839484 -60.320999 2.663337 -1.15525 -0.294024 1.679685 0.833255 -14.218208 0.093216 1.300581 -34.212048 -0.287563 0.96717 -20.033211 0.964535 1.212844 -1e-06 -0.0 0.0 -3.440389 0.788234 0.501657 -15.928185 -3.167309 2.999707 -6.338826 -1e-06 1e-06 -18.123444 3.648182 -4.905674 -3e-06 2e-06 -2e-06 18.804178 6.955338 20.756584 52.447559 6.256773 26.65624 0.358587 33.756264 0.132071 3.151393 -3.281594 -14.764883 2.243542 -5.255037 -3.180158 14.282889 -0.826595 6.952502 -1e-06 -12.690605 1e-06 16.240664 -18.080851 2.623879 1.665666 -1.955922 -2.878298 4.727799 -4.170588 4.993924 11.020526 2e-06 -1e-06 12.109053 -3.735717 -2.866784 -0.0 -1e-06 -0.0 1.291986 -1.928549 -1.498087 14.800127 0.567468 3.865606 14.24257 -1.341737 -6.660657 19.631968 0.143926 -0.648245 49.572926 -0.674585 -6.570072 0.353029 -1.511151 -0.031939 20.22279 3.684309 2.316629 18.787271 4e-06 -3e-06 10.751627 -0.479868 1.397906 0.0 0.0 -0.0 3.273807 0.305947 -0.580111 21.486811 11.830374 2.266132 8.162928 2e-06 -0.0 18.39908 -3.798985 -4.940577 4e-06 1e-06 -1e-06 -2.343638 5.275679 13.278319 -0.05904 -0.214628 1.787378 -3.333643 -3.093277 -9.195138 1.665522 -1.906464 -0.281757 0.0 -0.0 2e-06 -8.674843 -20.522581 -24.558117 0.095914 -0.045142 41.33614 4.477867 0.168477 5.700222 -1.400688 0.748149 -2.94651 0.0 0.0 -1e-06 
0.0 0.0 0.0 0.0 -0.0 0.0 9.497862 97.726608 141.316086 4.128553 -0.622277 -4.141762 -2.768958 -0.552817 1.619877 -0.735127 -1.803707 -4.600341 -1.386857 -4.01066 15.615737 3.122815 1.411608 3.528495 -0.866959 0.353534 -3.606586 -2.34915 0.691586 -11.99375 7.7e-05 -2.3e-05 6e-06 0.012235 -0.055002 0.040947 0.665732 -3.783166 -10.559206 -0.644946 3.675611 -10.539689 -16.530615 -12.359167 18.587969 -32.217834 -19.448336 19.032007 0.893589 -40.221306 -0.331543 1.836496 -1.708533 -26.263336 -5.882111 9.861292 0.702591 -10.936877 -0.360573 7.156205 -0.0 8.774831 -2e-06 -15.539852 18.738029 6.472335 -1.844034 2.498508 -2.507279 -10.163604 4.678948 4.621106 -20.976036 -1e-06 -1e-06 -21.226301 2.451698 -3.594005 1e-06 -5e-06 -0.0 -1.362683 2.2408 -0.746321 -21.334925 0.584911 3.008322 -13.821218 -1e-06 -1e-06 -23.88718 -0.249081 -0.839486 -60.40221 2.674933 -1.22954 -0.294025 1.679688 0.833254 -14.218215 0.093215 1.300577 -34.212067 -0.287566 0.967165 -20.033226 0.964536 1.212839 1e-06 -0.0 0.0 -3.440391 0.788236 0.501655 -15.928194 -3.167308 2.999706 -6.33883 0.0 -0.0 -18.123459 3.648185 -4.905675 -4e-06 1e-06 -3e-06 19.394617 6.502133 20.658821 51.98917 6.013412 26.565954 0.379531 33.926788 0.18804 2.550145 -3.217614 -14.725493 2.243543 -5.255039 -3.180159 14.282892 -0.826596 6.952503 1e-06 -12.690609 -1e-06 16.256493 -18.06926 2.654599 1.665666 -1.955922 -2.878298 4.7278 -4.170588 4.993922 11.020528 1e-06 -2e-06 12.109054 -3.735718 -2.866786 -1e-06 -1e-06 1e-06 1.291986 -1.92855 -1.498088 14.800131 0.567467 3.865606 14.242573 -1.34174 -6.660657 19.631973 0.143924 -0.648247 49.73402 -0.720692 -6.578015 0.353029 -1.511151 -0.031942 20.222794 3.684308 2.31663 18.787273 3e-06 -4e-06 10.75163 -0.47987 1.397904 0.0 1e-06 -0.0 3.273807 0.305946 -0.580109 21.486816 11.830377 2.266134 8.16293 1e-06 0.0 18.399086 -3.798988 -4.940581 3e-06 1e-06 -2e-06 -2.178796 5.341842 14.591206 -0.044299 -0.135836 1.828715 -3.245953 -3.381332 -10.520418 1.67166 -1.949225 -0.411411 -0.0 0.0 2e-06 -6.721923 -20.391073 -25.975889 0.222727 0.032604 28.569557 5.470242 -0.638967 7.302377 -1.446482 0.801095 -3.160983 -0.0 -0.0 -1e-06 
0.0 0.0 0.0 0.0 -0.0 0.0 9.147206 97.291542 145.001038 3.965601 -0.360884 -3.169297 -2.622844 -0.678293 1.203509 -0.727973 -2.115489 -4.761333 -1.218592 -4.314039 15.635799 3.527162 1.185092 3.105681 -0.770735 0.453743 -3.563667 -2.627903 0.712798 -11.820628 7.7e-05 -2.2e-05 6e-06 0.004824 -0.057219 0.038889 0.680915 -3.790797 -10.602166 -0.675477 3.680218 -10.587101 -15.953521 -13.111132 18.66148 -30.15769 -20.179787 17.458019 0.854526 -41.182732 -0.208061 2.029696 -1.728922 -25.529488 -5.882113 9.861294 0.70259 -10.93688 -0.360571 7.156207 -2e-06 8.774831 -1e-06 -15.550465 18.793459 6.465554 -1.844035 2.498506 -2.507279 -10.163608 4.678951 4.621109 -20.97604 3e-06 -3e-06 -21.226307 2.451702 -3.594008 0.0 -6e-06 -1e-06 -1.362684 2.2408 -0.746325 -21.334929 0.584917 3.008322 -13.821223 1e-06 -0.0 -23.887188 -0.249075 -0.83949 -60.587288 2.748351 -1.543531 -0.294025 1.679688 0.833256 -14.218219 0.093219 1.300581 -34.212074 -0.287558 0.967161 -20.033226 0.964539 1.212838 1e-06 0.0 0.0 -3.440394 0.788237 0.501655 -15.928198 -3.167306 2.999708 -6.338831 1e-06 -1e-06 -18.123463 3.64819 -4.905676 -4e-06 1e-06 -3e-06 19.890574 6.01993 20.542416 51.563202 5.648511 26.703358 0.166188 34.337494 0.235253 2.185859 -3.187856 -14.881261 2.243545 -5.255042 -3.180159 14.282902 -0.826595 6.952502 -0.0 -12.690615 -2e-06 16.24506 -18.083063 2.710236 1.665668 -1.955923 -2.8783 4.727803 -4.170592 4.993925 11.020535 2e-06 -3e-06 12.109062 -3.735719 -2.866789 -0.0 -1e-06 -1e-06 1.291987 -1.928551 -1.498089 14.800139 0.567469 3.865606 14.242585 -1.341738 -6.660663 19.631985 0.143926 -0.648247 49.817234 -0.772313 -6.533968 0.353029 -1.511152 -0.03194 20.222811 3.684313 2.316628 18.787292 6e-06 -5e-06 10.751637 -0.479867 1.397905 0.0 0.0 -0.0 3.273809 0.305947 -0.580111 21.486832 11.830385 2.266132 8.162933 2e-06 -2e-06 18.399099 -3.798985 -4.940584 3e-06 1e-06 -2e-06 -1.515384 5.646276 15.935912 0.02318 -0.040708 1.899718 -3.240216 -4.261093 -11.08512 1.715352 -1.932503 -0.923408 0.0 -0.0 2e-06 -5.032477 -19.426411 -25.472721 0.328764 0.0206 13.556643 7.341281 -1.670152 7.935506 -1.445612 0.91047 -3.175719 0.0 0.0 -1e-06 
0.0 0.0 0.0 0.0 -0.0 0.0 8.5892 96.906761 148.949585 3.704209 0.237399 -2.265507 -2.480127 -0.708525 0.662312 -0.809631 -2.455771 -5.00538 -0.946081 -4.574957 15.673146 4.041453 1.021722 2.823966 -0.634759 0.478612 -3.586274 -2.91777 0.778315 -11.244543 7.7e-05 -2.2e-05 6e-06 0.013743 -0.007661 0.021038 0.697906 -3.742404 -10.661595 -0.674469 3.733786 -10.642462 -15.588267 -13.791111 18.476538 -28.41099 -20.338282 17.029379 0.921385 -42.292084 -0.245394 1.496062 -1.734107 -24.659918 -5.882109 9.861288 0.702592 -10.936873 -0.360573 7.156208 -0.0 8.774828 0.0 -15.467481 18.822226 6.598071 -1.844033 2.498505 -2.507277 -10.163602 4.678948 4.621109 -20.97603 -3e-06 0.0 -21.226294 2.451696 -3.594002 1e-06 -6e-06 1e-06 -1.36268 2.240798 -0.746323 -21.334919 0.584912 3.008324 -13.821218 -1e-06 2e-06 -23.887177 -0.249077 -0.839484 -60.596409 2.724576 -1.567485 -0.294026 1.679689 0.833257 -14.218213 0.093216 1.300582 -34.212059 -0.287561 0.967168 -20.033216 0.964539 1.212842 1e-06 1e-06 1e-06 -3.440389 0.788234 0.501655 -15.928189 -3.16731 2.999707 -6.338827 -0.0 1e-06 -18.123453 3.648186 -4.905672 -4e-06 1e-06 -2e-06 20.54319 5.3739 20.163519 51.024612 4.837064 26.84329 -0.072192 35.102043 0.248876 1.919891 -3.08981 -14.457373 2.243542 -5.255038 -3.18016 14.282896 -0.826594 6.952505 -2e-06 -12.690609 2e-06 16.107279 -17.968184 2.756654 1.665667 -1.955922 -2.8783 4.7278 -4.170589 4.993926 11.020529 3e-06 -1e-06 12.109056 -3.735717 -2.866786 -0.0 -1e-06 -2e-06 1.291986 -1.92855 -1.49809 14.800132 0.567469 3.865607 14.242578 -1.341735 -6.660661 19.631973 0.143926 -0.648244 49.697506 -0.739904 -6.531318 0.353029 -1.511151 -0.031941 20.222801 3.684312 2.31663 18.787277 5e-06 -1e-06 10.751631 -0.479867 1.397907 0.0 1e-06 -0.0 3.273808 0.305947 -0.580112 21.486822 11.83038 2.266135 8.162929 2e-06 0.0 18.399088 -3.798986 -4.940577 3e-06 1e-06 -1e-06 -0.405307 5.999062 17.367792 0.004814 -0.142334 2.192484 -3.275588 -5.193571 -10.702932 1.741273 -1.821781 -1.795804 0.0 -0.0 2e-06 -4.333982 -16.933029 -23.862045 0.264239 -0.009329 0.592973 10.105458 -3.216166 6.703598 -1.342803 1.056162 -3.272049 0.0 1e-06 -1e-06 
0.0 0.0 0.0 0.0 -0.0 0.0 7.894675 96.617722 153.107193 3.404265 1.141698 -1.664643 -2.329256 -0.683176 0.220776 -0.849383 -2.92429 -5.194292 -0.695495 -4.83635 15.692881 4.515127 0.778768 2.614853 -0.588205 0.653258 -3.655123 -3.132869 0.787313 -10.827471 7.7e-05 -2.2e-05 6e-06 0.01738 0.017008 0.011 0.700317 -3.722474 -10.697339 -0.669267 3.765202 -10.661885 -15.253911 -14.219676 18.220558 -27.399719 -20.22896 16.430336 0.501056 -43.571522 -0.076684 0.874941 -1.833626 -23.571993 -5.882112 9.861288 0.70259 -10.936877 -0.360571 7.15621 -1e-06 8.774825 -1e-06 -15.484569 18.781179 6.665553 -1.844032 2.498505 -2.507276 -10.163602 4.678949 4.621111 -20.976027 4e-06 3e-06 -21.226292 2.451704 -3.594 0.0 -5e-06 -1e-06 -1.362683 2.2408 -0.746323 -21.334921 0.584912 3.008324 -13.821218 1e-06 4e-06 -23.887178 -0.249073 -0.839486 -60.69511 2.621003 -1.328495 -0.294026 1.679688 0.833256 -14.218213 0.093218 1.300579 -34.212059 -0.287552 0.967168 -20.033218 0.964541 1.212841 1e-06 1e-06 1e-06 -3.440391 0.788234 0.501656 -15.928192 -3.167306 2.999708 -6.33883 3e-06 0.0 -18.123457 3.648188 -4.905673 -4e-06 2e-06 -2e-06 21.275513 4.817767 19.937346 50.327461 4.022954 26.731413 -0.285685 35.805859 0.20211 1.494 -3.150226 -14.718009 2.243543 -5.255039 -3.180159 14.282896 -0.826598 6.952506 -0.0 -12.69061 2e-06 16.071867 -17.851055 2.758169 1.665667 -1.955922 -2.8783 4.7278 -4.17059 4.993925 11.020528 1e-06 -2e-06 12.109056 -3.735719 -2.866787 0.0 -1e-06 -0.0 1.291986 -1.92855 -1.498091 14.800131 0.567465 3.86561 14.242574 -1.34174 -6.66066 19.631973 0.143924 -0.648249 49.471771 -0.687808 -6.578493 0.353029 -1.511151 -0.031941 20.222794 3.684307 2.316628 18.787279 1e-06 -4e-06 10.751633 -0.479871 1.397906 -0.0 0.0 -0.0 3.273807 0.305947 -0.58011 21.486816 11.830378 2.266132 8.162929 -0.0 -0.0 18.399088 -3.79899 -4.940579 4e-06 1e-06 -1e-06 0.981196 5.957989 18.967318 -0.037702 -0.350549 2.961346 -3.769709 -5.858999 -8.976984 1.773844 -1.757922 -3.504961 0.0 0.0 2e-06 -4.0284 -14.79246 -23.543287 0.03629 -0.023087 -3.503313 11.641039 -4.731061 4.373216 -1.281259 1.090243 -3.562973 -0.0 -0.0 -0.0 
0.0 0.0 0.0 0.0 -0.0 0.0 7.141867 96.390732 157.315094 2.562866 2.034142 -1.175608 -1.705901 -0.610275 -0.288696 -0.780955 -3.219974 -5.369651 -0.366829 -5.15308 15.782452 4.638693 0.611118 2.190507 -0.624119 0.639938 -3.619845 -3.129772 0.608366 -10.565463 7.7e-05 -2.2e-05 6e-06 0.01192 0.025151 0.027831 0.693787 -3.714442 -10.658418 -0.672943 3.773155 -10.612543 -15.271762 -14.387782 18.146217 -27.200283 -19.86961 15.72005 0.240185 -44.963329 0.136516 0.814374 -1.981029 -22.623657 -5.88211 9.86129 0.702591 -10.936875 -0.360572 7.156204 -2e-06 8.774829 -0.0 -15.657077 18.664408 6.558142 -1.844033 2.498506 -2.507278 -10.163602 4.67895 4.621109 -20.976032 2e-06 0.0 -21.226299 2.4517 -3.594004 0.0 -6e-06 -1e-06 -1.362683 2.240798 -0.746324 -21.334921 0.584914 3.008323 -13.82122 1e-06 2e-06 -23.887182 -0.249077 -0.839486 -60.712502 2.5374 -1.2821 -0.294025 1.679688 0.833256 -14.218216 0.093219 1.300582 -34.212067 -0.287558 0.967165 -20.033226 0.964537 1.212841 1e-06 0.0 1e-06 -3.44039 0.788235 0.501655 -15.928192 -3.167306 2.999707 -6.338829 3e-06 2e-06 -18.123455 3.648186 -4.905674 -4e-06 2e-06 -2e-06 22.008341 4.410322 19.724232 49.446709 3.405077 26.628237 -0.478045 35.840385 0.089435 0.928265 -3.251622 -15.111262 2.243541 -5.255035 -3.180156 14.282882 -0.826595 6.952499 -1e-06 -12.690598 -1e-06 16.039349 -17.721485 2.677203 1.665665 -1.955921 -2.878299 4.727797 -4.170587 4.993923 11.02052 1e-06 -3e-06 12.109048 -3.735717 -2.866784 -0.0 -0.0 -1e-06 1.291985 -1.928549 -1.498088 14.80012 0.567467 3.865606 14.242564 -1.341738 -6.660656 19.631956 0.143924 -0.648245 49.364777 -0.616062 -6.556906 0.353029 -1.51115 -0.031941 20.222778 3.684306 2.316628 18.787266 3e-06 -2e-06 10.751623 -0.479869 1.397903 -1e-06 0.0 -1e-06 3.273805 0.305946 -0.58011 21.486799 11.830368 2.266132 8.162924 1e-06 1e-06 18.399075 -3.798986 -4.940573 5e-06 1e-06 -1e-06 3.045463 5.83567 19.874554 0.002585 -0.61869 5.072918 -4.340682 -6.589654 -6.788917 1.80725 -1.760687 -6.393983 0.0 -0.0 1e-06 -3.132196 -13.933558 -23.255877 0.05867 -0.077932 -1.407178 9.556096 -5.046202 6.607237 -1.333418 1.112626 -4.252082 -0.0 -0.0 -1e-06 
0.0 0.0 0.0 0.0 -0.0 0.0 6.294782 96.402184 161.616928 0.863209 2.78554 -0.618702 -0.474716 -0.711215 -0.981274 -0.673452 -3.04864 -5.624764 0.272224 -5.647604 15.895906 4.499631 0.702073 1.775843 -0.704646 0.568942 -3.599749 -3.288481 0.225342 -10.063734 7.7e-05 -2.2e-05 6e-06 0.001966 0.010841 -0.005774 0.672342 -3.726611 -10.648697 -0.66778 3.756807 -10.626523 -16.265837 -14.086963 18.022778 -27.353937 -19.02832 15.53802 0.465813 -46.146645 -0.006507 1.301548 -2.388585 -21.981361 -5.882113 9.861293 0.702592 -10.936881 -0.360572 7.156212 -1e-06 8.774832 -2e-06 -15.719454 18.581364 6.462579 -1.844033 2.498507 -2.507279 -10.163611 4.67895 4.621113 -20.97604 -0.0 4e-06 -21.226307 2.451702 -3.594002 0.0 -5e-06 -1e-06 -1.362683 2.240799 -0.746322 -21.334934 0.584913 3.008326 -13.821227 -0.0 2e-06 -23.887192 -0.249077 -0.839484 -60.594425 2.463649 -1.283264 -0.294025 1.679689 0.833256 -14.218219 0.093216 1.300583 -34.212074 -0.287557 0.967171 -20.03323 0.96454 1.212843 0.0 1e-06 0.0 -3.440391 0.788234 0.501657 -15.928201 -3.167309 2.999711 -6.338832 2e-06 1e-06 -18.123463 3.648187 -4.905674 -4e-06 1e-06 -2e-06 22.930534 4.295333 19.53738 48.350838 2.949327 26.119257 -0.335564 35.065079 0.112365 0.33407 -3.558736 -15.184204 2.243541 -5.255037 -3.180156 14.28289 -0.826594 6.952502 -1e-06 -12.690604 -2e-06 15.957982 -17.691744 2.648472 1.665666 -1.955922 -2.878299 4.727798 -4.170588 4.993924 11.020524 2e-06 -1e-06 12.109052 -3.735717 -2.866784 0.0 0.0 -0.0 1.291985 -1.92855 -1.49809 14.800127 0.567468 3.865607 14.242569 -1.341738 -6.660656 19.631968 0.143925 -0.648243 49.494793 -0.567297 -6.561214 0.353029 -1.51115 -0.031939 20.222786 3.684309 2.316631 18.78727 3e-06 -2e-06 10.751627 -0.479869 1.397909 -2e-06 0.0 -0.0 3.273806 0.305947 -0.580111 21.486813 11.830376 2.266136 8.16293 3e-06 2e-06 18.39908 -3.798985 -4.940573 5e-06 1e-06 -0.0 6.287826 6.045327 19.640295 0.05521 -0.770987 8.937754 -5.127234 -7.692144 -4.387771 1.879951 -1.719809 -10.918612 -0.0 0.0 2e-06 -1.353207 -12.974832 -24.317032 0.094158 -0.147131 3.954863 5.474256 -4.897974 13.046108 -1.402461 0.988716 -3.833348 -0.0 -0.0 -1e-06 
0.0 0.0 0.0 0.0 -0.0 0.0 5.375287 96.55056 166.171082 -0.370027 3.281469 -0.664903 0.179305 -0.757337 -1.196752 -0.478028 -3.243571 -5.739157 1.009548 -5.620917 15.664146 4.147028 0.900418 1.757273 -0.852646 0.44934 -3.623187 -3.318208 0.0598 -10.2408 7.7e-05 -2.2e-05 6e-06 -0.006227 -0.023804 -0.024876 0.666097 -3.767526 -10.644378 -0.676926 3.726645 -10.623768 -16.466887 -13.456861 17.931818 -29.711287 -18.083998 15.660412 0.943521 -46.57489 -0.263137 1.989173 -2.695184 -21.575333 -5.882107 9.86129 0.702591 -10.936876 -0.360573 7.156208 1e-06 8.774831 0.0 -15.738955 18.451971 6.399113 -1.844034 2.498505 -2.507277 -10.163604 4.678947 4.621111 -20.97603 -5e-06 -3e-06 -21.226295 2.451695 -3.594005 0.0 -4e-06 -1e-06 -1.362682 2.240799 -0.746324 -21.334923 0.58491 3.008322 -13.82122 -3e-06 0.0 -23.887184 -0.249082 -0.839486 -60.505219 2.428941 -1.269741 -0.294025 1.679687 0.833256 -14.218215 0.093215 1.300579 -34.212063 -0.287565 0.967167 -20.033222 0.964536 1.212842 1e-06 -1e-06 1e-06 -3.440389 0.788233 0.501655 -15.928192 -3.16731 2.999705 -6.338829 -2e-06 0.0 -18.123455 3.648182 -4.905674 -4e-06 1e-06 -1e-06 22.71262 4.573441 19.750605 48.388409 3.195938 26.258511 -0.353235 33.475811 0.041067 0.302044 -3.989516 -15.534124 2.243543 -5.255038 -3.180159 14.282897 -0.826595 6.952502 -2e-06 -12.690609 0.0 15.999819 -17.756624 2.590163 1.665667 -1.955922 -2.8783 4.727801 -4.170588 4.993924 11.020532 3e-06 -3e-06 12.109058 -3.735717 -2.866786 0.0 -1e-06 -0.0 1.291986 -1.92855 -1.498089 14.800136 0.567468 3.865608 14.24258 -1.341736 -6.660661 19.631979 0.143927 -0.648246 49.476311 -0.509352 -6.64967 0.353029 -1.511151 -0.031941 20.222801 3.684311 2.31663 18.787283 6e-06 -4e-06 10.751634 -0.479869 1.397905 -2e-06 -1e-06 -1e-06 3.273808 0.305948 -0.580111 21.486824 11.830379 2.266132 8.162933 3e-06 -1e-06 18.399092 -3.798984 -4.940578 5e-06 1e-06 -0.0 8.981316 6.081935 18.719246 0.057157 -0.903049 15.084291 -5.796185 -7.91101 -0.35525 1.980313 -1.660803 -17.455042 -0.0 0.0 2e-06 -0.163971 -12.354751 -24.953024 0.057276 -0.084318 10.778151 3.34265 -4.708333 13.565264 -1.396086 0.879382 -2.3611 0.0 -0.0 -1e-06 
0.0 0.0 0.0 0.0 -0.0 0.0 4.400162 97.003349 170.777756 -1.242463 3.352359 -1.168835 0.652338 -0.653105 -0.984578 -0.254256 -3.2467 -5.674261 1.381546 -5.43098 15.120688 3.787933 1.12543 2.14098 -0.955836 0.150763 -3.602349 -3.211801 -0.20092 -10.783972 7.7e-05 -2.2e-05 6e-06 -0.004715 -0.016066 0.005438 0.688742 -3.751774 -10.597828 -0.696518 3.728123 -10.595708 -16.126986 -12.732812 18.225607 -33.10553 -17.259562 16.013052 1.208807 -45.98954 -0.577912 2.360993 -2.533176 -21.816771 -5.882111 9.86129 0.702591 -10.936877 -0.360574 7.156207 -0.0 8.77483 0.0 -15.672982 18.534184 6.287939 -1.844033 2.498506 -2.50728 -10.163605 4.678949 4.621108 -20.976038 -3e-06 -1e-06 -21.226301 2.451698 -3.594003 1e-06 -5e-06 -0.0 -1.362682 2.240798 -0.746323 -21.334929 0.584914 3.008322 -13.821222 0.0 -1e-06 -23.887186 -0.249079 -0.839486 -60.188316 2.411436 -1.433587 -0.294025 1.679687 0.833256 -14.218218 0.093217 1.300581 -34.21207 -0.287563 0.967164 -20.033226 0.964536 1.21284 -0.0 0.0 -1e-06 -3.440392 0.788236 0.501656 -15.928192 -3.16731 2.999707 -6.33883 -0.0 -0.0 -18.123459 3.648187 -4.905675 -4e-06 1e-06 -1e-06 21.681923 5.027 19.884054 49.073456 3.74565 27.083319 -0.27786 32.067352 0.026588 1.079576 -4.325544 -16.368567 2.243543 -5.255038 -3.180157 14.282899 -0.826596 6.952503 -2e-06 -12.690609 0.0 16.12541 -17.941442 2.518587 1.665667 -1.955922 -2.878299 4.727801 -4.170589 4.993925 11.020533 3e-06 -2e-06 12.109057 -3.735718 -2.866785 1e-06 -1e-06 -1e-06 1.291986 -1.92855 -1.49809 14.800136 0.567468 3.865608 14.24258 -1.341736 -6.660661 19.631977 0.143927 -0.648245 49.602856 -0.575366 -6.60679 0.353029 -1.511151 -0.03194 20.222801 3.684311 2.31663 18.787281 5e-06 -3e-06 10.751633 -0.479869 1.397905 -2e-06 -0.0 -1e-06 3.273808 0.305947 -0.580111 21.486824 11.830378 2.266133 8.162932 2e-06 -2e-06 18.399092 -3.798986 -4.940578 4e-06 1e-06 -2e-06 11.069714 5.992817 16.170952 0.020872 -1.041548 24.399212 -6.08659 -7.459355 5.675893 2.124099 -1.65818 -22.857534 0.0 0.0 4e-06 0.693795 -12.023591 -24.142403 0.134999 -0.169055 16.628857 1.759017 -4.201865 9.385702 -1.404082 0.872131 -0.803846 0.0 -0.0 -1e-06 
0.0 0.0 0.0 0.0 -0.0 0.0 3.392205 97.543747 175.232742 -2.160029 3.500966 -1.914149 1.318225 -0.559241 -0.584286 -0.09428 -3.036036 -5.493504 1.547586 -5.252852 14.714784 3.493425 1.292262 2.313005 -1.002931 -0.278787 -3.55267 -3.170974 -0.324848 -11.185524 7.7e-05 -2.2e-05 6e-06 0.000516 -0.003285 0.022453 0.701082 -3.744101 -10.590988 -0.699224 3.741789 -10.586781 -15.822939 -11.94923 18.321407 -36.523346 -16.290707 16.75086 1.195239 -44.952724 -0.680025 2.03537 -2.191459 -21.731665 -5.882108 9.861286 0.702589 -10.936874 -0.360575 7.156208 -1e-06 8.774827 -1e-06 -15.632212 18.34067 6.176695 -1.844032 2.498503 -2.507279 -10.163602 4.678947 4.621109 -20.976027 -1e-06 3e-06 -21.226294 2.451699 -3.594004 0.0 -6e-06 -1e-06 -1.362681 2.240798 -0.746323 -21.334921 0.584911 3.008323 -13.821216 1e-06 1e-06 -23.887177 -0.249078 -0.839484 -60.037464 2.399035 -1.490567 -0.294025 1.679686 0.833256 -14.21821 0.093216 1.300578 -34.212048 -0.287561 0.967171 -20.033215 0.964539 1.212843 1e-06 1e-06 1e-06 -3.440388 0.788234 0.501656 -15.928189 -3.167309 2.999708 -6.338827 -1e-06 2e-06 -18.123453 3.648184 -4.905671 -4e-06 2e-06 -1e-06 20.805687 5.735332 20.146553 49.250046 4.294743 27.798279 -0.065386 31.636179 0.12318 1.96335 -4.244233 -17.058863 2.243545 -5.255041 -3.18016 14.282905 -0.826598 6.952509 -2e-06 -12.690616 3e-06 16.203707 -18.002705 2.522075 1.665668 -1.955923 -2.878302 4.727805 -4.170592 4.993929 11.020538 2e-06 -2e-06 12.109064 -3.735721 -2.866786 0.0 -0.0 -1e-06 1.291987 -1.928551 -1.498091 14.800144 0.567466 3.865611 14.242586 -1.341738 -6.660664 19.631989 0.143924 -0.648247 49.588497 -0.587364 -6.614528 0.35303 -1.511152 -0.031939 20.222815 3.68431 2.316633 18.787294 2e-06 -2e-06 10.751639 -0.479871 1.397905 -1e-06 1e-06 -1e-06 3.27381 0.305947 -0.580111 21.486834 11.830384 2.266135 8.162936 1e-06 -0.0 18.399103 -3.79899 -4.940581 4e-06 0.0 -2e-06 13.157 5.87044 11.725922 -0.075877 -1.095669 36.189518 -6.529272 -6.488192 13.699197 2.071595 -1.562412 -22.142847 0.0 -0.0 5e-06 1.620453 -11.545056 -21.276556 0.172571 -0.189671 18.734045 0.68973 -4.404087 5.057322 -1.417202 0.886243 -0.15952 0.0 0.0 -1e-06 
0.0 0.0 0.0 0.0 -0.0 0.0 2.480714 98.010475 179.383957 -3.059285 3.671706 -2.733205 2.036623 -0.465769 -0.052284 -0.00415 -2.680115 -5.302136 1.7031 -5.043495 14.602069 3.14286 1.408112 2.145203 -0.988075 -0.611691 -3.555421 -3.172381 -0.616026 -11.516091 7.7e-05 -2.2e-05 6e-06 0.002189 -0.002488 0.010475 0.704171 -3.744468 -10.598808 -0.700333 3.739636 -10.589797 -16.013212 -11.05823 18.38916 -39.203903 -15.358738 17.730728 0.980846 -43.691322 -0.682122 1.448233 -1.861494 -21.428551 -5.882112 9.861291 0.70259 -10.936873 -0.360572 7.156204 -2e-06 8.774826 -2e-06 -15.690056 18.171133 6.107252 -1.844033 2.498505 -2.507278 -10.163604 4.678949 4.621108 -20.97603 3e-06 -3e-06 -21.226297 2.451699 -3.594005 1e-06 -6e-06 -2e-06 -1.362683 2.240798 -0.746324 -21.334919 0.584913 3.008321 -13.821215 1e-06 -2e-06 -23.887178 -0.249078 -0.839491 -60.095913 2.385796 -1.386216 -0.294024 1.679688 0.833256 -14.218212 0.093218 1.300578 -34.212059 -0.287559 0.967161 -20.033218 0.964537 1.212838 1e-06 0.0 -1e-06 -3.440389 0.788235 0.501657 -15.928189 -3.167307 2.999705 -6.338827 -0.0 -0.0 -18.123453 3.648185 -4.905677 -3e-06 2e-06 -2e-06 20.169914 6.513544 20.29336 48.521626 4.899301 28.586027 -0.02662 32.058819 0.093836 2.643448 -3.863045 -17.540911 2.243544 -5.255039 -3.180161 14.282896 -0.826599 6.952507 0.0 -12.69061 0.0 16.192623 -17.92482 2.533219 1.665667 -1.955922 -2.8783 4.727801 -4.17059 4.993927 11.020531 0.0 -3e-06 12.109058 -3.735719 -2.866785 1e-06 -0.0 -0.0 1.291986 -1.92855 -1.498091 14.800132 0.567465 3.865609 14.242577 -1.341739 -6.660664 19.631973 0.143925 -0.648249 49.695038 -0.517841 -6.485808 0.35303 -1.511151 -0.03194 20.222801 3.684307 2.316631 18.787277 0.0 -4e-06 10.751633 -0.479871 1.397905 -1e-06 -0.0 0.0 3.273808 0.305946 -0.580112 21.486818 11.830376 2.266131 8.16293 -0.0 -0.0 18.399094 -3.798988 -4.94058 3e-06 0.0 -1e-06 14.897478 5.886493 6.262281 -0.067148 -1.077651 47.725376 -6.585533 -3.852977 20.4608 1.825882 -1.771628 -10.229673 0.0 -0.0 2e-06 2.6041 -11.127035 -17.483742 0.125622 -0.167208 18.668053 0.091433 -4.554442 1.758777 -1.430676 0.922792 -0.051395 0.0 -0.0 -1e-06 
0.0 0.0 0.0 0.0 -0.0 0.0 1.768808 98.419487 183.316025 -3.615968 3.560601 -3.51637 2.678953 -0.311 0.46151 0.044303 -2.216773 -5.070408 1.597378 -4.684988 14.672498 2.802643 1.492851 2.033127 -0.973495 -0.948277 -3.525871 -3.133471 -0.772711 -12.17954 7.7e-05 -2.2e-05 6e-06 -0.003193 -0.0338 0.01592 0.697802 -3.775408 -10.58356 -0.706499 3.707261 -10.567171 -16.576393 -10.028671 18.57196 -41.313824 -14.591149 18.824348 0.727968 -41.755058 -0.612833 1.002624 -1.862269 -21.309484 -5.88211 9.861291 0.70259 -10.936878 -0.360575 7.156206 1e-06 8.774831 1e-06 -15.811284 18.120955 6.054043 -1.844034 2.498504 -2.507277 -10.163606 4.678947 4.621109 -20.97604 -7e-06 -2e-06 -21.226305 2.451694 -3.594004 1e-06 -8e-06 0.0 -1.362683 2.240801 -0.746324 -21.334929 0.584907 3.00832 -13.821223 -5e-06 -2e-06 -23.887188 -0.249084 -0.839487 -60.158314 2.457938 -1.372294 -0.294025 1.679688 0.833258 -14.218217 0.093214 1.300577 -34.212074 -0.287569 0.967165 -20.033226 0.964533 1.212842 -0.0 -1e-06 1e-06 -3.440391 0.788234 0.501656 -15.928196 -3.167312 2.999703 -6.33883 -2e-06 -2e-06 -18.123461 3.648181 -4.905675 -3e-06 1e-06 -2e-06 19.686275 7.222121 20.33193 47.018295 5.931821 29.396992 -0.018724 32.634861 -0.017903 2.67474 -3.463212 -18.018156 2.243542 -5.255038 -3.180159 14.282898 -0.826592 6.952506 -7e-06 -12.690609 1e-06 16.233425 -17.717545 2.495072 1.665667 -1.955922 -2.878301 4.7278 -4.170588 4.993927 11.020534 6e-06 -0.0 12.109058 -3.735714 -2.866785 1e-06 0.0 0.0 1.291986 -1.92855 -1.498089 14.800138 0.567471 3.86561 14.242582 -1.341732 -6.660662 19.631983 0.143931 -0.648243 49.621986 -0.528593 -6.387064 0.353029 -1.511151 -0.031942 20.222807 3.684316 2.31663 18.787287 9e-06 1e-06 10.751637 -0.479865 1.397908 1e-06 2e-06 -0.0 3.273809 0.305948 -0.580114 21.486832 11.830385 2.266133 8.162933 4e-06 -1e-06 18.399094 -3.798982 -4.940576 2e-06 -0.0 -2e-06 15.711255 6.361931 1.107748 -0.087095 -1.024669 56.691772 -5.283577 -1.218313 19.903086 1.805766 -1.95428 -4.478348 0.0 0.0 2e-06 3.241772 -10.699642 -13.425282 0.012841 -0.16743 17.617052 -0.138532 -4.669604 -0.745045 -1.42577 0.970425 0.024581 0.0 1e-06 -1e-06 
0.0 0.0 0.0 0.0 -0.0 0.0 1.249635 98.901222 187.155731 -3.51193 3.018981 -4.11022 2.994381 -0.132442 0.865104 0.001601 -1.702101 -4.863749 1.199235 -4.192777 14.832062 2.481988 1.621213 2.174237 -1.00413 -1.154616 -3.463784 -3.179643 -0.845381 -12.661542 7.7e-05 -2.2e-05 6e-06 -0.010822 -0.081028 0.024886 0.684153 -3.819523 -10.561321 -0.709698 3.658345 -10.546947 -17.128372 -8.905905 18.847616 -43.384453 -13.903963 19.787308 0.403053 -38.917473 -0.395347 0.687445 -1.661323 -21.109056 -5.882114 9.861297 0.702591 -10.936885 -0.360577 7.156208 1e-06 8.774835 -2e-06 -15.872588 18.116867 6.042 -1.844035 2.498507 -2.50728 -10.163613 4.678951 4.62111 -20.976053 -6e-06 -3e-06 -21.226316 2.451696 -3.594007 -0.0 -6e-06 -1e-06 -1.362683 2.2408 -0.746325 -21.334942 0.584908 3.008322 -13.821234 -4e-06 -2e-06 -23.887205 -0.249086 -0.839489 -60.156742 2.554046 -1.40107 -0.294025 1.679689 0.833256 -14.218229 0.093213 1.300578 -34.212097 -0.28757 0.967165 -20.033243 0.964533 1.212844 0.0 -1e-06 2e-06 -3.440393 0.788235 0.501656 -15.928209 -3.167315 2.999706 -6.338837 -2e-06 -1e-06 -18.123474 3.648182 -4.90568 -3e-06 0.0 -1e-06 19.149366 7.927276 20.373615 45.276329 7.485832 29.635689 0.115876 33.031815 -0.016713 2.047436 -3.416803 -18.249475 2.243544 -5.255042 -3.180159 14.282902 -0.826597 6.952508 -1e-06 -12.690618 1e-06 16.285881 -17.512989 2.438236 1.665667 -1.955923 -2.878302 4.727803 -4.170593 4.993927 11.020535 1e-06 0.0 12.10906 -3.735721 -2.866788 -0.0 1e-06 -1e-06 1.291987 -1.928552 -1.49809 14.800139 0.567466 3.865609 14.242585 -1.34174 -6.660664 19.631985 0.143927 -0.648248 49.517544 -0.550047 -6.354314 0.353029 -1.511153 -0.03194 20.222803 3.684311 2.316632 18.787285 1e-06 -1e-06 10.751634 -0.479869 1.397905 1e-06 1e-06 0.0 3.273809 0.305947 -0.580113 21.486828 11.830386 2.266134 8.162935 -1e-06 -1e-06 18.399099 -3.798992 -4.940581 3e-06 -1e-06 -1e-06 15.244945 7.288295 -3.629805 -0.157071 -0.776674 62.326946 -4.276258 -0.105161 14.708858 1.79598 -1.950867 -3.855581 0.0 -0.0 3e-06 3.110024 -10.039645 -9.175092 -0.052099 -0.177622 15.790976 -0.102135 -4.739157 -2.624912 -1.417923 1.008761 0.169988 -0.0 0.0 -1e-06 
0.0 0.0 0.0 0.0 -0.0 0.0 0.867945 99.424927 190.943008 -2.951358 2.236034 -4.520613 3.097171 0.053821 1.272886 -0.092767 -1.164209 -4.693345 0.58914 -3.644915 14.828379 2.084534 1.823756 2.589067 -1.07803 -1.219181 -3.414154 -3.232599 -0.986556 -12.643757 7.7e-05 -2.2e-05 6e-06 -0.012521 -0.097263 0.028167 0.67334 -3.83305 -10.551464 -0.703916 3.639415 -10.54413 -17.412086 -7.849799 19.201651 -45.639816 -13.007331 20.640936 0.033725 -35.724289 -0.157333 -0.015362 -0.925035 -20.680994 -5.88211 9.861292 0.702592 -10.93688 -0.360575 7.156208 0.0 8.774831 1e-06 -15.941976 18.033674 6.020978 -1.844035 2.498505 -2.507279 -10.163607 4.678948 4.621111 -20.97604 -5e-06 -2e-06 -21.226303 2.451696 -3.594005 1e-06 -6e-06 -0.0 -1.362682 2.240799 -0.746324 -21.33493 0.584909 3.008323 -13.821223 -4e-06 1e-06 -23.88719 -0.249083 -0.839486 -60.162739 2.602672 -1.420634 -0.294025 1.679689 0.833257 -14.218221 0.093214 1.30058 -34.212074 -0.287568 0.967167 -20.03323 0.964536 1.212841 0.0 -1e-06 -1e-06 -3.440391 0.788235 0.501656 -15.928196 -3.16731 2.999708 -6.33883 -1e-06 0.0 -18.123461 3.648183 -4.905675 -3e-06 0.0 -2e-06 18.256479 8.713659 20.369137 43.795303 9.133704 29.300104 0.186871 33.71302 0.06338 1.37534 -3.653678 -18.847481 2.243545 -5.255042 -3.180161 14.282908 -0.826598 6.952512 -1e-06 -12.690618 0.0 16.323069 -17.429714 2.407362 1.665668 -1.955924 -2.878303 4.727805 -4.170592 4.99393 11.02054 2e-06 -1e-06 12.109066 -3.73572 -2.866787 0.0 -1e-06 -0.0 1.291987 -1.928551 -1.49809 14.800144 0.567467 3.865611 14.242588 -1.341737 -6.660666 19.631989 0.143924 -0.648247 49.458294 -0.61179 -6.39968 0.353029 -1.511153 -0.031941 20.222815 3.684311 2.316632 18.787296 3e-06 -1e-06 10.75164 -0.47987 1.397907 -0.0 1e-06 -0.0 3.27381 0.305947 -0.580111 21.486835 11.830384 2.266133 8.162937 1e-06 -1e-06 18.399107 -3.79899 -4.940581 3e-06 0.0 -1e-06 13.671326 8.454453 -8.254697 -0.181268 -0.500487 64.833519 -3.921694 0.287657 9.846182 1.765615 -1.914611 -3.966842 0.0 0.0 4e-06 2.481403 -9.237371 -4.865319 -0.056181 -0.181125 13.113191 -0.000937 -4.791024 -3.520461 -1.410976 1.026009 0.277908 -0.0 0.0 -1e-06 
0.0 0.0 0.0 0.0 -0.0 0.0 0.584686 99.823433 194.676926 -2.244339 1.339386 -4.707215 3.109272 0.224115 1.687349 -0.165612 -0.616483 -4.543067 -0.083693 -3.056253 14.648727 1.457043 2.044049 2.936835 -1.13797 -1.250385 -3.401842 -3.224209 -1.150115 -12.245731 7.7e-05 -2.3e-05 6e-06 -0.010681 -0.08916 0.027484 0.666968 -3.823643 -10.553333 -0.695524 3.643975 -10.555157 -17.658026 -6.85483 19.594856 -47.482731 -11.712483 21.859354 -0.108112 -33.27388 -0.077904 -1.484126 0.092654 -20.175951 -5.88211 9.861289 0.70259 -10.936878 -0.360575 7.156209 0.0 8.774828 1e-06 -16.121462 17.928326 5.985965 -1.844033 2.498505 -2.507279 -10.163607 4.678948 4.621111 -20.97604 -4e-06 1e-06 -21.226301 2.451698 -3.594002 2e-06 -6e-06 -1e-06 -1.362683 2.240799 -0.746324 -21.334929 0.58491 3.008324 -13.821221 -3e-06 2e-06 -23.887182 -0.249082 -0.839484 -60.31012 2.614148 -1.428424 -0.294025 1.679688 0.833256 -14.218219 0.093214 1.30058 -34.212074 -0.287565 0.967169 -20.03323 0.964536 1.212843 -0.0 -1e-06 0.0 -3.440391 0.788234 0.501654 -15.928196 -3.167312 2.999707 -6.33883 -2e-06 -1e-06 -18.123459 3.648183 -4.905674 -2e-06 0.0 -1e-06 17.197659 9.585643 20.214436 42.423878 10.363012 28.350426 0.032057 35.045891 0.138604 0.925524 -3.652823 -19.992525 2.243541 -5.255037 -3.180157 14.282896 -0.826595 6.952503 -3e-06 -12.690607 -0.0 16.339928 -17.472704 2.43536 1.665666 -1.955921 -2.878299 4.7278 -4.170588 4.993925 11.020529 4e-06 -2e-06 12.109055 -3.735716 -2.866783 0.0 0.0 0.0 1.291985 -1.928549 -1.498089 14.800132 0.567469 3.86561 14.242576 -1.341736 -6.660655 19.631971 0.143926 -0.648242 49.509804 -0.695975 -6.448417 0.353029 -1.511151 -0.031937 20.222797 3.684311 2.316631 18.787279 6e-06 1e-06 10.751631 -0.479867 1.397905 -1e-06 2e-06 -1e-06 3.273808 0.305948 -0.580111 21.48682 11.830379 2.266135 8.16293 3e-06 -2e-06 18.399088 -3.798986 -4.940577 3e-06 1e-06 -2e-06 11.526687 9.736965 -12.808541 -0.135479 -0.236911 64.574646 -4.389225 -0.104643 6.26526 1.725694 -1.875513 -4.119881 0.0 -0.0 2e-06 1.661719 -8.522408 -0.781426 -0.034326 -0.177059 10.264635 0.151213 -4.628299 -4.184466 -1.407026 0.98408 0.295453 -0.0 -0.0 -1e-06 
0.0 0.0 0.0 0.0 -0.0 0.0 0.36208 99.977112 198.32309 -1.657995 0.434434 -4.587982 3.105731 0.341226 1.987825 -0.201381 -0.047601 -4.41131 -0.665235 -2.473715 14.484629 0.66728 2.310178 2.881389 -1.18278 -1.351978 -3.435083 -3.190701 -1.269005 -11.756397 7.7e-05 -2.2e-05 6e-06 -0.008861 -0.082844 0.023871 0.662281 -3.815464 -10.554534 -0.688997 3.645586 -10.56543 -18.194427 -5.843666 19.878662 -48.463875 -9.870527 23.213112 -0.058908 -32.364567 -0.116263 -3.15504 0.928325 -19.732086 -5.882107 9.861286 0.702589 -10.936872 -0.360575 7.156206 -1e-06 8.774826 -3e-06 -16.31612 17.882557 6.005492 -1.844033 2.498504 -2.507276 -10.1636 4.678945 4.621106 -20.976023 -2e-06 3e-06 -21.226286 2.451697 -3.594001 2e-06 -5e-06 -0.0 -1.362682 2.240798 -0.746323 -21.334915 0.58491 3.008322 -13.821215 -2e-06 2e-06 -23.887171 -0.249079 -0.839483 -60.581913 2.616948 -1.33695 -0.294025 1.679687 0.833256 -14.21821 0.093214 1.300579 -34.212051 -0.287565 0.967169 -20.033215 0.964536 1.212841 -0.0 -1e-06 -1e-06 -3.440389 0.788234 0.501656 -15.928187 -3.16731 2.999707 -6.338827 -1e-06 1e-06 -18.123449 3.648183 -4.905671 -4e-06 1e-06 -1e-06 16.422331 10.490146 19.959652 40.672443 11.091068 26.516235 -0.243713 36.937084 0.18326 0.50982 -3.403068 -21.312731 2.243543 -5.255038 -3.180157 14.282894 -0.826595 6.952503 -2e-06 -12.690607 2e-06 16.330992 -17.535456 2.504265 1.665666 -1.955922 -2.878299 4.727799 -4.170589 4.993925 11.020528 2e-06 -2e-06 12.109055 -3.735717 -2.866785 -0.0 0.0 -0.0 1.291987 -1.92855 -1.49809 14.800131 0.567468 3.865607 14.242576 -1.341736 -6.660661 19.631969 0.143926 -0.648246 49.615276 -0.711948 -6.42397 0.353029 -1.51115 -0.031939 20.222794 3.684308 2.316629 18.787273 4e-06 -3e-06 10.751631 -0.479869 1.397903 -1e-06 1e-06 -1e-06 3.273807 0.305947 -0.580113 21.486816 11.830376 2.266131 8.162928 2e-06 -2e-06 18.399084 -3.798988 -4.940578 5e-06 -0.0 -2e-06 9.337041 10.971537 -17.276163 -0.027569 0.009579 61.569736 -5.634085 -1.202994 4.22484 1.706354 -1.843498 -4.207017 -0.0 0.0 3e-06 0.918855 -8.147147 2.640772 -0.01376 -0.152641 7.909351 0.300917 -4.210652 -4.976672 -1.408634 0.912865 0.263133 -0.0 -0.0 -1e-06 
0.0 0.0 0.0 0.0 -0.0 0.0 0.194833 99.878487 201.876587 -1.295098 -0.42053 -4.217459 3.119347 0.387952 2.159346 -0.224999 0.532697 -4.330137 -1.086979 -1.915619 14.426502 -0.114763 2.593219 2.477055 -1.217632 -1.4128 -3.483351 -3.192537 -1.435816 -11.472587 7.7e-05 -2.2e-05 6e-06 -0.007603 -0.084151 0.027639 0.656683 -3.81393 -10.539292 -0.682858 3.639217 -10.558652 -18.989386 -4.776305 20.009272 -48.789028 -7.768299 24.134249 0.033369 -32.623772 -0.157919 -4.177788 1.266234 -19.982225 -5.882107 9.861286 0.70259 -10.936872 -0.360574 7.156208 -1e-06 8.774827 0.0 -16.375475 17.88751 6.063962 -1.844032 2.498505 -2.507277 -10.163601 4.678946 4.621109 -20.976023 -2e-06 1e-06 -21.226286 2.451698 -3.594001 -1e-06 -6e-06 0.0 -1.362682 2.240798 -0.746325 -21.334917 0.584911 3.008323 -13.821215 -1e-06 2e-06 -23.887171 -0.249076 -0.839483 -60.777729 2.604952 -1.167508 -0.294025 1.679687 0.833256 -14.21821 0.093216 1.300581 -34.212051 -0.287562 0.96717 -20.033216 0.964537 1.212844 1e-06 -1e-06 -0.0 -3.440389 0.788234 0.501656 -15.928187 -3.167308 2.999709 -6.338828 -1e-06 2e-06 -18.123449 3.648183 -4.905673 -4e-06 1e-06 -2e-06 15.983797 11.34441 19.734533 38.682312 11.638125 23.827579 -0.455915 38.659477 0.168302 -0.012852 -3.240233 -22.492928 2.243541 -5.255037 -3.180156 14.282885 -0.826594 6.952497 -2e-06 -12.690601 0.0 16.300751 -17.565161 2.565066 1.665666 -1.955921 -2.878299 4.727797 -4.170587 4.993925 11.020522 3e-06 -3e-06 12.109048 -3.735715 -2.866786 0.0 0.0 -0.0 1.291985 -1.928547 -1.498089 14.800122 0.567468 3.865604 14.242568 -1.341734 -6.66066 19.631962 0.143928 -0.648245 49.68465 -0.676184 -6.311324 0.353028 -1.51115 -0.031942 20.222786 3.68431 2.316628 18.787266 7e-06 -2e-06 10.751625 -0.479868 1.397904 0.0 2e-06 -1e-06 3.273806 0.305948 -0.58011 21.486805 11.830373 2.266129 8.162923 2e-06 -2e-06 18.399078 -3.798983 -4.940576 3e-06 0.0 -1e-06 7.426848 11.90739 -21.233873 0.096303 0.171834 55.87429 -7.139797 -2.139669 3.776294 1.713158 -1.836681 -4.233666 -0.0 0.0 3e-06 0.332962 -8.117902 5.332875 -0.018008 -0.099706 6.326634 0.521128 -3.605249 -6.187124 -1.415816 0.872334 0.288067 0.0 -0.0 -1e-06 
0.0 0.0 0.0 0.0 -0.0 0.0 0.104772 99.598267 205.364609 -1.075086 -1.239059 -3.677067 3.117301 0.369981 2.20057 -0.258129 1.106034 -4.321 -1.389614 -1.361125 14.45477 -0.81447 2.83004 1.999263 -1.233938 -1.412687 -3.510313 -3.239928 -1.663413 -11.40891 7.7e-05 -2.2e-05 6e-06 -0.005489 -0.069616 0.041617 0.645799 -3.798459 -10.517083 -0.669603 3.651914 -10.547329 -19.817564 -3.70576 20.07678 -48.911541 -5.795558 24.757658 0.165731 -33.15477 -0.199166 -4.64172 1.23243 -20.924007 -5.882111 9.861296 0.70259 -10.936877 -0.360575 7.156211 -1e-06 8.774833 -1e-06 -16.308708 17.905022 6.134104 -1.844034 2.498507 -2.507279 -10.163607 4.67895 4.62111 -20.976038 -1e-06 1e-06 -21.226301 2.451701 -3.594007 -1e-06 -6e-06 0.0 -1.362682 2.2408 -0.746325 -21.334929 0.584911 3.008325 -13.82122 -1e-06 0.0 -23.887184 -0.249078 -0.839485 -60.875107 2.573184 -1.029163 -0.294025 1.679689 0.833256 -14.218219 0.093216 1.300581 -34.212074 -0.287563 0.96717 -20.033226 0.964537 1.212843 -1e-06 -1e-06 -0.0 -3.44039 0.788234 0.501655 -15.928196 -3.167312 2.99971 -6.338831 -1e-06 2e-06 -18.123461 3.648187 -4.905677 -5e-06 1e-06 -3e-06 15.682681 12.129928 19.606628 36.831909 12.238278 20.584307 -0.525733 39.703495 0.133151 -0.673272 -3.290689 -23.488495 2.243543 -5.255041 -3.180158 14.282896 -0.826599 6.952507 1e-06 -12.690612 -1e-06 16.256351 -17.571032 2.589511 1.665667 -1.955924 -2.878298 4.727801 -4.170593 4.993924 11.02053 -0.0 -4e-06 12.109058 -3.735722 -2.866788 -0.0 0.0 -0.0 1.291987 -1.928551 -1.49809 14.800136 0.567465 3.865608 14.242581 -1.341742 -6.660663 19.631977 0.143921 -0.648249 49.664402 -0.633016 -6.198253 0.353029 -1.511153 -0.03194 20.222801 3.684308 2.316628 18.787283 0.0 -3e-06 10.751633 -0.479871 1.397905 1e-06 2e-06 -1e-06 3.273808 0.305947 -0.580111 21.486818 11.83038 2.266131 8.16293 1e-06 -3e-06 18.399094 -3.79899 -4.940584 3e-06 0.0 0.0 5.799004 12.462765 -24.304132 0.175047 0.225656 47.608109 -8.266749 -2.160951 4.566034 1.733654 -1.87353 -4.204815 0.0 0.0 3e-06 -0.235037 -8.384205 7.523485 -0.046367 -0.002075 5.431879 0.853742 -2.707531 -7.650881 -1.424531 0.87057 0.386781 -0.0 -0.0 -1e-06 
0.0 0.0 0.0 0.0 -0.0 0.0 0.098166 99.208359 208.971924 -0.9658 -2.052528 -3.033801 3.100959 0.327852 2.091442 -0.30076 1.573928 -4.373731 -1.601691 -0.747821 14.496595 -1.366432 3.028069 1.646323 -1.236912 -1.41774 -3.516915 -3.283385 -1.870528 -11.388786 7.7e-05 -2.2e-05 6e-06 -0.00312 -0.049695 0.060599 0.642246 -3.781583 -10.515357 -0.662745 3.675269 -10.550062 -20.44569 -2.738606 20.109741 -49.166622 -4.077826 25.196156 0.193472 -33.46513 -0.210071 -4.837936 1.088361 -21.90204 -5.88211 9.861288 0.70259 -10.936878 -0.360575 7.156209 1e-06 8.77483 1e-06 -16.120293 17.917843 6.242672 -1.844034 2.498505 -2.507279 -10.163606 4.678946 4.621109 -20.976038 -6e-06 0.0 -21.226301 2.451694 -3.594003 -1e-06 -7e-06 -0.0 -1.362683 2.240798 -0.746323 -21.334929 0.584908 3.008321 -13.821221 -4e-06 0.0 -23.887184 -0.249083 -0.839484 -60.901669 2.5426 -0.965077 -0.294025 1.679688 0.833257 -14.218217 0.093214 1.300579 -34.212074 -0.28757 0.967167 -20.033222 0.964533 1.212844 -1e-06 0.0 -0.0 -3.440391 0.788233 0.501654 -15.928198 -3.167312 2.999705 -6.338831 -2e-06 1e-06 -18.123459 3.648179 -4.905672 -4e-06 1e-06 -2e-06 15.351605 12.845066 19.483442 35.46125 12.822621 17.286146 -0.463653 40.050781 0.114619 -1.349222 -3.461018 -24.093273 2.243543 -5.255037 -3.18016 14.282896 -0.826595 6.952501 -3e-06 -12.69061 -1e-06 16.222801 -17.554874 2.590275 1.665667 -1.955922 -2.878301 4.727799 -4.170589 4.993923 11.02053 3e-06 -4e-06 12.109057 -3.735715 -2.866786 -0.0 -0.0 -0.0 1.291985 -1.928549 -1.498087 14.800132 0.567468 3.865605 14.242577 -1.341735 -6.660661 19.631973 0.143927 -0.648246 49.597622 -0.598604 -6.130116 0.353028 -1.511151 -0.03194 20.222797 3.684312 2.316626 18.787279 6e-06 -3e-06 10.75163 -0.479868 1.397906 0.0 1e-06 -1e-06 3.273808 0.305948 -0.58011 21.48682 11.830379 2.266131 8.16293 3e-06 -2e-06 18.399088 -3.798984 -4.940578 2e-06 0.0 -1e-06 4.501211 12.775839 -26.079317 0.189043 0.244362 36.929661 -8.832797 -1.293409 6.149647 1.748371 -1.915012 -3.947598 0.0 -0.0 2e-06 -0.862876 -8.850979 9.619836 -0.08027 0.108297 4.589689 1.289698 -1.484122 -8.924819 -1.430002 0.904689 0.406529 -0.0 -0.0 -1e-06 
0.0 0.0 0.0 0.0 -0.0 0.0 0.180409 98.76152 212.911179 -0.994322 -2.906881 -2.366693 3.114088 0.322063 1.836877 -0.330403 1.871483 -4.457205 -1.726567 -0.097958 14.464671 -1.7901 3.214105 1.431548 -1.238611 -1.481478 -3.530768 -3.235803 -1.8977 -11.220644 7.7e-05 -2.3e-05 6e-06 0.000432 -0.053823 0.074241 0.653558 -3.792838 -10.548426 -0.667961 3.678355 -10.571462 -20.806673 -1.866055 20.10347 -49.658089 -2.593725 25.72266 0.118425 -33.357227 -0.234819 -5.108247 0.981786 -22.278826 -5.882111 9.861297 0.70259 -10.936878 -0.360573 7.15621 -2e-06 8.774832 -1e-06 -15.912693 17.932146 6.41146 -1.844034 2.498507 -2.507279 -10.163605 4.67895 4.621111 -20.976036 -0.0 -1e-06 -21.226307 2.451701 -3.594007 -2e-06 -7e-06 0.0 -1.362683 2.2408 -0.746323 -21.334929 0.584912 3.008326 -13.821221 -1e-06 0.0 -23.887184 -0.249075 -0.839487 -60.95467 2.53332 -0.8738 -0.294025 1.679689 0.833257 -14.218218 0.093216 1.300579 -34.21207 -0.287561 0.967168 -20.033222 0.964539 1.212842 -1e-06 0.0 0.0 -3.440391 0.788235 0.501656 -15.928196 -3.167311 2.999709 -6.338831 -0.0 2e-06 -18.123459 3.648188 -4.905676 -4e-06 -0.0 -2e-06 14.964448 13.477955 19.29092 34.602539 13.24364 14.445535 -0.406869 40.086399 0.090647 -1.814133 -3.631121 -24.32885 2.243545 -5.255042 -3.18016 14.282902 -0.8266 6.952506 1e-06 -12.690615 1e-06 16.189285 -17.476999 2.597107 1.665668 -1.955922 -2.878299 4.727803 -4.170592 4.993927 11.020535 -1e-06 -2e-06 12.109062 -3.735722 -2.866786 -0.0 -0.0 -0.0 1.291988 -1.928552 -1.498089 14.800139 0.567464 3.865608 14.242584 -1.341741 -6.660663 19.631979 0.14392 -0.648249 49.523712 -0.554654 -6.104979 0.35303 -1.511152 -0.03194 20.222805 3.684307 2.31663 18.787287 -1e-06 -3e-06 10.751637 -0.479871 1.397903 1e-06 0.0 -0.0 3.273809 0.305946 -0.58011 21.486828 11.830379 2.26613 8.16293 -0.0 -4e-06 18.399101 -3.798991 -4.940585 2e-06 0.0 0.0 3.694083 12.763388 -26.269205 0.108004 0.240495 24.36161 -8.930333 -0.018654 7.5905 1.755134 -1.9011 -3.3508 -0.0 -0.0 2e-06 -1.610867 -9.32987 12.029198 -0.096023 0.165986 3.351387 1.920829 -0.057542 -9.501575 -1.434274 0.961036 0.009787 -0.0 -0.0 -1e-06 
0.0 0.0 0.0 0.0 -0.0 0.0 0.360131 98.313721 217.148804 -1.231146 -3.821353 -1.810698 3.199909 0.284119 1.4735 -0.338263 2.138036 -4.598955 -1.711936 0.380112 14.401525 -2.095455 3.354374 1.288707 -1.248381 -1.423169 -3.473897 -3.219019 -1.689333 -10.993414 7.7e-05 -2.2e-05 6e-06 0.01147 -0.006152 0.084629 0.674878 -3.755631 -10.58972 -0.667744 3.735279 -10.604385 -21.055151 -1.055376 20.164249 -50.295303 -1.241246 26.32369 -0.030037 -32.792164 -0.23541 -5.77797 0.920807 -21.831408 -5.882107 9.861285 0.70259 -10.936873 -0.360575 7.156205 -0.0 8.774824 -2e-06 -15.883689 17.991686 6.525466 -1.844032 2.498505 -2.507277 -10.163601 4.678946 4.621109 -20.976027 -2e-06 3e-06 -21.226288 2.451699 -3.594 -0.0 -7e-06 -0.0 -1.362682 2.240798 -0.746324 -21.334917 0.584911 3.008325 -13.821216 -2e-06 2e-06 -23.887175 -0.249077 -0.839482 -61.142174 2.48319 -0.710357 -0.294025 1.679687 0.833255 -14.218212 0.093215 1.300582 -34.212055 -0.287563 0.967174 -20.033216 0.964537 1.212845 -0.0 -0.0 -0.0 -3.440389 0.788234 0.501656 -15.928189 -3.16731 2.999709 -6.338825 -1e-06 2e-06 -18.123449 3.648183 -4.905668 -4e-06 -0.0 -2e-06 14.630632 14.040007 19.176708 34.049191 13.39964 12.09773 -0.295198 40.316555 0.232367 -2.081501 -3.681815 -24.378986 2.243545 -5.255041 -3.180161 14.282902 -0.826599 6.952507 -0.0 -12.690614 1e-06 16.156454 -17.442532 2.667346 1.665667 -1.955922 -2.878301 4.727802 -4.170591 4.993927 11.020535 1e-06 -1e-06 12.109061 -3.735719 -2.866787 0.0 0.0 -1e-06 1.291987 -1.92855 -1.49809 14.800139 0.567466 3.865611 14.242583 -1.341737 -6.660665 19.631983 0.143925 -0.648247 49.672871 -0.654599 -6.101191 0.353028 -1.51115 -0.03194 20.222803 3.684309 2.31663 18.787287 3e-06 -3e-06 10.751637 -0.479869 1.397907 1e-06 -1e-06 0.0 3.273808 0.305947 -0.580111 21.486826 11.83038 2.266131 8.162933 2e-06 -1e-06 18.399099 -3.798988 -4.94058 3e-06 0.0 -1e-06 3.678196 11.856163 -25.24807 -0.059478 0.086 11.840506 -8.897399 1.16348 7.20563 1.706692 -1.935214 -2.945105 0.0 0.0 2e-06 -2.392049 -9.777532 14.183672 -0.081677 0.076554 3.096809 2.613297 1.53815 -9.35448 -1.447008 0.892199 -0.962406 0.0 -0.0 -1e-06 
0.0 0.0 0.0 0.0 -0.0 0.0 0.750823 97.824829 221.488068 -1.463531 -4.862522 -1.338549 3.196319 0.274298 0.957078 -0.286666 2.412899 -4.787575 -1.574868 0.588212 14.418562 -2.522367 3.499895 1.092278 -1.202028 -1.225895 -3.516745 -3.147577 -1.418687 -10.639296 7.7e-05 -2.2e-05 6e-06 0.0077 -0.042302 0.077577 0.660727 -3.791355 -10.610542 -0.661466 3.698228 -10.616312 -21.552662 -0.407364 20.10972 -50.691593 0.105715 27.344934 -0.141066 -31.759369 -0.213057 -7.016877 0.745608 -21.138947 -5.882112 9.86129 0.702591 -10.936881 -0.360574 7.15621 1e-06 8.774829 -1e-06 -15.906299 18.149792 6.592345 -1.844035 2.498506 -2.507279 -10.16361 4.678948 4.621113 -20.976044 -4e-06 2e-06 -21.226307 2.451698 -3.594003 -0.0 -6e-06 -0.0 -1.362683 2.2408 -0.746323 -21.334932 0.58491 3.008325 -13.821226 -3e-06 1e-06 -23.887188 -0.249079 -0.839484 -61.30101 2.467598 -0.640785 -0.294025 1.679688 0.833257 -14.218221 0.093215 1.300581 -34.212082 -0.287565 0.96717 -20.033232 0.964537 1.212844 -0.0 1e-06 0.0 -3.440392 0.788234 0.501656 -15.928201 -3.167311 2.999707 -6.338831 -1e-06 1e-06 -18.123463 3.648186 -4.905675 -4e-06 1e-06 -3e-06 14.779681 14.377265 19.169685 33.257645 13.2842 10.66219 -0.462279 41.002663 0.236423 -1.930235 -3.416387 -24.909025 2.243541 -5.255035 -3.180157 14.282887 -0.826594 6.952503 -3e-06 -12.690605 1e-06 16.031837 -17.394779 2.766922 1.665666 -1.955921 -2.878299 4.727798 -4.170587 4.993923 11.020524 3e-06 -3e-06 12.109052 -3.735713 -2.866784 0.0 -0.0 -0.0 1.291986 -1.92855 -1.498089 14.800125 0.567469 3.865606 14.242569 -1.341734 -6.660659 19.631966 0.14393 -0.648245 49.75507 -0.603781 -6.059192 0.353029 -1.511148 -0.03194 20.222788 3.684311 2.316627 18.78727 7e-06 -2e-06 10.751624 -0.479868 1.397906 -1e-06 1e-06 -1e-06 3.273806 0.305947 -0.580111 21.486809 11.830378 2.266131 8.162926 1e-06 -1e-06 18.39908 -3.798983 -4.940573 4e-06 0.0 -1e-06 4.151799 10.105989 -24.008036 -0.083214 -0.049908 2.821877 -9.041382 2.118806 5.525627 1.662837 -2.011071 -3.285791 -0.0 -0.0 2e-06 -3.36165 -9.869826 16.283972 -0.068886 0.048824 3.250064 3.464281 3.066159 -8.559171 -1.431703 0.796082 -2.082144 -0.0 -0.0 -1e-06 
0.0 0.0 0.0 0.0 -0.0 0.0 1.327771 97.340408 225.829559 -1.276561 -5.877127 -0.984897 2.880761 0.394183 0.493041 -0.274115 2.637328 -4.983472 -1.521277 0.604409 14.453452 -2.779952 3.558282 0.726607 -1.118284 -1.01068 -3.543995 -3.068915 -1.020994 -10.412902 7.7e-05 -2.2e-05 6e-06 0.006946 -0.082348 0.070636 0.664569 -3.823286 -10.600796 -0.666562 3.649545 -10.601443 -22.185863 -0.088245 19.973452 -50.621754 1.258763 28.750469 -0.234495 -30.613365 -0.103774 -8.335464 0.634275 -20.205725 -5.88211 9.86129 0.702589 -10.936876 -0.360575 7.156207 -1e-06 8.774829 -2e-06 -15.795505 18.239182 6.734501 -1.844033 2.498506 -2.507277 -10.163604 4.678946 4.621108 -20.976032 -2e-06 2e-06 -21.226297 2.4517 -3.594002 1e-06 -5e-06 -0.0 -1.362682 2.240799 -0.746323 -21.334925 0.584911 3.008323 -13.82122 -3e-06 1e-06 -23.887182 -0.249078 -0.839485 -61.33532 2.47686 -0.577109 -0.294025 1.679688 0.833255 -14.218215 0.093215 1.300582 -34.212067 -0.287562 0.967169 -20.033218 0.964535 1.212842 0.0 0.0 0.0 -3.44039 0.788234 0.501655 -15.928192 -3.167311 2.999707 -6.338829 0.0 1e-06 -18.123457 3.648185 -4.905674 -5e-06 1e-06 -1e-06 15.32389 14.48735 19.243641 32.52626 12.873599 9.633513 -0.724596 42.035568 0.170305 -1.902968 -3.153625 -25.431709 2.243544 -5.255037 -3.180158 14.282896 -0.826595 6.952505 -2e-06 -12.690609 2e-06 16.02692 -17.430962 2.785447 1.665666 -1.95592 -2.878299 4.7278 -4.170589 4.993927 11.020531 3e-06 -2e-06 12.109058 -3.735717 -2.866783 0.0 -0.0 -0.0 1.291987 -1.92855 -1.498091 14.800132 0.567467 3.865608 14.242578 -1.341738 -6.660661 19.631973 0.143925 -0.648247 49.75724 -0.590606 -6.100746 0.353029 -1.51115 -0.031939 20.222797 3.684311 2.316629 18.787279 4e-06 -2e-06 10.751633 -0.479869 1.397905 -1e-06 -0.0 0.0 3.273808 0.305948 -0.58011 21.486822 11.830379 2.266132 8.16293 1e-06 -3e-06 18.399092 -3.798987 -4.940579 2e-06 1e-06 -2e-06 4.149735 8.347536 -23.728827 -0.016378 -0.112504 0.670732 -8.591387 2.625082 4.377132 1.66138 -2.047966 -3.626413 -0.0 0.0 2e-06 -4.851699 -9.585867 17.80871 -0.0651 0.105912 4.557415 4.272862 4.151049 -7.493434 -1.413873 0.737422 -3.661372 0.0 -0.0 -1e-06 
0.0 0.0 0.0 0.0 -0.0 0.0 2.076233 96.89756 230.276825 -0.130501 -6.723382 -0.69187 1.844164 0.500314 -0.088084 -0.325586 2.761276 -5.266057 -1.731811 0.596586 14.597799 -2.646932 3.496485 0.226801 -1.11261 -0.664646 -3.56075 -2.937277 -0.706112 -10.143742 7.7e-05 -2.2e-05 6e-06 0.016257 -0.087205 0.062932 0.686139 -3.828303 -10.61527 -0.668108 3.644954 -10.607827 -22.85429 -0.041814 19.7463 -50.185555 2.146645 30.247952 -0.326374 -29.369707 0.022846 -9.426253 0.725581 -19.146729 -5.882108 9.86129 0.702589 -10.936872 -0.360573 7.156208 -0.0 8.77483 -1e-06 -15.676623 18.419292 6.990593 -1.844033 2.498507 -2.507279 -10.1636 4.678949 4.62111 -20.976025 -1e-06 1e-06 -21.226286 2.451698 -3.594005 -0.0 -5e-06 -0.0 -1.362682 2.240799 -0.746325 -21.334917 0.584914 3.008325 -13.821218 0.0 2e-06 -23.887175 -0.249077 -0.839487 -61.330135 2.534693 -0.564281 -0.294025 1.679688 0.833256 -14.218211 0.093216 1.30058 -34.212051 -0.287558 0.967167 -20.033216 0.964538 1.212841 0.0 -0.0 -0.0 -3.440389 0.788234 0.501656 -15.928185 -3.167308 2.999708 -6.338827 2e-06 2e-06 -18.123451 3.648187 -4.905674 -5e-06 1e-06 -2e-06 16.243498 14.413112 19.27095 32.06398 12.191087 9.179578 -1.041103 43.068665 0.029536 -2.154247 -3.092853 -25.785397 2.243543 -5.25504 -3.180159 14.282896 -0.826599 6.952507 0.0 -12.690609 4e-06 16.050877 -17.443998 2.808448 1.665667 -1.955922 -2.878299 4.727801 -4.17059 4.993925 11.020528 2e-06 0.0 12.109056 -3.735717 -2.866785 -0.0 0.0 -0.0 1.291985 -1.92855 -1.498089 14.800136 0.567465 3.865609 14.242579 -1.341738 -6.660658 19.631975 0.143924 -0.648245 49.862923 -0.646204 -6.139648 0.353029 -1.511151 -0.03194 20.222797 3.684307 2.31663 18.787281 2e-06 -0.0 10.751631 -0.479869 1.397906 -0.0 1e-06 -1e-06 3.273808 0.305946 -0.580111 21.486818 11.830376 2.266131 8.16293 -2e-06 -2e-06 18.399092 -3.798989 -4.940581 2e-06 1e-06 -1e-06 2.913019 6.74653 -23.494968 -0.00865 -0.184631 2.782723 -6.872377 2.564533 5.66531 1.721953 -2.089888 -3.969984 0.0 0.0 5e-06 -7.440654 -9.168933 18.247276 -0.047516 0.272761 7.921104 5.044141 4.83487 -6.220735 -1.4156 0.745289 -6.157076 -0.0 0.0 -1e-06 
0.0 0.0 0.0 0.0 -0.0 0.0 2.887613 96.660271 234.87825 1.984598 -7.435023 -0.528454 0.221446 0.533152 -0.722285 -0.478094 2.937335 -5.564415 -2.377888 0.617036 14.836409 -2.148544 3.301715 -0.270197 -0.888283 -0.26884 -3.608783 -2.958304 -0.344442 -10.065871 7.7e-05 -2.2e-05 6e-06 0.025512 -0.099596 0.050049 0.698005 -3.833459 -10.602663 -0.661519 3.626279 -10.597178 -23.422405 -0.261931 19.46068 -49.532497 2.552899 31.723143 -0.271157 -27.946196 0.070346 -10.013176 0.741152 -18.542458 -5.882111 9.86129 0.702591 -10.93688 -0.360575 7.156211 1e-06 8.77483 -0.0 -15.445173 18.175688 7.141615 -1.844034 2.498505 -2.507281 -10.16361 4.678948 4.621113 -20.976044 -4e-06 4e-06 -21.226305 2.451697 -3.594001 1e-06 -5e-06 0.0 -1.362682 2.240798 -0.746325 -21.334934 0.58491 3.008326 -13.821228 -2e-06 3e-06 -23.887196 -0.24908 -0.839481 -61.224674 2.453313 -0.452721 -0.294024 1.679688 0.833255 -14.218224 0.093215 1.300584 -34.212082 -0.287564 0.967175 -20.033232 0.964536 1.212847 0.0 -1e-06 -0.0 -3.440392 0.788234 0.501656 -15.928201 -3.167311 2.99971 -6.338832 -1e-06 2e-06 -18.123463 3.648184 -4.905673 -5e-06 -0.0 -2e-06 17.580935 14.088226 19.353815 31.995123 11.449937 8.854548 -1.025573 43.671421 0.067748 -2.662914 -3.161067 -26.021008 2.243542 -5.255036 -3.180157 14.282896 -0.826594 6.952503 -3e-06 -12.690608 0.0 16.124519 -17.350744 2.742844 1.665667 -1.955921 -2.878298 4.727801 -4.170591 4.993925 11.020529 3e-06 -1e-06 12.109056 -3.735717 -2.866785 1e-06 -1e-06 1e-06 1.291985 -1.928548 -1.498089 14.800132 0.567468 3.865608 14.242577 -1.341737 -6.660657 19.631969 0.143926 -0.648244 49.937691 -0.64099 -6.055655 0.353029 -1.511152 -0.03194 20.222801 3.684309 2.31663 18.787281 5e-06 -1e-06 10.751631 -0.47987 1.397904 -1e-06 -0.0 -2e-06 3.273808 0.305946 -0.580111 21.48682 11.830378 2.266133 8.162929 0.0 -2e-06 18.39909 -3.798985 -4.940575 2e-06 0.0 -2e-06 0.425029 5.543853 -24.191561 -0.027747 -0.183581 7.693701 -5.215492 2.368621 10.140406 1.78648 -2.008518 -3.483007 -0.0 0.0 2e-06 -11.137101 -8.80343 17.367811 -0.068735 0.472481 13.722838 5.599577 5.293249 -4.493806 -1.446009 0.776888 -10.969833 -0.0 0.0 -1e-06 
0.0 0.0 0.0 0.0 -0.0 0.0 3.70089 96.578178 239.450027 3.84392 -7.616277 -1.199066 -0.87018 0.524196 -0.755319 -0.740833 2.970017 -5.65505 -3.171288 0.71381 14.898133 -1.516717 3.088219 -0.073376 -0.902763 -0.434388 -3.562842 -2.727917 -0.058716 -11.066309 7.7e-05 -2.3e-05 6e-06 0.033401 -0.058278 0.050389 0.730804 -3.781438 -10.574441 -0.678614 3.65828 -10.566743 -22.985964 -0.774167 19.951031 -49.470177 1.622973 32.955048 -0.175128 -26.524214 0.077155 -10.259093 0.570476 -19.312281 -5.88211 9.861291 0.702591 -10.936881 -0.360576 7.156214 1e-06 8.774831 -2e-06 -15.519711 18.057833 6.980753 -1.844034 2.498506 -2.507279 -10.163607 4.678946 4.621113 -20.97604 -4e-06 5e-06 -21.226301 2.451698 -3.594 -0.0 -6e-06 -0.0 -1.362682 2.240799 -0.746324 -21.334934 0.584908 3.008328 -13.821226 -3e-06 3e-06 -23.887192 -0.249079 -0.83948 -61.001419 2.313678 -0.507382 -0.294025 1.679688 0.833256 -14.218221 0.093214 1.300584 -34.212082 -0.287566 0.967178 -20.03323 0.964536 1.212849 -0.0 -1e-06 -0.0 -3.440392 0.788234 0.501654 -15.928203 -3.167313 2.999712 -6.338832 -1e-06 2e-06 -18.123463 3.648182 -4.905671 -5e-06 -0.0 -1e-06 17.700832 13.252243 19.477348 34.239117 11.218237 8.754846 -0.9028 43.392929 0.267507 -3.506 -3.372244 -26.517424 2.243545 -5.25504 -3.18016 14.282901 -0.826596 6.952504 -3e-06 -12.690614 1e-06 16.122383 -17.300249 2.767119 1.665669 -1.955922 -2.878303 4.727801 -4.170592 4.993928 11.020536 5e-06 -4e-06 12.109062 -3.735717 -2.866786 0.0 -1e-06 -2e-06 1.291987 -1.928549 -1.498091 14.80014 0.567468 3.865608 14.242585 -1.341734 -6.660665 19.631985 0.143931 -0.648248 50.084621 -0.603048 -5.933866 0.353028 -1.511149 -0.03194 20.222805 3.684314 2.316627 18.787287 9e-06 -4e-06 10.751637 -0.479867 1.397906 -1e-06 1e-06 -1e-06 3.27381 0.305946 -0.580113 21.486832 11.830384 2.266129 8.162932 2e-06 -3e-06 18.399096 -3.798985 -4.940581 2e-06 0.0 -1e-06 -1.909381 4.954316 -24.216681 -0.056243 -0.307871 13.990868 -4.912086 1.987526 10.064713 1.728435 -2.000502 -1.889182 -0.0 0.0 2e-06 -14.490588 -8.770285 15.73978 -0.141433 0.795734 22.371845 4.895869 5.455744 -0.472933 -1.495776 0.796117 -17.784515 0.0 0.0 -2e-06 
0.0 0.0 0.0 0.0 -0.0 0.0 4.373183 96.702217 243.987564 5.391086 -7.344766 -2.38032 -1.708033 0.508701 -0.464558 -0.932583 2.854319 -5.442927 -3.939076 0.589846 14.725352 -1.085249 2.89874 0.809945 -0.962966 -0.485324 -3.520561 -2.492631 -0.101903 -11.925018 7.7e-05 -2.2e-05 6e-06 0.03957 -0.02545 0.060949 0.741215 -3.747888 -10.538286 -0.678736 3.689167 -10.545737 -21.921762 -1.570994 20.146288 -49.840984 0.404657 33.433121 -0.146569 -25.362734 0.010287 -10.139 0.604841 -19.534218 -5.882109 9.86129 0.70259 -10.936873 -0.360574 7.156206 0.0 8.774828 -1e-06 -15.556636 17.943571 6.710842 -1.844033 2.498506 -2.507279 -10.163601 4.678947 4.62111 -20.976027 -0.0 0.0 -21.226292 2.451698 -3.594006 -0.0 -7e-06 -0.0 -1.362682 2.240799 -0.746323 -21.334917 0.584912 3.008324 -13.821215 -1e-06 1e-06 -23.887175 -0.249079 -0.839486 -60.780613 2.348467 -0.884415 -0.294025 1.679688 0.833257 -14.218212 0.093217 1.30058 -34.212055 -0.287563 0.967169 -20.03322 0.964538 1.212842 -0.0 -1e-06 -0.0 -3.440389 0.788233 0.501655 -15.928189 -3.16731 2.999707 -6.338829 -1e-06 -0.0 -18.123453 3.648186 -4.905676 -5e-06 0.0 -2e-06 17.03956 12.480614 19.682974 38.007236 11.279216 9.447807 -0.594303 41.951675 0.366464 -4.019855 -3.362937 -26.821093 2.243544 -5.25504 -3.180159 14.282902 -0.8266 6.952509 0.0 -12.690614 2e-06 16.233295 -17.479214 2.769426 1.665668 -1.955924 -2.878301 4.727804 -4.170592 4.993928 11.020535 0.0 -1e-06 12.109062 -3.73572 -2.866786 0.0 -1e-06 -1e-06 1.291986 -1.928551 -1.49809 14.800139 0.567466 3.865612 14.242584 -1.341738 -6.660664 19.631983 0.143922 -0.648248 50.267731 -0.493709 -6.047565 0.353031 -1.511153 -0.03194 20.222805 3.684306 2.316631 18.787289 2e-06 -2e-06 10.751639 -0.479871 1.397905 -0.0 1e-06 0.0 3.273809 0.305946 -0.580112 21.486828 11.830379 2.266132 8.162934 -2e-06 -1e-06 18.399103 -3.798992 -4.940585 4e-06 -0.0 -1e-06 -4.209594 5.354492 -22.33676 -0.114515 -0.22149 18.401417 -3.829771 0.488612 6.534473 1.671038 -2.028996 -0.414247 0.0 -0.0 2e-06 -17.383778 -8.974108 12.545243 -0.047851 0.92168 33.971447 3.054643 4.689597 6.813679 -1.542177 0.745563 -22.479614 -0.0 0.0 -1e-06 
0.0 0.0 0.0 0.0 -0.0 0.0 4.92866 97.093048 248.423767 6.258836 -7.014539 -3.534343 -2.226853 0.38267 -0.176584 -1.035807 2.606464 -5.186986 -4.194243 0.427605 14.538017 -0.94722 2.847027 1.790438 -0.973746 -0.505983 -3.502537 -2.396374 -0.05444 -11.99517 7.7e-05 -2.2e-05 6e-06 0.044515 0.01802 0.078233 0.746343 -3.701791 -10.496721 -0.674559 3.731356 -10.507885 -21.54722 -2.328576 20.340588 -49.478893 -1.251236 33.031715 -0.247872 -24.642126 0.048938 -9.638064 0.728128 -20.061241 -5.882113 9.861293 0.702593 -10.936883 -0.360575 7.156215 -1e-06 8.774833 -1e-06 -15.818586 17.97381 6.505153 -1.844034 2.498506 -2.507279 -10.163611 4.678948 4.621115 -20.976046 -1e-06 3e-06 -21.226305 2.451697 -3.594001 1e-06 -6e-06 -0.0 -1.362683 2.240799 -0.746324 -21.334938 0.58491 3.008326 -13.821229 -1e-06 2e-06 -23.887196 -0.249077 -0.839484 -60.788918 2.330942 -1.092404 -0.294025 1.679688 0.833256 -14.218224 0.093215 1.300583 -34.212086 -0.287562 0.967173 -20.033239 0.964539 1.212846 -0.0 -2e-06 -0.0 -3.440392 0.788234 0.501658 -15.928206 -3.167311 2.999709 -6.338833 -2e-06 1e-06 -18.123466 3.648185 -4.905674 -5e-06 1e-06 -3e-06 16.642719 11.85637 19.864405 41.303646 11.187765 11.512792 -0.440321 39.949471 0.271144 -3.515132 -3.585539 -26.204746 2.243542 -5.25504 -3.180158 14.282895 -0.826595 6.952504 -2e-06 -12.690609 1e-06 16.403677 -17.576073 2.728138 1.665666 -1.95592 -2.878299 4.7278 -4.170587 4.993924 11.020529 3e-06 -2e-06 12.109055 -3.735716 -2.866783 0.0 0.0 -1e-06 1.291987 -1.928551 -1.498089 14.800132 0.567469 3.865607 14.242577 -1.341735 -6.660659 19.631975 0.143928 -0.648245 50.346199 -0.428156 -6.066242 0.353029 -1.51115 -0.031941 20.222797 3.684312 2.316631 18.787279 5e-06 1e-06 10.751633 -0.479867 1.397906 1e-06 1e-06 1e-06 3.273808 0.305948 -0.58011 21.48682 11.830376 2.266131 8.16293 0.0 -0.0 18.399088 -3.798985 -4.940576 4e-06 1e-06 -0.0 -5.658763 6.104803 -18.921165 -0.14226 -0.185474 19.833469 -2.838346 -0.83214 2.621865 1.66032 -2.025123 -0.326038 0.0 -0.0 2e-06 -19.304632 -9.61296 8.243226 0.028486 0.927328 45.850338 0.574251 2.838409 15.612938 -1.446501 0.742591 -16.448454 0.0 -0.0 -2e-06 
0.0 0.0 0.0 0.0 -0.0 0.0 5.414003 97.542282 252.693298 6.618502 -6.71349 -4.40017 -2.571727 0.254773 -0.021673 -1.059783 2.272265 -5.04341 -4.118705 0.064257 14.450724 -0.950791 2.958681 2.84358 -0.851862 -0.302165 -3.533264 -2.354482 0.098131 -11.788335 7.7e-05 -2.2e-05 6e-06 0.054911 0.091792 0.108072 0.75334 -3.631056 -10.484576 -0.660717 3.811711 -10.498701 -21.704653 -2.97406 20.372303 -48.361931 -3.280829 32.469574 -0.292915 -24.308064 0.047216 -8.740632 0.921768 -21.129667 -5.88211 9.86129 0.702591 -10.936877 -0.360575 7.156206 -0.0 8.774827 -2e-06 -16.193661 18.026569 6.287447 -1.844033 2.498505 -2.50728 -10.163606 4.678946 4.621109 -20.976038 -2e-06 3e-06 -21.226297 2.451701 -3.594001 1e-06 -6e-06 -0.0 -1.362682 2.240798 -0.746324 -21.334925 0.58491 3.008324 -13.82122 -2e-06 1e-06 -23.887182 -0.249078 -0.839484 -60.8731 2.29803 -1.100361 -0.294025 1.679688 0.833255 -14.218215 0.093216 1.300581 -34.212067 -0.287564 0.967169 -20.033226 0.964535 1.212843 -1e-06 -1e-06 -1e-06 -3.44039 0.788234 0.501656 -15.928194 -3.16731 2.999708 -6.338829 -1e-06 -1e-06 -18.123457 3.648185 -4.905672 -5e-06 1e-06 -2e-06 16.732414 11.326665 20.041481 43.668732 11.237522 15.177961 -0.379284 37.383106 0.098128 -2.086682 -3.951001 -24.151857 2.243542 -5.255037 -3.180157 14.282889 -0.826594 6.952496 -3e-06 -12.690605 -0.0 16.486429 -17.570921 2.706979 1.665666 -1.95592 -2.878299 4.727797 -4.170588 4.993921 11.020526 4e-06 -2e-06 12.109052 -3.735716 -2.866785 -1e-06 1e-06 -1e-06 1.291986 -1.928551 -1.498089 14.800125 0.567468 3.865604 14.242571 -1.341736 -6.660658 19.631968 0.143929 -0.648247 50.231258 -0.45281 -6.029216 0.35303 -1.511152 -0.031941 20.222788 3.684312 2.316627 18.78727 5e-06 -5e-06 10.751627 -0.479867 1.397903 -0.0 1e-06 -1e-06 3.273807 0.305946 -0.580112 21.486813 11.830379 2.26613 8.162926 2e-06 -3e-06 18.39908 -3.798982 -4.94058 3e-06 1e-06 -1e-06 -6.425756 6.851429 -14.948962 -0.080373 -0.081201 19.474234 -2.190352 -1.705739 -0.439965 1.668957 -2.030789 -0.687741 -0.0 -0.0 2e-06 -20.358042 -10.81527 3.751076 0.089647 0.70995 55.679924 -2.48386 1.157807 20.826164 -1.380324 0.889395 -5.194837 -0.0 -0.0 0.0 
0.0 0.0 0.0 0.0 -0.0 0.0 5.799262 98.095345 256.767487 6.582737 -6.268234 -5.031868 -2.815636 0.139717 0.054095 -1.052516 1.776371 -4.993765 -3.78032 -0.439203 14.463289 -0.749574 3.062201 3.941288 -0.814126 -0.089601 -3.567555 -2.285914 0.302321 -11.594597 7.7e-05 -2.2e-05 6e-06 0.059675 0.140908 0.126103 0.758058 -3.587028 -10.500863 -0.654684 3.868872 -10.517168 -21.843645 -3.599807 20.158659 -47.035549 -5.621231 31.51255 -0.300466 -24.336559 0.049862 -7.20612 0.936045 -22.403496 -5.882113 9.861293 0.70259 -10.936881 -0.360574 7.156206 -2e-06 8.774831 -0.0 -16.616745 18.19997 6.01974 -1.844035 2.498507 -2.507278 -10.163609 4.67895 4.621109 -20.976042 2e-06 1e-06 -21.226307 2.451703 -3.594006 -1e-06 -5e-06 -1e-06 -1.362683 2.2408 -0.746325 -21.33493 0.584914 3.008322 -13.821223 0.0 -2e-06 -23.887188 -0.249077 -0.839488 -60.970306 2.39189 -1.082321 -0.294025 1.679688 0.833256 -14.218219 0.093218 1.300581 -34.212078 -0.287558 0.967163 -20.033232 0.96454 1.21284 -1e-06 -2e-06 -0.0 -3.440391 0.788235 0.501654 -15.9282 -3.167309 2.999706 -6.338831 -0.0 0.0 -18.123463 3.648189 -4.905676 -4e-06 0.0 -3e-06 17.008728 10.807902 20.198835 45.423847 11.292542 19.752462 -0.192472 34.872822 0.104045 -0.379359 -4.666158 -21.367769 2.243541 -5.255036 -3.180157 14.282887 -0.826597 6.952504 -1e-06 -12.690605 2e-06 16.412777 -17.475037 2.640952 1.665665 -1.955923 -2.8783 4.727798 -4.170588 4.993926 11.020525 2e-06 -3e-06 12.109053 -3.735717 -2.866784 -0.0 0.0 0.0 1.291985 -1.92855 -1.498089 14.800125 0.567466 3.865609 14.242568 -1.341738 -6.660659 19.631962 0.143923 -0.648246 50.071861 -0.450134 -6.045475 0.353029 -1.511151 -0.03194 20.222788 3.684306 2.316631 18.78727 3e-06 -2e-06 10.751627 -0.479871 1.397906 -1e-06 1e-06 0.0 3.273806 0.305948 -0.580111 21.486811 11.830376 2.266132 8.162927 0.0 -0.0 18.39908 -3.79899 -4.940577 3e-06 1e-06 -1e-06 -6.641756 7.097692 -10.620786 -0.036548 -0.069666 17.73155 -1.871762 -1.918864 -2.345572 1.652091 -2.039122 -0.835386 -0.0 0.0 2e-06 -20.600391 -12.790698 -0.49198 0.181736 0.454209 62.930801 -3.943562 0.319882 18.267271 -1.386904 0.907324 -2.961132 -0.0 -0.0 -0.0 
0.0 0.0 0.0 0.0 -0.0 0.0 6.050269 98.628777 260.732208 6.158513 -5.619344 -5.519713 -2.904568 -0.032342 0.17524 -0.989138 1.237947 -4.955845 -3.300407 -1.025274 14.469703 -0.318034 3.069531 4.948811 -0.835121 0.046689 -3.615915 -2.200724 0.437714 -11.341963 7.7e-05 -2.3e-05 6e-06 0.055692 0.151189 0.12065 0.752003 -3.577916 -10.506821 -0.654424 3.881578 -10.527823 -21.608004 -4.421844 19.863811 -45.837688 -8.063069 29.613518 -0.391104 -25.050983 0.083115 -4.944594 0.711928 -23.691353 -5.882111 9.861292 0.702591 -10.936879 -0.360575 7.156208 1e-06 8.77483 -1e-06 -16.892824 18.375782 5.816604 -1.844034 2.498506 -2.507279 -10.163607 4.678948 4.621111 -20.97604 -2e-06 1e-06 -21.226301 2.451698 -3.594003 0.0 -6e-06 -1e-06 -1.362683 2.240799 -0.746325 -21.33493 0.584912 3.008324 -13.821223 -2e-06 -0.0 -23.887188 -0.249081 -0.839486 -61.095455 2.460662 -1.074192 -0.294025 1.679688 0.833258 -14.218219 0.093215 1.300579 -34.212074 -0.287565 0.967169 -20.033228 0.964536 1.212843 0.0 -2e-06 -1e-06 -3.440391 0.788234 0.501655 -15.928196 -3.167311 2.999708 -6.33883 -1e-06 1e-06 -18.123461 3.648185 -4.905674 -3e-06 -0.0 -2e-06 17.277708 10.219462 20.309296 46.959202 11.018463 24.225206 -0.042625 33.135864 0.117594 1.34547 -5.400473 -18.573721 2.243543 -5.255039 -3.180161 14.2829 -0.826594 6.952506 -3e-06 -12.69061 -0.0 16.283594 -17.380873 2.541227 1.665667 -1.955922 -2.878301 4.727801 -4.170588 4.993927 11.020535 4e-06 -1e-06 12.109059 -3.735716 -2.866784 -1e-06 -0.0 -1e-06 1.291986 -1.92855 -1.498091 14.800139 0.567469 3.865609 14.242582 -1.341735 -6.660664 19.631979 0.143928 -0.648246 49.859219 -0.458708 -6.0915 0.353028 -1.511151 -0.031939 20.222803 3.684313 2.316628 18.787287 6e-06 -0.0 10.751636 -0.479867 1.397907 -1e-06 -0.0 1e-06 3.273808 0.305947 -0.580112 21.48683 11.830384 2.266133 8.16293 2e-06 -2e-06 18.399094 -3.798984 -4.940579 2e-06 1e-06 -1e-06 -6.336869 6.883094 -6.006559 -0.030452 -0.131241 15.023356 -1.734887 -1.816724 -3.616814 1.637861 -2.044578 -0.901866 -0.0 0.0 2e-06 -19.794046 -15.265603 -4.738739 0.217307 0.209358 67.184433 -4.544401 -0.51457 14.324594 -1.362981 0.861802 -2.439068 -0.0 -0.0 -1e-06 
0.0 0.0 0.0 0.0 -0.0 0.0 6.155304 99.034988 264.597473 5.528652 -4.719746 -5.924815 -2.911759 -0.211196 0.387214 -0.894552 0.66429 -4.894862 -2.803227 -1.729142 14.451523 0.257044 2.954026 5.691288 -0.843218 0.096103 -3.652992 -2.135514 0.476546 -11.091462 7.7e-05 -2.3e-05 6e-06 0.047695 0.121495 0.103437 0.744414 -3.603421 -10.50848 -0.6602 3.847752 -10.534169 -20.927856 -5.568418 19.53511 -44.651424 -10.407441 27.553389 -0.473411 -26.630049 0.118635 -2.772863 0.377325 -24.83655 -5.88211 9.861291 0.702591 -10.936877 -0.360574 7.156207 -1e-06 8.77483 -0.0 -16.811264 18.486193 5.764688 -1.844033 2.498505 -2.507277 -10.163605 4.678948 4.621109 -20.976038 -0.0 2e-06 -21.226297 2.451699 -3.594002 1e-06 -6e-06 -2e-06 -1.362682 2.240799 -0.746325 -21.334923 0.584911 3.008322 -13.821218 -1e-06 1e-06 -23.887178 -0.249076 -0.839485 -61.024448 2.506309 -1.128303 -0.294025 1.679688 0.833255 -14.218214 0.093217 1.300582 -34.212067 -0.287561 0.96717 -20.033222 0.964538 1.212842 -0.0 -2e-06 -0.0 -3.440391 0.788234 0.501655 -15.928198 -3.16731 2.999709 -6.338829 -0.0 -0.0 -18.123459 3.648186 -4.905673 -4e-06 1e-06 -3e-06 17.563713 9.48562 20.381847 48.261337 10.22518 27.639542 -0.039565 32.630196 0.078028 2.848623 -5.629507 -16.738718 2.243544 -5.25504 -3.18016 14.282904 -0.826595 6.952504 -3e-06 -12.690611 -1e-06 16.175383 -17.380266 2.457744 1.665668 -1.955922 -2.8783 4.727803 -4.17059 4.993926 11.020536 3e-06 -0.0 12.10906 -3.735718 -2.866785 0.0 -0.0 0.0 1.291986 -1.92855 -1.498088 14.800139 0.567468 3.865608 14.242583 -1.341737 -6.660658 19.631981 0.143925 -0.648246 49.592205 -0.482881 -6.204176 0.353029 -1.511151 -0.03194 20.222805 3.684312 2.316631 18.787287 5e-06 1e-06 10.751637 -0.479867 1.397906 -1e-06 0.0 0.0 3.27381 0.305947 -0.58011 21.486834 11.830383 2.266133 8.162934 1e-06 -3e-06 18.399099 -3.798985 -4.940581 2e-06 1e-06 -1e-06 -5.726958 6.355749 -1.29542 -0.023233 -0.20556 11.799179 -1.681138 -1.747203 -4.487143 1.628132 -2.030175 -0.880653 -0.0 -0.0 2e-06 -18.203545 -17.953579 -8.877913 0.207306 0.029482 68.272171 -4.316176 -1.159891 11.008594 -1.322771 0.782154 -2.278581 -0.0 1e-06 -0.0 
0.0 0.0 0.0 0.0 -0.0 0.0 6.124483 99.218513 268.434143 4.888574 -3.61556 -6.228993 -2.914136 -0.37299 0.64599 -0.810738 0.065986 -4.8189 -2.357972 -2.484474 14.438504 0.865232 2.671771 6.082849 -0.811199 0.12046 -3.680652 -2.097391 0.403944 -10.893291 7.7e-05 -2.2e-05 6e-06 0.040904 0.069283 0.081418 0.739725 -3.649594 -10.523858 -0.666465 3.789328 -10.547871 -20.018837 -6.966063 19.229073 -43.083382 -12.679839 25.943111 -0.458514 -28.856976 0.128236 -1.429226 0.158028 -25.300396 -5.88211 9.861288 0.702589 -10.936877 -0.360574 7.156208 1e-06 8.774827 0.0 -16.508785 18.517002 5.838705 -1.844033 2.498503 -2.507279 -10.163605 4.678946 4.621109 -20.976036 -4e-06 -1e-06 -21.226295 2.451696 -3.594003 0.0 -6e-06 -0.0 -1.362682 2.240798 -0.746324 -21.334923 0.584911 3.008323 -13.82122 -4e-06 -0.0 -23.887184 -0.24908 -0.839485 -60.841461 2.572275 -1.166338 -0.294025 1.679688 0.833255 -14.218215 0.093215 1.300579 -34.212063 -0.287565 0.967167 -20.033218 0.964537 1.212844 0.0 -1e-06 -1e-06 -3.440389 0.788232 0.501655 -15.928192 -3.167309 2.999707 -6.338829 -2e-06 -1e-06 -18.123453 3.648181 -4.905671 -2e-06 -0.0 -1e-06 18.060793 8.582109 20.398561 49.123405 8.933101 29.39068 -0.077971 33.203762 0.040835 3.525332 -5.256451 -16.033041 2.243541 -5.255036 -3.180157 14.282887 -0.826595 6.952499 -3e-06 -12.690601 0.0 16.150599 -17.491177 2.44748 1.665666 -1.955921 -2.878297 4.727798 -4.170588 4.993923 11.020524 2e-06 0.0 12.109052 -3.735715 -2.866785 0.0 0.0 -1e-06 1.291986 -1.928549 -1.498089 14.800123 0.567468 3.865606 14.242569 -1.341734 -6.66066 19.631966 0.143927 -0.648245 49.438889 -0.511017 -6.293745 0.353029 -1.511151 -0.03194 20.222788 3.684309 2.316629 18.78727 5e-06 0.0 10.75163 -0.479867 1.397906 -0.0 1e-06 0.0 3.273806 0.305947 -0.580112 21.486809 11.830372 2.266129 8.162924 1e-06 -2e-06 18.399076 -3.798982 -4.940575 3e-06 -0.0 -2e-06 -4.995282 5.743982 3.220162 -0.015898 -0.264737 8.670331 -1.732537 -1.90424 -5.313913 1.624942 -1.988819 -0.760068 0.0 0.0 2e-06 -16.154922 -20.544479 -12.813363 0.168753 -0.104231 66.263687 -3.597691 -1.549804 8.591327 -1.292198 0.697342 -2.342589 0.0 -0.0 -1e-06 
0.0 0.0 0.0 0.0 -0.0 0.0 5.997621 99.167076 272.223785 4.438623 -2.508496 -6.339531 -2.968664 -0.490007 0.85924 -0.775534 -0.502641 -4.76101 -2.020874 -3.184961 14.46746 1.448413 2.276679 6.115359 -0.768616 0.145606 -3.70926 -2.083195 0.239928 -10.775339 7.7e-05 -2.2e-05 6e-06 0.036933 0.01241 0.059383 0.72879 -3.702435 -10.544363 -0.661299 3.728697 -10.558696 -19.151682 -8.423812 18.938608 -40.921936 -14.899894 24.539078 -0.303756 -31.412058 0.094665 -0.661342 0.086475 -25.328911 -5.88211 9.86129 0.70259 -10.936877 -0.360575 7.156203 -0.0 8.774831 -3e-06 -16.166945 18.561958 5.993325 -1.844033 2.498507 -2.507278 -10.163604 4.678948 4.621109 -20.97603 -2e-06 0.0 -21.226297 2.4517 -3.594006 2e-06 -7e-06 -1e-06 -1.362682 2.2408 -0.746323 -21.334925 0.584911 3.008324 -13.82122 -2e-06 0.0 -23.887182 -0.249079 -0.839487 -60.670406 2.656146 -1.138364 -0.294026 1.679688 0.833256 -14.218215 0.093217 1.30058 -34.212067 -0.28756 0.967166 -20.033226 0.964538 1.212841 -0.0 1e-06 -0.0 -3.44039 0.788234 0.501657 -15.928192 -3.16731 2.999707 -6.338829 -0.0 1e-06 -18.123457 3.648185 -4.905675 -3e-06 1e-06 -1e-06 18.827925 7.582962 20.352503 49.530807 7.372654 29.688139 -0.113565 34.379498 0.006948 3.288188 -4.528937 -16.047848 2.243543 -5.255039 -3.180158 14.282896 -0.826597 6.952504 -0.0 -12.690609 -1e-06 16.241684 -17.674929 2.488912 1.665667 -1.955922 -2.878299 4.727801 -4.17059 4.993923 11.020532 1e-06 -1e-06 12.109059 -3.735719 -2.866786 0.0 -0.0 -1e-06 1.291986 -1.928551 -1.49809 14.800136 0.567467 3.865608 14.242582 -1.341738 -6.660659 19.631975 0.143923 -0.648245 49.494671 -0.55433 -6.342609 0.353029 -1.511151 -0.031939 20.222799 3.684309 2.31663 18.787283 2e-06 -1e-06 10.751633 -0.47987 1.397905 -1e-06 0.0 -0.0 3.273808 0.305947 -0.58011 21.486822 11.830379 2.266131 8.16293 0.0 -2e-06 18.399092 -3.798986 -4.94058 2e-06 1e-06 -0.0 -4.371734 5.203756 7.2646 -0.013138 -0.282594 5.904541 -1.868056 -2.260102 -6.078718 1.633091 -1.939437 -0.574361 0.0 -0.0 2e-06 -13.951081 -22.616375 -16.601185 0.100779 -0.207652 61.508121 -2.534834 -1.814471 6.910006 -1.293866 0.641506 -2.575946 0.0 -1e-06 -4e-06 
0.0 0.0 0.0 0.0 -0.0 0.0 5.816874 98.902275 275.870911 4.335267 -1.609417 -6.210163 -3.12926 -0.553929 0.952948 -0.796618 -0.987489 -4.742649 -1.841806 -3.730461 14.555029 1.987236 1.8586 5.829453 -0.769206 0.091169 -3.725491 -2.065515 0.105357 -10.828123 7.7e-05 -2.2e-05 6e-06 0.031664 -0.041257 0.046235 0.708583 -3.755592 -10.553636 -0.650311 3.675492 -10.554855 -18.484301 -9.771925 18.686047 -38.295338 -16.971567 22.714394 -0.062679 -33.979691 0.044643 0.134765 0.048203 -25.36323 -5.88211 9.861292 0.702588 -10.936877 -0.360577 7.156205 1e-06 8.77483 -1e-06 -15.838809 18.629181 6.186608 -1.844033 2.498506 -2.50728 -10.163604 4.678947 4.621109 -20.976034 -7e-06 -2e-06 -21.226299 2.451693 -3.594005 0.0 -5e-06 -2e-06 -1.362683 2.2408 -0.746325 -21.334925 0.584908 3.008321 -13.821221 -3e-06 -0.0 -23.887182 -0.249082 -0.839485 -60.504875 2.712652 -1.121671 -0.294024 1.679688 0.833256 -14.218216 0.093212 1.300579 -34.21207 -0.287573 0.967165 -20.033222 0.964533 1.212843 1e-06 -1e-06 1e-06 -3.44039 0.788234 0.501656 -15.928194 -3.167312 2.999707 -6.338829 -1e-06 -0.0 -18.123457 3.648181 -4.905675 -2e-06 2e-06 -2e-06 19.694134 6.591799 20.270372 49.695232 5.997334 29.381884 -0.172082 35.512962 -0.039225 2.551663 -3.817923 -16.28511 2.243543 -5.255037 -3.180158 14.282896 -0.826596 6.952503 -2e-06 -12.690608 -0.0 16.378668 -17.846317 2.532693 1.665667 -1.955922 -2.878299 4.727801 -4.170588 4.993924 11.02053 2e-06 -1e-06 12.109056 -3.735717 -2.866784 1e-06 -0.0 -1e-06 1.291986 -1.92855 -1.498089 14.800136 0.567468 3.865609 14.242579 -1.341738 -6.660657 19.631973 0.143925 -0.648246 49.671261 -0.622174 -6.385753 0.353029 -1.511151 -0.031939 20.222801 3.684309 2.316629 18.787283 3e-06 -1e-06 10.751633 -0.479869 1.397906 1e-06 -1e-06 1e-06 3.273808 0.305947 -0.58011 21.486822 11.830376 2.266134 8.16293 1e-06 -2e-06 18.399092 -3.798985 -4.940577 2e-06 1e-06 -2e-06 -4.076705 4.886409 10.529449 -0.012952 -0.257869 3.820302 -1.997792 -2.694964 -7.039102 1.646807 -1.911392 -0.383283 0.0 -0.0 2e-06 -11.916052 -23.811317 -19.990952 0.042806 -0.243892 54.273163 -1.153665 -1.926157 5.938686 -1.326062 0.635182 -2.902545 -0.0 2e-06 -2e-06 
0.0 0.0 0.0 0.0 -0.0 0.0 5.580837 98.489738 279.438202 4.501709 -0.877678 -5.815722 -3.346353 -0.595301 0.861367 -0.845655 -1.422201 -4.769413 -1.852771 -4.1134 14.695973 2.537133 1.46789 5.323712 -0.82734 -0.079623 -3.719909 -2.012916 0.04514 -11.040024 7.7e-05 -2.2e-05 6e-06 0.023445 -0.067791 0.042206 0.683321 -3.78764 -10.558237 -0.64099 3.655523 -10.549704 -17.987631 -10.959146 18.457838 -35.44524 -18.823698 20.381863 0.217421 -36.314209 -0.001225 1.102917 -0.056576 -25.417753 -5.882108 9.861286 0.70259 -10.936873 -0.360573 7.156205 -0.0 8.774826 -1e-06 -15.579994 18.710827 6.371514 -1.844034 2.498505 -2.507277 -10.163603 4.678946 4.621109 -20.976028 -1e-06 -0.0 -21.226295 2.451696 -3.594005 2e-06 -6e-06 -1e-06 -1.362683 2.240799 -0.746324 -21.334921 0.584912 3.008321 -13.821217 -1e-06 0.0 -23.887178 -0.24908 -0.839484 -60.318943 2.728074 -1.136962 -0.294024 1.679686 0.833255 -14.218212 0.093217 1.300577 -34.212048 -0.287562 0.967165 -20.033216 0.964537 1.212838 1e-06 -0.0 1e-06 -3.44039 0.788236 0.501653 -15.928189 -3.167308 2.999705 -6.338828 -1e-06 0.0 -18.123453 3.648184 -4.905674 -4e-06 2e-06 -3e-06 20.530872 5.695476 20.170759 49.780788 4.968347 29.043171 -0.178619 36.326103 -0.064378 1.682383 -3.324606 -16.568468 2.243541 -5.255037 -3.180158 14.282894 -0.826594 6.952505 -3e-06 -12.690606 2e-06 16.45985 -17.928253 2.563635 1.665666 -1.955922 -2.878299 4.727799 -4.170588 4.993925 11.020528 4e-06 -1e-06 12.109056 -3.735715 -2.866784 -0.0 -0.0 -1e-06 1.291985 -1.928549 -1.49809 14.800131 0.567469 3.865607 14.242575 -1.341736 -6.660658 19.631973 0.143927 -0.648243 49.807838 -0.691223 -6.426605 0.353029 -1.511151 -0.031939 20.222795 3.684312 2.316629 18.787273 6e-06 1e-06 10.751631 -0.479868 1.397907 -1e-06 -0.0 -0.0 3.273807 0.305948 -0.58011 21.486816 11.830379 2.266132 8.16293 2e-06 0.0 18.399082 -3.798985 -4.940573 2e-06 0.0 -2e-06 -4.013731 4.723911 13.011067 -0.009662 -0.200019 2.585269 -2.11253 -3.150534 -8.035249 1.659694 -1.913456 -0.33196 -0.0 -0.0 2e-06 -10.097486 -24.155106 -22.628094 0.061286 -0.190383 44.408478 0.029202 -2.25966 6.038713 -1.375273 0.677323 -3.267633 0.0 -0.0 -2e-06 
0.0 0.0 0.0 0.0 -0.0 0.0 5.236185 98.056404 283.058411 4.667226 -0.202043 -5.165425 -3.468456 -0.64232 0.584812 -0.884975 -1.846303 -4.851491 -1.990938 -4.381504 14.829599 3.054008 1.143079 4.733036 -0.887129 -0.302732 -3.696413 -1.930636 -0.01743 -11.280576 7.7e-05 -2.3e-05 6e-06 0.013935 -0.063468 0.040966 0.666687 -3.791844 -10.568869 -0.643308 3.668642 -10.557985 -17.585859 -11.963305 18.312445 -32.679642 -20.451302 17.745619 0.433683 -38.225754 -0.046207 2.134089 -0.244593 -25.019135 -5.882112 9.861293 0.702589 -10.936878 -0.360573 7.15621 -1e-06 8.774831 -1e-06 -15.404058 18.776533 6.484927 -1.844034 2.498505 -2.507281 -10.163606 4.678948 4.621109 -20.97604 -1e-06 -1e-06 -21.226303 2.4517 -3.594005 0.0 -6e-06 -1e-06 -1.362682 2.2408 -0.746323 -21.334925 0.584911 3.008322 -13.821221 -1e-06 -1e-06 -23.887184 -0.24908 -0.839486 -60.205666 2.733118 -1.214344 -0.294025 1.679688 0.833258 -14.218219 0.093215 1.300581 -34.21207 -0.287561 0.967166 -20.033226 0.96454 1.212842 1e-06 0.0 1e-06 -3.44039 0.788234 0.501654 -15.928194 -3.167309 2.999707 -6.33883 1e-06 1e-06 -18.123461 3.648185 -4.905677 -4e-06 1e-06 -1e-06 21.20541 4.977266 20.042978 49.951229 4.197868 29.026583 -0.154286 36.755623 -0.044263 1.036237 -3.035975 -16.882381 2.243543 -5.255041 -3.18016 14.282896 -0.826598 6.952507 -0.0 -12.690612 1e-06 16.494322 -17.954382 2.582767 1.665667 -1.955923 -2.8783 4.727801 -4.170591 4.993927 11.020529 0.0 -2e-06 12.109057 -3.735721 -2.866785 -0.0 0.0 -0.0 1.291986 -1.928551 -1.49809 14.800134 0.567466 3.865609 14.242577 -1.341741 -6.660661 19.631973 0.143923 -0.648246 49.906952 -0.726118 -6.449136 0.353029 -1.511151 -0.031941 20.222801 3.684307 2.316631 18.787281 0.0 -3e-06 10.751634 -0.479871 1.397906 -1e-06 1e-06 -1e-06 3.273808 0.305947 -0.580111 21.486818 11.830379 2.266136 8.16293 0.0 1e-06 18.39909 -3.798991 -4.94058 4e-06 1e-06 -1e-06 -3.845534 4.558976 14.821866 -0.004759 -0.102953 2.190348 -2.226703 -3.604522 -8.896442 1.670748 -1.945753 -0.562002 -0.0 -0.0 2e-06 -8.378618 -23.815971 -24.185722 0.171692 -0.053624 31.900126 1.044228 -2.598398 7.34785 -1.428563 0.769293 -3.392348 -0.0 -0.0 -1e-06 
0.0 0.0 0.0 0.0 -0.0 0.0 4.718463 97.683121 286.81134 4.650119 0.4985 -4.343649 -3.43142 -0.684927 0.184135 -0.913435 -2.228391 -5.000439 -2.135717 -4.617434 14.877247 3.536701 0.919934 4.151371 -0.892938 -0.459563 -3.669177 -1.91739 -0.270234 -11.373714 7.7e-05 -2.3e-05 6e-06 0.005909 -0.033498 0.035895 0.666163 -3.766131 -10.587646 -0.658971 3.703553 -10.579701 -17.197851 -12.807509 18.252241 -30.294376 -21.805468 15.163033 0.535381 -39.785625 -0.092008 3.027417 -0.49684 -24.029585 -5.88211 9.861293 0.702587 -10.936878 -0.360575 7.156208 1e-06 8.774831 -1e-06 -15.341966 18.823933 6.533777 -1.844034 2.498507 -2.507279 -10.163605 4.678947 4.621112 -20.976038 -2e-06 -0.0 -21.226301 2.451697 -3.594004 1e-06 -5e-06 -1e-06 -1.362683 2.240802 -0.746325 -21.334929 0.584909 3.008322 -13.821222 -1e-06 0.0 -23.887186 -0.249079 -0.839487 -60.291065 2.764715 -1.359161 -0.294025 1.67969 0.833259 -14.218217 0.093214 1.300579 -34.21207 -0.287565 0.967168 -20.033226 0.964536 1.212845 1e-06 0.0 0.0 -3.440391 0.788233 0.501654 -15.928196 -3.167311 2.999708 -6.338831 -2e-06 -0.0 -18.123459 3.648185 -4.905676 -5e-06 1e-06 -1e-06 21.583389 4.428288 19.933077 50.302032 3.535737 29.687687 -0.231753 36.956081 -0.043482 0.977296 -2.778814 -17.003233 2.243542 -5.255039 -3.18016 14.282896 -0.826595 6.952507 -2e-06 -12.690607 1e-06 16.495224 -18.047295 2.622585 1.665667 -1.955922 -2.878299 4.7278 -4.170589 4.993926 11.020529 2e-06 -3e-06 12.109056 -3.735717 -2.866785 -0.0 -1e-06 -0.0 1.291986 -1.92855 -1.498089 14.800134 0.567468 3.865608 14.242579 -1.341738 -6.66066 19.631975 0.143925 -0.648246 50.087799 -0.702908 -6.486536 0.353029 -1.511152 -0.03194 20.222801 3.68431 2.316632 18.787283 5e-06 -2e-06 10.751634 -0.479868 1.397907 0.0 1e-06 -1e-06 3.273808 0.305947 -0.58011 21.486822 11.830379 2.266135 8.16293 1e-06 1e-06 18.39909 -3.798987 -4.940577 4e-06 1e-06 -1e-06 -3.191319 4.659493 16.494116 0.007879 -0.041782 1.92632 -2.425125 -4.370691 -9.072597 1.688452 -1.980433 -1.24522 0.0 0.0 2e-06 -6.833311 -22.803892 -24.271042 0.29631 0.03002 17.370256 2.872919 -2.786096 8.47084 -1.454563 0.87536 -3.314393 0.0 -0.0 -1e-06 
0.0 0.0 0.0 0.0 -0.0 0.0 4.019153 97.310555 290.767853 4.430132 1.329331 -3.446562 -3.27534 -0.771165 -0.305833 -0.959538 -2.526765 -5.217782 -2.222534 -4.7846 14.84522 4.166497 0.746257 3.523585 -0.95697 -0.645308 -3.633555 -2.089728 -0.747571 -11.247608 7.7e-05 -2.3e-05 6e-06 0.008771 -0.016611 0.006502 0.682352 -3.757525 -10.639193 -0.669936 3.7309 -10.642118 -16.810354 -13.603827 18.048819 -28.496685 -22.638638 13.443675 0.668769 -41.23645 -0.114048 3.621865 -0.717285 -23.090242 -5.882115 9.861299 0.702592 -10.936887 -0.360574 7.156215 -2e-06 8.774837 -0.0 -15.282029 18.841902 6.574606 -1.844034 2.498506 -2.50728 -10.163612 4.678952 4.621114 -20.976053 -0.0 -1e-06 -21.226318 2.451701 -3.594007 0.0 -6e-06 -0.0 -1.362684 2.240801 -0.746324 -21.334944 0.584913 3.008324 -13.821233 -1e-06 -0.0 -23.887205 -0.249078 -0.839487 -60.402122 2.845659 -1.655337 -0.294025 1.67969 0.833259 -14.218228 0.093217 1.300581 -34.212097 -0.287563 0.967167 -20.033241 0.964536 1.21284 -0.0 -0.0 -0.0 -3.440394 0.788235 0.501655 -15.928206 -3.167311 2.999709 -6.338836 0.0 -1e-06 -18.123474 3.648189 -4.905678 -4e-06 1e-06 -2e-06 21.766016 3.992211 19.729382 50.715557 2.642191 30.830648 -0.393232 37.347069 -0.067247 1.713122 -2.669155 -16.324537 2.243542 -5.255037 -3.180157 14.282896 -0.826592 6.952501 -4e-06 -12.690606 -2e-06 16.387911 -18.132732 2.655546 1.665667 -1.955922 -2.878299 4.727801 -4.170587 4.993924 11.020531 4e-06 -3e-06 12.109058 -3.735715 -2.866785 -1e-06 0.0 -0.0 1.291986 -1.928549 -1.498089 14.800136 0.567471 3.865607 14.242579 -1.341735 -6.660657 19.631977 0.143928 -0.648244 50.035122 -0.754651 -6.60753 0.353029 -1.511151 -0.03194 20.222801 3.684314 2.31663 18.787281 9e-06 -3e-06 10.751633 -0.479866 1.397907 0.0 1e-06 0.0 3.273808 0.305947 -0.580111 21.486828 11.830383 2.266135 8.16293 3e-06 -1e-06 18.399088 -3.798981 -4.940577 4e-06 0.0 -1e-06 -1.841805 5.201703 18.217243 0.030571 -0.064109 1.810767 -2.579639 -5.916207 -8.582342 1.745055 -1.893576 -2.203209 0.0 -0.0 2e-06 -5.681099 -20.982271 -23.27705 0.285144 0.016172 3.379337 6.287094 -3.751888 7.939858 -1.387457 1.006995 -3.342036 -0.0 0.0 -0.0 
0.0 0.0 0.0 0.0 -0.0 0.0 3.180598 96.830544 294.950867 4.297679 2.169135 -2.820292 -3.229484 -0.794552 -0.710284 -1.056403 -2.855853 -5.422693 -2.275179 -4.826567 14.828297 4.766074 0.619911 2.991732 -0.935846 -0.727238 -3.64805 -2.303879 -0.984842 -11.116813 7.7e-05 -2.2e-05 6e-06 0.016889 0.002058 -0.007867 0.682537 -3.744658 -10.656871 -0.653548 3.756014 -10.650985 -16.580679 -14.128707 17.854509 -27.178446 -22.988024 12.014076 0.34271 -42.785202 -0.017589 3.798274 -0.85162 -22.086311 -5.882106 9.861283 0.702591 -10.93687 -0.360575 7.156202 1e-06 8.774824 1e-06 -15.218088 18.778803 6.669455 -1.844032 2.498504 -2.507277 -10.163599 4.678945 4.621108 -20.976027 -3e-06 0.0 -21.226286 2.451696 -3.594 0.0 -6e-06 -1e-06 -1.362681 2.240797 -0.746323 -21.334913 0.58491 3.00832 -13.821213 1e-06 -0.0 -23.887167 -0.249079 -0.839488 -60.521133 2.825968 -1.518373 -0.294024 1.679686 0.833256 -14.21821 0.093215 1.300578 -34.212051 -0.287564 0.967166 -20.033215 0.964536 1.212841 -0.0 -0.0 0.0 -3.440388 0.788234 0.501654 -15.928185 -3.167308 2.999706 -6.338829 1e-06 -1e-06 -18.123449 3.64818 -4.905674 -4e-06 0.0 -1e-06 21.85997 3.626584 19.594578 50.983585 1.784933 32.035637 -0.526163 37.973892 -0.066386 2.763896 -2.634372 -15.212406 2.243543 -5.255039 -3.180159 14.2829 -0.826596 6.952508 -3e-06 -12.69061 -1e-06 16.283617 -18.119093 2.683504 1.665667 -1.955922 -2.878301 4.727802 -4.170589 4.993927 11.020533 3e-06 -1e-06 12.10906 -3.735716 -2.866785 1e-06 -0.0 -1e-06 1.291986 -1.92855 -1.49809 14.800136 0.567468 3.865611 14.242579 -1.341736 -6.66066 19.631975 0.143925 -0.648242 49.83857 -0.784979 -6.726929 0.353029 -1.511151 -0.031939 20.222803 3.684312 2.316633 18.787287 5e-06 -1e-06 10.751634 -0.479869 1.397907 -0.0 0.0 0.0 3.273809 0.305947 -0.580111 21.486828 11.83038 2.266134 8.162931 1e-06 0.0 18.399096 -3.798986 -4.940577 3e-06 1e-06 -2e-06 -0.255814 5.882953 20.066174 -0.02644 -0.247018 2.182381 -3.104563 -7.272367 -7.565959 1.774163 -1.782246 -3.580317 0.0 0.0 2e-06 -5.10013 -18.863024 -22.811211 0.114937 0.036528 -4.702456 9.989112 -5.182014 5.650231 -1.285603 1.073221 -3.431049 0.0 0.0 -0.0 
0.0 0.0 0.0 0.0 -0.0 0.0 2.26524 96.358833 299.249786 4.207875 3.036902 -2.498203 -3.241758 -0.780719 -0.976818 -1.123148 -3.164643 -5.562905 -2.332155 -4.949533 14.853483 5.275586 0.479596 2.322063 -0.997113 -0.714068 -3.60006 -2.439317 -1.1394 -11.383196 7.7e-05 -2.3e-05 6e-06 0.013439 0.003566 0.011139 0.683055 -3.747848 -10.635058 -0.660576 3.760776 -10.610717 -16.226446 -14.406096 17.922142 -26.735497 -23.056477 10.728026 -0.298077 -44.174145 0.284237 3.952551 -1.063006 -21.247349 -5.882107 9.861289 0.702591 -10.936875 -0.360575 7.156209 2e-06 8.774829 -1e-06 -15.286273 18.611416 6.657335 -1.844033 2.498505 -2.507281 -10.163606 4.678946 4.621109 -20.976034 -6e-06 -1e-06 -21.226299 2.451694 -3.594002 1e-06 -6e-06 -1e-06 -1.362682 2.240798 -0.746323 -21.334925 0.584911 3.008325 -13.82122 0.0 2e-06 -23.887178 -0.249081 -0.839484 -60.606407 2.752644 -1.320644 -0.294024 1.679687 0.833255 -14.218215 0.093215 1.300576 -34.212067 -0.287566 0.967169 -20.033222 0.964537 1.212844 -1e-06 -0.0 -0.0 -3.44039 0.788235 0.501655 -15.928192 -3.16731 2.999707 -6.338829 -0.0 0.0 -18.123457 3.64818 -4.905672 -3e-06 1e-06 -2e-06 21.872408 3.367547 19.707169 51.070564 1.228297 32.905975 -0.571254 38.564751 -0.092568 3.477243 -2.704877 -14.494505 2.243543 -5.255038 -3.18016 14.282898 -0.826596 6.952507 -4e-06 -12.690609 2e-06 16.358452 -18.076414 2.608444 1.665667 -1.955922 -2.878301 4.727801 -4.170589 4.993929 11.020534 3e-06 -1e-06 12.109058 -3.735716 -2.866784 1e-06 -0.0 -1e-06 1.291986 -1.92855 -1.49809 14.800139 0.567469 3.86561 14.242582 -1.341735 -6.660663 19.631985 0.143928 -0.648245 49.684746 -0.708012 -6.781117 0.35303 -1.511151 -0.03194 20.222803 3.684312 2.316631 18.787287 4e-06 -0.0 10.751634 -0.47987 1.397908 -0.0 1e-06 1e-06 3.273808 0.305947 -0.580111 21.486832 11.830383 2.266133 8.162932 2e-06 -0.0 18.399096 -3.798988 -4.940576 4e-06 2e-06 -2e-06 1.454589 6.387035 21.836287 -0.026261 -0.486523 3.404518 -4.023079 -8.307621 -5.411099 1.810461 -1.761808 -5.884728 -0.0 -0.0 2e-06 -4.845133 -17.212454 -22.824434 0.044482 0.099918 -5.413721 11.037667 -5.541064 4.134315 -1.276207 1.073641 -3.815995 0.0 0.0 -1e-06 
0.0 0.0 0.0 0.0 -0.0 0.0 1.211919 96.017868 303.698486 3.25786 3.911095 -2.022272 -2.601387 -0.70533 -1.576198 -1.105686 -3.35973 -5.777925 -2.214557 -5.201093 15.018369 5.529779 0.425722 1.340251 -1.053348 -0.832636 -3.53119 -2.427232 -1.365478 -11.275886 7.7e-05 -2.2e-05 6e-06 0.011547 0.030307 0.040685 0.681942 -3.720082 -10.570414 -0.662421 3.785366 -10.534169 -16.355684 -14.543438 18.056993 -26.86438 -22.497049 10.636477 -0.451042 -45.314354 0.443849 3.952335 -1.315024 -20.790506 -5.882108 9.861292 0.70259 -10.936877 -0.360573 7.15621 3e-06 8.774831 1e-06 -15.415806 18.458004 6.52881 -1.844032 2.498504 -2.507279 -10.163605 4.678947 4.621111 -20.976034 -5e-06 -2e-06 -21.226299 2.451692 -3.594002 1e-06 -6e-06 -1e-06 -1.362685 2.240799 -0.746323 -21.334929 0.58491 3.008323 -13.821221 -4e-06 1e-06 -23.887182 -0.249083 -0.839483 -60.506496 2.64473 -1.295288 -0.294024 1.679689 0.833258 -14.218215 0.093215 1.300579 -34.212067 -0.287568 0.967169 -20.033222 0.964535 1.212844 -1e-06 -0.0 -0.0 -3.440391 0.788234 0.501656 -15.928192 -3.167312 2.999707 -6.338832 1e-06 1e-06 -18.123459 3.648182 -4.905674 -3e-06 0.0 -1e-06 22.239119 3.095783 19.562059 50.686905 0.597311 33.631489 -0.654592 38.757008 -0.156123 3.738496 -2.797595 -14.169161 2.243543 -5.255039 -3.180159 14.282903 -0.826595 6.95251 -5e-06 -12.69061 1e-06 16.375153 -18.063343 2.53692 1.665667 -1.955922 -2.878301 4.727803 -4.170589 4.993926 11.020535 4e-06 -0.0 12.109059 -3.735717 -2.866785 1e-06 -1e-06 -1e-06 1.291986 -1.92855 -1.498091 14.800142 0.56747 3.86561 14.242583 -1.341736 -6.660661 19.631985 0.143929 -0.648244 49.720272 -0.659972 -6.774705 0.353029 -1.511152 -0.03194 20.222809 3.684313 2.316631 18.787289 6e-06 -1e-06 10.751637 -0.479868 1.397908 0.0 1e-06 1e-06 3.27381 0.305947 -0.580112 21.486834 11.830386 2.266134 8.162937 3e-06 1e-06 18.399097 -3.798986 -4.940578 4e-06 1e-06 -1e-06 4.312513 6.802289 22.50005 0.019013 -0.795982 6.302308 -5.049974 -9.486403 -2.292034 1.852565 -1.745728 -9.441384 0.0 0.0 2e-06 -3.905088 -15.525816 -22.207994 0.106821 0.065805 -3.009318 8.235425 -4.998457 6.365537 -1.342632 1.11968 -4.581697 -0.0 -0.0 -1e-06 
0.0 0.0 0.0 0.0 -0.0 0.0 0.028246 95.924385 308.333313 1.022985 4.596175 -1.376429 -1.089816 -0.798186 -2.448694 -0.976194 -3.193613 -6.134759 -1.659754 -5.677547 15.206486 5.567758 0.515354 0.353883 -1.101493 -0.781878 -3.552854 -2.61952 -1.671275 -10.754422 7.7e-05 -2.3e-05 6e-06 0.01186 0.046906 0.009571 0.677679 -3.706094 -10.562436 -0.653834 3.804332 -10.558457 -17.572817 -14.29124 18.070429 -26.957991 -21.204376 11.740438 -0.159235 -46.011559 0.226781 3.628241 -1.80396 -20.332699 -5.882113 9.861293 0.70259 -10.936881 -0.360574 7.156209 -0.0 8.774833 -1e-06 -15.519027 18.407293 6.38983 -1.844036 2.498506 -2.50728 -10.16361 4.678951 4.621112 -20.976044 -1e-06 -4e-06 -21.226311 2.451698 -3.594007 1e-06 -6e-06 -2e-06 -1.362682 2.240799 -0.746324 -21.334934 0.584912 3.008323 -13.821228 -2e-06 -1e-06 -23.887196 -0.249081 -0.839489 -60.399357 2.566583 -1.363176 -0.294025 1.679689 0.833255 -14.218221 0.093217 1.30058 -34.212078 -0.287567 0.967163 -20.033232 0.964534 1.212841 -1e-06 -0.0 -0.0 -3.440391 0.788234 0.501655 -15.928201 -3.16731 2.999708 -6.338834 1e-06 -0.0 -18.123466 3.648185 -4.905677 -4e-06 1e-06 -1e-06 23.126896 3.027368 19.337753 49.677052 -0.037826 33.940895 -0.603304 38.274178 -0.092805 3.827293 -2.91153 -13.970576 2.243542 -5.255037 -3.180157 14.282894 -0.826592 6.9525 -3e-06 -12.690605 -3e-06 16.262663 -18.101973 2.590228 1.665666 -1.955922 -2.878298 4.727799 -4.170587 4.993921 11.020529 4e-06 -0.0 12.109055 -3.735715 -2.866786 0.0 -0.0 0.0 1.291986 -1.92855 -1.498089 14.800131 0.56747 3.865606 14.242577 -1.341736 -6.660659 19.631973 0.143928 -0.648244 49.924377 -0.633236 -6.749179 0.353029 -1.511151 -0.03194 20.222799 3.684313 2.316628 18.787279 8e-06 -2e-06 10.751629 -0.479867 1.397905 0.0 1e-06 1e-06 3.273808 0.305947 -0.58011 21.486818 11.830379 2.266133 8.162928 4e-06 -0.0 18.399082 -3.798982 -4.940577 3e-06 1e-06 -1e-06 8.737558 7.283132 21.910589 0.025058 -1.016232 10.64506 -6.420138 -10.988652 1.13874 1.92956 -1.645571 -14.630241 0.0 0.0 2e-06 -1.555789 -13.52294 -23.177286 0.121843 -0.053349 1.867676 3.798697 -4.804199 12.155847 -1.396377 1.056816 -4.301668 -0.0 -0.0 -1e-06 
0.0 0.0 0.0 0.0 -0.0 0.0 -1.211959 95.951477 313.202576 -0.950015 4.90915 -1.46018 -0.137167 -0.877072 -2.744924 -0.792819 -3.439565 -6.320613 -0.68475 -5.74638 15.079329 5.410478 0.660095 -0.211795 -1.122211 -0.545482 -3.592722 -2.673522 -1.547464 -10.977827 7.7e-05 -2.3e-05 6e-06 0.003541 0.02393 -0.012998 0.686329 -3.734223 -10.583856 -0.678262 3.783246 -10.577889 -17.975691 -13.683611 18.275934 -28.989168 -19.802628 13.339721 0.452595 -45.787975 -0.062668 3.293926 -2.351756 -20.186735 -5.88211 9.861288 0.70259 -10.936876 -0.360573 7.156205 0.0 8.774827 -0.0 -15.635591 18.298935 6.3299 -1.844033 2.498504 -2.507278 -10.163604 4.678947 4.62111 -20.976032 -3e-06 -0.0 -21.226297 2.451696 -3.594002 1e-06 -6e-06 -1e-06 -1.362683 2.240799 -0.746323 -21.334921 0.58491 3.00832 -13.821218 -1e-06 1e-06 -23.887178 -0.24908 -0.839486 -60.504936 2.538703 -1.33132 -0.294027 1.679688 0.833258 -14.218217 0.093216 1.300581 -34.212067 -0.287564 0.967165 -20.033222 0.964536 1.21284 -1e-06 -0.0 0.0 -3.44039 0.788235 0.501657 -15.928192 -3.16731 2.999706 -6.338829 1e-06 -1e-06 -18.123455 3.648183 -4.905675 -4e-06 1e-06 -1e-06 22.936825 3.388321 19.61676 49.589573 0.184613 34.555435 -0.665682 36.822971 -0.061339 4.014948 -3.14451 -14.008344 2.243544 -5.25504 -3.180159 14.282902 -0.826596 6.952504 -2e-06 -12.690611 -1e-06 16.231075 -18.117476 2.590645 1.665668 -1.955923 -2.878299 4.727802 -4.170591 4.993926 11.020535 2e-06 -0.0 12.10906 -3.735719 -2.866786 0.0 0.0 -1e-06 1.291987 -1.928551 -1.498091 14.800139 0.567466 3.865608 14.242585 -1.341738 -6.660663 19.631983 0.143924 -0.648247 49.881508 -0.576182 -6.790556 0.353029 -1.511152 -0.031941 20.222805 3.684311 2.316631 18.787287 5e-06 -3e-06 10.751636 -0.479868 1.397905 -1e-06 1e-06 1e-06 3.273809 0.305946 -0.58011 21.486828 11.830381 2.266131 8.162933 3e-06 -2e-06 18.399097 -3.798988 -4.940581 4e-06 1e-06 -1e-06 12.492992 7.022519 20.986618 0.000927 -1.181363 16.548052 -7.707664 -11.019012 6.23286 2.00044 -1.523057 -20.902046 -0.0 -0.0 2e-06 0.604474 -12.335227 -24.238089 0.057088 -0.057626 9.038121 1.627054 -5.147143 13.840116 -1.386393 0.984429 -2.576763 -0.0 -0.0 -1e-06 
0.0 0.0 0.0 0.0 -0.0 0.0 -2.471358 96.225128 317.855835 -2.471148 4.792665 -2.271276 0.405045 -0.769787 -2.468571 -0.580614 -3.541416 -6.223473 0.13489 -5.679487 14.73702 5.387977 0.715145 -0.275529 -1.066098 -0.453621 -3.560336 -2.612824 -1.330269 -11.813279 7.7e-05 -2.3e-05 7e-06 0.01016 0.039097 0.017972 0.730218 -3.704512 -10.565724 -0.708739 3.784085 -10.562831 -17.480366 -13.010491 18.866545 -32.321499 -18.676874 15.441728 1.109408 -44.431412 -0.561406 2.715342 -2.589588 -20.657421 -5.882112 9.861295 0.702592 -10.936882 -0.360575 7.156212 -2e-06 8.774835 -1e-06 -15.648718 18.399324 6.222081 -1.844034 2.498506 -2.507281 -10.163611 4.678951 4.621112 -20.976046 -1e-06 -1e-06 -21.226309 2.451699 -3.594007 1e-06 -5e-06 -0.0 -1.362683 2.2408 -0.746323 -21.334934 0.584911 3.008323 -13.821228 -1e-06 0.0 -23.887194 -0.249081 -0.839487 -60.30835 2.433554 -1.420663 -0.294026 1.679688 0.833257 -14.218222 0.093216 1.30058 -34.212078 -0.287568 0.967165 -20.033232 0.964534 1.212842 0.0 1e-06 -0.0 -3.440392 0.788234 0.501657 -15.928201 -3.167311 2.999708 -6.33883 -0.0 0.0 -18.123465 3.648187 -4.905679 -4e-06 1e-06 -1e-06 21.887377 3.9032 19.806 50.226124 0.975424 35.701073 -0.725421 35.017769 -0.107158 4.307492 -3.611916 -14.489664 2.243543 -5.255041 -3.18016 14.282898 -0.826595 6.952507 -3e-06 -12.690615 -1e-06 16.257542 -18.177164 2.547144 1.665668 -1.955923 -2.878299 4.727801 -4.17059 4.993925 11.020534 3e-06 -2e-06 12.109059 -3.735717 -2.866787 0.0 -0.0 0.0 1.291986 -1.928551 -1.498089 14.800138 0.567469 3.865608 14.24258 -1.341738 -6.660662 19.631975 0.143927 -0.648246 49.892586 -0.599811 -6.603909 0.353029 -1.511152 -0.031938 20.222803 3.684312 2.316631 18.787283 6e-06 -3e-06 10.751635 -0.479869 1.397906 1e-06 1e-06 0.0 3.273809 0.305947 -0.580112 21.486828 11.830386 2.266134 8.16293 2e-06 1e-06 18.399094 -3.798986 -4.940578 4e-06 -0.0 -1e-06 15.254086 6.231143 18.749146 -0.011488 -1.2812 25.52701 -8.572311 -9.856778 13.037184 2.106863 -1.531793 -24.252048 -0.0 -0.0 3e-06 2.471184 -12.090763 -24.188919 0.145183 -0.153237 16.727686 0.149987 -4.678239 9.39011 -1.398845 0.983692 -0.675831 -0.0 -0.0 -1e-06 
0.0 0.0 0.0 0.0 -0.0 0.0 -3.654958 96.625732 322.232788 -3.786311 4.820403 -3.236494 0.944131 -0.659922 -1.998276 -0.441086 -3.457211 -6.048473 0.730967 -5.655397 14.571156 5.556903 0.690185 -0.434009 -0.973385 -0.567559 -3.530012 -2.618812 -0.87721 -12.498835 7.7e-05 -2.3e-05 6e-06 0.008241 0.022572 0.043584 0.732097 -3.723148 -10.559018 -0.714898 3.766717 -10.537385 -16.999668 -12.44439 19.079906 -35.564758 -17.473061 18.030827 1.440713 -42.464802 -0.876799 1.755199 -2.532712 -20.608822 -5.882111 9.861293 0.702592 -10.936879 -0.360572 7.156212 -1e-06 8.774833 0.0 -15.720121 18.231476 6.175592 -1.844035 2.498507 -2.507279 -10.16361 4.678951 4.621113 -20.976042 -1e-06 -0.0 -21.226307 2.451702 -3.594008 1e-06 -5e-06 2e-06 -1.362683 2.240798 -0.746324 -21.33493 0.584913 3.008323 -13.821225 2e-06 -0.0 -23.887192 -0.24908 -0.839486 -60.327824 2.389747 -1.360378 -0.294025 1.679688 0.833256 -14.218221 0.093219 1.300581 -34.212078 -0.28756 0.967163 -20.033232 0.964539 1.212839 -0.0 0.0 -0.0 -3.440392 0.788235 0.501655 -15.928198 -3.167308 2.999707 -6.338831 0.0 1e-06 -18.123463 3.648187 -4.905676 -4e-06 2e-06 -2e-06 21.374191 4.551549 20.01824 50.218628 1.882801 35.996166 -0.626654 33.738548 -0.100988 4.29167 -3.930653 -14.695731 2.243544 -5.255041 -3.180159 14.282896 -0.826597 6.952503 1e-06 -12.69061 -2e-06 16.311497 -18.072132 2.560269 1.665668 -1.955923 -2.878298 4.727802 -4.170591 4.993925 11.020531 1e-06 -1e-06 12.109058 -3.735719 -2.866787 0.0 1e-06 -1e-06 1.291987 -1.928551 -1.498088 14.800134 0.567467 3.865605 14.24258 -1.34174 -6.660661 19.631973 0.143922 -0.648248 49.872559 -0.570958 -6.455623 0.353029 -1.511152 -0.03194 20.222801 3.684307 2.316629 18.787283 2e-06 -6e-06 10.751633 -0.479871 1.397905 -1e-06 2e-06 1e-06 3.273808 0.305946 -0.580109 21.486822 11.830379 2.266132 8.162931 2e-06 -1e-06 18.399092 -3.798987 -4.940581 4e-06 -0.0 -2e-06 17.554907 5.577138 14.875076 -0.029245 -1.297648 36.275818 -8.931238 -7.719692 19.594851 1.991607 -1.576192 -18.856306 -0.0 -0.0 2e-06 4.106295 -12.161518 -21.660763 0.181042 -0.143571 19.616854 -0.805955 -4.509304 4.778155 -1.415776 0.996045 -0.015357 -0.0 0.0 -1e-06 
0.0 0.0 0.0 0.0 -0.0 0.0 -4.708797 97.111725 326.287048 -4.887666 5.001482 -4.09655 1.470172 -0.541909 -1.50478 -0.345383 -3.202409 -5.845513 1.197792 -5.60814 14.599876 5.764744 0.591403 -0.819891 -0.910351 -0.630207 -3.52202 -2.64879 -0.615766 -13.026998 7.7e-05 -2.3e-05 6e-06 0.002307 -0.002027 0.043987 0.718416 -3.745809 -10.537782 -0.713566 3.73912 -10.50557 -16.942852 -11.863401 19.205685 -38.141018 -16.625896 20.832777 1.276152 -39.706139 -0.873363 0.619677 -2.318921 -20.450336 -5.88211 9.861288 0.702592 -10.936875 -0.360575 7.156206 -1e-06 8.774827 -0.0 -15.811555 18.128815 6.210566 -1.844033 2.498506 -2.507278 -10.163605 4.678946 4.621108 -20.97603 0.0 3e-06 -21.226292 2.451701 -3.594004 1e-06 -6e-06 -1e-06 -1.362682 2.240799 -0.746325 -21.334925 0.584912 3.008326 -13.821218 -0.0 2e-06 -23.887178 -0.249076 -0.839483 -60.453548 2.425588 -1.209192 -0.294026 1.679687 0.833256 -14.218214 0.093216 1.30058 -34.212067 -0.287561 0.96717 -20.033222 0.964536 1.212844 1e-06 0.0 0.0 -3.440391 0.788236 0.501655 -15.928192 -3.167309 2.999709 -6.338829 0.0 0.0 -18.123453 3.648187 -4.905673 -3e-06 1e-06 -2e-06 21.354506 5.177346 19.964638 49.359955 2.802146 35.737785 -0.479736 33.073296 -0.177519 3.88125 -4.060963 -15.19434 2.243542 -5.255037 -3.180158 14.282891 -0.826595 6.952504 -2e-06 -12.690605 -2e-06 16.303268 -17.846922 2.579318 1.665666 -1.955922 -2.878298 4.727798 -4.170588 4.993925 11.020528 3e-06 -1e-06 12.109053 -3.735716 -2.866786 -1e-06 1e-06 -2e-06 1.291986 -1.92855 -1.49809 14.800129 0.567468 3.865608 14.242576 -1.341736 -6.660661 19.631973 0.143926 -0.648246 49.975754 -0.515997 -6.285931 0.353029 -1.511151 -0.03194 20.22279 3.684309 2.316629 18.78727 5e-06 -1e-06 10.751629 -0.479869 1.397907 -0.0 2e-06 1e-06 3.273807 0.305947 -0.58011 21.486814 11.830376 2.266133 8.162929 3e-06 1e-06 18.399082 -3.798985 -4.940576 4e-06 1e-06 -2e-06 19.112808 5.383975 9.914385 0.014463 -1.31104 46.801815 -7.59171 -4.106325 23.265869 1.85607 -1.826375 -7.695551 -0.0 0.0 2e-06 5.484159 -12.338335 -18.158779 0.131719 -0.117341 19.930185 -1.433266 -4.458792 1.656657 -1.421878 1.020899 0.052814 0.0 0.0 -1e-06 
0.0 0.0 0.0 0.0 -0.0 0.0 -5.539522 97.750565 330.234192 -5.396259 4.983669 -4.796879 1.868995 -0.413993 -1.098105 -0.32655 -2.811989 -5.630372 1.320969 -5.315423 14.728619 5.933963 0.484197 -1.072502 -0.873122 -0.641464 -3.474056 -2.660314 -0.518636 -13.481866 7.7e-05 -2.2e-05 6e-06 -0.000483 -0.016814 0.040123 0.70722 -3.758721 -10.515593 -0.708407 3.723191 -10.487921 -16.974701 -11.202843 19.425667 -40.456367 -16.085346 23.724916 0.845318 -36.329182 -0.601989 -0.665118 -2.027273 -20.1971 -5.882108 9.86129 0.70259 -10.936873 -0.360574 7.156207 -0.0 8.774827 1e-06 -15.89001 18.099316 6.193627 -1.844033 2.498505 -2.507279 -10.163602 4.678946 4.621108 -20.976027 -3e-06 -0.0 -21.226292 2.451697 -3.594005 3e-06 -5e-06 -1e-06 -1.362681 2.240798 -0.746324 -21.334917 0.58491 3.008321 -13.821215 -0.0 -1e-06 -23.887177 -0.24908 -0.839487 -60.441177 2.515646 -1.210776 -0.294025 1.679687 0.833256 -14.21821 0.093215 1.300578 -34.212063 -0.287565 0.967165 -20.033218 0.964535 1.212841 0.0 -0.0 0.0 -3.44039 0.788234 0.501657 -15.928189 -3.16731 2.999706 -6.338827 -1e-06 1e-06 -18.123453 3.648184 -4.905675 -3e-06 1e-06 -2e-06 21.474434 5.802325 19.943556 48.006252 4.147916 35.358959 -0.251743 32.60043 -0.194142 3.087661 -3.96084 -16.33935 2.243541 -5.255035 -3.180157 14.28289 -0.826594 6.952501 -3e-06 -12.690601 -0.0 16.27632 -17.623636 2.560246 1.665666 -1.955921 -2.878297 4.727798 -4.170587 4.993926 11.020526 3e-06 -1e-06 12.109053 -3.735713 -2.866785 -1e-06 1e-06 -0.0 1.291985 -1.928549 -1.498091 14.800127 0.567468 3.865608 14.242571 -1.341735 -6.660657 19.631969 0.143926 -0.648245 49.930191 -0.519263 -6.237795 0.353029 -1.51115 -0.03194 20.222788 3.68431 2.316629 18.78727 5e-06 0.0 10.751629 -0.479867 1.397906 -0.0 2e-06 -0.0 3.273806 0.305947 -0.580111 21.486813 11.830372 2.266131 8.162927 2e-06 -0.0 18.39908 -3.798983 -4.940574 3e-06 1e-06 -1e-06 19.398006 5.898321 5.02165 -0.042245 -1.220643 55.000233 -5.419543 -1.355797 21.039703 1.850307 -1.91945 -4.385305 0.0 0.0 3e-06 6.138449 -12.227429 -13.90059 0.038075 -0.145246 18.314114 -1.691032 -4.656232 -0.365196 -1.412635 1.060071 0.089968 -0.0 0.0 -1e-06 
0.0 0.0 0.0 0.0 -0.0 0.0 -6.194705 98.441254 334.160553 -5.174549 4.53375 -5.404384 2.076299 -0.226043 -0.658226 -0.395722 -2.317577 -5.432384 1.021047 -4.774895 14.784557 5.934477 0.468363 -0.963474 -0.828681 -0.572224 -3.424675 -2.572187 -0.527868 -13.711888 7.7e-05 -2.3e-05 5e-06 -0.001951 -0.025731 0.036463 0.697038 -3.764945 -10.497076 -0.701871 3.712121 -10.483724 -16.733093 -10.373156 19.626938 -42.86586 -15.30673 26.708387 0.41415 -33.253151 -0.348137 -2.335146 -1.528058 -19.7057 -5.882112 9.861295 0.702591 -10.936884 -0.360577 7.156212 3e-06 8.774835 -0.0 -16.010973 18.01198 6.112093 -1.844034 2.498506 -2.507282 -10.163611 4.678948 4.621113 -20.976048 -8e-06 3e-06 -21.226311 2.451697 -3.594002 1e-06 -6e-06 -1e-06 -1.362683 2.2408 -0.746324 -21.334938 0.584906 3.008324 -13.821229 -7e-06 -0.0 -23.887196 -0.249085 -0.83948 -60.430489 2.579593 -1.27718 -0.294024 1.679689 0.833256 -14.218225 0.093212 1.300579 -34.212086 -0.287573 0.967176 -20.033236 0.964535 1.212848 -1e-06 1e-06 -0.0 -3.440392 0.788233 0.501657 -15.928205 -3.167315 2.999709 -6.338833 -3e-06 -2e-06 -18.123466 3.648182 -4.905672 -3e-06 0.0 -1e-06 21.185314 6.621398 20.068632 46.850941 5.947263 35.10318 -0.084076 32.238403 -0.120742 2.246701 -3.959956 -17.838896 2.243543 -5.255041 -3.180161 14.282907 -0.826594 6.952511 -3e-06 -12.690617 -1e-06 16.252705 -17.473177 2.509904 1.665668 -1.955923 -2.8783 4.727804 -4.170591 4.993927 11.02054 4e-06 1e-06 12.109066 -3.735718 -2.866787 -1e-06 1e-06 -0.0 1.291987 -1.928551 -1.498091 14.800148 0.56747 3.865613 14.242586 -1.341736 -6.660666 19.631992 0.143926 -0.648244 49.78125 -0.564463 -6.280287 0.353029 -1.511152 -0.031941 20.222816 3.684315 2.316633 18.787296 7e-06 1e-06 10.751641 -0.479869 1.397908 -1e-06 0.0 0.0 3.273811 0.305947 -0.580109 21.486843 11.83039 2.266137 8.162938 3e-06 -2e-06 18.399103 -3.798987 -4.94058 3e-06 0.0 -2e-06 18.287584 7.070815 0.387027 -0.124356 -0.944325 60.333603 -3.799359 0.436155 16.690969 1.807821 -1.903181 -4.036079 0.0 0.0 2e-06 5.957077 -11.680103 -9.152202 -0.013681 -0.167722 15.573258 -1.719672 -4.898515 -1.710254 -1.404623 1.078686 0.138211 -0.0 0.0 -1e-06 
0.0 0.0 0.0 0.0 -0.0 0.0 -6.717196 99.045959 338.001099 -4.528468 3.668472 -5.868303 2.20525 -0.00464 -0.161354 -0.457217 -1.695087 -5.237669 0.446234 -4.086507 14.676359 5.557371 0.577823 -0.656742 -0.794903 -0.455573 -3.387967 -2.273754 -0.608857 -13.770714 7.7e-05 -2.2e-05 6e-06 -0.003133 -0.027901 0.032382 0.685381 -3.76573 -10.489354 -0.69374 3.708227 -10.492886 -16.517555 -9.306074 19.779325 -44.897472 -14.023112 29.355959 0.132586 -31.311371 -0.217271 -4.386606 -0.925433 -18.947115 -5.88211 9.861291 0.702591 -10.936878 -0.360574 7.156211 0.0 8.774831 2e-06 -16.198927 17.927208 6.013306 -1.844034 2.498506 -2.507278 -10.163607 4.678948 4.621112 -20.976038 -4e-06 2e-06 -21.226301 2.451696 -3.593999 1e-06 -6e-06 -0.0 -1.362682 2.2408 -0.746324 -21.334929 0.584909 3.008324 -13.821221 -2e-06 2e-06 -23.887184 -0.24908 -0.839483 -60.504898 2.630379 -1.380051 -0.294025 1.679689 0.833256 -14.218219 0.093215 1.300581 -34.212074 -0.287567 0.96717 -20.033228 0.964537 1.212845 0.0 -0.0 1e-06 -3.440391 0.788233 0.501658 -15.928196 -3.167312 2.999708 -6.33883 -1e-06 0.0 -18.123459 3.648184 -4.905672 -2e-06 1e-06 0.0 20.334843 7.692356 20.213333 46.002384 7.898797 34.938908 -0.024809 32.203396 -0.018426 1.643341 -4.011758 -19.363352 2.243544 -5.25504 -3.180159 14.282902 -0.826595 6.952506 -3e-06 -12.690611 1e-06 16.252562 -17.37208 2.44815 1.665668 -1.955923 -2.878302 4.727802 -4.17059 4.993926 11.020536 3e-06 -1e-06 12.109064 -3.735717 -2.866789 -1e-06 0.0 0.0 1.291987 -1.92855 -1.49809 14.800139 0.567469 3.865606 14.242584 -1.341736 -6.660664 19.631979 0.143927 -0.648248 49.587559 -0.637523 -6.362352 0.35303 -1.511152 -0.031939 20.222809 3.684313 2.316629 18.787289 7e-06 -2e-06 10.751637 -0.479869 1.397905 1e-06 0.0 1e-06 3.273809 0.305947 -0.580111 21.486834 11.830383 2.266132 8.162935 3e-06 -2e-06 18.399103 -3.798985 -4.940582 2e-06 1e-06 -1e-06 16.180767 8.62323 -4.086265 -0.154168 -0.607307 62.944191 -3.188444 1.350218 12.559743 1.754484 -1.868844 -4.145196 0.0 -0.0 2e-06 5.3174 -10.868436 -4.31914 -0.018733 -0.168292 12.223107 -1.726021 -4.90864 -2.566394 -1.402795 1.040447 0.193713 -0.0 0.0 -1e-06 
0.0 0.0 0.0 0.0 -0.0 0.0 -7.135536 99.468475 341.674194 -3.75467 2.509567 -6.122516 2.345468 0.183585 0.300917 -0.482433 -0.970321 -5.033132 -0.211798 -3.280941 14.49507 4.754824 0.8613 -0.417449 -0.781939 -0.389005 -3.380306 -1.841789 -0.685029 -13.708241 7.7e-05 -2.3e-05 6e-06 -0.007246 -0.036767 0.033141 0.668739 -3.774354 -10.479329 -0.686898 3.698726 -10.499218 -16.794744 -7.965213 19.92647 -46.040428 -12.095995 31.028122 0.031571 -30.910172 -0.193631 -6.090582 -0.386319 -18.363045 -5.882107 9.861286 0.702591 -10.936875 -0.360576 7.15621 2e-06 8.774827 -1e-06 -16.342525 17.911469 5.973257 -1.844033 2.498505 -2.507277 -10.163603 4.678944 4.621109 -20.97603 -5e-06 4e-06 -21.226294 2.451697 -3.593999 0.0 -5e-06 -0.0 -1.362682 2.240798 -0.746323 -21.334921 0.584908 3.008324 -13.821218 -4e-06 3e-06 -23.887178 -0.249081 -0.839481 -60.605309 2.68079 -1.423856 -0.294025 1.679688 0.833256 -14.218214 0.093213 1.300581 -34.212063 -0.287566 0.967172 -20.033224 0.964537 1.212845 1e-06 -0.0 1e-06 -3.440389 0.788233 0.501656 -15.928191 -3.167312 2.999708 -6.338829 -2e-06 2e-06 -18.123451 3.64818 -4.905669 -3e-06 1e-06 1e-06 19.166826 8.957335 20.281698 45.128555 9.752535 34.311523 -0.011408 32.721878 0.094188 1.183787 -3.957783 -20.512171 2.243541 -5.255038 -3.180159 14.282896 -0.826594 6.952503 -3e-06 -12.690609 1e-06 16.298616 -17.303299 2.417175 1.665667 -1.955922 -2.878302 4.7278 -4.170588 4.993925 11.02053 3e-06 -0.0 12.109056 -3.735716 -2.866787 0.0 0.0 -1e-06 1.291986 -1.92855 -1.498089 14.800132 0.567469 3.865608 14.242577 -1.341736 -6.660659 19.631975 0.143926 -0.648244 49.473576 -0.670508 -6.40848 0.353029 -1.51115 -0.03194 20.222801 3.684313 2.316634 18.787283 6e-06 2e-06 10.751631 -0.479867 1.397905 -1e-06 0.0 0.0 3.273808 0.305947 -0.580112 21.486824 11.83038 2.266136 8.16293 2e-06 0.0 18.399092 -3.798985 -4.940576 3e-06 -0.0 -1e-06 13.557982 10.183808 -8.57778 -0.118829 -0.250344 62.951496 -3.834569 1.166529 9.549332 1.711889 -1.836481 -4.260196 0.0 -0.0 -0.0 4.534464 -10.0142 -0.297954 0.00076 -0.166206 9.753956 -1.70774 -4.622664 -3.292865 -1.409201 0.968592 0.272237 -0.0 0.0 -1e-06 
0.0 0.0 0.0 0.0 -0.0 0.0 -7.451999 99.658463 345.208893 -3.076813 1.210949 -6.14947 2.520194 0.304475 0.665157 -0.473258 -0.207367 -4.842346 -0.793078 -2.427056 14.338763 3.681434 1.275534 -0.377 -0.782293 -0.342359 -3.397757 -1.426213 -0.790355 -13.645064 7.7e-05 -2.2e-05 7e-06 -0.01424 -0.056813 0.044892 0.650887 -3.790469 -10.447331 -0.685108 3.674541 -10.477953 -17.57748 -6.490012 20.014734 -46.353241 -9.792837 31.493599 0.022523 -31.548983 -0.198114 -6.852674 -0.0175 -18.393347 -5.882109 9.86129 0.702591 -10.936875 -0.360574 7.156204 -0.0 8.774828 -2e-06 -16.407448 17.916628 6.008122 -1.844033 2.498505 -2.507279 -10.163603 4.678946 4.621109 -20.976027 -2e-06 -0.0 -21.226292 2.451699 -3.594004 -1e-06 -5e-06 -1e-06 -1.362682 2.240799 -0.746324 -21.334919 0.58491 3.008319 -13.821217 -2e-06 0.0 -23.887175 -0.249079 -0.839485 -60.712063 2.715775 -1.343883 -0.294025 1.679688 0.833254 -14.21821 0.093216 1.300578 -34.212051 -0.287564 0.967165 -20.033215 0.964535 1.212841 -0.0 0.0 -0.0 -3.440389 0.788234 0.501655 -15.928189 -3.16731 2.999705 -6.338826 -1e-06 1e-06 -18.123447 3.648185 -4.905675 -3e-06 0.0 -3e-06 18.01046 10.25881 20.255878 43.96553 11.281466 32.917343 -0.020297 33.821396 0.162002 0.721256 -3.770588 -21.251015 2.243543 -5.255039 -3.180155 14.282896 -0.826596 6.952501 -2e-06 -12.690609 -1e-06 16.350819 -17.270082 2.441603 1.665667 -1.955922 -2.878297 4.7278 -4.170588 4.993922 11.020529 2e-06 -2e-06 12.109058 -3.735717 -2.866787 0.0 0.0 -1e-06 1.291987 -1.92855 -1.498089 14.800134 0.567468 3.865604 14.242579 -1.341738 -6.66066 19.631975 0.143925 -0.648246 49.463497 -0.667052 -6.3757 0.35303 -1.511152 -0.031939 20.222801 3.684311 2.316629 18.787283 4e-06 -3e-06 10.751634 -0.479866 1.397903 -1e-06 1e-06 1e-06 3.273808 0.305947 -0.580113 21.48682 11.830378 2.266131 8.16293 3e-06 -3e-06 18.399088 -3.798987 -4.94058 2e-06 0.0 -1e-06 10.954592 11.413522 -12.860838 -0.016185 0.077182 60.37117 -5.463701 0.22822 8.02946 1.6995 -1.817155 -4.289848 -0.0 -0.0 -1e-06 3.774533 -9.337933 3.037647 0.015284 -0.162978 7.976609 -1.625813 -4.088872 -4.289695 -1.421331 0.907936 0.340535 -0.0 -0.0 -1e-06 
0.0 0.0 0.0 0.0 -0.0 0.0 -7.680777 99.660957 348.626099 -2.532475 -0.118449 -6.016684 2.666508 0.376345 0.940082 -0.443061 0.545649 -4.703417 -1.247307 -1.604924 14.267654 2.52244 1.707603 -0.48963 -0.769136 -0.312111 -3.417972 -1.147632 -0.944408 -13.71604 7.7e-05 -2.3e-05 6e-06 -0.017618 -0.070293 0.062963 0.637685 -3.79883 -10.410502 -0.680975 3.65573 -10.448643 -18.632072 -5.02803 20.051189 -46.248291 -7.473607 31.123814 0.013883 -32.32999 -0.189937 -7.006768 0.217096 -18.963165 -5.882109 9.861292 0.702591 -10.936875 -0.360574 7.156209 1e-06 8.77483 -0.0 -16.422968 17.918287 6.065689 -1.844033 2.498506 -2.507278 -10.163604 4.678947 4.621109 -20.97603 -3e-06 1e-06 -21.226295 2.451697 -3.594003 -0.0 -8e-06 0.0 -1.362682 2.2408 -0.746322 -21.334921 0.584911 3.008324 -13.821218 -2e-06 1e-06 -23.887178 -0.249078 -0.839484 -60.795864 2.689802 -1.175684 -0.294025 1.679688 0.833259 -14.218215 0.093215 1.300581 -34.212063 -0.287562 0.967172 -20.033222 0.964537 1.212845 -1e-06 -0.0 -1e-06 -3.440389 0.788234 0.501654 -15.928192 -3.167311 2.999709 -6.338829 -1e-06 -1e-06 -18.123453 3.648187 -4.905672 -5e-06 -0.0 -4e-06 17.025166 11.496709 20.199606 42.450615 12.537057 30.786116 -0.062316 35.256706 0.157514 0.251194 -3.586236 -21.780712 2.243543 -5.255039 -3.18016 14.282897 -0.826596 6.952506 -2e-06 -12.69061 2e-06 16.362188 -17.261227 2.492722 1.665667 -1.955921 -2.878299 4.727799 -4.170588 4.993924 11.020528 2e-06 -2e-06 12.109055 -3.735717 -2.866784 0.0 0.0 -1e-06 1.291987 -1.928549 -1.498087 14.800134 0.567468 3.865608 14.242577 -1.341737 -6.660659 19.631973 0.143927 -0.648248 49.50914 -0.648061 -6.268328 0.353028 -1.51115 -0.031939 20.222799 3.68431 2.316628 18.787281 4e-06 -2e-06 10.751633 -0.479867 1.397905 1e-06 1e-06 0.0 3.273808 0.305947 -0.580111 21.486824 11.830379 2.266132 8.16293 2e-06 -3e-06 18.399092 -3.798986 -4.940578 3e-06 -1e-06 -1e-06 8.593848 12.179222 -16.682482 0.113535 0.295052 55.243557 -7.37263 -0.675638 7.733431 1.72137 -1.829333 -4.215814 0.0 0.0 3e-06 3.079109 -8.897626 5.66251 0.011342 -0.123456 6.906616 -1.48004 -3.403834 -5.472171 -1.434084 0.878359 0.441336 -0.0 -0.0 -1e-06 
0.0 0.0 0.0 0.0 -0.0 0.0 -7.833859 99.524643 351.921875 -2.101955 -1.355916 -5.725183 2.747752 0.391309 1.082854 -0.408253 1.248404 -4.643324 -1.589588 -0.871397 14.293209 1.427315 2.072436 -0.676712 -0.716434 -0.264417 -3.431792 -1.02712 -1.100311 -13.825518 7.7e-05 -2.3e-05 5e-06 -0.014722 -0.071802 0.079126 0.625972 -3.797307 -10.380261 -0.665605 3.650945 -10.423524 -19.786444 -3.674731 20.014912 -46.0452 -5.398066 30.544361 0.071778 -32.544788 -0.171593 -6.997227 0.367701 -19.889589 -5.882107 9.861286 0.70259 -10.936875 -0.360576 7.156205 1e-06 8.774827 -1e-06 -16.38983 17.925217 6.118834 -1.844033 2.498505 -2.507279 -10.163604 4.678944 4.621109 -20.976036 -5e-06 2e-06 -21.226292 2.451694 -3.593999 0.0 -7e-06 -1e-06 -1.362682 2.240798 -0.746324 -21.334921 0.584908 3.008324 -13.821215 -3e-06 2e-06 -23.887175 -0.249082 -0.839483 -60.81934 2.632161 -1.014622 -0.294025 1.679687 0.833256 -14.218214 0.093214 1.300581 -34.212063 -0.287565 0.967174 -20.033218 0.964536 1.212846 -1e-06 -3e-06 -0.0 -3.440389 0.788233 0.501654 -15.928189 -3.167311 2.999706 -6.338828 -2e-06 1e-06 -18.123453 3.648181 -4.905669 -5e-06 1e-06 -2e-06 16.279802 12.601572 20.155197 40.653763 13.644952 28.249105 -0.156694 36.738483 0.115189 -0.171335 -3.473857 -22.215345 2.243542 -5.255037 -3.180159 14.282894 -0.826596 6.952503 -1e-06 -12.690605 0.0 16.330946 -17.282658 2.5367 1.665667 -1.955924 -2.878299 4.7278 -4.170589 4.993926 11.020528 2e-06 -1e-06 12.109055 -3.735717 -2.866785 0.0 0.0 1e-06 1.291985 -1.928549 -1.49809 14.800129 0.567467 3.865607 14.242575 -1.341738 -6.660659 19.631969 0.143924 -0.648247 49.540901 -0.629687 -6.159881 0.353029 -1.511151 -0.031939 20.222794 3.684309 2.316631 18.787273 4e-06 -0.0 10.751629 -0.479869 1.397906 1e-06 2e-06 -1e-06 3.273807 0.305947 -0.58011 21.486814 11.830376 2.266132 8.16293 3e-06 -2e-06 18.399084 -3.798987 -4.940576 2e-06 -1e-06 0.0 6.536845 12.440433 -19.83268 0.208851 0.373215 47.602455 -8.679718 -0.819695 8.427222 1.755186 -1.880068 -4.121134 -0.0 0.0 2e-06 2.387162 -8.686319 7.831304 -0.010086 -0.04523 6.431227 -1.224684 -2.630278 -6.82702 -1.442159 0.875388 0.54484 -0.0 -0.0 -1e-06 
0.0 0.0 0.0 0.0 -0.0 0.0 -7.8898 99.276337 355.170044 -1.81398 -2.463501 -5.298812 2.802595 0.37556 1.084442 -0.3789 1.851965 -4.66922 -1.828289 -0.236864 14.385492 0.463004 2.352107 -0.857074 -0.640308 -0.202479 -3.444003 -0.965959 -1.224774 -13.855521 7.7e-05 -2.2e-05 6e-06 -0.004575 -0.051549 0.085594 0.619678 -3.780976 -10.383804 -0.640636 3.675232 -10.426093 -20.848614 -2.505474 19.934288 -45.981148 -3.664 29.990063 0.204873 -32.009937 -0.155181 -7.051312 0.558764 -20.728531 -5.882105 9.861283 0.702589 -10.936872 -0.360576 7.156203 1e-06 8.774822 -2e-06 -16.293022 17.944561 6.186919 -1.844032 2.498504 -2.507276 -10.163599 4.678943 4.621109 -20.976023 -4e-06 3e-06 -21.226286 2.451694 -3.593997 -1e-06 -7e-06 -1e-06 -1.362682 2.240797 -0.746324 -21.334913 0.584908 3.008322 -13.821213 -4e-06 3e-06 -23.887165 -0.24908 -0.839482 -60.800514 2.618969 -0.929473 -0.294025 1.679687 0.833255 -14.218207 0.093214 1.30058 -34.212048 -0.287565 0.967171 -20.033211 0.964537 1.212845 -1e-06 -2e-06 -1e-06 -3.440388 0.788233 0.501655 -15.928185 -3.16731 2.999707 -6.338826 -1e-06 2e-06 -18.123444 3.64818 -4.905669 -4e-06 1e-06 -2e-06 15.6852 13.558376 20.098389 38.893425 14.598118 25.620815 -0.298018 38.060349 0.05603 -0.530698 -3.494337 -22.475658 2.243542 -5.255037 -3.180157 14.282892 -0.826594 6.952506 -2e-06 -12.690605 -0.0 16.294956 -17.34005 2.549003 1.665667 -1.955922 -2.878299 4.727799 -4.170587 4.993925 11.020528 3e-06 -1e-06 12.109055 -3.735715 -2.866785 -0.0 -0.0 -0.0 1.291986 -1.928549 -1.498089 14.800131 0.567469 3.865611 14.242571 -1.341736 -6.660659 19.631968 0.143926 -0.648243 49.524693 -0.622425 -6.135925 0.353028 -1.51115 -0.031939 20.222794 3.684311 2.31663 18.787273 5e-06 2e-06 10.751629 -0.479869 1.397906 1e-06 2e-06 -1e-06 3.273807 0.305948 -0.580112 21.486818 11.830379 2.266135 8.16293 2e-06 -2e-06 18.399084 -3.798986 -4.940576 2e-06 -2e-06 1e-06 4.892611 12.36934 -21.981565 0.247485 0.376983 37.50666 -9.031209 -0.089509 10.115152 1.775413 -1.948783 -4.005406 -0.0 -0.0 2e-06 1.670571 -8.649881 9.570059 -0.039696 0.053613 6.317553 -0.808948 -1.726729 -8.185368 -1.44109 0.898664 0.495683 -0.0 -0.0 -1e-06 
0.0 0.0 0.0 0.0 -0.0 0.0 -7.849727 98.945274 358.547882 -1.69516 -3.482052 -4.803885 2.875764 0.404589 0.977938 -0.358085 2.283341 -4.751054 -1.961334 0.325831 14.481965 -0.326453 2.587581 -0.984219 -0.581702 -0.228846 -3.464726 -0.868201 -1.250738 -13.753075 7.7e-05 -2.3e-05 7e-06 0.008141 -0.023316 0.082491 0.626979 -3.763313 -10.429812 -0.623519 3.714137 -10.456369 -21.65077 -1.56483 19.844261 -46.163654 -2.239522 29.488556 0.333601 -31.001108 -0.174182 -7.230804 0.860063 -21.070511 -5.88211 9.861291 0.70259 -10.936874 -0.360575 7.156205 -1e-06 8.77483 -1e-06 -16.150642 17.940931 6.324602 -1.844034 2.498506 -2.507279 -10.163602 4.678948 4.621108 -20.976027 -0.0 -1e-06 -21.226292 2.4517 -3.594006 -1e-06 -5e-06 0.0 -1.362682 2.2408 -0.746323 -21.334919 0.584911 3.00832 -13.821218 -1e-06 1e-06 -23.887175 -0.249079 -0.839488 -60.792057 2.662925 -0.860399 -0.294025 1.679688 0.833256 -14.218214 0.093216 1.300579 -34.212067 -0.287563 0.967165 -20.03322 0.964537 1.21284 -0.0 -0.0 -0.0 -3.440389 0.788234 0.501655 -15.928189 -3.16731 2.999707 -6.338829 -1e-06 1e-06 -18.123455 3.648185 -4.905675 -4e-06 1e-06 -2e-06 15.16551 14.362812 19.982958 37.478531 15.324056 23.129704 -0.470316 39.119198 -0.044822 -0.840541 -3.599244 -22.658573 2.243543 -5.25504 -3.180159 14.282897 -0.826599 6.952507 1e-06 -12.690612 1e-06 16.244806 -17.35379 2.545071 1.665666 -1.955921 -2.878299 4.727802 -4.17059 4.993927 11.02053 0.0 0.0 12.109057 -3.735722 -2.866783 -0.0 -0.0 1e-06 1.291987 -1.92855 -1.498088 14.800134 0.567465 3.865611 14.242578 -1.341741 -6.660658 19.631973 0.143921 -0.648247 49.432079 -0.608948 -6.18788 0.353029 -1.511151 -0.031941 20.222801 3.684307 2.316632 18.787283 -1e-06 -2e-06 10.751634 -0.479871 1.397907 0.0 2e-06 -0.0 3.273808 0.305946 -0.58011 21.48682 11.830378 2.266136 8.16293 0.0 -2e-06 18.399094 -3.798994 -4.94058 2e-06 -1e-06 -2e-06 3.744229 12.225618 -22.729343 0.213174 0.370663 25.17009 -8.620251 1.255479 12.30431 1.774637 -1.962354 -3.67443 -0.0 0.0 2e-06 0.968067 -8.728822 11.454096 -0.062523 0.127213 6.023482 -0.239561 -0.565239 -9.225542 -1.435151 0.956524 0.079243 -0.0 -0.0 -1e-06 
0.0 0.0 0.0 0.0 -0.0 0.0 -7.733384 98.580528 362.135529 -1.82062 -4.410177 -4.345639 2.996989 0.421406 0.804883 -0.347553 2.545211 -4.840429 -1.944183 0.797739 14.523942 -0.847043 2.762959 -1.102713 -0.582584 -0.286509 -3.431146 -0.814885 -1.095618 -13.575068 7.7e-05 -2.3e-05 6e-06 0.02995 0.045071 0.08296 0.657366 -3.7063 -10.475199 -0.61101 3.793414 -10.488296 -22.111919 -0.76602 19.824417 -46.674793 -0.995636 28.822071 0.408274 -29.925285 -0.196259 -7.43442 1.298619 -20.748783 -5.882109 9.861287 0.702591 -10.936875 -0.360574 7.156208 1e-06 8.774826 0.0 -16.11611 17.921574 6.469813 -1.844033 2.498505 -2.507278 -10.163603 4.678946 4.621109 -20.976034 -2e-06 3e-06 -21.226295 2.451699 -3.594001 -0.0 -6e-06 -0.0 -1.362682 2.240798 -0.746324 -21.334925 0.58491 3.008326 -13.821221 -2e-06 3e-06 -23.887182 -0.249076 -0.839482 -60.877708 2.646749 -0.701104 -0.294025 1.679687 0.833256 -14.218213 0.093216 1.300582 -34.212059 -0.287562 0.967172 -20.033224 0.964537 1.212844 -1e-06 1e-06 -0.0 -3.440389 0.788234 0.501657 -15.928192 -3.167309 2.999707 -6.338828 -0.0 3e-06 -18.123447 3.648185 -4.905671 -5e-06 0.0 -2e-06 14.687743 15.058573 19.896858 36.535015 15.820822 20.592422 -0.475259 39.961403 0.038789 -1.242602 -3.764414 -22.742342 2.243543 -5.255039 -3.180158 14.282898 -0.826594 6.952506 -2e-06 -12.69061 2e-06 16.229292 -17.370428 2.577309 1.665669 -1.955922 -2.878299 4.7278 -4.170591 4.993925 11.020535 3e-06 -2e-06 12.109059 -3.735717 -2.866787 -0.0 0.0 -0.0 1.291988 -1.928551 -1.498089 14.800136 0.567469 3.865608 14.24258 -1.341736 -6.660661 19.631983 0.143928 -0.648246 49.5154 -0.720473 -6.220098 0.35303 -1.511153 -0.031939 20.222803 3.684311 2.316629 18.787283 5e-06 -3e-06 10.751633 -0.47987 1.397907 2e-06 1e-06 0.0 3.27381 0.305946 -0.580113 21.486824 11.830383 2.266132 8.162931 2e-06 -3e-06 18.399096 -3.798986 -4.940582 2e-06 -1e-06 1e-06 3.200355 11.822708 -22.112736 0.062941 0.261495 11.556762 -7.724086 2.644171 13.551767 1.728885 -1.963992 -3.1007 0.0 0.0 2e-06 0.2612 -9.025134 13.653125 -0.064188 0.084086 5.547931 0.446203 0.846158 -9.48813 -1.447035 0.938289 -0.837959 0.0 -0.0 -1e-06 
0.0 0.0 0.0 0.0 -0.0 0.0 -7.522255 98.139397 365.933441 -2.123782 -5.204183 -3.89559 3.0734 0.384171 0.460332 -0.289817 2.748316 -4.927763 -1.77503 1.039481 14.562809 -1.319759 2.922931 -1.245045 -0.634465 -0.228794 -3.482463 -0.716163 -1.031632 -13.195582 7.7e-05 -2.2e-05 6e-06 0.023861 0.020428 0.080655 0.640963 -3.734398 -10.500049 -0.607331 3.771663 -10.496291 -22.395382 -0.090332 19.80125 -47.324352 0.179565 27.879921 0.339345 -29.068247 -0.182936 -7.841507 1.649354 -20.413742 -5.882108 9.86129 0.70259 -10.936873 -0.360574 7.156206 -1e-06 8.774828 -1e-06 -16.104923 18.063683 6.569444 -1.844033 2.498505 -2.507277 -10.163603 4.678947 4.62111 -20.97603 -1e-06 0.0 -21.226297 2.451699 -3.594003 -1e-06 -7e-06 -1e-06 -1.362682 2.240799 -0.746323 -21.334919 0.584911 3.008324 -13.821219 -3e-06 2e-06 -23.887178 -0.249076 -0.839483 -61.028847 2.66004 -0.735698 -0.294025 1.679688 0.833255 -14.218212 0.093216 1.300581 -34.212059 -0.287561 0.967169 -20.033218 0.964539 1.212843 -1e-06 0.0 0.0 -3.440389 0.788234 0.501656 -15.928192 -3.167309 2.999708 -6.338827 -0.0 2e-06 -18.123453 3.648185 -4.905674 -4e-06 1e-06 -2e-06 14.407392 15.502418 19.867695 35.868362 16.160892 18.687243 -0.628174 40.712463 -0.013037 -1.373154 -3.784322 -22.955603 2.243543 -5.255037 -3.180158 14.282895 -0.826597 6.952506 -1e-06 -12.690609 2e-06 16.156982 -17.376709 2.660179 1.665667 -1.955921 -2.878301 4.7278 -4.170591 4.993926 11.020532 1e-06 -1e-06 12.109058 -3.735718 -2.866785 -0.0 0.0 -0.0 1.291986 -1.92855 -1.49809 14.800132 0.567466 3.865608 14.242577 -1.341736 -6.660663 19.631973 0.143925 -0.648247 49.637257 -0.743926 -6.198182 0.35303 -1.511151 -0.031939 20.222797 3.684308 2.316627 18.787279 2e-06 -2e-06 10.751631 -0.479871 1.397905 0.0 1e-06 0.0 3.273808 0.305948 -0.580113 21.486816 11.830378 2.266129 8.162928 2e-06 -3e-06 18.399088 -3.798987 -4.940578 2e-06 -1e-06 0.0 3.255013 10.697565 -21.212994 -0.042709 0.106025 0.477491 -7.471059 3.8075 12.939225 1.663557 -2.011449 -3.094617 0.0 0.0 3e-06 -0.372842 -9.191557 16.215492 -0.043206 0.039744 4.661863 1.325323 2.136893 -8.995917 -1.434544 0.873222 -1.803491 -0.0 -0.0 -1e-06 
0.0 0.0 0.0 0.0 -0.0 0.0 -7.251574 97.622803 369.842255 -2.355188 -5.821752 -3.524697 3.051841 0.390157 0.200704 -0.247648 2.883602 -4.996886 -1.627851 1.17432 14.577287 -1.689391 2.982758 -1.478957 -0.64589 -0.207335 -3.504586 -0.664723 -1.042753 -13.024078 7.7e-05 -2.2e-05 6e-06 0.008783 -0.041742 0.086287 0.614423 -3.791143 -10.477612 -0.611231 3.704222 -10.467929 -22.636518 0.278083 19.730726 -47.754681 1.207148 27.065702 0.178247 -28.470421 -0.152411 -8.350596 1.634642 -20.595137 -5.88211 9.86129 0.702591 -10.936877 -0.360576 7.156206 1e-06 8.77483 1e-06 -16.06284 18.18972 6.580363 -1.844034 2.498506 -2.507279 -10.163604 4.678947 4.621109 -20.976034 -3e-06 -2e-06 -21.226297 2.451697 -3.594004 -2e-06 -6e-06 -0.0 -1.362682 2.240799 -0.746324 -21.334925 0.584911 3.008322 -13.821221 -2e-06 0.0 -23.887182 -0.249079 -0.839486 -61.105228 2.613258 -0.816842 -0.294025 1.679688 0.833254 -14.218214 0.093216 1.300581 -34.212067 -0.287565 0.967166 -20.033222 0.964536 1.212842 -1e-06 0.0 -0.0 -3.44039 0.788234 0.501655 -15.928192 -3.16731 2.999707 -6.33883 -1e-06 1e-06 -18.123459 3.648185 -4.905673 -5e-06 -0.0 -2e-06 14.474578 15.656105 19.842728 35.24361 16.201254 17.112303 -0.651473 41.547722 0.004169 -1.597275 -3.61819 -23.171015 2.243542 -5.255037 -3.180159 14.282896 -0.826598 6.952505 -0.0 -12.690608 2e-06 16.100508 -17.435392 2.684303 1.665668 -1.955922 -2.878299 4.727801 -4.170592 4.993925 11.020529 2e-06 -2e-06 12.109057 -3.735718 -2.866783 -0.0 0.0 1e-06 1.291986 -1.92855 -1.498089 14.800134 0.567465 3.86561 14.242578 -1.341739 -6.660657 19.631973 0.143923 -0.648247 49.634987 -0.719227 -6.24005 0.353029 -1.511151 -0.031941 20.222799 3.684307 2.316633 18.787281 1e-06 1e-06 10.751631 -0.47987 1.397904 0.0 2e-06 0.0 3.273809 0.305947 -0.580112 21.486816 11.830373 2.266132 8.16293 1e-06 -2e-06 18.399088 -3.798987 -4.940577 3e-06 -1e-06 -1e-06 3.198604 9.74863 -21.611185 -0.028976 0.026834 -4.049744 -7.502781 4.580901 11.414318 1.630304 -2.054775 -3.330688 0.0 0.0 3e-06 -1.06366 -9.150785 18.817345 -0.057265 0.048063 3.908576 2.002203 3.140654 -8.042581 -1.416725 0.802741 -2.840507 -0.0 -0.0 -1e-06 
0.0 0.0 0.0 0.0 -0.0 0.0 -6.912345 97.104332 373.867645 -2.121936 -6.245784 -3.273331 2.709023 0.4966 -0.004992 -0.256331 2.996442 -5.086251 -1.710721 1.181129 14.633913 -1.800605 2.994059 -1.735404 -0.706317 -0.292396 -3.500835 -0.610545 -1.076619 -13.002409 7.7e-05 -2.2e-05 6e-06 9.3e-05 -0.091316 0.091304 0.616153 -3.836209 -10.469802 -0.63034 3.649983 -10.457976 -22.79213 0.420525 19.651512 -47.869869 1.897586 26.578257 0.008904 -27.999952 -0.096257 -8.810055 1.699706 -20.769958 -5.882112 9.861293 0.702592 -10.936881 -0.360575 7.156212 1e-06 8.774833 -2e-06 -16.010294 18.272215 6.624501 -1.844034 2.498507 -2.507279 -10.163611 4.67895 4.621113 -20.976044 -2e-06 3e-06 -21.226305 2.4517 -3.594002 -1e-06 -6e-06 0.0 -1.362683 2.240801 -0.746324 -21.334934 0.584911 3.008328 -13.821228 -2e-06 3e-06 -23.887192 -0.249075 -0.839483 -61.163055 2.596063 -0.844899 -0.294025 1.679689 0.833258 -14.218222 0.093215 1.300582 -34.212078 -0.28756 0.967174 -20.03323 0.96454 1.212845 -1e-06 0.0 0.0 -3.440391 0.788235 0.501657 -15.928201 -3.167312 2.999711 -6.338832 -1e-06 2e-06 -18.123463 3.648187 -4.905673 -5e-06 1e-06 -2e-06 14.743479 15.652569 19.829247 34.978157 15.909247 16.03022 -0.805407 42.250973 -0.033025 -1.902966 -3.508314 -23.373135 2.243543 -5.255039 -3.18016 14.282902 -0.826599 6.952507 0.0 -12.690614 0.0 16.143162 -17.490866 2.630745 1.665667 -1.955922 -2.878301 4.727804 -4.170592 4.993926 11.020536 1e-06 -2e-06 12.109062 -3.73572 -2.866787 0.0 -0.0 -0.0 1.291987 -1.928551 -1.498091 14.80014 0.567466 3.865608 14.242584 -1.341738 -6.660665 19.631985 0.143926 -0.64825 49.547405 -0.673793 -6.305729 0.35303 -1.511153 -0.031942 20.222805 3.684309 2.31663 18.787289 3e-06 -2e-06 10.751639 -0.479869 1.397906 -0.0 2e-06 0.0 3.27381 0.305947 -0.580113 21.48683 11.830382 2.266131 8.162932 -0.0 -3e-06 18.399099 -3.798989 -4.940582 3e-06 0.0 -0.0 2.538417 8.95234 -22.181925 0.000195 -0.013113 -3.540857 -6.947592 4.435335 10.717536 1.650216 -2.068284 -3.436779 -0.0 0.0 2e-06 -2.197593 -8.936787 20.722364 -0.094533 0.157799 4.616118 2.466715 3.64143 -7.043508 -1.411853 0.80274 -4.364682 0.0 -0.0 -1e-06 
0.0 0.0 0.0 0.0 -0.0 0.0 -6.489275 96.663109 378.101288 -1.287966 -6.582417 -3.036458 1.964124 0.600653 -0.34085 -0.312113 3.146442 -5.288627 -2.016281 1.188714 14.767745 -1.651791 2.97529 -1.994582 -0.860285 -0.352908 -3.506274 -0.572762 -1.202911 -12.668764 7.7e-05 -2.2e-05 6e-06 0.009468 -0.095248 0.088695 0.64499 -3.845953 -10.504564 -0.639431 3.651374 -10.49294 -23.062689 0.432617 19.498419 -47.649426 2.261813 26.201986 -0.13839 -27.435623 -0.071284 -9.126304 1.982573 -20.705227 -5.882111 9.861292 0.702591 -10.936878 -0.360574 7.156209 -1e-06 8.774833 1e-06 -15.984303 18.377602 6.781761 -1.844034 2.498507 -2.507279 -10.163607 4.678948 4.621112 -20.97604 -3e-06 0.0 -21.226303 2.4517 -3.594003 -2e-06 -6e-06 0.0 -1.362683 2.2408 -0.746324 -21.334929 0.584911 3.008325 -13.821223 -2e-06 1e-06 -23.887188 -0.249079 -0.839485 -61.219231 2.641147 -0.798193 -0.294025 1.679688 0.833255 -14.218221 0.093215 1.300581 -34.212082 -0.287564 0.96717 -20.033232 0.964537 1.212843 -1e-06 0.0 0.0 -3.440391 0.788233 0.501656 -15.928201 -3.167312 2.999708 -6.338831 -1e-06 1e-06 -18.123463 3.648186 -4.905675 -4e-06 -0.0 -2e-06 15.233255 15.515579 19.86344 35.116852 15.302539 15.686279 -0.979642 42.526283 -0.095014 -2.253757 -3.531716 -23.332947 2.243545 -5.255039 -3.180161 14.282898 -0.826597 6.952505 -3e-06 -12.69061 0.0 16.160551 -17.491968 2.637429 1.665667 -1.955922 -2.878302 4.7278 -4.170589 4.993924 11.020531 2e-06 -4e-06 12.109057 -3.735717 -2.86679 0.0 -0.0 -0.0 1.291987 -1.92855 -1.498091 14.800136 0.567468 3.865608 14.24258 -1.341736 -6.660666 19.631981 0.143931 -0.648247 49.592903 -0.637304 -6.308906 0.35303 -1.511152 -0.031941 20.222801 3.684311 2.316628 18.787283 6e-06 -4e-06 10.751633 -0.479868 1.397907 -0.0 1e-06 1e-06 3.273808 0.305946 -0.580111 21.48682 11.83038 2.266129 8.16293 1e-06 -3e-06 18.399092 -3.798985 -4.940581 3e-06 0.0 -1e-06 1.274399 8.060091 -22.505386 -0.012948 -0.088308 0.262697 -5.275521 3.281032 11.190802 1.726345 -2.093081 -3.64905 0.0 0.0 3e-06 -4.047447 -8.634168 21.192184 -0.10369 0.288087 8.031317 2.830355 4.077727 -5.735001 -1.423863 0.82958 -7.178667 -0.0 -0.0 -1e-06 
0.0 0.0 0.0 0.0 -0.0 0.0 -6.004491 96.456985 382.57251 0.294666 -6.971689 -2.754925 0.719649 0.664478 -0.846051 -0.441956 3.375662 -5.57204 -2.549346 1.267339 14.955533 -1.380956 2.902574 -2.319004 -0.816766 -0.314558 -3.553514 -0.694168 -1.206275 -12.076099 7.7e-05 -2.3e-05 6e-06 0.015394 -0.109713 0.064236 0.650132 -3.859233 -10.521048 -0.632388 3.634716 -10.513406 -23.462854 0.297544 19.290308 -47.259121 2.250224 25.76461 -0.150246 -26.583735 -0.076245 -9.148938 2.232512 -20.564701 -5.882114 9.861299 0.70259 -10.936883 -0.360574 7.156209 -0.0 8.774835 -2e-06 -15.960129 18.233229 6.889556 -1.844035 2.498508 -2.507281 -10.163612 4.678951 4.621112 -20.976048 -2e-06 -2e-06 -21.226315 2.451701 -3.594008 -2e-06 -6e-06 0.0 -1.362683 2.240801 -0.746323 -21.334936 0.58491 3.008323 -13.821229 -2e-06 1e-06 -23.887197 -0.249081 -0.839487 -61.406597 2.644209 -0.697348 -0.294025 1.679689 0.833255 -14.218224 0.093216 1.300581 -34.212086 -0.287564 0.967167 -20.033236 0.964537 1.212842 -1e-06 1e-06 0.0 -3.440392 0.788235 0.501656 -15.928203 -3.167312 2.99971 -6.338834 -1e-06 -0.0 -18.12347 3.648188 -4.90568 -4e-06 0.0 -2e-06 15.993167 15.298133 20.000439 35.580982 14.442319 15.838456 -0.908617 42.373463 -0.010413 -2.703742 -3.658502 -23.126972 2.243545 -5.255042 -3.180162 14.282905 -0.8266 6.952508 1e-06 -12.690618 1e-06 16.195805 -17.349426 2.610099 1.665669 -1.955923 -2.878302 4.727804 -4.170592 4.993927 11.020538 1e-06 -4e-06 12.109066 -3.735721 -2.866788 0.0 -0.0 -1e-06 1.291988 -1.92855 -1.49809 14.800142 0.567465 3.865609 14.242589 -1.341741 -6.660666 19.631987 0.143924 -0.648251 49.670441 -0.560945 -6.162342 0.35303 -1.511152 -0.03194 20.222809 3.684307 2.316628 18.787291 0.0 -7e-06 10.751638 -0.479871 1.397905 -1e-06 2e-06 -2e-06 3.27381 0.305946 -0.580111 21.486832 11.83038 2.266129 8.162935 -0.0 -4e-06 18.399105 -3.798989 -4.940588 3e-06 -0.0 0.0 -0.658095 6.917577 -22.862743 -0.041312 -0.074877 4.724443 -3.139976 2.424535 14.324809 1.803173 -2.007582 -3.439312 -0.0 0.0 3e-06 -6.982029 -8.460523 20.518887 -0.072663 0.407622 13.354417 3.217858 4.832785 -3.597498 -1.458419 0.831228 -12.700294 -0.0 -0.0 -1e-06 
0.0 0.0 0.0 0.0 -0.0 0.0 -5.510888 96.407127 387.096191 1.846072 -6.940321 -2.847351 -0.31956 0.687439 -1.000976 -0.667338 3.404865 -5.754993 -3.174429 1.395747 14.966092 -1.011837 2.801831 -2.461109 -0.918194 -0.653433 -3.529403 -0.560829 -1.212366 -12.184296 7.7e-05 -2.2e-05 6e-06 0.031992 -0.070842 0.054477 0.691485 -3.813311 -10.512318 -0.640808 3.667154 -10.503089 -23.368135 -0.204238 19.54141 -47.136711 1.438504 25.642107 -0.060023 -25.884964 -0.102103 -9.012791 2.159792 -21.457506 -5.882114 9.861295 0.70259 -10.93688 -0.360575 7.156211 -0.0 8.774833 -3e-06 -16.118708 18.249277 6.754584 -1.844035 2.498507 -2.50728 -10.16361 4.67895 4.621112 -20.976044 -2e-06 2e-06 -21.226311 2.4517 -3.594005 -2e-06 -7e-06 0.0 -1.362683 2.2408 -0.746322 -21.334934 0.584912 3.008326 -13.821225 -2e-06 2e-06 -23.887188 -0.249075 -0.839486 -61.297493 2.544261 -0.694319 -0.294025 1.679689 0.833255 -14.218222 0.093217 1.300582 -34.212082 -0.287561 0.967171 -20.033232 0.964539 1.212843 -1e-06 1e-06 0.0 -3.440392 0.788235 0.501657 -15.928203 -3.167311 2.99971 -6.338831 -1e-06 2e-06 -18.123465 3.648187 -4.905677 -5e-06 -0.0 -2e-06 16.033272 14.671349 20.082588 37.342537 13.74098 16.636665 -0.9524 41.810341 0.105941 -2.941263 -3.84409 -22.951359 2.243544 -5.25504 -3.180158 14.282904 -0.826595 6.952503 -4e-06 -12.690616 1e-06 16.158302 -17.305672 2.654362 1.665668 -1.955922 -2.878302 4.727803 -4.17059 4.993925 11.020538 3e-06 -3e-06 12.109064 -3.735719 -2.866787 -0.0 -0.0 -1e-06 1.291986 -1.928549 -1.49809 14.80014 0.567468 3.865605 14.242585 -1.341736 -6.660664 19.631985 0.143927 -0.648247 49.798836 -0.574943 -6.081866 0.35303 -1.511151 -0.031939 20.222807 3.684314 2.316626 18.787289 7e-06 -5e-06 10.751637 -0.479866 1.397904 0.0 2e-06 -1e-06 3.27381 0.305947 -0.580112 21.486834 11.830383 2.266132 8.162934 2e-06 -2e-06 18.399099 -3.798984 -4.940581 4e-06 0.0 -1e-06 -2.509716 5.676547 -23.148098 -0.039032 -0.158923 10.150446 -2.175074 2.553011 14.953815 1.751495 -1.97527 -2.000841 0.0 0.0 2e-06 -10.066813 -8.966241 18.86779 -0.106749 0.657331 20.970284 3.034883 5.692123 0.015022 -1.513843 0.825366 -19.719194 -0.0 -0.0 -1e-06 
0.0 0.0 0.0 0.0 -0.0 0.0 -5.084214 96.494232 391.523743 3.342659 -6.344163 -3.387102 -1.225561 0.678488 -0.755649 -0.875378 3.267089 -5.594179 -3.999866 1.22412 14.681019 -0.613954 2.588442 -2.174668 -1.017835 -0.806368 -3.488814 -0.477148 -1.300399 -12.786718 7.7e-05 -2.3e-05 5e-06 0.04021 -0.048861 0.06017 0.718343 -3.792833 -10.495928 -0.653633 3.68815 -10.494619 -22.268581 -1.076845 19.615488 -47.765694 0.1721 25.277206 -0.207827 -25.402979 -0.105786 -8.527279 2.105865 -21.546183 -5.882107 9.861288 0.702589 -10.936873 -0.360574 7.156204 -1e-06 8.774826 -3e-06 -16.135532 18.113907 6.399638 -1.844033 2.498506 -2.507278 -10.163599 4.678945 4.621105 -20.976023 -3e-06 -1e-06 -21.226286 2.451698 -3.594003 -2e-06 -6e-06 -0.0 -1.362682 2.240798 -0.746323 -21.334913 0.58491 3.00832 -13.821213 -3e-06 0.0 -23.887171 -0.249078 -0.839486 -60.981815 2.534957 -1.080171 -0.294025 1.679688 0.833254 -14.218208 0.093215 1.300577 -34.212051 -0.287564 0.967167 -20.033215 0.964534 1.212841 -0.0 1e-06 0.0 -3.440388 0.788234 0.501656 -15.928185 -3.167309 2.999706 -6.338826 -1e-06 1e-06 -18.123444 3.648185 -4.905674 -5e-06 -1e-06 -2e-06 15.256093 14.108531 20.132362 40.568436 13.123404 17.754482 -0.810122 40.804726 0.1664 -3.025037 -3.770496 -22.566181 2.243542 -5.255038 -3.180158 14.282895 -0.826597 6.952503 1e-06 -12.690609 -2e-06 16.296766 -17.452742 2.667967 1.665666 -1.95592 -2.8783 4.727801 -4.170591 4.993926 11.020529 1e-06 -1e-06 12.109056 -3.73572 -2.866784 0.0 0.0 -1e-06 1.291986 -1.92855 -1.498088 14.800132 0.567466 3.86561 14.242576 -1.341741 -6.660657 19.631969 0.143922 -0.648243 50.011372 -0.500093 -6.200852 0.35303 -1.511152 -0.031939 20.222797 3.684307 2.316631 18.787279 1e-06 0.0 10.751632 -0.47987 1.397905 -0.0 0.0 -2e-06 3.273807 0.305947 -0.58011 21.486816 11.830376 2.266134 8.162928 -0.0 -1e-06 18.399084 -3.798988 -4.940577 2e-06 0.0 -2e-06 -4.543894 5.27391 -22.886415 -0.028731 -0.080501 16.291573 -1.250699 1.743847 10.885265 1.67748 -2.013487 -0.42542 -0.0 0.0 2e-06 -13.309924 -9.957946 15.80175 -0.016608 0.773431 31.35899 2.494197 6.107751 6.209341 -1.577061 0.758069 -25.248659 0.0 -0.0 -1e-06 
0.0 0.0 0.0 0.0 -0.0 0.0 -4.706862 96.867523 395.837341 4.385817 -5.565502 -4.06529 -1.91982 0.563431 -0.407922 -1.02278 3.036258 -5.315285 -4.428731 0.993614 14.425792 -0.483283 2.451307 -1.840441 -1.071421 -1.002754 -3.458463 -0.571344 -1.325237 -12.949113 7.7e-05 -2.3e-05 6e-06 0.045028 -0.024368 0.067339 0.734035 -3.766154 -10.470708 -0.660842 3.710616 -10.479244 -21.563219 -2.090111 19.794878 -47.830357 -1.629115 24.937559 -0.42191 -25.40416 -0.000932 -7.869461 1.841506 -21.860201 -5.882108 9.861288 0.702591 -10.936875 -0.360575 7.156207 1e-06 8.774828 -1e-06 -16.277466 18.101786 6.134867 -1.844033 2.498505 -2.507278 -10.163603 4.678946 4.621109 -20.97603 -4e-06 2e-06 -21.226292 2.451696 -3.594001 -2e-06 -6e-06 -0.0 -1.362682 2.240798 -0.746324 -21.334919 0.584909 3.008325 -13.821218 -5e-06 2e-06 -23.887175 -0.249078 -0.839482 -60.838947 2.508819 -1.320106 -0.294025 1.679688 0.833255 -14.218214 0.093214 1.300581 -34.212063 -0.287565 0.967171 -20.033218 0.964537 1.212844 -0.0 0.0 0.0 -3.440389 0.788233 0.501656 -15.928191 -3.167311 2.999708 -6.338829 -1e-06 3e-06 -18.123447 3.648185 -4.90567 -5e-06 0.0 -2e-06 14.63978 13.534048 20.279068 43.483604 12.333359 19.316679 -0.610309 39.880692 0.170726 -2.708152 -3.752211 -22.059088 2.243542 -5.255036 -3.180157 14.282892 -0.826598 6.9525 -1e-06 -12.690603 -0.0 16.418398 -17.477776 2.617651 1.665667 -1.955921 -2.878299 4.727799 -4.170588 4.993921 11.020528 1e-06 -2e-06 12.109055 -3.735717 -2.866785 0.0 -0.0 -0.0 1.291986 -1.928549 -1.498088 14.800129 0.567465 3.865604 14.242574 -1.341738 -6.660658 19.631969 0.143924 -0.648248 50.031227 -0.424435 -6.293839 0.353029 -1.511149 -0.03194 20.22279 3.684307 2.316627 18.787271 1e-06 -5e-06 10.751629 -0.479869 1.397904 0.0 1e-06 -0.0 3.273807 0.305945 -0.580112 21.486811 11.83037 2.26613 8.162928 2e-06 -1e-06 18.399086 -3.798985 -4.940577 2e-06 0.0 -1e-06 -6.138828 5.539693 -20.696117 -0.070168 -0.074936 18.972189 -0.369228 0.542135 6.54548 1.644649 -2.024426 -0.060229 -0.0 0.0 2e-06 -15.958649 -11.132551 11.568664 0.078695 0.870833 42.740459 1.815382 5.417889 14.613248 -1.502441 0.672429 -23.109497 0.0 -0.0 -3e-06 
0.0 0.0 0.0 0.0 -0.0 0.0 -4.383725 97.286865 400.043396 4.960695 -4.775937 -4.651607 -2.417062 0.380616 -0.12159 -1.074651 2.822572 -5.123646 -4.576091 0.576855 14.377864 -0.547249 2.465306 -1.434854 -0.955282 -0.968209 -3.48831 -0.801521 -1.300644 -12.750992 7.7e-05 -2.3e-05 6e-06 0.062878 0.037109 0.087377 0.752821 -3.701693 -10.45046 -0.644163 3.771353 -10.466669 -21.534344 -3.123302 19.945467 -46.837963 -3.736703 24.987942 -0.574921 -26.01087 0.045723 -7.023424 1.468311 -22.741829 -5.882108 9.861289 0.702591 -10.936875 -0.360576 7.156209 1e-06 8.774828 0.0 -16.436848 18.054529 5.955713 -1.844033 2.498505 -2.507278 -10.163602 4.678947 4.621112 -20.976028 -5e-06 2e-06 -21.226292 2.451698 -3.594 -1e-06 -8e-06 -1e-06 -1.362682 2.240799 -0.746324 -21.334921 0.584909 3.008327 -13.821217 -2e-06 3e-06 -23.887175 -0.249079 -0.839481 -60.886761 2.415945 -1.396094 -0.294025 1.679688 0.833258 -14.218214 0.093214 1.300582 -34.212059 -0.287563 0.967173 -20.033215 0.964538 1.212845 -1e-06 1e-06 0.0 -3.440389 0.788233 0.501656 -15.928192 -3.167311 2.999709 -6.338829 -1e-06 3e-06 -18.123455 3.648183 -4.905669 -4e-06 0.0 -2e-06 14.774826 12.877619 20.502958 45.393227 11.668959 21.638666 -0.432768 38.765369 0.046432 -1.979298 -3.588023 -20.989363 2.243544 -5.255038 -3.18016 14.2829 -0.826598 6.952506 -3e-06 -12.69061 2e-06 16.457266 -17.3631 2.589784 1.665668 -1.955923 -2.8783 4.727801 -4.17059 4.993927 11.020534 2e-06 -2e-06 12.109059 -3.735717 -2.866785 -0.0 0.0 -0.0 1.291987 -1.92855 -1.498088 14.800138 0.567468 3.865607 14.242582 -1.341736 -6.660662 19.631983 0.143927 -0.648248 49.893364 -0.449612 -6.243922 0.353029 -1.511152 -0.031939 20.222803 3.684309 2.316629 18.787285 3e-06 -2e-06 10.751635 -0.479869 1.397906 -0.0 1e-06 -0.0 3.273809 0.305946 -0.580113 21.486824 11.830378 2.266131 8.16293 1e-06 -1e-06 18.399094 -3.798988 -4.940578 3e-06 0.0 -1e-06 -7.137712 6.252217 -17.497158 -0.038697 0.037292 19.493361 0.24752 -0.868197 2.921409 1.656476 -2.043911 -0.295931 -0.0 0.0 2e-06 -17.661608 -12.208499 6.931547 0.117608 0.732841 52.632446 0.543945 3.816046 22.605099 -1.305481 0.799585 -9.152568 -0.0 -0.0 -1e-06 
0.0 0.0 0.0 0.0 -0.0 0.0 -4.146194 97.850967 404.090729 5.154219 -3.86009 -5.069572 -2.817265 0.248701 0.02494 -1.106515 2.397993 -5.066852 -4.438631 0.055675 14.514432 -0.41126 2.557089 -0.8422 -0.921618 -0.854212 -3.519491 -1.041845 -1.216451 -12.549692 7.7e-05 -2.2e-05 6e-06 0.075204 0.084196 0.105905 0.769134 -3.654395 -10.462239 -0.634935 3.821462 -10.481748 -21.755548 -4.094028 19.835337 -45.212559 -6.084548 25.671953 -0.557952 -26.781685 0.04213 -5.542079 0.789349 -24.029949 -5.88211 9.861292 0.702591 -10.936877 -0.360575 7.156209 0.0 8.77483 -1e-06 -16.558306 18.134754 5.857821 -1.844034 2.498506 -2.507279 -10.163605 4.678947 4.62111 -20.976038 -3e-06 2e-06 -21.226301 2.451699 -3.594002 0.0 -6e-06 -1e-06 -1.362682 2.2408 -0.746324 -21.334927 0.584911 3.008325 -13.821221 -2e-06 1e-06 -23.887182 -0.249078 -0.839485 -60.911396 2.431229 -1.366505 -0.294025 1.679688 0.833256 -14.218217 0.093215 1.300581 -34.212067 -0.287564 0.96717 -20.033222 0.964538 1.212843 -0.0 0.0 -0.0 -3.440391 0.788234 0.501655 -15.928198 -3.167312 2.999709 -6.338831 -1e-06 2e-06 -18.123459 3.648185 -4.905674 -4e-06 1e-06 -2e-06 15.354278 12.077456 20.715113 46.640739 11.272799 24.465933 -0.146827 37.419476 0.074079 -1.232685 -3.552411 -19.402367 2.243543 -5.255041 -3.18016 14.2829 -0.826596 6.952509 -2e-06 -12.690615 1e-06 16.420788 -17.288317 2.540791 1.665667 -1.955922 -2.878302 4.727803 -4.170591 4.993931 11.020535 3e-06 -1e-06 12.10906 -3.735719 -2.866786 0.0 0.0 -0.0 1.291986 -1.928552 -1.498091 14.800139 0.567467 3.865613 14.242583 -1.341737 -6.660663 19.631979 0.143925 -0.648245 49.8452 -0.507339 -6.194352 0.353028 -1.511152 -0.031942 20.222805 3.684312 2.316633 18.787289 3e-06 0.0 10.751636 -0.47987 1.397908 1e-06 2e-06 -0.0 3.27381 0.305947 -0.580109 21.486828 11.830384 2.266135 8.16293 1e-06 -1e-06 18.399096 -3.79899 -4.940579 3e-06 -1e-06 0.0 -7.563629 6.581728 -13.739221 0.025133 0.097149 18.438353 0.49997 -1.748602 0.509179 1.646004 -2.043909 -0.435166 0.0 0.0 2e-06 -18.46381 -13.623095 2.702857 0.155 0.528763 60.084259 -1.075365 2.62098 21.78513 -1.340641 0.896096 -3.849567 -0.0 -0.0 -1e-06 
0.0 0.0 0.0 0.0 -0.0 0.0 -4.008984 98.499344 408.032135 4.94723 -2.833068 -5.359379 -3.04369 0.081432 0.10724 -1.097782 1.837632 -5.060867 -4.115559 -0.497463 14.639416 -0.043865 2.640517 -0.069681 -1.023111 -0.82402 -3.56098 -1.208126 -1.088955 -12.307406 7.7e-05 -2.3e-05 6e-06 0.071527 0.089917 0.10449 0.771691 -3.651096 -10.478575 -0.643277 3.831641 -10.507035 -21.671412 -5.129722 19.696703 -43.71423 -8.610031 25.94722 -0.552962 -27.646368 0.060375 -3.423993 0.029514 -24.902225 -5.88211 9.86129 0.702589 -10.936877 -0.360575 7.156211 0.0 8.774828 -1e-06 -16.584673 18.203272 5.812153 -1.844033 2.498505 -2.507279 -10.163604 4.678946 4.62111 -20.976034 -3e-06 2e-06 -21.226295 2.451699 -3.594002 -1e-06 -5e-06 -0.0 -1.362682 2.2408 -0.746323 -21.334925 0.58491 3.008325 -13.82122 -1e-06 2e-06 -23.887178 -0.249077 -0.839482 -60.855797 2.441195 -1.240132 -0.294025 1.679688 0.833256 -14.218217 0.093215 1.300581 -34.21207 -0.287564 0.96717 -20.033226 0.964537 1.212845 -0.0 -1e-06 -1e-06 -3.44039 0.788234 0.501655 -15.928198 -3.16731 2.999709 -6.33883 -1e-06 3e-06 -18.123457 3.648184 -4.905673 -3e-06 1e-06 -2e-06 15.799082 11.241806 20.833424 48.07653 10.874791 27.241102 -0.023833 36.12912 0.10644 -0.681588 -3.874705 -17.691427 2.243543 -5.255041 -3.180159 14.282902 -0.826597 6.952505 -1e-06 -12.690614 -0.0 16.348469 -17.264063 2.50987 1.665667 -1.955924 -2.878301 4.727802 -4.170592 4.993925 11.020535 1e-06 -3e-06 12.10906 -3.73572 -2.866788 -0.0 -0.0 0.0 1.291987 -1.928552 -1.498093 14.800139 0.567465 3.865609 14.242585 -1.34174 -6.66066 19.631985 0.143924 -0.648247 49.914173 -0.512082 -6.123799 0.35303 -1.511153 -0.03194 20.222805 3.684309 2.316628 18.787289 3e-06 -1e-06 10.751634 -0.479869 1.397904 -0.0 1e-06 -1e-06 3.273808 0.305948 -0.580112 21.48683 11.830382 2.266133 8.162934 2e-06 -2e-06 18.399097 -3.79899 -4.940581 6e-06 -0.0 -2e-06 -7.408404 6.361893 -9.572526 0.029512 0.029851 16.200026 0.577455 -2.105843 -0.972943 1.636762 -2.028619 -0.545541 0.0 -0.0 2e-06 -18.219894 -15.308961 -1.330219 0.186134 0.333408 64.941193 -2.410361 0.984164 16.626619 -1.397721 0.903717 -2.89246 -0.0 -0.0 -1e-06 
0.0 0.0 0.0 0.0 -0.0 0.0 -3.949543 99.10791 411.901093 4.465797 -1.669828 -5.595505 -3.146088 -0.106448 0.267649 -1.041087 1.208674 -5.021371 -3.688667 -1.174963 14.591996 0.380159 2.648065 0.748892 -1.083106 -0.76866 -3.600579 -1.323618 -0.981304 -12.041302 7.7e-05 -2.3e-05 6e-06 0.062265 0.082978 0.092219 0.770707 -3.656397 -10.491257 -0.658896 3.823664 -10.521614 -20.963388 -6.337717 19.558929 -42.64806 -11.150889 25.770973 -0.468866 -28.883589 0.061538 -1.442671 -0.434038 -25.248255 -5.882109 9.86129 0.702593 -10.936878 -0.360575 7.156205 0.0 8.77483 -0.0 -16.478546 18.255068 5.83869 -1.844034 2.498504 -2.507278 -10.163606 4.678947 4.621109 -20.976038 -4e-06 2e-06 -21.226299 2.451696 -3.594001 1e-06 -5e-06 1e-06 -1.362683 2.2408 -0.746323 -21.334929 0.584909 3.008323 -13.821222 -3e-06 2e-06 -23.887186 -0.24908 -0.839483 -60.756725 2.455043 -1.172685 -0.294025 1.679688 0.833257 -14.218217 0.093215 1.300581 -34.212067 -0.287564 0.967171 -20.033226 0.964538 1.212844 -0.0 -2e-06 -0.0 -3.440391 0.788233 0.501655 -15.928194 -3.16731 2.999709 -6.33883 -1e-06 1e-06 -18.123459 3.648183 -4.905674 -2e-06 1e-06 -0.0 15.862695 10.399902 20.871548 49.908398 10.16862 29.41239 -0.032203 35.422546 0.097359 -0.340808 -4.228101 -16.521128 2.243542 -5.255037 -3.180157 14.282894 -0.826594 6.952502 -4e-06 -12.690605 2e-06 16.305233 -17.27289 2.507412 1.665666 -1.955921 -2.878299 4.727799 -4.170587 4.993926 11.020528 5e-06 -0.0 12.109053 -3.735713 -2.866785 -0.0 -0.0 -0.0 1.291986 -1.928549 -1.49809 14.800132 0.56747 3.865607 14.242577 -1.341733 -6.660661 19.631973 0.14393 -0.648247 49.934448 -0.496626 -6.097934 0.353028 -1.51115 -0.031939 20.222797 3.684311 2.316629 18.787279 6e-06 0.0 10.751632 -0.479869 1.397907 -1e-06 1e-06 1e-06 3.273808 0.305947 -0.580111 21.48682 11.830379 2.266131 8.16293 4e-06 -1e-06 18.399084 -3.798985 -4.940573 3e-06 1e-06 -1e-06 -6.875344 5.720631 -5.151976 0.006356 -0.090643 13.205993 0.575138 -2.198658 -1.855928 1.629782 -1.987634 -0.61276 0.0 0.0 2e-06 -17.116039 -16.990854 -5.335971 0.189643 0.156676 67.276024 -3.081086 -0.626734 11.963208 -1.413965 0.876015 -2.631986 -1e-06 0.0 -1e-06 
0.0 0.0 0.0 0.0 -0.0 0.0 -3.963535 99.52758 415.631195 3.92606 -0.439963 -5.813755 -3.201753 -0.271102 0.508831 -0.965673 0.557086 -4.937204 -3.260797 -1.922129 14.477785 0.755826 2.55106 1.437788 -1.069505 -0.679762 -3.628135 -1.41488 -0.953738 -11.81131 7.7e-05 -2.3e-05 6e-06 0.056851 0.080617 0.074463 0.769893 -3.656814 -10.512823 -0.666865 3.819165 -10.540669 -19.971355 -7.630972 19.38722 -41.509193 -13.565549 25.341858 -0.313294 -30.589907 0.02267 -0.038304 -0.530135 -25.091547 -5.88211 9.861293 0.702591 -10.936878 -0.360575 7.156208 -0.0 8.774831 -1e-06 -16.263529 18.314312 5.93643 -1.844033 2.498507 -2.50728 -10.163605 4.678949 4.621109 -20.976036 -3e-06 1e-06 -21.226301 2.451699 -3.594003 1e-06 -6e-06 -0.0 -1.362682 2.240801 -0.746324 -21.334929 0.584912 3.008322 -13.821221 -2e-06 0.0 -23.887182 -0.24908 -0.839485 -60.622875 2.52062 -1.171097 -0.294025 1.679689 0.833257 -14.218217 0.093215 1.30058 -34.212067 -0.287562 0.967167 -20.033226 0.964536 1.212842 -0.0 -1e-06 -1e-06 -3.440391 0.788234 0.501656 -15.928196 -3.167312 2.999707 -6.338831 -2e-06 -1e-06 -18.123459 3.648185 -4.905676 -4e-06 0.0 -2e-06 15.913004 9.532101 20.85429 51.494164 9.061334 30.878435 -0.025117 35.660347 0.083441 -0.170912 -4.193032 -16.125431 2.243543 -5.25504 -3.180157 14.282896 -0.826598 6.952503 0.0 -12.690611 -0.0 16.260183 -17.321573 2.529015 1.665668 -1.955923 -2.878298 4.727801 -4.170591 4.993921 11.02053 -0.0 -3e-06 12.109058 -3.735722 -2.866785 -0.0 0.0 -0.0 1.291986 -1.928551 -1.498087 14.800132 0.567465 3.865608 14.242577 -1.341741 -6.660661 19.631969 0.143922 -0.648248 49.858574 -0.499988 -6.129492 0.35303 -1.511151 -0.03194 20.222799 3.684308 2.316628 18.787281 3e-06 -2e-06 10.751632 -0.479867 1.397903 -1e-06 1e-06 -1e-06 3.273808 0.305947 -0.580111 21.486816 11.830378 2.26613 8.162929 0.0 -3e-06 18.39909 -3.79899 -4.940585 3e-06 1e-06 -3e-06 -6.230811 4.833166 -0.854291 -0.000614 -0.18483 10.147674 0.494262 -2.204886 -2.548145 1.625853 -1.936559 -0.618994 -0.0 -0.0 2e-06 -15.592226 -18.479832 -9.22064 0.187372 0.016013 67.308197 -2.917901 -1.775917 8.307573 -1.396502 0.825998 -2.631648 -0.0 0.0 -1e-06 
0.0 0.0 0.0 0.0 -0.0 0.0 -4.029164 99.716591 419.18811 3.491512 0.649233 -5.93755 -3.23446 -0.388678 0.729583 -0.916186 -0.032268 -4.847274 -2.892662 -2.594505 14.416585 1.088423 2.38417 1.90465 -1.021368 -0.574552 -3.651124 -1.469424 -1.017967 -11.611744 7.7e-05 -2.2e-05 6e-06 0.052922 0.065886 0.057029 0.765148 -3.66858 -10.532212 -0.668136 3.80109 -10.55574 -19.091053 -8.845182 19.187391 -39.90332 -15.792954 24.40855 -0.254536 -32.582596 0.003705 0.996787 -0.426209 -24.726252 -5.882108 9.861288 0.702591 -10.936874 -0.360574 7.156205 0.0 8.774826 -2e-06 -16.026388 18.401968 6.071134 -1.844033 2.498505 -2.507278 -10.163603 4.678946 4.621109 -20.976028 -1e-06 1e-06 -21.226294 2.451699 -3.594003 1e-06 -6e-06 -0.0 -1.362682 2.240798 -0.746323 -21.334921 0.58491 3.008322 -13.821217 -1e-06 0.0 -23.887178 -0.249076 -0.839486 -60.483059 2.595422 -1.173605 -0.294024 1.679687 0.833257 -14.218212 0.093215 1.30058 -34.212059 -0.287562 0.967171 -20.033218 0.964538 1.212844 -1e-06 -1e-06 1e-06 -3.44039 0.788235 0.501658 -15.928189 -3.16731 2.999707 -6.338829 -1e-06 -0.0 -18.123453 3.648184 -4.90567 -3e-06 0.0 -0.0 16.278687 8.637159 20.76144 52.410465 7.754159 31.985735 -0.025554 36.436756 0.068726 0.001244 -3.79004 -16.029625 2.243543 -5.255038 -3.180156 14.282898 -0.826596 6.952504 -1e-06 -12.690609 2e-06 16.255102 -17.428352 2.55143 1.665667 -1.955922 -2.878299 4.7278 -4.170588 4.993921 11.020531 2e-06 -0.0 12.109058 -3.735718 -2.866783 -0.0 -0.0 0.0 1.291986 -1.92855 -1.498088 14.800134 0.567467 3.865606 14.242579 -1.341738 -6.660661 19.631973 0.143923 -0.648246 49.809162 -0.551302 -6.180212 0.353029 -1.511151 -0.031938 20.222801 3.684309 2.316631 18.787283 4e-06 -1e-06 10.751633 -0.479869 1.397905 1e-06 1e-06 -1e-06 3.273808 0.305947 -0.58011 21.486822 11.830377 2.266132 8.16293 2e-06 -2e-06 18.399092 -3.798985 -4.940578 3e-06 -0.0 -2e-06 -5.621727 3.989583 3.035108 0.011598 -0.215994 7.527364 0.33538 -2.293711 -3.340898 1.627466 -1.899933 -0.566265 0.0 -0.0 2e-06 -13.959769 -19.579069 -12.960067 0.168971 -0.072348 65.150902 -2.037524 -2.374778 5.477715 -1.384439 0.77986 -2.756961 0.0 0.0 -2e-06 
0.0 0.0 0.0 0.0 -0.0 0.0 -4.123615 99.727661 422.629547 3.193878 1.471042 -5.894653 -3.237242 -0.454482 0.864756 -0.894438 -0.508139 -4.789568 -2.585709 -3.134275 14.440434 1.393077 2.161134 2.148236 -0.970829 -0.46568 -3.661699 -1.479998 -1.069067 -11.434182 7.7e-05 -2.2e-05 6e-06 0.048425 0.035609 0.045317 0.753058 -3.694654 -10.536175 -0.663523 3.766529 -10.554152 -18.392031 -9.929717 18.940277 -37.934242 -17.786057 22.946032 -0.263401 -34.653351 0.064287 1.945066 -0.21258 -24.429239 -5.882106 9.86129 0.702589 -10.93687 -0.360574 7.156202 0.0 8.774828 -0.0 -15.78879 18.524773 6.233229 -1.844032 2.498503 -2.507278 -10.163599 4.678946 4.621108 -20.976025 -5e-06 -1e-06 -21.226286 2.451696 -3.594001 3e-06 -6e-06 -1e-06 -1.362682 2.240799 -0.746323 -21.334913 0.584909 3.00832 -13.821213 -3e-06 -1e-06 -23.887167 -0.249082 -0.839485 -60.37138 2.679869 -1.178151 -0.294025 1.679689 0.833255 -14.218208 0.093215 1.30058 -34.212048 -0.287565 0.967167 -20.033211 0.964534 1.212843 0.0 -1e-06 1e-06 -3.440389 0.788233 0.501657 -15.928185 -3.167311 2.999706 -6.338825 -1e-06 -0.0 -18.123447 3.648183 -4.905673 -3e-06 1e-06 -3e-06 16.888933 7.764444 20.618517 52.818398 6.562459 32.889584 -0.023959 37.092552 0.044197 0.138912 -3.308086 -16.002148 2.243543 -5.255038 -3.18016 14.282898 -0.826595 6.952505 -2e-06 -12.690609 1e-06 16.309826 -17.576698 2.559984 1.665667 -1.955922 -2.878301 4.727802 -4.170589 4.993926 11.020534 2e-06 -2e-06 12.109059 -3.735717 -2.866786 0.0 -0.0 0.0 1.291986 -1.92855 -1.49809 14.800138 0.567467 3.86561 14.242581 -1.341737 -6.660662 19.631983 0.143926 -0.648247 49.814522 -0.613024 -6.246158 0.353029 -1.511151 -0.03194 20.222803 3.68431 2.316631 18.787283 5e-06 1e-06 10.751634 -0.47987 1.397906 0.0 1e-06 -0.0 3.273809 0.305947 -0.580112 21.486824 11.830378 2.266132 8.162933 2e-06 -1e-06 18.399096 -3.798985 -4.940577 2e-06 -0.0 -1e-06 -5.188235 3.349329 6.283872 0.021524 -0.196236 5.37044 0.245982 -2.457693 -4.067441 1.634907 -1.886941 -0.504151 0.0 0.0 2e-06 -12.312013 -20.22456 -16.476412 0.124487 -0.118126 60.744663 -0.864859 -2.7303 3.322073 -1.385273 0.750051 -2.987012 0.0 -0.0 -3e-06 
0.0 0.0 0.0 0.0 -0.0 0.0 -4.267993 99.579071 426.077881 3.038713 2.024728 -5.628163 -3.24492 -0.481862 0.875398 -0.884832 -0.90102 -4.776854 -2.345232 -3.533103 14.516932 1.719823 1.911239 2.211283 -0.95985 -0.429201 -3.655062 -1.443014 -1.044446 -11.329719 7.7e-05 -2.3e-05 6e-06 0.042145 -0.002322 0.042772 0.732363 -3.729893 -10.525909 -0.654335 3.726036 -10.536831 -17.741371 -10.859449 18.630434 -35.878769 -19.523701 21.09544 -0.251449 -36.721298 0.182363 2.838308 0.040825 -24.303331 -5.882113 9.861297 0.702592 -10.936885 -0.360573 7.156211 1e-06 8.774837 -1e-06 -15.59553 18.650959 6.401737 -1.844036 2.498507 -2.507279 -10.163611 4.678951 4.62111 -20.976048 -3e-06 0.0 -21.226315 2.451698 -3.594006 2e-06 -7e-06 -2e-06 -1.362685 2.240801 -0.746325 -21.334938 0.584909 3.00832 -13.821229 -4e-06 -2e-06 -23.887203 -0.249083 -0.839486 -60.333576 2.752954 -1.170698 -0.294025 1.679689 0.833257 -14.218225 0.093217 1.300582 -34.212086 -0.287566 0.967166 -20.033241 0.964536 1.212842 1e-06 0.0 0.0 -3.440393 0.788235 0.501656 -15.928205 -3.167313 2.999707 -6.338834 -2e-06 -0.0 -18.123466 3.648186 -4.905678 -4e-06 1e-06 -2e-06 17.561365 7.008602 20.504841 53.00906 5.681112 33.630192 -0.001469 37.307205 0.013467 0.205071 -2.953828 -16.050911 2.243543 -5.25504 -3.180158 14.282904 -0.826594 6.952507 -3e-06 -12.690612 -1e-06 16.382269 -17.720316 2.575218 1.665668 -1.955923 -2.878299 4.727803 -4.17059 4.993927 11.020535 3e-06 -2e-06 12.109061 -3.735718 -2.866786 -1e-06 0.0 -0.0 1.291987 -1.92855 -1.498088 14.800142 0.567469 3.86561 14.242585 -1.341737 -6.660663 19.631985 0.143924 -0.648244 49.835751 -0.672588 -6.327461 0.353029 -1.511151 -0.031939 20.222807 3.684313 2.316633 18.787287 8e-06 -1e-06 10.751636 -0.479867 1.39791 0.0 1e-06 -0.0 3.27381 0.305947 -0.580112 21.486834 11.830386 2.266134 8.162935 3e-06 -2e-06 18.399099 -3.798984 -4.940581 3e-06 -0.0 0.0 -4.835199 2.882751 9.062627 0.021125 -0.143591 3.71728 0.152125 -2.609796 -4.950825 1.647127 -1.89302 -0.442982 -0.0 -0.0 2e-06 -10.65503 -20.492025 -19.632696 0.08754 -0.113428 53.977875 0.26794 -3.280786 1.860337 -1.396376 0.744733 -3.302033 -0.0 0.0 -1e-06 
0.0 0.0 0.0 0.0 -0.0 0.0 -4.473245 99.274437 429.594269 3.0 2.384216 -5.103256 -3.277669 -0.507924 0.723653 -0.882349 -1.261137 -4.816868 -2.185616 -3.784604 14.625573 2.114073 1.655352 2.100598 -0.984463 -0.49914 -3.626168 -1.361829 -0.96235 -11.295672 7.7e-05 -2.3e-05 6e-06 0.031285 -0.034057 0.053288 0.704442 -3.765659 -10.513056 -0.647479 3.698285 -10.518482 -17.101063 -11.635179 18.315187 -33.877209 -20.910694 19.037067 -0.201748 -38.76556 0.268536 3.626474 0.217658 -24.263296 -5.88211 9.861292 0.702591 -10.936878 -0.360574 7.156209 -0.0 8.774831 -0.0 -15.504407 18.731136 6.508417 -1.844033 2.498507 -2.50728 -10.163605 4.678948 4.621111 -20.976034 0.0 3e-06 -21.226297 2.451702 -3.594003 -0.0 -5e-06 -1e-06 -1.362684 2.2408 -0.746324 -21.334927 0.584912 3.008326 -13.82122 3e-06 1e-06 -23.887184 -0.249075 -0.839486 -60.312237 2.785661 -1.181299 -0.294025 1.679687 0.833255 -14.218215 0.09322 1.300581 -34.212067 -0.287559 0.967167 -20.033222 0.964539 1.212841 1e-06 0.0 1e-06 -3.440389 0.788233 0.501657 -15.928192 -3.167308 2.99971 -6.338828 -0.0 1e-06 -18.123455 3.648188 -4.905675 -3e-06 2e-06 -2e-06 18.196779 6.40902 20.403526 53.155609 5.106798 34.242161 0.042696 37.056591 0.017303 0.27821 -2.803427 -16.065311 2.243543 -5.25504 -3.18016 14.282896 -0.826596 6.952508 -1e-06 -12.690611 -0.0 16.431986 -17.817131 2.595099 1.665667 -1.955923 -2.878301 4.727801 -4.17059 4.993927 11.020531 2e-06 -0.0 12.109058 -3.735718 -2.866785 -1e-06 1e-06 -1e-06 1.291986 -1.928551 -1.498091 14.800132 0.567467 3.865612 14.242579 -1.341737 -6.660663 19.631975 0.143926 -0.648245 49.830341 -0.720228 -6.396484 0.353029 -1.511152 -0.031942 20.222803 3.684312 2.316633 18.787285 3e-06 0.0 10.751634 -0.479869 1.397907 -0.0 1e-06 1e-06 3.273808 0.305947 -0.580112 21.486824 11.83038 2.266136 8.162931 2e-06 0.0 18.39909 -3.798987 -4.940578 4e-06 0.0 -1e-06 -4.587656 2.464805 11.333076 0.015526 -0.060807 2.553494 0.129224 -2.673538 -6.047006 1.658571 -1.917989 -0.432951 0.0 0.0 2e-06 -8.958045 -20.483435 -22.113194 0.104713 -0.054632 44.727325 1.104793 -4.140665 1.513157 -1.423634 0.789115 -3.588473 0.0 -0.0 -1e-06 
0.0 0.0 0.0 0.0 -0.0 0.0 -4.761568 98.890831 433.125153 2.897866 2.67829 -4.357442 -3.242071 -0.55621 0.435609 -0.869121 -1.590111 -4.924207 -2.088312 -3.937151 14.736572 2.566782 1.403637 1.850599 -1.013495 -0.638689 -3.592091 -1.270589 -0.929479 -11.289215 7.7e-05 -2.2e-05 6e-06 0.016518 -0.053435 0.062761 0.682604 -3.791821 -10.524981 -0.654715 3.685948 -10.53004 -16.526363 -12.266839 18.127529 -31.996391 -21.931623 16.921474 -0.172706 -40.732342 0.294411 4.233975 0.244389 -24.037367 -5.88211 9.86129 0.702591 -10.936878 -0.360575 7.156212 2e-06 8.77483 1e-06 -15.483377 18.738768 6.531977 -1.844034 2.498504 -2.507278 -10.163607 4.678946 4.621113 -20.97604 -3e-06 1e-06 -21.226301 2.451696 -3.594003 0.0 -6e-06 1e-06 -1.362683 2.240799 -0.746324 -21.33493 0.584909 3.008325 -13.821225 -3e-06 1e-06 -23.88719 -0.249082 -0.839484 -60.337032 2.792595 -1.221677 -0.294024 1.679688 0.833257 -14.218221 0.093214 1.300581 -34.212074 -0.287566 0.96717 -20.03323 0.964536 1.212844 0.0 0.0 1e-06 -3.440392 0.788235 0.501658 -15.928201 -3.167314 2.999708 -6.338831 -1e-06 1e-06 -18.123463 3.648184 -4.905674 -4e-06 2e-06 -1e-06 18.760405 5.950962 20.281334 53.318851 4.713991 34.676933 0.123674 36.477547 0.079647 0.428281 -2.793419 -15.998021 2.243544 -5.255041 -3.180161 14.282909 -0.826595 6.95251 -5e-06 -12.690614 2e-06 16.438301 -17.871799 2.621442 1.665668 -1.955923 -2.878301 4.727805 -4.17059 4.993928 11.020542 4e-06 -2e-06 12.109066 -3.735716 -2.866787 -0.0 -0.0 -0.0 1.291987 -1.928551 -1.498092 14.800148 0.56747 3.86561 14.242588 -1.341734 -6.660665 19.631992 0.143927 -0.648245 49.828968 -0.736349 -6.451675 0.353029 -1.511151 -0.031939 20.22282 3.684314 2.316633 18.7873 6e-06 -0.0 10.751645 -0.479867 1.397909 0.0 0.0 0.0 3.273811 0.305948 -0.580111 21.486843 11.830384 2.266136 8.162937 2e-06 -0.0 18.399105 -3.798986 -4.940578 5e-06 0.0 -1e-06 -4.202937 2.097821 12.942806 0.010386 0.040115 2.2606 0.137735 -2.739411 -7.33324 1.669677 -1.947175 -0.576164 0.0 -0.0 2e-06 -7.077126 -20.365625 -23.678144 0.172403 0.013909 33.297401 2.007908 -4.514825 2.324331 -1.457355 0.888949 -3.590064 -0.0 0.0 -1e-06 
0.0 0.0 0.0 0.0 -0.0 0.0 -5.164917 98.476776 436.637177 2.664822 2.982742 -3.494965 -3.126816 -0.574186 0.084422 -0.865178 -1.856022 -5.100823 -2.011481 -4.109524 14.825418 3.113119 1.175234 1.499842 -1.005535 -0.73506 -3.569048 -1.242487 -1.055891 -11.164485 7.7e-05 -2.2e-05 6e-06 0.006609 -0.042642 0.060074 0.681884 -3.781603 -10.55345 -0.673456 3.698834 -10.560225 -16.021143 -12.779321 18.101698 -30.289942 -22.572767 15.082168 -0.086473 -42.66087 0.248416 4.469728 0.15239 -23.404898 -5.882111 9.861291 0.702592 -10.936877 -0.360572 7.156207 -0.0 8.774827 0.0 -15.469433 18.742764 6.558139 -1.844035 2.498506 -2.507279 -10.163606 4.678951 4.621111 -20.97603 3e-06 3e-06 -21.226294 2.451702 -3.594005 1e-06 -5e-06 1e-06 -1.362682 2.240798 -0.746324 -21.334921 0.584915 3.008326 -13.821218 1e-06 2e-06 -23.887182 -0.249076 -0.839484 -60.433571 2.790464 -1.316123 -0.294025 1.679688 0.833256 -14.218215 0.093216 1.300582 -34.212063 -0.287557 0.967168 -20.033222 0.964541 1.212841 0.0 0.0 0.0 -3.440389 0.788234 0.501656 -15.928192 -3.167307 2.999709 -6.338829 2e-06 2e-06 -18.123457 3.648187 -4.905674 -3e-06 1e-06 -1e-06 19.297134 5.614494 20.154814 53.425888 4.365134 34.995296 0.152017 35.828815 0.146733 0.812945 -2.858962 -15.702305 2.243542 -5.255037 -3.180158 14.282893 -0.826597 6.952503 -0.0 -12.690605 0.0 16.430666 -17.959278 2.656682 1.665666 -1.955922 -2.8783 4.727799 -4.170589 4.993926 11.020528 1e-06 -1e-06 12.109056 -3.735717 -2.866786 -1e-06 0.0 -0.0 1.291986 -1.92855 -1.498089 14.800129 0.567466 3.865606 14.242573 -1.341738 -6.660661 19.631969 0.143924 -0.648246 49.967102 -0.707093 -6.471075 0.353029 -1.511151 -0.031939 20.222794 3.684307 2.31663 18.787273 2e-06 -2e-06 10.751632 -0.479869 1.397905 0.0 1e-06 -0.0 3.273807 0.305946 -0.580111 21.486813 11.830374 2.266133 8.162926 0.0 -1e-06 18.399088 -3.798988 -4.940579 4e-06 -0.0 -1e-06 -3.474985 2.018703 14.39992 0.021796 0.082824 2.146073 0.077846 -3.11797 -8.366076 1.684832 -1.970101 -1.059232 0.0 0.0 2e-06 -4.998456 -20.221233 -24.210491 0.264524 0.016334 20.554171 4.271635 -3.872801 2.891048 -1.463608 0.999942 -3.63717 -0.0 0.0 -1e-06 
0.0 0.0 0.0 0.0 -0.0 0.0 -5.693213 98.038078 440.267578 2.30002 3.427199 -2.60071 -2.919869 -0.590341 -0.336831 -0.892007 -2.06058 -5.321792 -1.948757 -4.279011 14.9255 3.874906 0.907817 0.982433 -1.030792 -0.860917 -3.564282 -1.389142 -1.372623 -10.814782 7.7e-05 -2.3e-05 6e-06 0.011433 -0.040518 0.031236 0.699352 -3.781595 -10.598353 -0.681123 3.706213 -10.61226 -15.721482 -13.241923 18.055128 -28.605488 -22.796379 14.305585 0.193667 -44.519741 0.200153 4.263029 -0.004285 -22.697556 -5.882106 9.861288 0.702588 -10.936875 -0.360575 7.156207 3e-06 8.77483 1e-06 -15.409392 18.814409 6.583862 -1.844032 2.498503 -2.507281 -10.163599 4.678944 4.621109 -20.97603 -7e-06 -1e-06 -21.22629 2.451692 -3.594003 0.0 -7e-06 0.0 -1.362682 2.240798 -0.746324 -21.334917 0.584907 3.008321 -13.821217 -4e-06 1e-06 -23.887175 -0.249086 -0.839482 -60.49427 2.82152 -1.573235 -0.294025 1.679687 0.833257 -14.21821 0.093211 1.300578 -34.212048 -0.287574 0.967171 -20.033213 0.964531 1.212846 -1e-06 -1e-06 -1e-06 -3.440389 0.788234 0.501656 -15.928189 -3.167314 2.999705 -6.338828 -3e-06 -1e-06 -18.123447 3.648176 -4.905674 -3e-06 0.0 -2e-06 19.962229 5.338586 19.925447 53.266769 3.710713 35.126343 0.101899 35.557274 0.191463 1.427558 -3.006232 -15.108469 2.243541 -5.255037 -3.180158 14.282896 -0.826592 6.952506 -4e-06 -12.690607 -1e-06 16.405796 -18.004475 2.671361 1.665666 -1.955922 -2.8783 4.7278 -4.170587 4.993923 11.020529 5e-06 1e-06 12.109056 -3.735713 -2.866783 1e-06 0.0 -0.0 1.291986 -1.92855 -1.498088 14.800136 0.567471 3.865612 14.242577 -1.341734 -6.660657 19.631975 0.143927 -0.648241 49.971851 -0.721741 -6.471096 0.353029 -1.511151 -0.03194 20.222801 3.684314 2.316634 18.787279 8e-06 3e-06 10.751631 -0.479867 1.397907 0.0 3e-06 -0.0 3.273808 0.305948 -0.580112 21.486828 11.830381 2.266137 8.162929 3e-06 0.0 18.399088 -3.798981 -4.940571 4e-06 0.0 -2e-06 -2.271362 2.329687 15.850103 0.059733 0.048999 2.186227 -0.052694 -4.295076 -8.972676 1.732461 -1.877947 -1.713198 0.0 0.0 2e-06 -2.917273 -19.724266 -24.07053 0.259429 -0.046119 8.286474 8.601255 -3.465899 2.3591 -1.372398 1.103295 -3.76623 -0.0 0.0 1e-06 
0.0 0.0 0.0 0.0 -0.0 0.0 -6.299234 97.498611 444.034088 2.259831 3.928656 -2.020017 -2.968577 -0.571031 -0.636176 -0.990232 -2.300542 -5.469089 -1.960604 -4.345607 15.041678 4.63207 0.681284 0.533418 -0.956857 -0.863135 -3.593822 -1.568541 -1.5342 -10.591619 7.7e-05 -2.3e-05 6e-06 0.022973 -0.021112 0.012282 0.701568 -3.758702 -10.60329 -0.659324 3.724693 -10.603302 -15.651718 -13.474124 17.952774 -26.982233 -22.645069 14.145067 0.182673 -46.308647 0.115834 3.546696 -0.164724 -21.619364 -5.882114 9.861297 0.702591 -10.936885 -0.360572 7.156213 0.0 8.774834 1e-06 -15.275414 18.852417 6.673641 -1.844035 2.498506 -2.507282 -10.163611 4.678952 4.621114 -20.976053 -2e-06 -1e-06 -21.226316 2.4517 -3.594007 1e-06 -6e-06 -1e-06 -1.362684 2.2408 -0.746323 -21.334938 0.584912 3.008322 -13.82123 0.0 -1e-06 -23.887201 -0.24908 -0.83949 -60.595978 2.758719 -1.394381 -0.294024 1.679687 0.833255 -14.218226 0.093217 1.300578 -34.212086 -0.287564 0.967165 -20.033236 0.964535 1.212842 -0.0 -0.0 0.0 -3.440392 0.788236 0.501657 -15.928203 -3.16731 2.999707 -6.338835 1e-06 -1e-06 -18.12347 3.648187 -4.90568 -4e-06 0.0 -2e-06 20.57723 5.131796 19.768044 52.986523 3.048576 35.031555 0.023672 35.673931 0.176261 2.03439 -2.880499 -14.870363 2.243545 -5.255044 -3.18016 14.282908 -0.826598 6.952511 1e-06 -12.690619 -2e-06 16.363617 -17.95545 2.663707 1.665668 -1.955924 -2.878302 4.727805 -4.170592 4.993931 11.02054 1e-06 -1e-06 12.109066 -3.735722 -2.866786 0.0 -0.0 -1e-06 1.291987 -1.928552 -1.498089 14.800146 0.567467 3.865611 14.242591 -1.34174 -6.660666 19.631992 0.143924 -0.648247 49.831303 -0.711265 -6.555011 0.353029 -1.511152 -0.03194 20.222818 3.684311 2.316633 18.787298 4e-06 -3e-06 10.751641 -0.479869 1.397905 -0.0 1e-06 -0.0 3.273811 0.305947 -0.580112 21.486841 11.830385 2.266135 8.162937 0.0 -0.0 18.399109 -3.798991 -4.940584 4e-06 0.0 -2e-06 -1.156225 2.816184 17.365164 0.022215 -0.115641 2.953811 -0.614186 -5.534792 -9.050625 1.763474 -1.767266 -2.745804 0.0 -0.0 2e-06 -1.720104 -18.607172 -24.590422 0.16741 0.011416 1.597466 13.053535 -3.629523 0.083477 -1.260644 1.124631 -3.801842 -0.0 0.0 -0.0 
0.0 0.0 0.0 0.0 -0.0 0.0 -6.968538 96.902748 448.099701 2.555305 4.576872 -1.815447 -3.172384 -0.543202 -0.754362 -1.075414 -2.553011 -5.521551 -2.114476 -4.419453 15.194391 5.207019 0.50138 0.023751 -0.993425 -0.838351 -3.545876 -1.657582 -1.793835 -10.933719 7.7e-05 -2.2e-05 7e-06 0.025486 0.001235 0.019397 0.710505 -3.736953 -10.578503 -0.662476 3.748094 -10.557438 -15.411844 -13.611864 18.134727 -26.302851 -22.46838 14.018272 -0.12577 -47.393826 0.224184 3.212627 -0.402467 -20.610739 -5.882107 9.861286 0.702589 -10.936873 -0.360576 7.156205 1e-06 8.774826 -0.0 -15.348806 18.765783 6.65556 -1.844033 2.498506 -2.507276 -10.163601 4.678945 4.62111 -20.976025 -3e-06 3e-06 -21.226288 2.451696 -3.594003 1e-06 -6e-06 -1e-06 -1.362682 2.240798 -0.746322 -21.334917 0.584911 3.008321 -13.821216 -1e-06 1e-06 -23.887175 -0.249081 -0.839485 -60.681915 2.671746 -1.187858 -0.294024 1.679688 0.833255 -14.218209 0.093215 1.30058 -34.212051 -0.287564 0.967167 -20.033213 0.964539 1.212843 -0.0 -0.0 1e-06 -3.440388 0.788235 0.501657 -15.928185 -3.167309 2.999707 -6.338828 -1e-06 0.0 -18.123451 3.648183 -4.905672 -4e-06 1e-06 -2e-06 20.81057 5.033943 19.860971 52.823921 2.784742 35.058342 -0.099237 35.72625 0.074021 2.437955 -2.616019 -15.291564 2.243543 -5.255039 -3.18016 14.282901 -0.826594 6.952509 -5e-06 -12.69061 1e-06 16.469074 -17.892633 2.559431 1.665667 -1.955922 -2.878301 4.727801 -4.17059 4.993926 11.020536 4e-06 -1e-06 12.109062 -3.735717 -2.866785 1e-06 1e-06 -1e-06 1.291986 -1.92855 -1.49809 14.80014 0.567469 3.865612 14.242582 -1.341734 -6.660661 19.631983 0.143929 -0.648245 49.714588 -0.641671 -6.639562 0.353029 -1.511151 -0.03194 20.222811 3.684313 2.316635 18.787289 8e-06 -1e-06 10.751635 -0.479868 1.397906 0.0 1e-06 -0.0 3.27381 0.305947 -0.580111 21.486832 11.830384 2.266135 8.162933 3e-06 -1e-06 18.399099 -3.798985 -4.940577 4e-06 1e-06 -2e-06 -0.224229 3.234255 18.650545 0.034425 -0.32274 5.085573 -1.568217 -6.817 -8.367134 1.797741 -1.75036 -4.843437 0.0 -0.0 3e-06 -1.500162 -17.700619 -24.997585 0.148021 0.101114 1.273476 14.408904 -3.637005 -0.975617 -1.244296 1.11404 -4.104187 0.0 0.0 -1e-06 
0.0 0.0 0.0 0.0 -0.0 0.0 -7.712924 96.442238 452.482697 2.134535 5.323423 -1.603264 -2.664805 -0.464897 -1.1364 -1.078795 -2.690424 -5.644111 -2.141851 -4.548321 15.475149 5.303462 0.543372 -0.691579 -1.11759 -1.162043 -3.468168 -1.661323 -2.198522 -10.9753 7.7e-05 -2.2e-05 7e-06 0.025525 0.027318 0.038277 0.711591 -3.704642 -10.503489 -0.662565 3.767274 -10.473688 -15.774455 -13.694922 18.338139 -26.381594 -21.978638 14.423553 -0.198854 -47.607533 0.302612 3.211214 -0.61254 -19.825197 -5.882109 9.86129 0.702589 -10.936875 -0.360574 7.156208 0.0 8.774829 -0.0 -15.468118 18.654474 6.561147 -1.844034 2.498506 -2.50728 -10.163604 4.678949 4.621109 -20.976034 -4e-06 -2e-06 -21.226301 2.451696 -3.594005 1e-06 -7e-06 -1e-06 -1.362682 2.240801 -0.746323 -21.334925 0.58491 3.008323 -13.821221 -2e-06 -0.0 -23.887182 -0.249081 -0.839485 -60.610752 2.588301 -1.197345 -0.294025 1.679688 0.833257 -14.218215 0.093216 1.30058 -34.212067 -0.287565 0.967167 -20.033222 0.964534 1.212842 -0.0 -0.0 0.0 -3.440391 0.788235 0.501656 -15.928194 -3.16731 2.999706 -6.338831 -1e-06 1e-06 -18.123457 3.648185 -4.905674 -4e-06 1e-06 -2e-06 21.147926 4.911283 19.86232 52.251331 2.696908 35.544968 -0.246537 35.329216 -0.01839 2.618249 -2.497731 -15.311547 2.243543 -5.25504 -3.180159 14.282903 -0.826596 6.95251 -2e-06 -12.690613 -1e-06 16.512138 -17.908485 2.450697 1.665668 -1.955922 -2.878302 4.727803 -4.17059 4.993925 11.020535 3e-06 -1e-06 12.10906 -3.735719 -2.866787 0.0 1e-06 -1e-06 1.291986 -1.92855 -1.498089 14.800139 0.567469 3.865607 14.242583 -1.341736 -6.660661 19.631985 0.143926 -0.648245 49.78014 -0.601426 -6.688762 0.353029 -1.511152 -0.031936 20.222805 3.684311 2.316633 18.787287 5e-06 -2e-06 10.751635 -0.479868 1.397904 -1e-06 1e-06 -0.0 3.27381 0.305948 -0.580111 21.486832 11.830383 2.266135 8.162935 2e-06 -1e-06 18.399099 -3.798988 -4.94058 4e-06 1e-06 -2e-06 1.748041 3.773658 18.975637 0.071663 -0.544234 8.74614 -2.435086 -8.481964 -6.916001 1.839522 -1.761402 -8.066764 0.0 0.0 2e-06 -1.104655 -16.598156 -24.55813 0.179843 0.01246 3.945276 11.484167 -3.791876 2.013163 -1.325454 1.136837 -4.798034 -0.0 -0.0 -1e-06 
0.0 0.0 0.0 0.0 -0.0 0.0 -8.555984 96.280296 456.951721 0.682754 5.973961 -1.409143 -1.421376 -0.524168 -1.668658 -0.980359 -2.51391 -5.849835 -1.762074 -4.871317 15.689396 5.000119 0.780942 -1.277068 -1.308543 -1.465481 -3.500691 -1.831442 -2.601243 -10.804226 7.7e-05 -2.2e-05 6e-06 0.017743 -0.00331 0.009866 0.708752 -3.736975 -10.487314 -0.671639 3.736975 -10.488707 -16.956997 -13.380493 18.40012 -26.935556 -21.087055 15.514298 -0.011622 -47.015289 0.136717 3.234614 -0.867477 -19.208006 -5.882114 9.861295 0.70259 -10.936878 -0.360572 7.156209 -0.0 8.77483 1e-06 -15.504204 18.539928 6.466129 -1.844036 2.498508 -2.507279 -10.163609 4.678948 4.621109 -20.976042 -0.0 -2e-06 -21.226307 2.451699 -3.594008 1e-06 -7e-06 -1e-06 -1.362682 2.2408 -0.746326 -21.334929 0.584915 3.00832 -13.821223 -1e-06 1e-06 -23.887188 -0.249079 -0.839489 -60.351151 2.517497 -1.243238 -0.294025 1.679689 0.833257 -14.218219 0.093216 1.300578 -34.212074 -0.287562 0.967163 -20.033226 0.964536 1.21284 -0.0 -0.0 0.0 -3.440391 0.788234 0.501655 -15.928196 -3.167309 2.999707 -6.338832 2e-06 -1e-06 -18.123459 3.648185 -4.905679 -4e-06 2e-06 -3e-06 21.714434 5.004101 19.84844 51.196907 2.778576 36.081264 -0.178112 34.202591 0.021312 2.832034 -2.640206 -14.791444 2.243543 -5.255039 -3.180158 14.282896 -0.826594 6.952507 -2e-06 -12.690609 -1e-06 16.36376 -17.846581 2.405414 1.665667 -1.955923 -2.878301 4.727801 -4.170589 4.993925 11.020531 3e-06 -1e-06 12.109058 -3.735716 -2.866787 0.0 -0.0 -1e-06 1.291986 -1.92855 -1.498089 14.800136 0.567469 3.865608 14.242579 -1.341737 -6.66066 19.631975 0.143927 -0.648246 49.754894 -0.53441 -6.683676 0.353029 -1.511151 -0.031942 20.222801 3.684312 2.31663 18.787283 7e-06 -3e-06 10.751633 -0.479869 1.397907 -1e-06 0.0 -1e-06 3.273808 0.305948 -0.580113 21.486824 11.830379 2.266135 8.16293 3e-06 -1e-06 18.399092 -3.798984 -4.940578 2e-06 -0.0 -2e-06 5.266084 4.753523 18.320311 0.083743 -0.728843 14.072663 -3.517594 -10.89086 -4.66192 1.926181 -1.703713 -13.203939 0.0 -0.0 2e-06 0.203014 -14.616704 -25.343775 0.151259 -0.10185 9.03946 6.003676 -4.134899 7.94321 -1.397949 1.037871 -4.118292 -0.0 -0.0 -1e-06 
0.0 0.0 0.0 0.0 -0.0 0.0 -9.520968 96.217468 461.528107 -0.734081 6.29813 -1.860315 -0.572972 -0.544325 -1.748738 -0.763293 -2.633292 -5.882308 -0.971529 -4.947072 15.567774 4.49121 1.0145 -1.414002 -1.430982 -1.42918 -3.543993 -2.0416 -2.634002 -11.284253 7.7e-05 -2.3e-05 6e-06 0.013024 -0.031594 -0.004349 0.740873 -3.776902 -10.536872 -0.711927 3.718883 -10.544819 -17.265917 -12.844157 18.591887 -29.605654 -20.03021 16.851568 0.332891 -45.410854 -0.057133 3.139809 -0.948067 -18.835352 -5.882111 9.861293 0.702589 -10.936881 -0.360572 7.156213 -0.0 8.774833 2e-06 -15.563499 18.331833 6.331004 -1.844034 2.498507 -2.507282 -10.163611 4.678953 4.621114 -20.976046 0.0 -0.0 -21.226311 2.451699 -3.594008 0.0 -5e-06 -0.0 -1.362682 2.2408 -0.746324 -21.334934 0.584913 3.008326 -13.821228 -1e-06 2e-06 -23.887194 -0.249077 -0.839487 -60.109711 2.432515 -1.178145 -0.294025 1.679688 0.833256 -14.218223 0.093216 1.300582 -34.212078 -0.287559 0.967166 -20.033232 0.964538 1.212841 0.0 1e-06 -0.0 -3.440391 0.788234 0.501656 -15.928201 -3.167309 2.999709 -6.338833 0.0 1e-06 -18.123466 3.648185 -4.905678 -3e-06 1e-06 -3e-06 21.272123 5.534632 20.119793 50.925377 3.558584 37.292603 -0.217838 32.2216 -0.035064 3.186767 -3.004403 -14.656283 2.243542 -5.255038 -3.18016 14.282896 -0.826596 6.952506 -1e-06 -12.690605 -0.0 16.228544 -17.703506 2.276631 1.665667 -1.955922 -2.8783 4.7278 -4.170589 4.993927 11.020528 2e-06 -1e-06 12.109056 -3.735717 -2.866784 0.0 1e-06 -1e-06 1.291986 -1.92855 -1.498091 14.800129 0.567467 3.865608 14.242576 -1.341737 -6.66066 19.631969 0.143925 -0.648246 49.41951 -0.477827 -6.654535 0.353029 -1.511151 -0.031938 20.222797 3.684309 2.316631 18.787279 4e-06 -2e-06 10.751631 -0.47987 1.397906 -1e-06 1e-06 -0.0 3.273808 0.305947 -0.580111 21.486818 11.830376 2.266134 8.16293 2e-06 -1e-06 18.399088 -3.798986 -4.940576 2e-06 0.0 -1e-06 8.617815 5.169332 16.941259 0.005645 -0.873564 21.711893 -4.729185 -12.149455 -0.003898 2.047365 -1.657304 -19.956038 -0.0 0.0 2e-06 1.47255 -13.030074 -25.395367 0.097723 -0.139475 14.69852 2.329742 -4.294261 9.496428 -1.408704 0.961945 -2.382279 -0.0 0.0 -1e-06 
0.0 0.0 0.0 0.0 -0.0 0.0 -10.432334 96.415367 465.960327 -2.001699 6.2988 -2.776238 0.157418 -0.455951 -1.337408 -0.548419 -2.673615 -5.776 -0.246634 -4.826485 15.134392 4.096077 1.198259 -1.190895 -1.468399 -1.608806 -3.520854 -2.08633 -2.652127 -11.909369 7.7e-05 -2.2e-05 6e-06 0.012612 -0.002626 0.001179 0.757025 -3.727794 -10.534259 -0.729586 3.725678 -10.53199 -16.6758 -12.250169 18.940193 -33.640213 -19.101625 18.558628 0.765291 -42.949562 -0.400759 2.66799 -0.682871 -19.349319 -5.88211 9.861291 0.702589 -10.936873 -0.360574 7.156205 -1e-06 8.774828 0.0 -15.540116 18.388756 6.317739 -1.844033 2.498506 -2.50728 -10.163602 4.678949 4.621109 -20.976028 -2e-06 -0.0 -21.226292 2.451701 -3.594003 1e-06 -6e-06 0.0 -1.362682 2.2408 -0.746323 -21.334917 0.584913 3.008321 -13.821218 -1e-06 0.0 -23.887178 -0.249077 -0.839487 -59.954205 2.429564 -1.280452 -0.294025 1.679686 0.833256 -14.218213 0.093217 1.300579 -34.212051 -0.287563 0.967165 -20.033215 0.964537 1.212841 1e-06 0.0 -0.0 -3.440389 0.788234 0.501655 -15.928191 -3.167307 2.999707 -6.338829 -1e-06 1e-06 -18.123457 3.648187 -4.905675 -4e-06 2e-06 -2e-06 20.08461 6.180672 20.378393 51.363663 4.701898 38.028553 -0.091927 30.379135 0.092227 3.697746 -3.780627 -14.786808 2.243543 -5.255039 -3.180158 14.282898 -0.826598 6.952507 -1e-06 -12.690609 -0.0 16.175991 -17.657576 2.320291 1.665667 -1.955922 -2.878299 4.727801 -4.17059 4.993925 11.020532 1e-06 -1e-06 12.10906 -3.735719 -2.866785 0.0 -0.0 0.0 1.291986 -1.92855 -1.498089 14.800136 0.567466 3.865608 14.24258 -1.341739 -6.660661 19.631973 0.143922 -0.648246 49.363216 -0.540221 -6.515964 0.353029 -1.511151 -0.03194 20.222801 3.684307 2.316631 18.787285 1e-06 -2e-06 10.751633 -0.47987 1.397907 -0.0 1e-06 -0.0 3.273808 0.305947 -0.580112 21.48682 11.830376 2.266133 8.16293 1e-06 -1e-06 18.399092 -3.798989 -4.940578 3e-06 -2e-06 -1e-06 11.544841 5.423579 14.08958 -0.066832 -1.018317 32.005325 -6.132659 -12.410098 7.203862 2.148573 -1.582227 -24.419958 0.0 0.0 3e-06 2.741113 -11.972744 -23.640076 0.103953 -0.238339 18.387403 -0.082647 -4.152079 7.429308 -1.399078 0.945271 -0.813834 0.0 0.0 -1e-06 
0.0 0.0 0.0 0.0 -0.0 0.0 -11.368731 96.775719 470.135437 -3.205973 6.444302 -3.744193 0.830424 -0.371554 -0.814955 -0.400657 -2.54864 -5.547606 0.301834 -4.829911 14.872787 4.070066 1.161228 -1.111811 -1.377515 -1.739733 -3.469305 -2.25853 -2.28813 -12.452482 7.7e-05 -2.2e-05 6e-06 0.015202 0.014357 0.016602 0.768607 -3.716822 -10.540849 -0.736899 3.744775 -10.527388 -16.184082 -11.741743 19.117357 -37.019108 -18.030205 20.758652 0.85522 -40.354027 -0.530012 2.002973 -0.420066 -19.349403 -5.882112 9.861292 0.70259 -10.93688 -0.360574 7.156209 1e-06 8.774833 -1e-06 -15.531426 18.215593 6.290939 -1.844035 2.498506 -2.507279 -10.163607 4.67895 4.621112 -20.97604 -3e-06 -0.0 -21.226311 2.451698 -3.594006 -0.0 -6e-06 -2e-06 -1.362683 2.240799 -0.746326 -21.33493 0.584912 3.00832 -13.821225 -2e-06 -0.0 -23.887192 -0.249081 -0.839487 -59.963173 2.406672 -1.286162 -0.294024 1.679687 0.833258 -14.218221 0.093214 1.300582 -34.212078 -0.287567 0.967167 -20.033232 0.964535 1.212843 1e-06 -0.0 2e-06 -3.440391 0.788234 0.501656 -15.928201 -3.167311 2.999709 -6.33883 -0.0 -0.0 -18.123463 3.648186 -4.905677 -4e-06 1e-06 -4e-06 19.466175 6.878311 20.429819 51.033447 5.731138 37.862213 0.050235 29.533165 0.135673 3.837698 -4.207791 -14.868991 2.243544 -5.255043 -3.180159 14.282911 -0.826596 6.952511 -2e-06 -12.69062 -0.0 16.215174 -17.51198 2.343257 1.665668 -1.955924 -2.878302 4.727805 -4.170592 4.99393 11.020542 4e-06 1e-06 12.109066 -3.73572 -2.866785 0.0 -0.0 -1e-06 1.291987 -1.928551 -1.498091 14.800151 0.567469 3.865611 14.242593 -1.341738 -6.660663 19.631992 0.143927 -0.648244 49.364395 -0.539851 -6.371109 0.353029 -1.511152 -0.03194 20.222818 3.684315 2.316632 18.7873 6e-06 -2e-06 10.751643 -0.479867 1.397906 -1e-06 1e-06 0.0 3.273811 0.305948 -0.580113 21.486843 11.83039 2.266135 8.162937 2e-06 -2e-06 18.399105 -3.798986 -4.940581 3e-06 0.0 -1e-06 14.142198 5.346337 9.501348 -0.129883 -1.006689 43.726021 -7.591186 -11.26456 15.002251 2.00343 -1.569947 -19.83812 -0.0 -0.0 -2e-06 4.158721 -11.635885 -21.028414 0.106998 -0.235328 20.626839 -1.487321 -4.576442 3.525458 -1.411667 0.938126 -0.229238 -0.0 0.0 -1e-06 
0.0 0.0 0.0 0.0 -0.0 0.0 -12.239986 97.191322 474.096863 -4.142654 6.643484 -4.576845 1.344103 -0.276336 -0.33819 -0.343786 -2.321481 -5.338447 0.689073 -4.79269 14.864535 4.214933 0.996833 -1.111646 -1.236504 -1.721636 -3.474538 -2.387742 -2.129271 -12.834567 7.7e-05 -2.2e-05 5e-06 0.014224 0.009752 0.016625 0.762474 -3.723515 -10.52507 -0.733407 3.740789 -10.508478 -16.164351 -11.180487 19.284101 -39.355068 -17.05691 23.149845 0.606203 -37.591465 -0.491809 1.124961 -0.108491 -18.969555 -5.88211 9.86129 0.70259 -10.936877 -0.360574 7.156209 -0.0 8.77483 -1e-06 -15.645438 18.162069 6.326191 -1.844034 2.498506 -2.50728 -10.163605 4.67895 4.621112 -20.976036 -1e-06 1e-06 -21.226299 2.4517 -3.594006 3e-06 -5e-06 -2e-06 -1.362682 2.240799 -0.746325 -21.334925 0.584911 3.008321 -13.82122 -1e-06 -0.0 -23.887182 -0.249079 -0.839484 -60.252937 2.502372 -1.220254 -0.294026 1.679688 0.833257 -14.218217 0.093216 1.300579 -34.212067 -0.287563 0.967167 -20.033226 0.964538 1.212842 -0.0 -1e-06 1e-06 -3.440391 0.788233 0.501658 -15.928194 -3.16731 2.999706 -6.33883 -2e-06 -0.0 -18.123457 3.648185 -4.905675 -3e-06 1e-06 -2e-06 19.35335 7.45274 20.280846 49.836689 6.717659 36.806702 0.065028 29.727341 0.035621 3.291453 -4.332287 -15.465338 2.243544 -5.255041 -3.18016 14.2829 -0.826597 6.952502 -2e-06 -12.690614 2e-06 16.187817 -17.256563 2.373897 1.665668 -1.955923 -2.878299 4.727802 -4.170592 4.993927 11.020535 1e-06 -1e-06 12.10906 -3.735719 -2.866788 -0.0 1e-06 -1e-06 1.291987 -1.928551 -1.498089 14.800139 0.567466 3.86561 14.242584 -1.341739 -6.660665 19.631985 0.143924 -0.64825 49.481392 -0.484129 -6.204298 0.35303 -1.511152 -0.031939 20.222805 3.684309 2.316631 18.787287 4e-06 -2e-06 10.751637 -0.479869 1.397904 -1e-06 1e-06 -0.0 3.273809 0.305947 -0.580112 21.486832 11.830382 2.266129 8.162933 1e-06 -3e-06 18.399099 -3.798989 -4.940582 4e-06 0.0 -1e-06 15.73732 5.133044 4.233475 -0.078656 -0.982687 54.209114 -7.448513 -7.775525 19.459187 1.765047 -1.805083 -8.040255 0.0 -0.0 2e-06 5.358462 -11.69537 -17.718876 0.055776 -0.183999 21.00728 -2.243645 -4.860928 0.526449 -1.417697 0.96546 -0.179128 -0.0 0.0 -1e-06 
0.0 0.0 0.0 0.0 -0.0 0.0 -12.920852 97.756111 477.936554 -4.397929 6.496524 -5.253989 1.615968 -0.150829 -0.028385 -0.376815 -1.962706 -5.162104 0.619482 -4.501192 15.046077 4.479232 0.833774 -0.877245 -1.178795 -1.718767 -3.436195 -2.387936 -2.039639 -13.062415 7.7e-05 -2.2e-05 6e-06 0.010674 -0.013207 0.018187 0.743509 -3.74715 -10.500286 -0.722014 3.71949 -10.48857 -16.424425 -10.41993 19.583378 -41.100861 -16.13418 25.29719 0.211551 -34.753029 -0.308408 0.221575 0.112688 -18.492556 -5.882106 9.861284 0.702589 -10.936872 -0.360577 7.156204 3e-06 8.774825 0.0 -15.820663 18.121912 6.303356 -1.844033 2.498504 -2.507278 -10.163601 4.678943 4.621107 -20.976027 -9e-06 -0.0 -21.226288 2.45169 -3.594 1e-06 -5e-06 0.0 -1.362682 2.240799 -0.746324 -21.334919 0.584905 3.008321 -13.821217 -5e-06 -0.0 -23.887177 -0.249084 -0.839481 -60.41111 2.624463 -1.214411 -0.294025 1.679687 0.833257 -14.218211 0.093211 1.300578 -34.212063 -0.287574 0.967172 -20.033218 0.964531 1.212846 -0.0 0.0 1e-06 -3.440389 0.788232 0.501655 -15.928189 -3.167315 2.999705 -6.338826 -3e-06 -1e-06 -18.123447 3.648179 -4.905672 -3e-06 1e-06 -2e-06 19.507889 7.922905 20.218201 48.195919 8.017292 34.92495 0.104779 30.264736 -0.011602 2.076302 -4.211319 -16.636501 2.24354 -5.255035 -3.180155 14.282887 -0.826592 6.952499 -5e-06 -12.690601 -0.0 16.230221 -17.092278 2.393317 1.665666 -1.955921 -2.8783 4.727797 -4.170586 4.993925 11.020525 5e-06 -1e-06 12.109051 -3.735713 -2.866781 -0.0 0.0 0.0 1.291985 -1.928549 -1.498091 14.800127 0.567471 3.865607 14.242569 -1.341733 -6.660655 19.631968 0.14393 -0.648241 49.510971 -0.507436 -6.178963 0.353029 -1.51115 -0.031938 20.222788 3.684313 2.316629 18.78727 8e-06 2e-06 10.751625 -0.479865 1.397907 -0.0 -0.0 1e-06 3.273806 0.305948 -0.580111 21.486813 11.830378 2.266133 8.162926 4e-06 -0.0 18.399076 -3.798983 -4.940573 1e-06 -0.0 -2e-06 15.960329 5.42753 -0.640057 -0.12102 -0.874831 61.82539 -5.212543 -4.575593 17.486395 1.751767 -1.912715 -4.562139 -1e-06 -0.0 2e-06 5.797944 -11.767464 -13.691309 -0.011633 -0.184822 19.776234 -2.549721 -5.062205 -1.712783 -1.412905 1.011753 -0.181556 -0.0 0.0 -1e-06 
0.0 0.0 0.0 0.0 -0.0 0.0 -13.400043 98.383919 481.624878 -3.996239 5.893459 -5.746882 1.688188 0.018726 0.184441 -0.490815 -1.501997 -5.036201 0.186331 -3.953151 15.187427 4.673386 0.78346 -0.297997 -1.189758 -1.646225 -3.395369 -2.271278 -2.052503 -12.853909 7.7e-05 -2.3e-05 6e-06 0.00213 -0.047349 0.018769 0.714124 -3.780642 -10.483834 -0.710189 3.685274 -10.478483 -16.607746 -9.41975 19.877987 -42.892948 -14.920357 26.99577 -0.117009 -32.362541 -0.130767 -0.69091 0.286977 -17.774349 -5.882108 9.86129 0.70259 -10.936875 -0.360575 7.156209 1e-06 8.774829 -0.0 -16.013088 18.05127 6.206494 -1.844033 2.498504 -2.507279 -10.163602 4.678946 4.621108 -20.976028 -4e-06 2e-06 -21.226292 2.451696 -3.594002 1e-06 -6e-06 1e-06 -1.362682 2.2408 -0.746323 -21.334923 0.584908 3.008323 -13.821218 -3e-06 0.0 -23.88718 -0.249081 -0.839482 -60.419586 2.707496 -1.250438 -0.294025 1.679688 0.833256 -14.218212 0.093215 1.300578 -34.212063 -0.287566 0.967172 -20.033218 0.964537 1.212842 -1e-06 1e-06 -0.0 -3.44039 0.788235 0.501657 -15.928192 -3.167312 2.999709 -6.338827 -1e-06 1e-06 -18.123447 3.648184 -4.905672 -3e-06 -0.0 -2e-06 19.378353 8.495876 20.209913 46.815792 9.563601 32.634346 0.071303 30.861452 0.006306 0.736465 -4.152804 -18.08975 2.243542 -5.255037 -3.180157 14.282896 -0.826594 6.952504 -4e-06 -12.690608 0.0 16.31563 -17.108517 2.411127 1.665666 -1.955921 -2.878298 4.7278 -4.170588 4.993927 11.020529 3e-06 0.0 12.109056 -3.735716 -2.866784 -0.0 0.0 -1e-06 1.291986 -1.92855 -1.49809 14.800132 0.567469 3.865609 14.242577 -1.341736 -6.660659 19.631975 0.143925 -0.648243 49.562305 -0.540128 -6.251914 0.353029 -1.511151 -0.031941 20.222801 3.684312 2.316631 18.787279 5e-06 1e-06 10.751631 -0.479866 1.397906 1e-06 1e-06 -0.0 3.273808 0.305947 -0.58011 21.486822 11.830379 2.266135 8.16293 2e-06 -1e-06 18.399088 -3.798983 -4.940574 1e-06 0.0 -2e-06 14.922242 6.135465 -5.206577 -0.172385 -0.617082 66.375404 -3.591279 -2.48705 13.605522 1.746582 -1.909507 -4.047523 -0.0 -0.0 2e-06 5.427982 -11.521729 -9.45215 -0.029612 -0.207957 17.515972 -2.524472 -5.082156 -3.120712 -1.408857 1.034446 -0.161351 0.0 0.0 -1e-06 
0.0 0.0 0.0 0.0 -0.0 0.0 -13.737305 98.928566 485.138641 -3.291967 4.912279 -6.058725 1.715699 0.221183 0.38507 -0.581678 -0.93567 -4.932448 -0.411477 -3.26861 15.140855 4.549024 0.876981 0.485343 -1.22628 -1.601025 -3.385399 -1.975903 -2.087535 -12.320094 7.7e-05 -2.3e-05 6e-06 -0.005754 -0.078669 0.019747 0.687804 -3.810024 -10.483214 -0.700539 3.651357 -10.481096 -16.742424 -8.207699 20.09811 -44.63171 -13.225557 28.206356 -0.223423 -31.034895 -0.066349 -1.665959 0.343274 -17.148958 -5.882113 9.861295 0.702592 -10.936885 -0.360575 7.156215 1e-06 8.774835 0.0 -16.204897 17.985264 6.061275 -1.844034 2.498507 -2.50728 -10.163611 4.67895 4.621111 -20.976048 -2e-06 3e-06 -21.226313 2.4517 -3.594003 0.0 -4e-06 1e-06 -1.362684 2.240801 -0.746325 -21.334942 0.58491 3.008325 -13.821232 -3e-06 3e-06 -23.887201 -0.249079 -0.839481 -60.397438 2.752528 -1.346118 -0.294025 1.679689 0.833257 -14.218225 0.093215 1.300582 -34.21209 -0.287562 0.967171 -20.033234 0.964539 1.212845 -1e-06 1e-06 1e-06 -3.440392 0.788235 0.501654 -15.928203 -3.167312 2.999711 -6.338834 -0.0 1e-06 -18.12347 3.648187 -4.905674 -2e-06 1e-06 -1e-06 18.803404 9.254634 20.170944 45.755112 11.073321 30.22068 0.004953 31.702623 0.072202 -0.396414 -4.171984 -19.814787 2.243543 -5.255041 -3.180159 14.282903 -0.826595 6.952507 -2e-06 -12.690614 1e-06 16.370087 -17.197964 2.434368 1.665667 -1.955922 -2.878301 4.727803 -4.17059 4.993928 11.020536 3e-06 -1e-06 12.109062 -3.735719 -2.866785 -0.0 -0.0 -1e-06 1.291986 -1.92855 -1.49809 14.800139 0.567469 3.865611 14.242584 -1.341737 -6.660662 19.631985 0.143927 -0.648245 49.564049 -0.585087 -6.330889 0.35303 -1.511152 -0.031941 20.222809 3.684313 2.316632 18.787292 5e-06 0.0 10.751638 -0.479869 1.397907 -1e-06 1e-06 1e-06 3.273809 0.305947 -0.580111 21.486832 11.830383 2.266136 8.162935 3e-06 -1e-06 18.399099 -3.798987 -4.940578 3e-06 0.0 -2e-06 13.119804 7.124879 -9.518906 -0.165143 -0.352152 68.088234 -3.378312 -1.520083 10.282528 1.722779 -1.878312 -4.016475 1e-06 0.0 3e-06 4.723465 -11.003019 -5.379458 -0.009516 -0.228824 14.864667 -2.425686 -4.779674 -4.079647 -1.40764 1.013496 -0.107051 0.0 0.0 -1e-06 
0.0 0.0 0.0 0.0 -0.0 0.0 -13.994649 99.287949 488.544037 -2.587442 3.692404 -6.20349 1.787924 0.412687 0.568323 -0.615859 -0.280271 -4.824335 -0.977762 -2.540024 14.989685 4.032347 1.130539 1.20943 -1.248214 -1.639723 -3.404682 -1.625744 -2.047464 -11.716272 7.7e-05 -2.2e-05 5e-06 -0.010677 -0.104634 0.022998 0.668345 -3.833011 -10.478106 -0.692281 3.621376 -10.4811 -17.074957 -6.826431 20.244856 -45.961639 -11.063578 28.717791 -0.162866 -30.951195 -0.07856 -2.549879 0.260864 -17.084171 -5.88211 9.86129 0.70259 -10.936877 -0.360573 7.156205 -1e-06 8.774828 -1e-06 -16.339386 17.953373 5.937777 -1.844033 2.498505 -2.507277 -10.163604 4.678948 4.621107 -20.97603 0.0 -1e-06 -21.226294 2.4517 -3.594005 1e-06 -6e-06 0.0 -1.362682 2.2408 -0.746324 -21.334923 0.584914 3.008324 -13.821219 -1e-06 -1e-06 -23.887182 -0.249077 -0.839486 -60.415264 2.75665 -1.425241 -0.294025 1.679687 0.833257 -14.218214 0.093217 1.300578 -34.212059 -0.28756 0.967165 -20.033224 0.964537 1.21284 -1e-06 -0.0 0.0 -3.44039 0.788234 0.501655 -15.928189 -3.167307 2.999705 -6.338829 -0.0 -1e-06 -18.123455 3.648185 -4.905674 -2e-06 1e-06 -1e-06 18.05496 10.188697 20.159447 44.569088 12.436171 27.864683 -0.101765 32.966057 0.153637 -1.222234 -4.125977 -21.472776 2.243541 -5.255037 -3.180158 14.282894 -0.826596 6.952504 -2e-06 -12.690607 1e-06 16.371702 -17.272114 2.468298 1.665666 -1.955922 -2.878298 4.727801 -4.17059 4.993925 11.020529 3e-06 -2e-06 12.109055 -3.735718 -2.866787 -0.0 -0.0 -1e-06 1.291986 -1.92855 -1.498089 14.800132 0.567467 3.865608 14.242577 -1.341738 -6.660657 19.631973 0.143925 -0.648246 49.537868 -0.626478 -6.347298 0.353028 -1.511151 -0.03194 20.222797 3.684309 2.316631 18.787279 4e-06 -1e-06 10.751631 -0.479869 1.397906 0.0 1e-06 1e-06 3.273807 0.305948 -0.580112 21.48682 11.830376 2.266135 8.16293 2e-06 -0.0 18.399088 -3.798986 -4.940577 4e-06 -0.0 -1e-06 11.103454 8.343881 -13.586557 -0.110201 -0.110665 67.2798 -4.329036 -1.365488 7.867757 1.697553 -1.840574 -4.03787 1e-06 0.0 0.0 3.94464 -10.35861 -1.563052 0.017477 -0.238672 12.400024 -2.244128 -4.192913 -5.134267 -1.410696 0.95961 -0.045485 0.0 0.0 -1e-06 
0.0 0.0 0.0 0.0 -0.0 0.0 -14.202139 99.412575 491.958954 -2.034737 2.432537 -6.18161 1.908671 0.548286 0.700724 -0.601504 0.385466 -4.732647 -1.394058 -1.797224 14.863928 3.253732 1.498029 1.702055 -1.241817 -1.687833 -3.445401 -1.372738 -1.991364 -11.240183 7.7e-05 -2.2e-05 6e-06 -0.013611 -0.126312 0.030826 0.656236 -3.850906 -10.4601 -0.687741 3.595178 -10.469419 -17.708689 -5.416227 20.337057 -46.788425 -8.732697 28.435822 -0.096728 -31.557856 -0.082828 -3.052243 0.12211 -17.68655 -5.882107 9.861287 0.70259 -10.936871 -0.360574 7.156202 -2e-06 8.774824 -2e-06 -16.411276 17.953592 5.87563 -1.844032 2.498504 -2.507275 -10.163599 4.678946 4.621108 -20.976023 -1e-06 2e-06 -21.22629 2.451699 -3.594002 1e-06 -5e-06 -1e-06 -1.362682 2.240798 -0.746322 -21.334913 0.584912 3.008322 -13.821215 -1e-06 -0.0 -23.887169 -0.249076 -0.839485 -60.502499 2.715464 -1.412604 -0.294025 1.679688 0.833255 -14.218207 0.093217 1.300579 -34.212048 -0.28756 0.967165 -20.033211 0.964538 1.212841 -0.0 -2e-06 1e-06 -3.440388 0.788234 0.501657 -15.928185 -3.167309 2.999705 -6.338826 -1e-06 -0.0 -18.123449 3.648185 -4.905673 -4e-06 1e-06 -2e-06 17.397741 11.180818 20.168783 42.926922 13.625731 25.755589 -0.253186 34.663971 0.174369 -1.809482 -3.953701 -22.622068 2.243543 -5.255039 -3.180159 14.282894 -0.826597 6.952505 1e-06 -12.690605 -1e-06 16.308298 -17.317108 2.532964 1.665667 -1.955922 -2.878299 4.727801 -4.170588 4.993927 11.020528 1e-06 -2e-06 12.109055 -3.735718 -2.866785 0.0 0.0 -1e-06 1.291986 -1.92855 -1.498091 14.800129 0.567466 3.865608 14.242577 -1.341739 -6.660657 19.631969 0.143922 -0.648246 49.52124 -0.663774 -6.279328 0.353029 -1.511151 -0.031939 20.222792 3.684306 2.316631 18.787275 0.0 -0.0 10.751629 -0.479872 1.397904 0.0 2e-06 -0.0 3.273808 0.305946 -0.580108 21.486813 11.830371 2.266132 8.162928 -0.0 -0.0 18.399088 -3.79899 -4.940578 3e-06 0.0 0.0 9.169874 9.606899 -17.370634 -0.01266 0.103312 64.188988 -5.784672 -1.460793 6.033358 1.696905 -1.810754 -4.031422 -1e-06 0.0 0.0 3.290032 -9.753236 1.643011 0.030223 -0.219003 10.578997 -2.035161 -3.532097 -6.409408 -1.417752 0.908767 0.00703 0.0 0.0 -1e-06 
0.0 0.0 0.0 0.0 -0.0 0.0 -14.35326 99.327049 495.441925 -1.618598 1.285958 -6.024284 2.017812 0.623068 0.777364 -0.562845 0.991249 -4.695263 -1.664946 -1.100132 14.838067 2.373677 1.85765 1.96734 -1.210385 -1.671621 -3.48398 -1.288486 -1.973891 -11.006843 7.7e-05 -2.3e-05 6e-06 -0.012239 -0.129155 0.045863 0.64751 -3.852246 -10.434698 -0.678161 3.590156 -10.451041 -18.551092 -4.123216 20.401905 -47.274227 -6.605677 27.670504 -0.073918 -32.045761 -0.05157 -3.206585 0.016918 -18.701572 -5.88211 9.861292 0.70259 -10.936878 -0.360575 7.156207 0.0 8.774831 -1e-06 -16.428806 17.958122 5.870365 -1.844034 2.498505 -2.507278 -10.163606 4.678947 4.621109 -20.976038 -4e-06 2e-06 -21.226301 2.451698 -3.594001 -1e-06 -5e-06 1e-06 -1.362682 2.2408 -0.746325 -21.334929 0.584909 3.008322 -13.821223 -4e-06 2e-06 -23.887184 -0.249081 -0.839483 -60.587242 2.631899 -1.299765 -0.294025 1.679689 0.833254 -14.218218 0.093214 1.300578 -34.212074 -0.287568 0.967167 -20.03323 0.964535 1.212845 -1e-06 -1e-06 -0.0 -3.440391 0.788233 0.501656 -15.928196 -3.167312 2.999707 -6.338831 -2e-06 0.0 -18.123459 3.648183 -4.905673 -3e-06 1e-06 -2e-06 16.90361 12.115212 20.208838 40.979023 14.74142 23.835253 -0.422575 36.444405 0.10622 -2.256129 -3.716451 -23.052465 2.243542 -5.255037 -3.180158 14.282892 -0.826596 6.952499 -1e-06 -12.690603 -1e-06 16.210579 -17.346264 2.587406 1.665667 -1.955922 -2.878299 4.727799 -4.170588 4.993924 11.020528 2e-06 -1e-06 12.109054 -3.735717 -2.866785 0.0 -0.0 1e-06 1.291985 -1.92855 -1.498087 14.800129 0.567467 3.865609 14.242574 -1.341736 -6.660657 19.631968 0.143925 -0.648244 49.508911 -0.683944 -6.169987 0.353028 -1.51115 -0.031941 20.22279 3.684309 2.316629 18.78727 4e-06 -1e-06 10.751625 -0.47987 1.397905 1e-06 2e-06 -2e-06 3.273808 0.305945 -0.580112 21.486813 11.830373 2.266132 8.162928 2e-06 -2e-06 18.399082 -3.798986 -4.940577 3e-06 -1e-06 -1e-06 7.384645 10.66582 -20.646461 0.103755 0.242723 58.872292 -7.255116 -1.495869 4.907719 1.72885 -1.812434 -3.987216 -0.0 -0.0 2e-06 2.712896 -9.302482 4.36 0.020922 -0.147746 9.28406 -1.803146 -2.893363 -7.96111 -1.425668 0.880598 0.097823 0.0 0.0 -1e-06 
0.0 0.0 0.0 0.0 -0.0 0.0 -14.433728 99.088463 498.932465 -1.325745 0.282268 -5.716677 2.111774 0.621105 0.762933 -0.517433 1.529849 -4.739161 -1.828748 -0.477132 14.915569 1.505653 2.186042 2.109193 -1.180246 -1.592882 -3.513523 -1.335844 -2.008121 -10.950983 7.7e-05 -2.2e-05 6e-06 -0.005196 -0.106698 0.060865 0.638529 -3.832379 -10.41559 -0.656875 3.614789 -10.439888 -19.475567 -2.976249 20.456757 -47.641441 -4.874968 26.799793 -0.038983 -31.938139 -0.019412 -3.222836 0.021851 -19.770813 -5.882106 9.861286 0.70259 -10.936875 -0.360576 7.156208 1e-06 8.774828 -0.0 -16.390198 17.981689 5.915878 -1.844033 2.498505 -2.507277 -10.163601 4.678944 4.621108 -20.976027 -5e-06 4e-06 -21.226292 2.451696 -3.593999 -0.0 -6e-06 0.0 -1.362682 2.240798 -0.746323 -21.334919 0.584908 3.008324 -13.821217 -3e-06 2e-06 -23.887175 -0.249078 -0.839481 -60.605362 2.576033 -1.141567 -0.294025 1.679687 0.833255 -14.21821 0.093214 1.300579 -34.212055 -0.287567 0.967173 -20.033218 0.964536 1.212845 -0.0 -0.0 -1e-06 -3.440389 0.788233 0.501656 -15.928189 -3.167311 2.999707 -6.338828 -1e-06 3e-06 -18.123453 3.648182 -4.905668 -4e-06 0.0 -1e-06 16.532957 12.978585 20.258839 39.001831 15.83675 22.031017 -0.609069 37.998104 2.2e-05 -2.575449 -3.551058 -22.870892 2.243543 -5.255037 -3.180161 14.282896 -0.826594 6.952502 -3e-06 -12.690607 1e-06 16.171543 -17.414768 2.586859 1.665668 -1.955922 -2.878299 4.7278 -4.170588 4.993928 11.020531 2e-06 -3e-06 12.109058 -3.735717 -2.866786 -0.0 0.0 1e-06 1.291987 -1.928549 -1.498088 14.800132 0.567468 3.865605 14.242579 -1.341734 -6.660661 19.631975 0.143928 -0.648247 49.513947 -0.671171 -6.085395 0.353029 -1.511152 -0.031942 20.222801 3.684311 2.316625 18.787281 5e-06 -5e-06 10.751633 -0.479867 1.397903 1e-06 2e-06 -1e-06 3.273808 0.305948 -0.580111 21.486824 11.830379 2.266129 8.16293 2e-06 -2e-06 18.399088 -3.798985 -4.940581 2e-06 -1e-06 -1e-06 5.75139 11.480467 -23.252472 0.210021 0.297114 51.333683 -8.241718 -1.044559 4.732173 1.770265 -1.858487 -3.975487 0.0 -0.0 4e-06 2.184574 -9.018811 6.996161 -0.00913 -0.034204 8.00999 -1.587689 -2.3108 -9.582003 -1.430535 0.872309 0.266524 0.0 0.0 -1e-06 
0.0 0.0 0.0 0.0 -0.0 0.0 -14.410708 98.737221 502.429291 -1.168725 -0.583726 -5.26202 2.203485 0.556273 0.640398 -0.477438 1.97566 -4.848498 -1.888026 0.084494 15.034138 0.719621 2.46275 2.200496 -1.145211 -1.47105 -3.527955 -1.419499 -2.093361 -10.962358 7.7e-05 -2.2e-05 6e-06 0.005144 -0.067587 0.069421 0.636175 -3.798212 -10.426376 -0.635244 3.659302 -10.455485 -20.297897 -2.042827 20.485157 -48.085514 -3.537965 26.106915 0.068832 -31.22893 -0.046242 -3.274784 0.165485 -20.607645 -5.882107 9.861286 0.70259 -10.936873 -0.360576 7.156205 1e-06 8.774827 -1e-06 -16.306791 18.022423 6.009371 -1.844033 2.498505 -2.507277 -10.163603 4.678945 4.621109 -20.976028 -4e-06 4e-06 -21.22629 2.451697 -3.593999 -2e-06 -5e-06 1e-06 -1.362682 2.240798 -0.746325 -21.334921 0.584908 3.008325 -13.821217 -4e-06 2e-06 -23.887177 -0.24908 -0.839481 -60.626762 2.595184 -1.054821 -0.294025 1.679687 0.833257 -14.218212 0.093214 1.30058 -34.212063 -0.287566 0.967174 -20.03322 0.964535 1.212844 -0.0 -0.0 -0.0 -3.440389 0.788233 0.501655 -15.928192 -3.167311 2.999709 -6.338828 -1e-06 3e-06 -18.123451 3.648182 -4.905669 -5e-06 -0.0 -3e-06 16.198629 13.746835 20.215479 37.339527 16.811028 20.322668 -0.716735 39.132717 -0.073019 -2.80716 -3.502535 -22.34296 2.243543 -5.25504 -3.180159 14.282904 -0.826596 6.952505 -2e-06 -12.690616 -1e-06 16.204027 -17.493578 2.541602 1.665668 -1.955923 -2.8783 4.727802 -4.170592 4.993927 11.020535 2e-06 -2e-06 12.10906 -3.735719 -2.866789 0.0 0.0 1e-06 1.291987 -1.928552 -1.498091 14.800139 0.567468 3.865606 14.242585 -1.341736 -6.660663 19.631985 0.143927 -0.648247 49.518707 -0.631969 -6.056707 0.35303 -1.511152 -0.031939 20.222811 3.684312 2.316633 18.787289 5e-06 -1e-06 10.751635 -0.479869 1.397906 1e-06 2e-06 0.0 3.273811 0.305947 -0.580111 21.486832 11.830384 2.266132 8.162932 2e-06 -3e-06 18.399097 -3.798989 -4.940581 2e-06 -1e-06 -1e-06 4.323381 12.145578 -24.914417 0.272766 0.319508 41.629948 -8.491986 -0.151738 5.535753 1.791713 -1.918883 -3.937187 0.0 -0.0 1e-06 1.647446 -8.933785 9.708694 -0.033659 0.081227 6.198319 -1.322377 -1.689371 -10.917582 -1.428931 0.896428 0.408198 -0.0 0.0 -1e-06 
0.0 0.0 0.0 0.0 -0.0 0.0 -14.261301 98.275879 505.997467 -1.238216 -1.423724 -4.68034 2.356377 0.508741 0.413106 -0.44056 2.26376 -4.980541 -1.799605 0.579463 15.10823 0.002357 2.709456 2.20328 -1.10814 -1.393155 -3.5413 -1.462402 -2.099277 -10.904701 7.7e-05 -2.3e-05 6e-06 0.015954 -0.035856 0.064183 0.64818 -3.773293 -10.482241 -0.626545 3.698136 -10.500294 -20.85614 -1.285868 20.485458 -48.784409 -2.500586 25.743526 0.23594 -30.17333 -0.13688 -3.479808 0.504215 -21.015312 -5.882109 9.86129 0.702591 -10.936875 -0.360574 7.156209 1e-06 8.77483 -1e-06 -16.204586 18.023022 6.177564 -1.844033 2.498506 -2.507277 -10.163604 4.678948 4.621112 -20.97603 -2e-06 3e-06 -21.226297 2.4517 -3.594002 -2e-06 -6e-06 -0.0 -1.362682 2.240799 -0.746324 -21.334921 0.584911 3.008325 -13.821218 -2e-06 2e-06 -23.887178 -0.249076 -0.839484 -60.73999 2.649901 -1.009612 -0.294025 1.679688 0.833257 -14.218212 0.093216 1.300581 -34.212055 -0.287561 0.967171 -20.033218 0.964539 1.212844 -1e-06 -0.0 -0.0 -3.44039 0.788234 0.501655 -15.928192 -3.16731 2.999709 -6.338828 -0.0 1e-06 -18.123453 3.648186 -4.905671 -4e-06 1e-06 -2e-06 15.788593 14.44891 20.056393 36.241837 17.652388 18.800768 -0.700438 39.797333 -0.100686 -2.992409 -3.556738 -21.70892 2.243544 -5.255038 -3.180157 14.282896 -0.826596 6.952504 -3e-06 -12.690609 2e-06 16.1896 -17.495388 2.519991 1.665668 -1.955922 -2.878298 4.727801 -4.17059 4.993925 11.02053 2e-06 -2e-06 12.109057 -3.735717 -2.866784 0.0 1e-06 -0.0 1.291986 -1.928549 -1.498089 14.800132 0.567467 3.865608 14.242577 -1.341737 -6.660661 19.631973 0.143927 -0.648246 49.49593 -0.614081 -6.047016 0.353029 -1.51115 -0.031938 20.222799 3.684309 2.316631 18.787283 3e-06 -1e-06 10.751633 -0.479869 1.397906 0.0 2e-06 -0.0 3.273807 0.305947 -0.580111 21.48682 11.830376 2.266129 8.162927 -1e-06 -3e-06 18.399084 -3.798986 -4.940578 2e-06 -1e-06 -1e-06 3.234341 12.831554 -25.176407 0.24102 0.359284 29.330212 -8.250895 0.985024 6.597916 1.793224 -1.903461 -3.597985 -0.0 0.0 2e-06 1.187509 -8.993857 12.514199 -0.046659 0.142109 3.864736 -0.866473 -0.841403 -11.825455 -1.423941 0.963436 0.353409 0.0 0.0 -1e-06 
0.0 0.0 0.0 0.0 -0.0 0.0 -13.989617 97.741348 509.706116 -1.59875 -2.193758 -4.037773 2.58921 0.460514 0.082002 -0.387215 2.41136 -5.08096 -1.553982 0.886641 15.075877 -0.650628 2.947025 2.038775 -1.113957 -1.398795 -3.552103 -1.49121 -1.869192 -10.661982 7.7e-05 -2.2e-05 6e-06 0.019699 -0.029331 0.052672 0.665226 -3.774553 -10.552583 -0.636914 3.71062 -10.548531 -20.988819 -0.586967 20.47934 -49.806114 -1.607575 25.60527 0.311803 -29.23101 -0.196508 -3.960412 1.02519 -21.020258 -5.88211 9.861292 0.702591 -10.936878 -0.360576 7.156211 0.0 8.774831 -2e-06 -16.116734 18.008091 6.385369 -1.844034 2.498506 -2.507279 -10.163606 4.678948 4.62111 -20.97604 -4e-06 4e-06 -21.226301 2.451698 -3.594002 -2e-06 -6e-06 -0.0 -1.362682 2.240799 -0.746324 -21.334929 0.58491 3.008325 -13.821221 -3e-06 2e-06 -23.887184 -0.249078 -0.839483 -60.943134 2.676818 -0.883606 -0.294025 1.679688 0.833255 -14.218219 0.093214 1.30058 -34.212074 -0.287566 0.967171 -20.033226 0.964538 1.212845 -1e-06 -1e-06 -0.0 -3.440391 0.788234 0.501657 -15.928196 -3.167312 2.999709 -6.338829 -1e-06 1e-06 -18.123459 3.648185 -4.905673 -5e-06 1e-06 -2e-06 15.188963 15.121477 19.870325 35.817581 18.370697 17.550125 -0.495644 40.119297 -0.07095 -3.175616 -3.619864 -20.954023 2.243542 -5.25504 -3.18016 14.2829 -0.826597 6.952506 -1e-06 -12.690614 -1e-06 16.084249 -17.398413 2.556641 1.665667 -1.955923 -2.878303 4.727802 -4.170592 4.993925 11.020533 1e-06 -3e-06 12.109059 -3.735719 -2.866787 0.0 0.0 -1e-06 1.291987 -1.928551 -1.498091 14.800136 0.567467 3.865611 14.242583 -1.341739 -6.660665 19.631979 0.143925 -0.648247 49.423138 -0.645844 -6.045051 0.353028 -1.511151 -0.031939 20.222803 3.684311 2.31663 18.787285 4e-06 -3e-06 10.751633 -0.47987 1.397905 0.0 1e-06 -0.0 3.27381 0.305947 -0.580111 21.486828 11.830383 2.266133 8.162931 0.0 -1e-06 18.399096 -3.798988 -4.94058 3e-06 -1e-06 -1e-06 2.716487 13.143071 -24.120104 0.085052 0.344845 15.418049 -8.094993 1.978162 6.487054 1.771236 -1.845401 -3.191105 -0.0 -0.0 2e-06 0.853983 -9.195793 14.571342 -0.041506 0.091682 3.124279 -0.126685 0.176063 -12.64846 -1.425756 0.988534 -0.112833 -0.0 0.0 -1e-06 
0.0 0.0 0.0 0.0 -0.0 0.0 -13.650399 97.121658 513.650574 -2.019603 -2.947795 -3.383968 2.715311 0.348831 -0.289803 -0.305699 2.615485 -5.214361 -1.178677 0.979948 15.02327 -1.223171 3.105232 1.724462 -1.1482 -1.214963 -3.490474 -1.598307 -1.57238 -10.452804 7.7e-05 -2.2e-05 6e-06 0.019129 -0.001314 0.061856 0.663134 -3.756645 -10.5767 -0.636369 3.746543 -10.568313 -21.029715 -0.196105 20.457569 -50.857983 -0.655129 25.547403 0.316809 -28.592306 -0.211322 -4.794194 1.344779 -21.081953 -5.882111 9.861293 0.70259 -10.93688 -0.360575 7.156211 0.0 8.774831 -1e-06 -16.182749 18.118763 6.341576 -1.844034 2.498507 -2.507279 -10.163608 4.678949 4.621112 -20.97604 -2e-06 3e-06 -21.226305 2.451698 -3.594002 -2e-06 -7e-06 0.0 -1.362683 2.2408 -0.746324 -21.33493 0.58491 3.008324 -13.821224 -3e-06 2e-06 -23.887188 -0.249077 -0.839484 -61.060772 2.629906 -1.001822 -0.294025 1.679689 0.833257 -14.218222 0.093216 1.30058 -34.212082 -0.287562 0.96717 -20.033232 0.964538 1.212843 0.0 -0.0 -0.0 -3.440392 0.788234 0.501657 -15.928201 -3.167311 2.999707 -6.338831 -1e-06 0.0 -18.123463 3.648186 -4.905675 -5e-06 1e-06 -1e-06 14.716855 15.641789 19.714375 35.483521 18.884926 16.808767 -0.002953 40.333378 0.333662 -3.131677 -3.65677 -20.058979 2.243543 -5.255038 -3.18016 14.282896 -0.826594 6.952502 -3e-06 -12.690609 1e-06 16.019825 -17.422909 2.600178 1.665667 -1.955922 -2.878299 4.7278 -4.170588 4.993924 11.020531 3e-06 -4e-06 12.109058 -3.735717 -2.866788 0.0 1e-06 -1e-06 1.291986 -1.928551 -1.498091 14.800132 0.567468 3.865606 14.242579 -1.341735 -6.660661 19.631973 0.143926 -0.648245 49.393097 -0.794328 -6.184 0.35303 -1.511152 -0.03194 20.222799 3.684309 2.316625 18.787279 5e-06 -3e-06 10.751633 -0.479868 1.397906 1e-06 2e-06 0.0 3.273806 0.305948 -0.580111 21.48682 11.830379 2.26613 8.16293 1e-06 -3e-06 18.399088 -3.798984 -4.94058 2e-06 -1e-06 -1e-06 2.613402 12.429152 -22.955647 -0.020494 0.21839 3.763592 -7.562974 3.225409 4.17044 1.678647 -1.927448 -3.228031 0.0 0.0 2e-06 0.278176 -9.713867 16.511158 -0.027133 -0.016425 3.006728 0.882837 1.630124 -13.227311 -1.44005 0.848959 -0.750404 -0.0 0.0 -1e-06 
0.0 0.0 0.0 0.0 -0.0 0.0 -13.253859 96.531776 517.567139 -2.156628 -3.651901 -2.936246 2.580053 0.417651 -0.483072 -0.254669 2.724398 -5.289811 -0.961911 0.949924 15.136312 -1.63739 3.170232 1.228858 -1.071582 -1.065478 -3.521589 -1.611408 -1.352097 -10.555915 7.7e-05 -2.2e-05 6e-06 0.008053 -0.050357 0.07242 0.650904 -3.79708 -10.543037 -0.64634 3.690104 -10.534377 -21.369925 -0.079371 20.204855 -51.224323 0.039832 25.656109 0.274698 -28.056866 -0.226794 -5.709005 1.50887 -20.98237 -5.882113 9.861297 0.702592 -10.936885 -0.360576 7.156216 1e-06 8.774837 -1e-06 -16.170969 18.170837 6.305426 -1.844034 2.498507 -2.507279 -10.163612 4.67895 4.621114 -20.976048 -3e-06 4e-06 -21.226313 2.4517 -3.594002 -2e-06 -6e-06 -0.0 -1.362683 2.240801 -0.746324 -21.334938 0.58491 3.008329 -13.82123 -2e-06 4e-06 -23.887196 -0.249076 -0.839481 -61.113438 2.607289 -1.081684 -0.294025 1.679689 0.833258 -14.218226 0.093215 1.300583 -34.212093 -0.287562 0.967176 -20.033239 0.96454 1.212847 -1e-06 -0.0 -0.0 -3.440392 0.788234 0.501656 -15.928206 -3.167314 2.999713 -6.338834 -1e-06 3e-06 -18.123466 3.648188 -4.905674 -4e-06 0.0 -2e-06 14.832818 15.988358 19.70112 34.779087 19.115356 17.190386 -0.128793 40.577126 0.26471 -2.831271 -3.670587 -19.598248 2.243546 -5.255043 -3.180161 14.282916 -0.826598 6.95251 -5e-06 -12.690626 3e-06 16.017809 -17.410629 2.56533 1.66567 -1.955925 -2.878303 4.727806 -4.170594 4.993931 11.020546 5e-06 -2e-06 12.109074 -3.73572 -2.866788 0.0 1e-06 -1e-06 1.291989 -1.928552 -1.498091 14.800153 0.567468 3.86561 14.242598 -1.341735 -6.660669 19.632002 0.143929 -0.648247 49.272976 -0.782093 -6.267573 0.353029 -1.511152 -0.031939 20.222828 3.684315 2.31663 18.787306 6e-06 -4e-06 10.751645 -0.47987 1.397907 1e-06 2e-06 -0.0 3.273813 0.305947 -0.580112 21.486851 11.830393 2.266129 8.162939 0.0 -4e-06 18.399115 -3.79899 -4.940587 3e-06 -0.0 -1e-06 2.549848 11.287889 -23.493681 0.060238 0.173058 1.098177 -6.462322 4.639163 2.437436 1.653142 -1.97429 -3.45817 0.0 -0.0 2e-06 -0.724706 -10.106497 18.387264 -0.045788 0.027931 3.437107 2.001361 3.108151 -13.275248 -1.430913 0.77537 -1.447727 0.0 0.0 -1e-06 
0.0 0.0 0.0 0.0 -0.0 0.0 -12.771622 96.223022 521.421692 -1.514779 -4.211067 -2.579034 1.884188 0.509387 -0.731906 -0.257541 2.866383 -5.433994 -1.13234 0.870662 15.467355 -1.620435 3.116393 0.56946 -1.03419 -0.710149 -3.517866 -1.550143 -1.133549 -10.724158 7.7e-05 -2.3e-05 6e-06 0.010415 -0.068735 0.078056 0.664124 -3.815655 -10.553485 -0.653882 3.673622 -10.5402 -22.201006 -0.03933 19.896307 -50.627205 0.339584 25.692678 0.160396 -27.469009 -0.242936 -6.153485 1.688914 -20.767096 -5.882107 9.861287 0.70259 -10.936873 -0.360576 7.156208 1e-06 8.774827 -0.0 -16.081831 18.191679 6.464168 -1.844032 2.498505 -2.507278 -10.163601 4.678946 4.621109 -20.976027 -3e-06 3e-06 -21.226288 2.451696 -3.594 -2e-06 -7e-06 1e-06 -1.362682 2.240798 -0.746324 -21.334917 0.584909 3.008325 -13.821218 -3e-06 2e-06 -23.887175 -0.249078 -0.839481 -61.110558 2.636502 -0.945058 -0.294025 1.679688 0.833255 -14.218212 0.093214 1.300581 -34.212048 -0.287564 0.967171 -20.033215 0.964536 1.212843 -1e-06 0.0 -0.0 -3.440389 0.788233 0.501657 -15.928191 -3.16731 2.999709 -6.338828 -1e-06 2e-06 -18.123453 3.648185 -4.90567 -4e-06 0.0 -2e-06 15.554573 16.133144 19.940784 34.192577 19.017351 18.092896 -0.62326 40.571609 -0.061573 -2.578103 -3.866443 -19.160133 2.243541 -5.255036 -3.180155 14.282887 -0.826595 6.9525 -2e-06 -12.690601 1e-06 16.149519 -17.370789 2.497522 1.665667 -1.955922 -2.878299 4.727797 -4.170588 4.993924 11.020524 4e-06 -1e-06 12.10905 -3.735715 -2.866782 -1e-06 1e-06 -1e-06 1.291986 -1.928549 -1.498089 14.800125 0.567467 3.865607 14.242569 -1.341735 -6.660656 19.631968 0.143928 -0.648243 49.30904 -0.740186 -6.290405 0.35303 -1.511152 -0.031938 20.222786 3.684309 2.316631 18.78727 5e-06 -0.0 10.751626 -0.479868 1.397906 1e-06 2e-06 -1e-06 3.273806 0.305948 -0.580112 21.486811 11.830372 2.26613 8.162926 3e-06 -1e-06 18.39908 -3.798985 -4.940573 3e-06 -0.0 -1e-06 1.716106 10.120501 -23.639341 0.092671 0.10994 2.970874 -4.204863 4.458262 3.655548 1.709299 -2.002656 -3.730428 0.0 -0.0 3e-06 -2.639511 -10.314631 19.587021 -0.049127 0.1491 5.140275 3.008287 4.288352 -12.336763 -1.428034 0.791439 -2.984162 -0.0 0.0 -1e-06 
0.0 0.0 0.0 0.0 -0.0 0.0 -12.172474 96.200371 525.405579 -0.201002 -4.738861 -2.123252 0.830341 0.546159 -1.17092 -0.319553 3.050305 -5.674654 -1.619513 0.942232 15.798594 -1.364244 3.045892 -0.08573 -1.020318 -0.329256 -3.554251 -1.354776 -0.87874 -10.689034 7.7e-05 -2.3e-05 7e-06 0.026628 -0.078846 0.067678 0.689121 -3.829151 -10.569921 -0.645602 3.667896 -10.557746 -23.175186 -0.123619 19.462389 -49.691452 0.354655 25.678806 0.08755 -26.536034 -0.230405 -6.35905 1.737408 -20.641186 -5.882109 9.86129 0.702591 -10.936877 -0.360575 7.156209 0.0 8.774829 -3e-06 -16.119947 18.186588 6.605997 -1.844033 2.498505 -2.507277 -10.163604 4.678946 4.621109 -20.97603 -3e-06 4e-06 -21.226292 2.451698 -3.593999 -2e-06 -6e-06 -0.0 -1.362682 2.240799 -0.746322 -21.334925 0.58491 3.008325 -13.82122 -2e-06 2e-06 -23.887182 -0.249078 -0.839483 -61.091404 2.595103 -0.772332 -0.294025 1.679688 0.833256 -14.218215 0.093214 1.300581 -34.212067 -0.287563 0.967173 -20.033222 0.964534 1.212845 -0.0 -1e-06 -0.0 -3.44039 0.788233 0.501654 -15.928194 -3.167311 2.999709 -6.338829 -1e-06 1e-06 -18.123457 3.648185 -4.905673 -5e-06 1e-06 -2e-06 16.442633 15.987385 20.155525 34.412144 18.399654 18.966801 -1.008251 40.52269 -0.223791 -2.421243 -4.198393 -18.622564 2.243545 -5.25504 -3.18016 14.282898 -0.826596 6.952507 -2e-06 -12.690611 3e-06 16.138601 -17.35425 2.521394 1.66567 -1.955923 -2.878302 4.727802 -4.170592 4.993927 11.020534 2e-06 -3e-06 12.109058 -3.735718 -2.866787 -0.0 0.0 -1e-06 1.291986 -1.92855 -1.498091 14.800136 0.567468 3.865608 14.242582 -1.341736 -6.660662 19.631983 0.143926 -0.64825 49.52832 -0.725339 -6.243473 0.353029 -1.511151 -0.031939 20.222801 3.68431 2.316629 18.787287 5e-06 -2e-06 10.751635 -0.479868 1.397905 1e-06 2e-06 -0.0 3.273808 0.305948 -0.580112 21.486824 11.830381 2.266132 8.16293 1e-06 -4e-06 18.399096 -3.798987 -4.940581 3e-06 -0.0 -0.0 0.184268 8.684756 -24.040842 0.074681 0.012252 7.015566 -1.64261 3.670597 7.133469 1.765823 -1.990844 -3.826436 0.0 -0.0 4e-06 -5.39069 -10.344934 19.655878 -0.064456 0.268096 8.751705 4.119452 5.142901 -9.904177 -1.429976 0.816463 -6.112939 0.0 -0.0 -1e-06 
0.0 0.0 0.0 0.0 -0.0 0.0 -11.539655 96.306847 529.613525 1.335055 -5.031639 -1.801046 -0.182345 0.578248 -1.491473 -0.47028 3.265224 -5.812308 -2.456323 0.969458 15.849234 -0.771093 2.860854 -0.499137 -0.992224 -0.106602 -3.572421 -1.131737 -0.608213 -10.931072 7.7e-05 -2.2e-05 6e-06 0.02847 -0.071029 0.048516 0.709632 -3.807163 -10.535944 -0.662231 3.660376 -10.539981 -23.247181 -0.434934 19.365955 -49.309044 -0.470272 25.412279 -0.028884 -25.340221 -0.159121 -6.573602 2.009084 -20.498386 -5.882107 9.861288 0.70259 -10.936874 -0.360576 7.156208 0.0 8.774826 -2e-06 -16.035061 17.975149 6.623198 -1.844033 2.498505 -2.507279 -10.163602 4.678944 4.621108 -20.976027 -3e-06 3e-06 -21.226288 2.451696 -3.594001 -2e-06 -7e-06 -0.0 -1.362682 2.240798 -0.746323 -21.334917 0.584909 3.008325 -13.821217 -3e-06 3e-06 -23.887175 -0.249078 -0.839482 -61.102184 2.579035 -0.77008 -0.294025 1.679687 0.833256 -14.218212 0.093215 1.300582 -34.212051 -0.287563 0.967173 -20.033218 0.964538 1.212845 -0.0 0.0 0.0 -3.440389 0.788233 0.501655 -15.928189 -3.167311 2.999709 -6.338827 -1e-06 1e-06 -18.123453 3.648183 -4.905671 -4e-06 -0.0 -2e-06 16.702843 15.535873 20.25893 36.449341 17.43667 19.53738 -1.095114 40.48922 -0.114712 -2.943213 -4.532158 -18.332182 2.243542 -5.255037 -3.180157 14.282896 -0.826598 6.952505 -1e-06 -12.690609 1e-06 16.117249 -17.291723 2.490416 1.665666 -1.955922 -2.878298 4.7278 -4.17059 4.993925 11.020528 2e-06 -1e-06 12.109055 -3.735718 -2.866785 0.0 1e-06 -0.0 1.291988 -1.928552 -1.49809 14.800132 0.567467 3.865608 14.242576 -1.341737 -6.660658 19.631973 0.143925 -0.648245 49.532505 -0.690453 -6.26037 0.353028 -1.511149 -0.031939 20.222797 3.684309 2.316631 18.787279 2e-06 -1e-06 10.751631 -0.479869 1.397906 0.0 2e-06 -0.0 3.273807 0.305949 -0.58011 21.48682 11.830376 2.266131 8.16293 2e-06 -2e-06 18.399088 -3.798988 -4.940577 3e-06 -0.0 -1e-06 -1.468185 7.081189 -24.348925 0.057317 -0.045562 11.417571 -0.508249 3.84329 9.447165 1.795683 -1.917866 -3.186544 -0.0 -0.0 2e-06 -8.468966 -10.397827 18.43232 -0.105262 0.466731 15.097135 4.852951 5.85009 -6.56863 -1.461775 0.834936 -12.169916 -0.0 -0.0 -1e-06 
0.0 0.0 0.0 0.0 -0.0 0.0 -10.873339 96.589989 533.829102 2.533784 -4.759065 -2.051132 -0.923066 0.555299 -1.332221 -0.704363 3.181526 -5.806384 -3.028562 1.089937 15.619514 -0.174095 2.549033 -0.338403 -1.071641 -0.22841 -3.50494 -0.667668 -0.501502 -11.467669 7.7e-05 -2.3e-05 6e-06 0.032525 -0.015992 0.05771 0.746885 -3.734259 -10.496625 -0.690969 3.698903 -10.500383 -22.371449 -1.212672 19.886202 -49.573895 -2.110916 25.508291 0.048926 -24.633272 -0.143229 -6.75188 2.133516 -21.096491 -5.882114 9.8613 0.702591 -10.936887 -0.360576 7.156216 1e-06 8.774838 -2e-06 -16.124794 18.063982 6.589977 -1.844035 2.498507 -2.507281 -10.163615 4.678952 4.621114 -20.976055 -4e-06 3e-06 -21.226318 2.451699 -3.594005 -2e-06 -7e-06 1e-06 -1.362683 2.240801 -0.746323 -21.334946 0.584908 3.008327 -13.821235 -4e-06 2e-06 -23.887203 -0.249079 -0.839482 -61.165356 2.553772 -0.935948 -0.294025 1.67969 0.833256 -14.21823 0.093214 1.300581 -34.212105 -0.287565 0.967175 -20.033243 0.964536 1.212847 -1e-06 0.0 0.0 -3.440393 0.788234 0.501657 -15.928209 -3.167316 2.999711 -6.338834 -2e-06 1e-06 -18.123474 3.648189 -4.905678 -4e-06 -0.0 -2e-06 15.778736 14.623504 20.122322 40.35461 16.271673 20.192192 -0.915686 40.318199 0.122254 -3.56464 -4.707751 -19.152666 2.243546 -5.255044 -3.180159 14.282912 -0.826597 6.952507 -3e-06 -12.69062 3e-06 16.128189 -17.323635 2.478173 1.665669 -1.955924 -2.878304 4.727806 -4.170593 4.993931 11.020544 2e-06 -3e-06 12.10907 -3.73572 -2.866789 -0.0 0.0 1e-06 1.291987 -1.928551 -1.498093 14.800149 0.567468 3.865609 14.242596 -1.341737 -6.660666 19.632 0.143928 -0.648249 49.608715 -0.671972 -6.310708 0.353029 -1.511153 -0.03194 20.22282 3.684315 2.31663 18.7873 5e-06 -4e-06 10.751643 -0.479869 1.397905 1e-06 2e-06 -1e-06 3.273811 0.305947 -0.580112 21.486847 11.830394 2.266132 8.162938 3e-06 -3e-06 18.399109 -3.79899 -4.940586 2e-06 -1e-06 0.0 -2.851253 5.912911 -23.612427 0.007613 -0.180317 15.766447 -1.004994 3.880431 8.079894 1.738907 -1.897939 -1.90002 -0.0 -0.0 2e-06 -11.254293 -10.960221 15.892409 -0.120258 0.750182 24.673355 4.341966 6.581956 -0.947652 -1.541856 0.836949 -20.153397 -0.0 -0.0 -1e-06 
0.0 0.0 0.0 0.0 -0.0 0.0 -10.288036 96.973221 538.026917 3.59675 -4.018092 -2.71204 -1.671357 0.509783 -0.969377 -0.855181 2.889155 -5.591902 -3.516681 0.812157 15.287664 0.344877 2.377014 0.273699 -1.043682 -0.211695 -3.460338 -0.434826 -0.554158 -11.523932 7.7e-05 -2.2e-05 6e-06 0.038543 0.015842 0.075843 0.747286 -3.705475 -10.474533 -0.680988 3.731437 -10.480888 -21.183949 -2.146146 19.895121 -49.815403 -3.542207 25.566496 0.031214 -24.690546 -0.185835 -6.657782 2.009048 -21.188679 -5.882107 9.861286 0.702589 -10.936873 -0.360575 7.156206 1e-06 8.774826 -2e-06 -16.163389 18.043972 6.354107 -1.844033 2.498505 -2.507278 -10.163602 4.678945 4.621109 -20.976027 -4e-06 1e-06 -21.226288 2.451696 -3.594 -2e-06 -7e-06 -0.0 -1.362682 2.240798 -0.746323 -21.334915 0.584908 3.008321 -13.821217 -3e-06 1e-06 -23.887175 -0.249078 -0.839484 -60.893642 2.602853 -1.334121 -0.294025 1.679687 0.833257 -14.218212 0.093214 1.300579 -34.212051 -0.287565 0.96717 -20.033215 0.964536 1.212844 -1e-06 1e-06 0.0 -3.440389 0.788233 0.501653 -15.928187 -3.16731 2.999707 -6.338828 -1e-06 1e-06 -18.123449 3.648183 -4.905672 -5e-06 -1e-06 -2e-06 15.057774 13.813 20.116613 44.004246 14.922384 21.457407 -0.684072 39.759052 0.208662 -3.496325 -4.228527 -19.722427 2.243544 -5.255038 -3.180159 14.2829 -0.826598 6.952507 -2e-06 -12.690609 1e-06 16.302422 -17.451233 2.458342 1.665668 -1.955923 -2.8783 4.727802 -4.17059 4.993928 11.020535 1e-06 -3e-06 12.10906 -3.735718 -2.866786 -0.0 -0.0 -0.0 1.291986 -1.92855 -1.498089 14.800138 0.567466 3.865608 14.242583 -1.341736 -6.660662 19.631981 0.143927 -0.648248 49.78001 -0.558962 -6.40877 0.353029 -1.511151 -0.031941 20.222803 3.684308 2.316627 18.787289 2e-06 -2e-06 10.751637 -0.479869 1.397907 -0.0 2e-06 -2e-06 3.273809 0.305947 -0.580112 21.486828 11.830378 2.266129 8.162933 1e-06 -3e-06 18.399097 -3.798986 -4.940583 2e-06 -2e-06 0.0 -4.392798 5.784574 -21.107801 -0.085078 -0.12164 17.695436 -0.635222 2.393315 5.644439 1.676048 -1.914609 -0.714999 0.0 -0.0 2e-06 -13.999696 -12.019691 11.852274 0.006261 0.814137 36.756775 3.234458 6.508413 6.866064 -1.576364 0.741905 -23.303699 0.0 -0.0 -2e-06 
0.0 0.0 0.0 0.0 -0.0 0.0 -9.73687 97.445427 542.234741 4.596451 -3.310379 -3.456604 -2.383933 0.318061 -0.628812 -0.995863 2.590875 -5.385098 -3.856616 0.520885 15.096601 0.612706 2.283778 0.89643 -0.918464 -0.21917 -3.469138 -0.338473 -0.505348 -11.20773 7.7e-05 -2.2e-05 6e-06 0.04684 0.054027 0.083619 0.744562 -3.6724 -10.469824 -0.66212 3.776044 -10.474954 -20.864271 -3.032903 20.112925 -48.728378 -5.275199 25.394722 -0.08045 -25.427017 -0.125974 -6.378039 1.690635 -21.758041 -5.882107 9.861289 0.702592 -10.936872 -0.360574 7.156208 -0.0 8.774828 -2e-06 -16.259584 18.046423 6.150634 -1.844033 2.498505 -2.507279 -10.163602 4.678948 4.621109 -20.976027 -1e-06 2e-06 -21.226292 2.4517 -3.594002 -1e-06 -6e-06 -1e-06 -1.362682 2.240799 -0.746323 -21.334917 0.584912 3.008324 -13.821216 -1e-06 1e-06 -23.887171 -0.249076 -0.839485 -60.77417 2.502141 -1.526415 -0.294025 1.679688 0.833257 -14.218212 0.093216 1.300581 -34.212051 -0.287561 0.967168 -20.033216 0.964538 1.212842 -1e-06 1e-06 -0.0 -3.440389 0.788234 0.501655 -15.928189 -3.167309 2.999707 -6.338829 -0.0 1e-06 -18.123447 3.648185 -4.905673 -5e-06 0.0 -2e-06 15.010279 12.934258 20.234591 46.490208 13.481521 23.643093 -0.64458 39.259106 0.060352 -2.801791 -3.948942 -19.517645 2.243541 -5.255036 -3.180155 14.282893 -0.826597 6.952505 -1e-06 -12.690603 0.0 16.381771 -17.367569 2.44516 1.665666 -1.955921 -2.878299 4.7278 -4.170588 4.993923 11.020528 1e-06 -1e-06 12.109055 -3.735717 -2.866786 -1e-06 -0.0 -0.0 1.291987 -1.928549 -1.498088 14.800129 0.567468 3.865608 14.242571 -1.341739 -6.660659 19.631969 0.143924 -0.648246 49.735497 -0.509496 -6.334887 0.353029 -1.511151 -0.03194 20.222794 3.684307 2.316633 18.787273 3e-06 -0.0 10.751629 -0.47987 1.397907 2e-06 1e-06 0.0 3.273807 0.305946 -0.58011 21.486813 11.830372 2.266135 8.16293 2e-06 -2e-06 18.399086 -3.798987 -4.940573 2e-06 -1e-06 0.0 -5.839506 6.087393 -17.722454 -0.101276 -0.072355 18.141434 -0.242553 0.906042 2.527216 1.654623 -1.941086 -0.839569 0.0 0.0 2e-06 -16.321222 -12.955647 6.792081 0.082297 0.75465 48.814323 1.719214 4.811727 16.092543 -1.364177 0.729293 -13.127006 0.0 -0.0 -1e-06 
0.0 0.0 0.0 0.0 -0.0 0.0 -9.246904 97.927048 546.312988 5.509908 -2.702123 -4.033438 -3.060302 0.172884 -0.453477 -1.095402 2.254668 -5.308115 -4.152792 0.143182 15.165708 0.845665 2.234989 1.525553 -0.790171 -0.102894 -3.533503 -0.305853 -0.415617 -10.977478 7.7e-05 -2.2e-05 6e-06 0.05348 0.100462 0.091138 0.748255 -3.62924 -10.49353 -0.652461 3.829368 -10.497127 -21.286631 -3.844502 20.08033 -46.398266 -7.046503 25.663107 -0.126729 -26.479012 -0.086754 -5.466509 1.166828 -22.720802 -5.882105 9.861284 0.70259 -10.936872 -0.360577 7.156205 1e-06 8.774824 -1e-06 -16.320929 18.029167 6.020026 -1.844032 2.498504 -2.507279 -10.1636 4.678944 4.621109 -20.976023 -5e-06 5e-06 -21.226286 2.451697 -3.593999 -0.0 -7e-06 -0.0 -1.362681 2.240798 -0.746323 -21.334917 0.584907 3.008323 -13.821213 -4e-06 2e-06 -23.887171 -0.24908 -0.839481 -60.70026 2.419752 -1.5054 -0.294025 1.679687 0.833256 -14.218209 0.093214 1.300581 -34.212051 -0.287566 0.967174 -20.033215 0.964536 1.212846 -0.0 -1e-06 0.0 -3.440389 0.788233 0.501655 -15.928185 -3.16731 2.999709 -6.338826 -1e-06 3e-06 -18.123444 3.648182 -4.905668 -5e-06 1e-06 -2e-06 15.505923 11.953055 20.336544 47.969097 12.274668 26.421402 -0.49061 38.574165 -0.062804 -2.164513 -3.746738 -18.349173 2.243541 -5.255036 -3.180158 14.282892 -0.826594 6.952502 -4e-06 -12.690603 1e-06 16.411077 -17.265884 2.391041 1.665665 -1.955921 -2.878299 4.727798 -4.170587 4.993924 11.020526 4e-06 -1e-06 12.109052 -3.735714 -2.866781 -0.0 -0.0 -1e-06 1.291985 -1.928549 -1.498091 14.800129 0.567467 3.865606 14.242569 -1.341735 -6.660657 19.631968 0.143926 -0.648242 49.712059 -0.542294 -6.214781 0.353029 -1.51115 -0.031941 20.222794 3.684309 2.316631 18.787271 5e-06 1e-06 10.751629 -0.479869 1.397905 0.0 1e-06 0.0 3.273807 0.305948 -0.580111 21.486813 11.830376 2.266133 8.162927 3e-06 0.0 18.39908 -3.798985 -4.940572 3e-06 -0.0 0.0 -7.088901 6.35222 -13.774517 -0.017778 0.023136 16.978205 -0.004828 0.143657 0.293616 1.641694 -1.954141 -1.069614 -0.0 0.0 2e-06 -17.944677 -13.657265 1.998703 0.114085 0.57393 57.87537 -0.378855 3.123958 19.281391 -1.313993 0.864503 -4.316858 -1e-06 -0.0 0.0 
0.0 0.0 0.0 0.0 -0.0 0.0 -8.878422 98.47953 550.243958 5.802592 -1.979013 -4.490285 -3.364241 0.045388 -0.400889 -1.119506 1.791332 -5.287032 -4.229471 -0.340448 15.361053 1.154346 2.260437 2.293916 -0.845449 -0.072746 -3.587329 -0.275935 -0.337903 -10.824493 7.7e-05 -2.2e-05 6e-06 0.051689 0.094831 0.087735 0.746779 -3.633211 -10.504062 -0.653622 3.824685 -10.518851 -21.864338 -4.666627 19.917843 -43.745209 -8.987624 25.620193 -0.258894 -27.325653 0.004371 -4.036536 0.730813 -22.983885 -5.882108 9.861288 0.70259 -10.936875 -0.360575 7.156206 0.0 8.774828 -0.0 -16.387911 18.079323 5.919707 -1.844033 2.498505 -2.507277 -10.163601 4.678946 4.621108 -20.976027 -3e-06 1e-06 -21.22629 2.451698 -3.594002 -1e-06 -6e-06 0.0 -1.362682 2.240798 -0.746323 -21.334919 0.58491 3.008322 -13.821215 -1e-06 1e-06 -23.887175 -0.249078 -0.839484 -60.607124 2.421291 -1.368062 -0.294025 1.679688 0.833256 -14.218211 0.093216 1.30058 -34.212063 -0.287564 0.967169 -20.033224 0.964537 1.212842 0.0 0.0 -0.0 -3.440389 0.788233 0.501655 -15.928191 -3.16731 2.999707 -6.338828 -1e-06 1e-06 -18.123451 3.648184 -4.905673 -3e-06 -0.0 -2e-06 15.911239 10.969598 20.514956 49.279972 11.220471 29.16905 -0.481358 37.884995 -0.169701 -1.878203 -3.866775 -17.154144 2.243542 -5.255037 -3.180157 14.282896 -0.826595 6.952504 -3e-06 -12.690609 1e-06 16.38703 -17.265553 2.327106 1.665666 -1.955922 -2.878298 4.727801 -4.170589 4.993927 11.02053 2e-06 1e-06 12.109056 -3.735717 -2.866784 -0.0 -0.0 -1e-06 1.291986 -1.928549 -1.498089 14.800132 0.567468 3.865608 14.242577 -1.341736 -6.660658 19.631973 0.143925 -0.648247 49.802235 -0.542946 -6.156975 0.353029 -1.51115 -0.03194 20.222797 3.684311 2.316628 18.787279 4e-06 1e-06 10.751633 -0.479867 1.397905 -1e-06 -0.0 0.0 3.273808 0.305947 -0.580111 21.486822 11.830379 2.266132 8.16293 3e-06 -2e-06 18.399088 -3.798986 -4.940575 4e-06 0.0 -1e-06 -7.542331 6.23453 -9.319631 0.023048 -0.024122 14.413815 0.037699 -0.015308 -1.091725 1.628432 -1.954234 -1.191157 -0.0 0.0 2e-06 -18.296783 -14.60331 -2.342782 0.164366 0.398714 63.712414 -2.057848 1.447321 15.298458 -1.401686 0.896553 -3.148342 -0.0 -0.0 -1e-06 
0.0 0.0 0.0 0.0 -0.0 0.0 -8.612134 98.991898 554.092102 5.416231 -1.111948 -4.912626 -3.307481 -0.096257 -0.284262 -1.04135 1.247484 -5.224496 -4.000807 -0.977653 15.377693 1.347299 2.294653 3.194155 -0.885336 -0.034729 -3.622562 -0.246696 -0.354098 -10.622231 7.7e-05 -2.2e-05 6e-06 0.047962 0.083053 0.078215 0.743138 -3.64129 -10.502172 -0.655815 3.809706 -10.528729 -21.904196 -5.683145 19.741684 -41.704346 -11.035379 25.069878 -0.360275 -28.030745 0.092884 -2.697635 0.610841 -22.838757 -5.882108 9.861287 0.702591 -10.936876 -0.360575 7.156209 1e-06 8.774828 1e-06 -16.373657 18.124706 5.887411 -1.844033 2.498505 -2.507279 -10.163604 4.678946 4.621113 -20.97603 -4e-06 3e-06 -21.226295 2.451698 -3.593999 2e-06 -6e-06 -1e-06 -1.362682 2.240798 -0.746323 -21.334921 0.58491 3.008325 -13.821216 -1e-06 2e-06 -23.887177 -0.249079 -0.839482 -60.570663 2.426087 -1.236766 -0.294025 1.679688 0.833257 -14.218213 0.093215 1.300581 -34.212055 -0.287562 0.967171 -20.033218 0.964537 1.212844 0.0 -1e-06 -0.0 -3.440389 0.788234 0.501656 -15.928192 -3.16731 2.999709 -6.338829 -1e-06 1e-06 -18.123451 3.648183 -4.905671 -2e-06 -0.0 -2e-06 15.78621 10.063751 20.715963 50.998898 10.00213 31.254765 -0.43471 37.403358 -0.197402 -1.704499 -4.004049 -16.51458 2.243541 -5.255035 -3.180158 14.282886 -0.826594 6.9525 -3e-06 -12.690601 -1e-06 16.363811 -17.321266 2.3153 1.665665 -1.95592 -2.878299 4.727797 -4.170586 4.993924 11.020522 3e-06 -0.0 12.109048 -3.735714 -2.866781 0.0 -0.0 -1e-06 1.291985 -1.928549 -1.498089 14.800125 0.567468 3.865607 14.242568 -1.341735 -6.660656 19.631958 0.143926 -0.648243 49.833828 -0.532235 -6.167747 0.353029 -1.51115 -0.031939 20.222786 3.684309 2.316631 18.78727 4e-06 0.0 10.751626 -0.479869 1.397907 -1e-06 -0.0 -0.0 3.273806 0.305946 -0.580112 21.486809 11.830373 2.266133 8.162924 3e-06 -1e-06 18.399076 -3.798983 -4.940574 4e-06 1e-06 -4e-06 -7.162214 5.815398 -4.679787 0.010094 -0.152218 11.316563 -0.020375 -0.01257 -2.097082 1.624431 -1.919854 -1.295314 0.0 0.0 2e-06 -17.295834 -15.661269 -6.573527 0.196166 0.245562 66.389038 -2.922276 -0.10345 11.296804 -1.440085 0.886082 -2.94801 0.0 -0.0 -0.0 
0.0 0.0 0.0 0.0 -0.0 0.0 -8.438782 99.337593 557.901733 4.731116 -0.177592 -5.352323 -3.143574 -0.208674 -0.061245 -0.931709 0.636034 -5.102135 -3.600279 -1.693777 15.271497 1.470668 2.27197 3.970329 -0.85188 -0.019852 -3.648378 -0.237229 -0.391041 -10.348194 7.7e-05 -2.3e-05 6e-06 0.045937 0.072512 0.060706 0.743151 -3.650532 -10.517947 -0.658028 3.797066 -10.551641 -21.464212 -6.836218 19.560951 -40.045803 -12.973783 24.159416 -0.360822 -29.008289 0.122215 -1.777352 0.636302 -22.790077 -5.882109 9.861288 0.702593 -10.936878 -0.360575 7.156208 2e-06 8.774829 2e-06 -16.23954 18.176584 5.929011 -1.844033 2.498505 -2.507279 -10.163606 4.678946 4.62111 -20.976038 -6e-06 3e-06 -21.226297 2.451696 -3.594 2e-06 -6e-06 -2e-06 -1.362682 2.240798 -0.746325 -21.334927 0.58491 3.008325 -13.821221 -4e-06 3e-06 -23.887182 -0.249079 -0.839481 -60.533993 2.48145 -1.203419 -0.294025 1.679688 0.833256 -14.218218 0.093214 1.300581 -34.21207 -0.287566 0.967171 -20.033226 0.964536 1.212845 -0.0 -1e-06 0.0 -3.44039 0.788233 0.501655 -15.928198 -3.167311 2.999709 -6.338829 -2e-06 -1e-06 -18.123457 3.648182 -4.905673 -2e-06 1e-06 -1e-06 15.568853 9.268805 20.83478 52.594833 8.504941 32.58569 -0.160584 37.256485 -0.071704 -1.23727 -3.822605 -16.521852 2.243542 -5.25504 -3.180159 14.282896 -0.826595 6.952507 -2e-06 -12.690612 1e-06 16.310238 -17.403395 2.338054 1.665667 -1.955923 -2.878302 4.727801 -4.170591 4.993926 11.020535 2e-06 -0.0 12.109059 -3.735719 -2.866785 -0.0 0.0 -0.0 1.291986 -1.928551 -1.498092 14.800136 0.567469 3.865611 14.24258 -1.341736 -6.660664 19.631979 0.143926 -0.648246 49.722324 -0.529111 -6.254364 0.353029 -1.511151 -0.031941 20.222803 3.684312 2.316634 18.787287 4e-06 0.0 10.751636 -0.479869 1.397905 1e-06 1e-06 -1e-06 3.273809 0.305947 -0.580111 21.486828 11.830383 2.266135 8.162933 2e-06 0.0 18.399094 -3.798988 -4.940579 3e-06 1e-06 -1e-06 -6.362174 5.281576 0.037429 -0.003735 -0.243214 8.020341 -0.121241 -0.115292 -3.003479 1.621724 -1.874222 -1.260136 0.0 -0.0 2e-06 -15.65431 -16.694122 -10.586377 0.222482 0.132305 66.240112 -2.765707 -0.933245 8.122737 -1.432673 0.845457 -3.043415 -0.0 0.0 -1e-06 
0.0 0.0 0.0 0.0 -0.0 0.0 -8.37033 99.431053 561.579895 4.1201 0.707245 -5.689306 -3.025749 -0.273399 0.158607 -0.865738 0.082041 -4.975753 -3.207006 -2.38044 15.219593 1.64799 2.098713 4.425303 -0.781816 0.046019 -3.68233 -0.235314 -0.467705 -9.971828 7.7e-05 -2.2e-05 6e-06 0.044084 0.040328 0.038705 0.742277 -3.68196 -10.546627 -0.659089 3.763238 -10.580465 -20.905222 -7.997345 19.319441 -38.161358 -14.802041 23.120424 -0.354169 -30.397259 0.131857 -1.11174 0.648708 -22.821598 -5.882105 9.861284 0.702589 -10.936872 -0.360574 7.156205 0.0 8.774824 -0.0 -16.104883 18.252365 6.001589 -1.844032 2.498503 -2.507277 -10.163599 4.678944 4.621109 -20.976021 -4e-06 1e-06 -21.226286 2.451696 -3.593999 2e-06 -7e-06 -2e-06 -1.362682 2.240798 -0.746323 -21.334915 0.58491 3.008324 -13.821215 -4e-06 2e-06 -23.887173 -0.249079 -0.839481 -60.517635 2.555202 -1.226616 -0.294025 1.679688 0.833256 -14.21821 0.093216 1.300581 -34.212051 -0.287564 0.967172 -20.033215 0.964536 1.212843 -0.0 -1e-06 -0.0 -3.440388 0.788232 0.501655 -15.928185 -3.16731 2.999707 -6.338826 -2e-06 1e-06 -18.123446 3.648183 -4.905669 -3e-06 -0.0 -3e-06 15.775311 8.509789 20.81176 53.536346 6.948448 33.613125 0.108548 37.17363 0.080244 -0.511894 -3.387937 -16.78377 2.243543 -5.255039 -3.180159 14.282899 -0.826596 6.952506 -1e-06 -12.69061 0.0 16.254326 -17.490955 2.388902 1.665667 -1.955922 -2.878298 4.727802 -4.17059 4.993925 11.020532 2e-06 -0.0 12.109058 -3.735717 -2.866783 -0.0 -0.0 0.0 1.291986 -1.92855 -1.498089 14.800136 0.567467 3.865609 14.242582 -1.341738 -6.660658 19.631975 0.143924 -0.648244 49.600819 -0.552101 -6.336996 0.353029 -1.511152 -0.03194 20.222803 3.684311 2.316633 18.787283 4e-06 -0.0 10.751634 -0.479868 1.397905 0.0 1e-06 -1e-06 3.273808 0.305947 -0.580113 21.486828 11.83038 2.266137 8.162931 1e-06 -1e-06 18.399096 -3.798989 -4.940577 2e-06 1e-06 0.0 -5.511952 4.792431 4.403255 -0.008399 -0.2656 5.034174 -0.314775 -0.366459 -4.014168 1.624504 -1.831163 -1.080251 0.0 0.0 2e-06 -13.930127 -17.5522 -14.419262 0.20657 0.032415 63.630234 -2.047495 -1.416355 5.504111 -1.425142 0.809648 -3.264749 0.0 0.0 -3e-06 
0.0 0.0 0.0 0.0 -0.0 0.0 -8.387134 99.302589 565.15387 3.742491 1.426317 -5.818304 -2.984993 -0.308642 0.308883 -0.850602 -0.34148 -4.900235 -2.907782 -2.939138 15.249342 1.901579 1.833778 4.587116 -0.756237 0.103551 -3.711317 -0.196178 -0.59568 -9.693244 7.7e-05 -2.3e-05 6e-06 0.041223 -0.008712 0.026187 0.735631 -3.727026 -10.55519 -0.656994 3.710712 -10.584119 -20.417864 -9.053905 19.103878 -35.909668 -16.642649 21.861195 -0.328771 -31.973133 0.160913 -0.295671 0.644439 -23.007553 -5.882108 9.86129 0.70259 -10.936873 -0.360574 7.156208 -0.0 8.774827 -2e-06 -15.940742 18.336395 6.122476 -1.844033 2.498505 -2.50728 -10.163602 4.678948 4.621109 -20.976028 -3e-06 -0.0 -21.226292 2.451697 -3.594005 2e-06 -6e-06 -2e-06 -1.362682 2.240799 -0.746323 -21.334917 0.58491 3.008323 -13.821217 -3e-06 -1e-06 -23.887175 -0.249079 -0.839484 -60.476864 2.627056 -1.231714 -0.294026 1.679688 0.833258 -14.218212 0.093215 1.300579 -34.212059 -0.287565 0.967165 -20.033218 0.964534 1.212843 0.0 0.0 -0.0 -3.440389 0.788233 0.501655 -15.928189 -3.16731 2.999707 -6.338828 -1e-06 2e-06 -18.123447 3.648183 -4.905674 -4e-06 1e-06 -1e-06 16.347046 7.81523 20.76368 54.010437 5.685235 34.660442 0.199311 36.733932 0.132611 0.139096 -3.038362 -16.970144 2.243543 -5.25504 -3.180159 14.282894 -0.826596 6.952501 -0.0 -12.690609 -1e-06 16.244648 -17.572126 2.425712 1.665667 -1.955922 -2.878301 4.727799 -4.17059 4.993926 11.020528 2e-06 -4e-06 12.109056 -3.735718 -2.866785 -0.0 0.0 0.0 1.291986 -1.92855 -1.498091 14.800132 0.567467 3.865606 14.242576 -1.341739 -6.66066 19.631969 0.143924 -0.648247 49.536179 -0.607363 -6.402731 0.353029 -1.511151 -0.03194 20.222797 3.684309 2.316631 18.787273 3e-06 -4e-06 10.751631 -0.47987 1.397904 0.0 1e-06 -0.0 3.273808 0.305947 -0.580109 21.486813 11.830378 2.26613 8.162928 2e-06 -1e-06 18.399086 -3.798986 -4.940581 2e-06 -0.0 0.0 -4.942204 4.451849 7.92859 -0.005794 -0.250117 2.921579 -0.441902 -0.686018 -5.162924 1.638298 -1.807612 -0.850159 -0.0 0.0 2e-06 -12.371229 -18.119169 -18.009308 0.131869 -0.061921 58.731056 -1.144733 -1.982954 3.471607 -1.419549 0.788597 -3.457115 0.0 0.0 -3e-06 
0.0 0.0 0.0 0.0 -0.0 0.0 -8.492616 99.035034 568.81134 3.535298 1.934388 -5.691106 -2.983699 -0.322091 0.324974 -0.859459 -0.702807 -4.900638 -2.700941 -3.318568 15.325034 2.239619 1.598226 4.570397 -0.817355 0.028596 -3.716024 -0.14207 -0.718196 -9.541928 7.7e-05 -2.3e-05 6e-06 0.035988 -0.041856 0.025548 0.722001 -3.756488 -10.547622 -0.653251 3.675247 -10.571215 -19.953344 -9.949733 18.882921 -33.658257 -18.357977 20.183426 -0.265704 -33.489864 0.217918 0.81209 0.703882 -23.418243 -5.882104 9.861281 0.702589 -10.936868 -0.360575 7.156203 -0.0 8.774822 -1e-06 -15.749603 18.432962 6.275347 -1.844032 2.498502 -2.507277 -10.163598 4.678943 4.621106 -20.976021 -4e-06 1e-06 -21.226282 2.451696 -3.593997 3e-06 -5e-06 -1e-06 -1.362682 2.240798 -0.746324 -21.334906 0.58491 3.008321 -13.82121 -2e-06 -1e-06 -23.887163 -0.249078 -0.839484 -60.407299 2.670751 -1.221463 -0.294025 1.679687 0.833255 -14.218205 0.093215 1.300581 -34.212044 -0.287563 0.96717 -20.033211 0.964536 1.212843 0.0 -1e-06 -0.0 -3.440388 0.788232 0.501657 -15.928181 -3.167308 2.999707 -6.338825 -1e-06 1e-06 -18.123444 3.648182 -4.905667 -3e-06 1e-06 -1e-06 17.014259 7.22777 20.72006 54.338257 4.855648 35.732334 0.161433 35.900734 0.132009 0.6904 -2.939569 -16.9368 2.243541 -5.255034 -3.180157 14.282887 -0.826595 6.952503 -3e-06 -12.690598 -1e-06 16.273323 -17.670074 2.451617 1.665666 -1.955921 -2.878298 4.727798 -4.170585 4.993923 11.020522 2e-06 -1e-06 12.10905 -3.735713 -2.866782 -1e-06 1e-06 -1e-06 1.291985 -1.928548 -1.498088 14.800125 0.567468 3.865609 14.242567 -1.341735 -6.660655 19.631962 0.143926 -0.648244 49.524746 -0.656536 -6.469179 0.353029 -1.51115 -0.031942 20.222788 3.684308 2.316631 18.78727 4e-06 2e-06 10.751627 -0.479869 1.397906 -0.0 2e-06 -1e-06 3.273806 0.305946 -0.580112 21.486811 11.830369 2.266133 8.162928 0.0 1e-06 18.399082 -3.798984 -4.940573 3e-06 0.0 -2e-06 -4.474514 4.16793 10.637984 -0.008324 -0.203829 1.91547 -0.567352 -0.996475 -6.553252 1.654432 -1.82758 -0.686637 -0.0 0.0 2e-06 -10.892722 -18.376995 -21.08032 0.081589 -0.068578 51.562866 -0.075303 -2.639821 2.414175 -1.420832 0.796757 -3.629282 -0.0 1e-06 -1e-06 
0.0 0.0 0.0 0.0 -0.0 0.0 -8.692037 98.688629 572.522278 3.332112 2.280023 -5.282154 -2.937391 -0.34235 0.173539 -0.849322 -1.092458 -4.979708 -2.555404 -3.531487 15.387833 2.581791 1.40876 4.440485 -0.899986 -0.146103 -3.687027 -0.101869 -0.807298 -9.440061 7.7e-05 -2.2e-05 6e-06 0.026198 -0.046292 0.03146 0.707455 -3.760621 -10.5416 -0.658057 3.670871 -10.562342 -19.411528 -10.70861 18.648684 -31.782738 -19.815695 18.158754 -0.183761 -34.852764 0.242058 2.095243 0.828618 -23.757555 -5.882105 9.861284 0.702589 -10.936872 -0.360574 7.156208 2e-06 8.774825 1e-06 -15.603517 18.53512 6.379512 -1.844031 2.498504 -2.507279 -10.163597 4.678945 4.621111 -20.976021 -4e-06 4e-06 -21.226286 2.451696 -3.593998 1e-06 -7e-06 -1e-06 -1.362682 2.2408 -0.746323 -21.334915 0.584909 3.008325 -13.821215 -3e-06 1e-06 -23.887169 -0.249077 -0.839481 -60.359203 2.675882 -1.221411 -0.294026 1.679688 0.833256 -14.218208 0.093214 1.30058 -34.212048 -0.287565 0.967175 -20.033211 0.964538 1.212846 1e-06 -1e-06 -0.0 -3.440388 0.788233 0.501655 -15.928187 -3.16731 2.999707 -6.338825 -1e-06 0.0 -18.123444 3.648182 -4.905669 -4e-06 2e-06 -3e-06 17.605444 6.765349 20.647896 54.659489 4.341156 36.601986 0.131016 34.95435 0.157883 1.209753 -3.07028 -16.653173 2.243541 -5.255039 -3.180159 14.282894 -0.826594 6.952507 -2e-06 -12.690609 -1e-06 16.28653 -17.762899 2.496389 1.665666 -1.955922 -2.878299 4.727799 -4.170588 4.993925 11.020527 3e-06 0.0 12.109054 -3.735718 -2.866785 -2e-06 1e-06 -2e-06 1.291986 -1.92855 -1.498089 14.800131 0.567469 3.865609 14.242576 -1.341738 -6.660658 19.631971 0.143928 -0.648245 49.526176 -0.682221 -6.517027 0.353029 -1.511151 -0.031941 20.222792 3.684311 2.316633 18.787271 4e-06 1e-06 10.751626 -0.479869 1.397906 -1e-06 2e-06 -0.0 3.273807 0.305947 -0.580111 21.486816 11.830379 2.266136 8.162928 1e-06 2e-06 18.399088 -3.798987 -4.940577 4e-06 1e-06 -3e-06 -3.962589 3.866055 12.608263 -0.018906 -0.122805 1.778595 -0.657465 -1.313396 -8.067769 1.665441 -1.87474 -0.692575 0.0 0.0 2e-06 -9.23749 -18.553518 -23.365974 0.115535 0.012897 41.968102 1.205355 -3.168416 2.737907 -1.434706 0.85449 -3.785674 -0.0 0.0 -1e-06 
0.0 0.0 0.0 0.0 -0.0 0.0 -8.995708 98.343697 576.221313 3.012252 2.526179 -4.624867 -2.807005 -0.377041 -0.117567 -0.805356 -1.463481 -5.136785 -2.416933 -3.686605 15.380611 2.837559 1.244925 4.229042 -0.892101 -0.270054 -3.638967 -0.122027 -0.960361 -9.276703 7.7e-05 -2.2e-05 6e-06 0.0128 -0.030043 0.038282 0.694545 -3.748794 -10.551942 -0.671694 3.691668 -10.574801 -18.785215 -11.3354 18.478361 -30.429621 -20.991497 16.12541 -0.069031 -36.091564 0.17328 3.261696 0.951328 -23.63632 -5.882115 9.861297 0.702594 -10.936883 -0.360573 7.156212 -0.0 8.774835 -1e-06 -15.536251 18.616798 6.413527 -1.844035 2.498508 -2.507281 -10.163612 4.678953 4.621113 -20.976053 1e-06 -1e-06 -21.226318 2.451701 -3.59401 1e-06 -5e-06 0.0 -1.362683 2.240799 -0.746324 -21.334942 0.584913 3.008323 -13.821234 -0.0 1e-06 -23.887203 -0.249078 -0.839489 -60.435925 2.680243 -1.256174 -0.294026 1.679688 0.833257 -14.218227 0.093217 1.30058 -34.212097 -0.287562 0.967165 -20.033237 0.96454 1.212841 1e-06 -0.0 0.0 -3.440393 0.788235 0.501657 -15.928206 -3.16731 2.999709 -6.338833 -0.0 0.0 -18.123472 3.648186 -4.905679 -4e-06 2e-06 -2e-06 18.057606 6.403421 20.583904 54.950871 4.008418 37.131435 0.130824 34.21513 0.209949 1.793634 -3.2372 -16.235977 2.243542 -5.255038 -3.180158 14.282896 -0.826594 6.952505 -3e-06 -12.69061 -1e-06 16.260233 -17.863689 2.569697 1.665667 -1.955922 -2.878299 4.727801 -4.170588 4.993926 11.020534 3e-06 -1e-06 12.109058 -3.735717 -2.866785 1e-06 1e-06 -1e-06 1.291986 -1.92855 -1.498089 14.800136 0.567469 3.865608 14.242579 -1.341735 -6.66066 19.631977 0.143927 -0.648243 49.613861 -0.669769 -6.549523 0.353029 -1.511151 -0.03194 20.222803 3.684312 2.316635 18.787285 8e-06 -1e-06 10.751633 -0.479869 1.397906 -1e-06 1e-06 -0.0 3.273808 0.305947 -0.580111 21.486826 11.83038 2.266134 8.16293 3e-06 -0.0 18.399094 -3.798985 -4.940577 4e-06 1e-06 -2e-06 -3.209861 3.690417 14.268626 -0.025193 -0.027964 1.753266 -0.754233 -1.770298 -9.186424 1.672345 -1.912311 -1.018307 0.0 -0.0 2e-06 -7.183595 -18.902935 -24.615238 0.205237 0.087263 29.977037 2.899629 -3.311277 3.727592 -1.453284 0.943658 -3.809804 0.0 0.0 -1e-06 
0.0 0.0 0.0 0.0 -0.0 0.0 -9.427801 97.972641 579.998779 2.639832 2.875583 -3.81832 -2.616589 -0.427319 -0.506788 -0.780213 -1.729366 -5.346106 -2.322263 -3.873134 15.32556 3.202176 1.035963 3.830595 -0.893364 -0.438588 -3.564691 -0.282374 -1.330768 -9.026565 7.7e-05 -2.2e-05 6e-06 0.004746 -0.029798 0.029998 0.700344 -3.758734 -10.595678 -0.693874 3.70292 -10.625557 -18.112358 -11.934461 18.401125 -29.402912 -21.878649 14.643115 0.063911 -37.373604 0.181313 4.084829 0.884616 -23.224049 -5.882111 9.861291 0.702594 -10.93688 -0.360574 7.15621 1e-06 8.774831 1e-06 -15.508215 18.697144 6.402755 -1.844034 2.498506 -2.507277 -10.163609 4.678949 4.621112 -20.97604 -4e-06 2e-06 -21.226301 2.451696 -3.594003 -0.0 -5e-06 1e-06 -1.362683 2.240799 -0.746322 -21.33493 0.584911 3.008325 -13.821225 -2e-06 1e-06 -23.887192 -0.24908 -0.839487 -60.474495 2.74602 -1.525993 -0.294025 1.679688 0.833257 -14.218219 0.093214 1.30058 -34.212074 -0.287565 0.96717 -20.03323 0.964539 1.212841 0.0 -0.0 1e-06 -3.440391 0.788233 0.501657 -15.928201 -3.16731 2.999708 -6.338832 -2e-06 -0.0 -18.123463 3.648185 -4.905674 -4e-06 1e-06 -1e-06 18.389429 6.038052 20.474255 55.144848 3.543895 37.3922 0.089206 34.133656 0.2417 2.442703 -3.364142 -15.959191 2.243542 -5.255038 -3.180157 14.282897 -0.826594 6.952507 -3e-06 -12.690607 -2e-06 16.223692 -17.946535 2.650063 1.665666 -1.955922 -2.8783 4.7278 -4.170588 4.993925 11.020529 4e-06 0.0 12.109057 -3.735715 -2.86678 0.0 1e-06 -1e-06 1.291986 -1.928549 -1.49809 14.800136 0.567469 3.865609 14.242574 -1.341736 -6.66066 19.631973 0.143927 -0.648244 49.728527 -0.662429 -6.523028 0.353029 -1.511151 -0.031939 20.222801 3.684313 2.316632 18.787279 6e-06 0.0 10.751632 -0.47987 1.397907 -2e-06 1e-06 -0.0 3.273808 0.305947 -0.58011 21.486824 11.830379 2.266135 8.162932 3e-06 1e-06 18.39909 -3.798987 -4.940574 4e-06 1e-06 -2e-06 -2.10289 3.985465 15.944427 0.044024 0.021992 1.70396 -0.832346 -2.814544 -9.765372 1.710839 -1.866766 -1.645319 0.0 0.0 2e-06 -4.897986 -19.310474 -24.781515 0.27341 0.036375 16.615318 6.024016 -3.106416 3.505954 -1.425074 1.044942 -3.864325 -0.0 0.0 -1e-06 
0.0 0.0 0.0 0.0 -0.0 0.0 -9.914352 97.491959 583.88147 2.481436 3.417029 -3.008749 -2.560134 -0.416335 -1.010197 -0.870903 -1.973571 -5.575342 -2.298623 -4.002275 15.295678 3.651264 0.920527 3.384856 -0.866038 -0.720898 -3.575039 -0.524695 -1.656212 -8.533577 7.7e-05 -2.2e-05 6e-06 0.015819 -0.01215 0.011786 0.706783 -3.744434 -10.636779 -0.677555 3.725808 -10.662195 -17.872356 -12.389318 18.182367 -28.128477 -22.180143 14.18587 0.007737 -39.052647 0.182138 4.119103 0.766666 -22.463276 -5.88211 9.86129 0.702591 -10.936878 -0.360574 7.156208 2e-06 8.77483 3e-06 -15.41314 18.688469 6.503453 -1.844034 2.498505 -2.50728 -10.163604 4.678945 4.621112 -20.97604 -7e-06 5e-06 -21.226301 2.451697 -3.593998 1e-06 -4e-06 2e-06 -1.362682 2.2408 -0.746324 -21.334929 0.584906 3.008325 -13.821223 -4e-06 1e-06 -23.887188 -0.249082 -0.839483 -60.462036 2.734502 -1.521904 -0.294025 1.679688 0.833257 -14.218217 0.093213 1.300581 -34.212074 -0.28757 0.967172 -20.033228 0.964534 1.212846 0.0 0.0 1e-06 -3.44039 0.788232 0.501654 -15.928201 -3.167312 2.999708 -6.338831 -1e-06 0.0 -18.123461 3.648182 -4.905673 -4e-06 1e-06 -1e-06 18.935543 5.555262 20.124247 54.902081 2.693951 37.535225 0.02174 34.827713 0.261875 3.140077 -3.099123 -15.234015 2.243541 -5.255037 -3.180158 14.282896 -0.826592 6.952506 -5e-06 -12.690604 -1e-06 16.11614 -17.894037 2.66987 1.665666 -1.955921 -2.8783 4.7278 -4.170586 4.993923 11.02053 5e-06 -1e-06 12.109056 -3.735713 -2.866781 1e-06 -0.0 -1e-06 1.291986 -1.928549 -1.49809 14.800138 0.567472 3.865608 14.242579 -1.341731 -6.660658 19.631973 0.14393 -0.648243 49.682648 -0.634561 -6.557605 0.353029 -1.511151 -0.031939 20.222801 3.684314 2.316633 18.787281 1e-05 1e-06 10.751633 -0.479869 1.397908 -1e-06 1e-06 -0.0 3.273808 0.305948 -0.58011 21.486828 11.83038 2.266135 8.16293 3e-06 1e-06 18.39909 -3.798982 -4.940575 3e-06 1e-06 -2e-06 -0.862053 4.719325 17.652882 0.036523 -0.076674 1.856853 -0.922954 -4.331258 -9.870683 1.732926 -1.721336 -2.612819 0.0 0.0 2e-06 -3.251416 -18.868452 -24.423964 0.245182 -0.009546 4.935471 10.534735 -3.290093 1.89316 -1.308344 1.136292 -3.935434 -0.0 0.0 -1e-06 
0.0 0.0 0.0 0.0 -0.0 0.0 -10.467223 96.934402 587.865234 2.690715 4.165599 -2.56277 -2.696507 -0.400107 -1.310181 -0.999721 -2.266125 -5.690563 -2.466025 -4.124246 15.321915 4.066884 0.773546 2.85543 -0.88347 -0.903943 -3.592251 -0.772458 -1.952137 -8.494724 7.7e-05 -2.3e-05 6e-06 0.021594 -0.030391 0.003841 0.706937 -3.765439 -10.650758 -0.665433 3.711806 -10.656533 -17.713964 -12.725965 17.956097 -27.096294 -22.190863 13.979989 -0.488583 -40.630188 0.368583 4.004605 0.445802 -21.395788 -5.882109 9.861288 0.702588 -10.936872 -0.360574 7.156205 1e-06 8.774826 0.0 -15.335638 18.621506 6.581607 -1.844035 2.498506 -2.507279 -10.163601 4.678946 4.621108 -20.976027 -4e-06 -0.0 -21.22629 2.451696 -3.594004 0.0 -7e-06 1e-06 -1.362682 2.240798 -0.746323 -21.334917 0.584911 3.008322 -13.821217 -2e-06 1e-06 -23.887175 -0.249079 -0.839485 -60.53846 2.681697 -1.306323 -0.294025 1.679687 0.833256 -14.21821 0.093216 1.300579 -34.212048 -0.287564 0.967165 -20.033213 0.964535 1.21284 1e-06 0.0 0.0 -3.440389 0.788233 0.501656 -15.928185 -3.167309 2.999704 -6.338827 -0.0 0.0 -18.123447 3.648183 -4.905673 -4e-06 1e-06 -3e-06 19.380913 5.153797 19.972557 54.438915 2.058001 37.696274 -0.158108 35.892143 0.19956 3.795904 -2.861788 -14.877752 2.243543 -5.255039 -3.180156 14.282896 -0.826596 6.952504 -0.0 -12.690609 -0.0 16.189486 -17.816116 2.603112 1.665667 -1.955923 -2.878298 4.7278 -4.170589 4.993925 11.020529 1e-06 -2e-06 12.109055 -3.735718 -2.866785 1e-06 -0.0 -0.0 1.291987 -1.92855 -1.498089 14.800132 0.567467 3.865605 14.242577 -1.34174 -6.660658 19.631973 0.143924 -0.648247 49.537445 -0.644351 -6.680164 0.353029 -1.511151 -0.031941 20.222797 3.684309 2.31663 18.787279 5e-06 -3e-06 10.751632 -0.479871 1.397906 -0.0 2e-06 -0.0 3.273807 0.305947 -0.580114 21.48682 11.830377 2.266133 8.16293 2e-06 -2e-06 18.399088 -3.798987 -4.940578 3e-06 1e-06 -2e-06 0.317737 5.423712 19.585461 -0.010815 -0.215598 2.404125 -1.596776 -5.973924 -9.106726 1.759246 -1.647066 -4.116874 -0.0 -0.0 2e-06 -2.721508 -17.806396 -25.102531 0.119967 0.086367 1.334742 13.584851 -3.42472 -0.954838 -1.240809 1.1163 -4.059452 0.0 0.0 -1e-06 
0.0 0.0 0.0 0.0 -0.0 0.0 -11.118984 96.366753 591.988892 2.673182 5.000175 -2.459561 -2.62441 -0.338193 -1.470881 -1.042581 -2.556971 -5.736807 -2.639432 -4.314016 15.433642 4.275757 0.689854 2.120463 -1.006451 -1.163134 -3.542149 -0.870482 -2.392802 -8.823516 7.7e-05 -2.2e-05 6e-06 0.017353 -0.011604 0.020125 0.716331 -3.743606 -10.607762 -0.68255 3.727255 -10.603226 -17.511711 -12.963453 18.003342 -26.938992 -22.107693 14.080469 -0.660233 -41.772236 0.460879 3.98977 0.190555 -20.260248 -5.882108 9.861286 0.702591 -10.936874 -0.360575 7.156206 1e-06 8.774825 -3e-06 -15.348735 18.447617 6.627551 -1.844033 2.498506 -2.507278 -10.163602 4.678945 4.62111 -20.976027 -1e-06 2e-06 -21.226292 2.4517 -3.594 1e-06 -7e-06 1e-06 -1.362681 2.240798 -0.746323 -21.334917 0.584912 3.008325 -13.821215 -1e-06 2e-06 -23.887178 -0.249078 -0.839482 -60.477993 2.602713 -1.144634 -0.294024 1.679685 0.833255 -14.218209 0.093217 1.300583 -34.212051 -0.287562 0.967171 -20.033216 0.964539 1.212842 -1e-06 -1e-06 -1e-06 -3.440388 0.788232 0.501656 -15.928189 -3.167309 2.999708 -6.338829 0.0 -0.0 -18.123453 3.648185 -4.905673 -3e-06 1e-06 -2e-06 19.551548 4.82549 19.936106 53.916801 1.909684 38.138611 -0.359642 36.450481 0.03582 4.05562 -2.684792 -14.890767 2.243542 -5.255037 -3.18016 14.282889 -0.826595 6.952502 -1e-06 -12.690604 -1e-06 16.251347 -17.756256 2.495985 1.665666 -1.955922 -2.878297 4.727798 -4.170587 4.993925 11.020524 2e-06 0.0 12.109052 -3.735717 -2.866786 1e-06 1e-06 -0.0 1.291985 -1.92855 -1.498089 14.800127 0.567468 3.865605 14.242569 -1.341737 -6.660658 19.631966 0.143926 -0.648247 49.552704 -0.630423 -6.686389 0.353029 -1.51115 -0.031941 20.22279 3.684307 2.31663 18.78727 4e-06 -2e-06 10.751625 -0.479869 1.397905 -0.0 1e-06 -0.0 3.273806 0.305947 -0.580111 21.486813 11.830373 2.266135 8.162926 3e-06 -2e-06 18.39908 -3.798984 -4.940575 3e-06 1e-06 -1e-06 1.944594 6.031347 20.973543 0.033437 -0.4643 4.523477 -2.430357 -7.76808 -8.058672 1.791537 -1.685166 -6.70307 -0.0 -0.0 2e-06 -2.755998 -16.591307 -24.660669 0.141081 0.100158 2.882709 12.329519 -2.964405 -0.316437 -1.290344 1.137822 -4.703978 -0.0 -0.0 -0.0 
0.0 0.0 0.0 0.0 -0.0 0.0 -11.885476 96.11599 596.171692 1.294467 5.794093 -2.29089 -1.586269 -0.335001 -1.933796 -0.961283 -2.676117 -5.949929 -2.442871 -4.696101 15.69225 4.194668 0.85671 1.329426 -1.141628 -1.459129 -3.529528 -1.019124 -2.865462 -8.538947 7.7e-05 -2.2e-05 6e-06 0.012965 -0.011197 0.009784 0.714248 -3.734414 -10.577601 -0.687621 3.718364 -10.575658 -18.278509 -12.861834 17.876568 -26.824841 -21.471453 14.945945 -0.586994 -42.505352 0.491867 3.900279 -0.117948 -19.108425 -5.882106 9.861284 0.702592 -10.93687 -0.360574 7.156203 0.0 8.774823 -1e-06 -15.355881 18.331022 6.60455 -1.844033 2.498505 -2.507276 -10.163598 4.678946 4.621111 -20.976021 -3e-06 3e-06 -21.226286 2.451698 -3.593998 0.0 -7e-06 -0.0 -1.36268 2.240798 -0.746323 -21.334911 0.584911 3.008323 -13.821213 -2e-06 2e-06 -23.887167 -0.249079 -0.839483 -60.241478 2.501663 -1.145833 -0.294024 1.679687 0.833256 -14.218207 0.093216 1.300581 -34.212048 -0.287561 0.967172 -20.033211 0.964538 1.212844 -0.0 -1e-06 -1e-06 -3.440389 0.788235 0.501654 -15.928185 -3.16731 2.999705 -6.338826 0.0 1e-06 -18.123449 3.648182 -4.905671 -5e-06 1e-06 -1e-06 20.300449 4.619704 19.779024 52.597157 1.811391 38.581001 -0.524219 36.309124 -0.159376 3.927644 -2.819894 -14.795135 2.243541 -5.255035 -3.180159 14.282894 -0.826593 6.952505 -6e-06 -12.690601 1e-06 16.152502 -17.694811 2.454264 1.665666 -1.95592 -2.878302 4.727799 -4.170586 4.993926 11.020529 5e-06 2e-06 12.109054 -3.735711 -2.86678 1e-06 1e-06 -0.0 1.291985 -1.928548 -1.498091 14.800134 0.56747 3.865609 14.242573 -1.341732 -6.660655 19.631971 0.143929 -0.648241 49.586605 -0.580463 -6.665073 0.353029 -1.51115 -0.031939 20.222797 3.684314 2.316632 18.787275 8e-06 4e-06 10.751629 -0.479869 1.397907 0.0 1e-06 0.0 3.273807 0.305948 -0.580111 21.48682 11.830379 2.266136 8.16293 3e-06 1e-06 18.399084 -3.798982 -4.940569 3e-06 1e-06 -2e-06 5.350532 6.642636 21.062122 0.045448 -0.675967 8.606226 -3.23911 -9.983904 -5.813754 1.836288 -1.675337 -10.710971 0.0 -0.0 2e-06 -1.59398 -14.677766 -24.909576 0.137373 -0.000988 7.575144 7.789424 -2.73075 4.186359 -1.380919 1.097362 -5.194772 -0.0 0.0 -0.0 
0.0 0.0 0.0 0.0 -0.0 0.0 -12.816389 96.015182 600.628784 -0.400152 6.536687 -2.517711 -0.713739 -0.534245 -2.191769 -0.823433 -2.682548 -6.04337 -1.753418 -5.150208 15.609289 3.945933 1.020494 1.064433 -1.263996 -1.654508 -3.564145 -1.168858 -3.143532 -8.546136 7.7e-05 -2.2e-05 6e-06 -0.000104 -0.055288 -0.010268 0.725697 -3.781796 -10.596802 -0.721271 3.675793 -10.62025 -18.754595 -12.387006 17.877213 -28.05097 -20.591946 16.021791 -0.338352 -42.881733 0.372435 3.732525 -0.419229 -18.209623 -5.88211 9.86129 0.702592 -10.936878 -0.360571 7.156206 -1e-06 8.774828 1e-06 -15.301228 18.173204 6.59561 -1.844033 2.498507 -2.50728 -10.163605 4.678948 4.621111 -20.976036 -1e-06 -0.0 -21.226303 2.4517 -3.594006 1e-06 -6e-06 1e-06 -1.362682 2.2408 -0.746325 -21.334929 0.584913 3.008322 -13.821221 -2e-06 1e-06 -23.887184 -0.24908 -0.839487 -60.041012 2.418341 -1.084053 -0.294027 1.679691 0.833257 -14.218217 0.093216 1.300581 -34.212067 -0.287562 0.967166 -20.033222 0.964537 1.212841 1e-06 1e-06 -1e-06 -3.44039 0.788234 0.501654 -15.928192 -3.167308 2.999708 -6.338829 0.0 0.0 -18.123457 3.648185 -4.905674 -4e-06 1e-06 -1e-06 20.396486 4.691171 19.797178 51.823727 2.11745 38.999451 -0.537478 35.300102 -0.176311 3.560605 -3.026694 -14.680421 2.243541 -5.255037 -3.180159 14.282895 -0.826594 6.952505 -3e-06 -12.690606 -1e-06 15.947676 -17.598227 2.450227 1.665667 -1.955922 -2.878299 4.727799 -4.170588 4.993927 11.020529 4e-06 0.0 12.109055 -3.735715 -2.866783 1e-06 1e-06 0.0 1.291986 -1.92855 -1.49809 14.800134 0.567469 3.86561 14.242577 -1.341735 -6.660658 19.631973 0.143928 -0.648243 49.486717 -0.508682 -6.564426 0.353029 -1.511151 -0.03194 20.222797 3.684312 2.316632 18.787279 7e-06 1e-06 10.751633 -0.479867 1.397907 -0.0 -0.0 0.0 3.273808 0.305947 -0.580112 21.486822 11.83038 2.266135 8.16293 2e-06 -1e-06 18.399088 -3.798984 -4.940575 3e-06 2e-06 -2e-06 9.184258 6.988922 20.34803 0.05535 -0.885841 14.72326 -3.867379 -12.192733 -2.365557 1.933969 -1.614368 -17.004177 -0.0 -0.0 2e-06 -0.026663 -13.120876 -25.511606 0.113402 -0.023371 13.595825 3.737808 -2.979718 8.18454 -1.413348 0.999347 -3.915704 -0.0 0.0 -1e-06 
0.0 0.0 0.0 0.0 -0.0 0.0 -13.881347 96.019325 605.249573 -1.585615 7.137046 -3.142339 -0.290037 -0.583517 -2.120371 -0.688661 -2.895312 -6.004733 -1.238277 -5.238776 15.251366 4.014897 1.083419 1.071837 -1.382567 -1.731442 -3.545289 -1.2197 -3.216758 -8.84979 7.7e-05 -2.2e-05 6e-06 -0.007864 -0.069367 0.004433 0.747213 -3.801411 -10.608864 -0.757284 3.667334 -10.623729 -18.249254 -11.946188 17.973007 -30.786781 -19.546684 17.587393 0.182713 -42.688801 0.051634 3.311443 -0.465531 -17.754389 -5.88211 9.861292 0.70259 -10.936876 -0.360572 7.156206 0.0 8.77483 -0.0 -15.313873 18.003918 6.538902 -1.844033 2.498505 -2.507278 -10.163605 4.678948 4.621109 -20.976034 -0.0 -2e-06 -21.226301 2.4517 -3.594004 1e-06 -5e-06 -1e-06 -1.362683 2.2408 -0.746324 -21.334925 0.584913 3.008322 -13.821221 -1e-06 -1e-06 -23.887184 -0.249076 -0.839485 -59.943966 2.364838 -1.007354 -0.294025 1.679689 0.833257 -14.218216 0.093218 1.300582 -34.212067 -0.287563 0.967167 -20.033226 0.964538 1.21284 1e-06 0.0 -1e-06 -3.440391 0.788235 0.501656 -15.928194 -3.167308 2.999708 -6.338829 -0.0 -0.0 -18.123459 3.648189 -4.905672 -4e-06 1e-06 -1e-06 19.78475 4.954736 19.770834 51.804287 2.612288 39.393333 -0.4499 34.082932 -0.190312 3.247567 -3.201177 -14.981723 2.243543 -5.255038 -3.180157 14.282896 -0.826595 6.952503 -2e-06 -12.690607 -1e-06 15.971112 -17.565628 2.371436 1.665667 -1.955922 -2.878299 4.727801 -4.170588 4.993924 11.020532 3e-06 -0.0 12.109056 -3.735716 -2.866786 0.0 1e-06 -0.0 1.291986 -1.92855 -1.498091 14.800136 0.567468 3.865608 14.242579 -1.341736 -6.660662 19.631975 0.143926 -0.648245 49.324802 -0.517716 -6.499834 0.353029 -1.511151 -0.031939 20.222799 3.68431 2.316631 18.787283 6e-06 -2e-06 10.751633 -0.479868 1.397906 -1e-06 1e-06 -1e-06 3.273808 0.305947 -0.580111 21.486822 11.830378 2.266131 8.16293 3e-06 -2e-06 18.399088 -3.798982 -4.940579 3e-06 -0.0 -3e-06 12.221567 6.871606 18.24091 -0.013249 -1.054101 23.579193 -4.334172 -12.685765 3.156315 2.054035 -1.589566 -23.335194 0.0 0.0 3e-06 1.14041 -12.416395 -24.676905 0.094452 -0.054469 18.486559 1.642015 -3.129004 7.397665 -1.419075 0.927837 -2.322983 -0.0 -0.0 -1e-06 
0.0 0.0 0.0 0.0 -0.0 0.0 -14.854264 96.293816 609.720886 -2.515189 7.525875 -3.938352 0.125004 -0.469386 -1.725225 -0.591689 -2.867026 -5.89183 -0.868897 -5.06652 14.767067 4.044068 1.115883 0.998405 -1.452108 -2.060796 -3.49234 -1.100081 -3.395129 -8.892096 7.7e-05 -2.2e-05 6e-06 -0.006411 -0.038698 0.021465 0.746609 -3.753558 -10.557796 -0.75453 3.678991 -10.560247 -17.730227 -11.445025 18.194422 -33.552204 -18.769922 19.345083 0.429012 -41.794525 -0.21479 2.53105 -0.311625 -17.823473 -5.882112 9.861293 0.702591 -10.936881 -0.360575 7.15621 1e-06 8.774833 -0.0 -15.367482 18.139683 6.467949 -1.844034 2.498506 -2.507279 -10.16361 4.678948 4.621113 -20.976038 -5e-06 0.0 -21.226301 2.451696 -3.594005 1e-06 -5e-06 1e-06 -1.362682 2.2408 -0.746324 -21.33493 0.58491 3.008324 -13.821225 -3e-06 1e-06 -23.88719 -0.249081 -0.839486 -59.840813 2.369437 -1.107311 -0.294025 1.679689 0.833257 -14.21822 0.093216 1.300579 -34.212074 -0.287565 0.967169 -20.03323 0.964537 1.212843 1e-06 0.0 1e-06 -3.440391 0.788234 0.501656 -15.9282 -3.16731 2.999707 -6.338831 -2e-06 1e-06 -18.123463 3.648184 -4.905675 -3e-06 1e-06 -2e-06 18.999521 5.240695 19.722523 51.789177 3.185032 39.078369 -0.081419 33.345375 -0.022029 3.225531 -3.407397 -15.250467 2.243543 -5.255041 -3.180159 14.282908 -0.826593 6.952507 -3e-06 -12.690616 -2e-06 16.053864 -17.54829 2.40529 1.665668 -1.955923 -2.878301 4.727803 -4.170591 4.993925 11.020538 3e-06 0.0 12.109063 -3.735719 -2.866784 -0.0 1e-06 0.0 1.291987 -1.928551 -1.49809 14.800146 0.56747 3.865611 14.242587 -1.341736 -6.660662 19.63199 0.143927 -0.648245 49.428524 -0.550481 -6.337131 0.353029 -1.511152 -0.031941 20.222813 3.684315 2.316632 18.787292 6e-06 0.0 10.751637 -0.479868 1.397907 -1e-06 1e-06 -1e-06 3.27381 0.305948 -0.580111 21.486834 11.830388 2.266134 8.162937 4e-06 -2e-06 18.399103 -3.798986 -4.940579 1e-06 1e-06 -2e-06 14.659176 6.949113 14.358919 -0.081947 -1.142404 34.828846 -4.592455 -11.622866 10.388371 2.097588 -1.534812 -25.028297 -0.0 -0.0 3e-06 2.193163 -12.188923 -22.582964 0.104215 -0.194252 21.52656 0.212076 -2.95598 4.597779 -1.413342 0.945291 -0.691187 -0.0 -0.0 -1e-06 
0.0 0.0 0.0 0.0 -0.0 0.0 -15.802272 96.608177 614.136719 -3.353562 8.000573 -4.709199 0.575877 -0.371922 -1.269102 -0.510942 -2.629493 -5.698627 -0.551957 -4.940423 14.483225 4.043201 1.083487 0.677712 -1.457831 -2.306796 -3.459386 -1.146201 -3.239872 -9.017002 7.7e-05 -2.2e-05 5e-06 -0.009966 -0.055311 0.017677 0.74456 -3.781481 -10.562503 -0.760445 3.669747 -10.554291 -17.523668 -10.860195 18.158749 -35.591099 -18.070276 21.565403 0.226285 -40.654133 -0.225163 1.495921 -0.230632 -17.033052 -5.882112 9.861292 0.702593 -10.936878 -0.360575 7.156212 1e-06 8.77483 -0.0 -15.511397 18.081089 6.357189 -1.844035 2.498506 -2.507279 -10.163605 4.678948 4.621113 -20.976038 -2e-06 4e-06 -21.226301 2.451698 -3.594002 -0.0 -6e-06 -1e-06 -1.362682 2.240798 -0.746323 -21.334929 0.58491 3.008326 -13.821221 -1e-06 2e-06 -23.887184 -0.249078 -0.839483 -59.958801 2.348898 -1.079917 -0.294023 1.679688 0.833255 -14.218217 0.093213 1.300582 -34.212074 -0.287564 0.967176 -20.033228 0.964539 1.212847 1e-06 -0.0 0.0 -3.44039 0.788235 0.501655 -15.9282 -3.16731 2.999709 -6.338831 -0.0 2e-06 -18.123461 3.648185 -4.90567 -4e-06 2e-06 -3e-06 18.460291 5.797823 19.49675 51.071201 3.588917 39.072525 -0.00019 33.378929 -0.068489 2.97204 -3.240848 -15.358355 2.243541 -5.255037 -3.180158 14.282892 -0.826594 6.952502 -3e-06 -12.690604 -1e-06 16.082485 -17.37771 2.425967 1.665666 -1.955922 -2.878298 4.727799 -4.170588 4.993924 11.020528 3e-06 1e-06 12.109053 -3.735717 -2.866783 -0.0 1e-06 -1e-06 1.291986 -1.928549 -1.498089 14.800131 0.567468 3.865606 14.242574 -1.341737 -6.660655 19.631969 0.143926 -0.648246 49.575981 -0.485694 -6.155048 0.353029 -1.51115 -0.031941 20.222797 3.684311 2.31663 18.787275 6e-06 1e-06 10.751628 -0.479868 1.397907 -1e-06 1e-06 -1e-06 3.273807 0.305947 -0.58011 21.486818 11.830378 2.266133 8.162928 3e-06 -0.0 18.399084 -3.798984 -4.940577 3e-06 -2e-06 -1e-06 16.693583 7.340323 8.964764 -0.101629 -1.145817 46.856865 -4.43427 -8.730447 16.734047 1.86265 -1.646141 -14.917598 -0.0 -0.0 1e-06 3.284381 -12.490552 -19.966612 0.061744 -0.212036 23.85836 -0.68337 -3.206756 0.231594 -1.431117 0.951633 -0.056187 -0.0 -0.0 -1e-06 
0.0 0.0 0.0 0.0 -0.0 0.0 -16.564001 96.925186 618.495667 -3.936342 8.185258 -5.25721 1.020498 -0.247042 -0.964473 -0.439336 -2.208621 -5.527679 -0.364883 -4.722776 14.415391 3.91099 0.963555 0.430267 -1.446405 -2.382021 -3.472196 -1.172891 -3.168593 -9.221847 7.7e-05 -2.3e-05 6e-06 -0.015257 -0.088189 0.002179 0.733168 -3.820233 -10.580127 -0.760647 3.639753 -10.570965 -17.765484 -10.004037 18.237726 -36.89151 -17.68642 23.54565 -0.152039 -39.177013 -0.090935 0.492981 -0.169897 -15.810435 -5.882111 9.861292 0.702589 -10.936875 -0.360574 7.156205 -1e-06 8.774828 -1e-06 -15.748959 18.072863 6.297544 -1.844035 2.498506 -2.507277 -10.163604 4.67895 4.621108 -20.976034 1e-06 3e-06 -21.226297 2.4517 -3.594007 1e-06 -6e-06 -1e-06 -1.362684 2.2408 -0.746323 -21.334925 0.584914 3.008322 -13.821219 -1e-06 0.0 -23.887182 -0.249077 -0.839487 -60.258274 2.487839 -1.034 -0.294025 1.679689 0.833257 -14.218213 0.093218 1.300579 -34.212063 -0.287561 0.967163 -20.033218 0.964538 1.212839 2e-06 -0.0 2e-06 -3.44039 0.788235 0.501656 -15.928189 -3.167308 2.999707 -6.338828 2e-06 -1e-06 -18.123455 3.648186 -4.905674 -4e-06 1e-06 -4e-06 18.087137 6.461284 19.352455 49.724731 4.281913 39.451786 -0.204534 33.828861 -0.258591 2.534135 -3.08866 -15.868814 2.243546 -5.255043 -3.18016 14.282909 -0.826599 6.952509 -1e-06 -12.690618 1e-06 16.120638 -17.217096 2.402779 1.665669 -1.955924 -2.878302 4.727805 -4.170592 4.993927 11.020542 0.0 -0.0 12.109068 -3.735721 -2.866788 -0.0 -0.0 -0.0 1.291988 -1.928551 -1.49809 14.800146 0.567466 3.865612 14.242592 -1.34174 -6.660663 19.63199 0.143923 -0.648247 49.692764 -0.421413 -6.077997 0.353029 -1.511152 -0.031941 20.222818 3.684311 2.316631 18.787296 3e-06 -2e-06 10.751641 -0.479869 1.397905 0.0 -0.0 -0.0 3.273811 0.305947 -0.58011 21.486837 11.830384 2.266135 8.162938 2e-06 -2e-06 18.399107 -3.798989 -4.940585 2e-06 0.0 -2e-06 17.617926 8.008498 3.641139 -0.105713 -1.131652 56.491531 -2.456647 -5.125393 18.224844 1.723791 -1.832942 -6.000311 1e-06 0.0 2e-06 4.096686 -12.616778 -16.872822 -0.025374 -0.23468 24.786083 -1.039987 -3.473233 -3.42315 -1.433555 0.95908 0.161471 -0.0 -0.0 -1e-06 
0.0 0.0 0.0 0.0 -0.0 0.0 -17.113218 97.305206 622.362732 -4.173112 8.029449 -5.565909 1.404471 -0.128862 -0.873425 -0.385661 -1.69438 -5.43549 -0.385398 -4.305318 14.560764 3.733178 0.818815 0.367109 -1.451713 -2.219038 -3.471751 -1.268835 -3.233886 -9.308183 7.7e-05 -2.3e-05 6e-06 -0.018547 -0.111259 -0.013459 0.71585 -3.844295 -10.597898 -0.750959 3.613039 -10.593378 -18.102345 -9.03298 18.561712 -38.15733 -17.241882 24.563992 -0.402594 -37.559265 0.098601 -0.195938 -0.17466 -14.729021 -5.882108 9.861286 0.702588 -10.936873 -0.360576 7.156203 1e-06 8.774827 0.0 -15.895226 18.0823 6.19009 -1.844033 2.498505 -2.507281 -10.163602 4.678944 4.621109 -20.97603 -6e-06 1e-06 -21.226295 2.451694 -3.594002 2e-06 -6e-06 -1e-06 -1.362683 2.240798 -0.746321 -21.334921 0.584908 3.008322 -13.821218 -5e-06 1e-06 -23.887178 -0.249082 -0.839483 -60.235233 2.59489 -1.071123 -0.294023 1.679686 0.833256 -14.218213 0.093214 1.300579 -34.212063 -0.28757 0.967167 -20.033216 0.964534 1.212843 -0.0 -1e-06 0.0 -3.440389 0.788234 0.501653 -15.928191 -3.16731 2.999704 -6.338828 -2e-06 1e-06 -18.123453 3.648178 -4.905672 -3e-06 1e-06 -2e-06 17.780035 7.208407 19.418367 48.267368 5.412004 39.56752 -0.547178 34.180904 -0.439494 2.031463 -3.128013 -16.892195 2.243544 -5.255039 -3.180161 14.2829 -0.826596 6.952505 -2e-06 -12.690609 2e-06 16.240482 -17.235586 2.394521 1.665667 -1.955922 -2.8783 4.727801 -4.170589 4.993925 11.020534 2e-06 -1e-06 12.109059 -3.735718 -2.866786 -1e-06 -0.0 0.0 1.291986 -1.92855 -1.49809 14.800138 0.567467 3.86561 14.24258 -1.341738 -6.660659 19.631977 0.143924 -0.648247 49.909534 -0.413185 -6.116356 0.35303 -1.511151 -0.03194 20.222803 3.68431 2.316631 18.787287 4e-06 -4e-06 10.751636 -0.479869 1.397904 0.0 1e-06 -1e-06 3.273809 0.305947 -0.580111 21.486824 11.830379 2.266132 8.162933 1e-06 -3e-06 18.399094 -3.798985 -4.940579 2e-06 -1e-06 -0.0 17.37398 8.302824 -1.500067 -0.185052 -0.987566 63.499107 -0.841237 -3.341036 15.858081 1.67095 -1.840424 -4.48324 1e-06 0.0 2e-06 4.520709 -12.263451 -13.67211 -0.071501 -0.269329 24.207733 -1.164021 -4.12394 -5.767927 -1.421568 1.000705 0.315656 -0.0 -0.0 -1e-06 
