HIERARCHY
ROOT Root
{
  OFFSET 0.0 0.0 0.0
  CHANNELS 6 Xposition Yposition Zposition Zrotation Yrotation Xrotation
  JOINT Hips
  {
    OFFSET 0.0 100.0 0.0
    CHANNELS 6 Xposition Yposition Zposition Zrotation Yrotation Xrotation
    JOINT Spine1
    {
      OFFSET -0.013727 5.003763 -0.053727
      CHANNELS 3 Zrotation Yrotation Xrotation
      JOINT Spine2
      {
        OFFSET -0.0 7.125301 -0.029825
        CHANNELS 3 Zrotation Yrotation Xrotation
        JOINT Chest
        {
          OFFSET -1e-06 7.550063 -0.815971
          CHANNELS 3 Zrotation Yrotation Xrotation
          JOINT Neck1
          {
            OFFSET -0.181677 26.311295 -0.553348
            CHANNELS 3 Zrotation Yrotation Xrotation
            JOINT Neck2
            {
              OFFSET -3e-06 7.709397 2.302585
              CHANNELS 3 Zrotation Yrotation Xrotation
              JOINT Head
              {
                OFFSET -5e-06 6.128916 1.953709
                CHANNELS 3 Zrotation Yrotation Xrotation
                JOINT HeadEnd
                {
                  OFFSET 0.003598 16.065403 -1.835379
                  CHANNELS 3 Zrotation Yrotation Xrotation
                }
                JOINT Jaw
                {
                  OFFSET 0.002637 0.475592 3.094941
                  CHANNELS 3 Zrotation Yrotation Xrotation
                }
                JOINT LeftEye
                {
                  OFFSET 3.206381 5.380205 7.586883
                  CHANNELS 3 Zrotation Yrotation Xrotation
                }
                JOINT RightEye
                {
                  OFFSET -3.22244 5.361869 7.558234
                  CHANNELS 3 Zrotation Yrotation Xrotation
                }
              }
            }
          }
          JOINT LeftShoulder
          {
            OFFSET 1.621652 23.237164 5.113413
            CHANNELS 3 Zrotation Yrotation Xrotation
            JOINT LeftArm
            {
              OFFSET 14.919846 2e-06 -5.502326
              CHANNELS 3 Zrotation Yrotation Xrotation
              JOINT LeftForeArm
              {
                OFFSET 28.739307 0.0 -0.002588
                CHANNELS 3 Zrotation Yrotation Xrotation
                JOINT LeftHand
                {
                  OFFSET 27.093981 -1e-06 0.002609
                  CHANNELS 3 Zrotation Yrotation Xrotation
                  JOINT LeftHandThumb1
                  {
                    OFFSET 2.276482 -1.392045 3.191413
                    CHANNELS 3 Zrotation Yrotation Xrotation
                    JOINT LeftHandThumb2
                    {
                      OFFSET 4.012836 -1.828127 1.641654
                      CHANNELS 3 Zrotation Yrotation Xrotation
                      JOINT LeftHandThumb3
                      {
                        OFFSET 2.798515 0.0 -3e-06
                        CHANNELS 3 Zrotation Yrotation Xrotation
                        JOINT LeftHandThumbEnd
                        {
                          OFFSET 3.180793 -4e-06 4e-06
                          CHANNELS 3 Zrotation Yrotation Xrotation
                        }
                      }
                    }
                  }
                  JOINT LeftHandIndex1
                  {
                    OFFSET 3.247555 -0.531998 2.296169
                    CHANNELS 3 Zrotation Yrotation Xrotation
                    JOINT LeftHandIndex2
                    {
                      OFFSET 6.364578 0.01206 0.1786
                      CHANNELS 3 Zrotation Yrotation Xrotation
                      JOINT LeftHandIndex3
                      {
                        OFFSET 3.662364 0.0 0.0
                        CHANNELS 3 Zrotation Yrotation Xrotation
                        JOINT LeftHandIndex4
                        {
                          OFFSET 2.329242 4e-06 4e-06
                          CHANNELS 3 Zrotation Yrotation Xrotation
                          JOINT LeftHandIndexEnd
                          {
                            OFFSET 2.759615 -0.180537 -0.113024
                            CHANNELS 3 Zrotation Yrotation Xrotation
                          }
                        }
                      }
                    }
                  }
                  JOINT LeftHandMiddle1
                  {
                    OFFSET 3.163495 0.240981 1.000332
                    CHANNELS 3 Zrotation Yrotation Xrotation
                    JOINT LeftHandMiddle2
                    {
                      OFFSET 6.19078 -0.259278 -1.002548
                      CHANNELS 3 Zrotation Yrotation Xrotation
                      JOINT LeftHandMiddle3
                      {
                        OFFSET 4.35652 -4e-06 -1e-06
                        CHANNELS 3 Zrotation Yrotation Xrotation
                        JOINT LeftHandMiddle4
                        {
                          OFFSET 2.996877 -8e-06 0.0
                          CHANNELS 3 Zrotation Yrotation Xrotation
                          JOINT LeftHandMiddleEnd
                          {
                            OFFSET 2.304287 -0.294569 -0.031741
                            CHANNELS 3 Zrotation Yrotation Xrotation
                          }
                        }
                      }
                    }
                  }
                  JOINT LeftHandRing1
                  {
                    OFFSET 2.882643 -0.053652 -0.322543
                    CHANNELS 3 Zrotation Yrotation Xrotation
                    JOINT LeftHandRing2
                    {
                      OFFSET 5.854541 -0.486202 -1.373841
                      CHANNELS 3 Zrotation Yrotation Xrotation
                      JOINT LeftHandRing3
                      {
                        OFFSET 4.350578 0.0 3e-06
                        CHANNELS 3 Zrotation Yrotation Xrotation
                        JOINT LeftHandRing4
                        {
                          OFFSET 2.651321 7e-06 2e-06
                          CHANNELS 3 Zrotation Yrotation Xrotation
                          JOINT LeftHandRingEnd
                          {
                            OFFSET 1.936105 0.077687 -7.1e-05
                            CHANNELS 3 Zrotation Yrotation Xrotation
                          }
                        }
                      }
                    }
                  }
                  JOINT LeftHandPinky1
                  {
                    OFFSET 2.8655 -0.310005 -1.600378
                    CHANNELS 3 Zrotation Yrotation Xrotation
                    JOINT LeftHandPinky2
                    {
                      OFFSET 5.087849 -1.331141 -1.77123
                      CHANNELS 3 Zrotation Yrotation Xrotation
                      JOINT LeftHandPinky3
                      {
                        OFFSET 3.070974 4e-06 0.0
                        CHANNELS 3 Zrotation Yrotation Xrotation
                        JOINT LeftHandPinky4
                        {
                          OFFSET 1.549672 0.0 1e-06
                          CHANNELS 3 Zrotation Yrotation Xrotation
                          JOINT LeftHandPinkyEnd
                          {
                            OFFSET 1.944893 -0.157802 0.057219
                            CHANNELS 3 Zrotation Yrotation Xrotation
                          }
                        }
                      }
                    }
                  }
                }
              }
            }
          }
          JOINT RightShoulder
          {
            OFFSET -1.380118 23.180309 5.214158
            CHANNELS 3 Zrotation Yrotation Xrotation
            JOINT RightArm
            {
              OFFSET -15.037196 1.2e-05 -5.545604
              CHANNELS 3 Zrotation Yrotation Xrotation
              JOINT RightForeArm
              {
                OFFSET -28.736639 2e-06 -0.002597
                CHANNELS 3 Zrotation Yrotation Xrotation
                JOINT RightHand
                {
                  OFFSET -27.133619 -0.0 0.002613
                  CHANNELS 3 Zrotation Yrotation Xrotation
                  JOINT RightHandThumb1
                  {
                    OFFSET -2.274032 -1.383988 3.163127
                    CHANNELS 3 Zrotation Yrotation Xrotation
                    JOINT RightHandThumb2
                    {
                      OFFSET -4.011429 -1.827466 1.640914
                      CHANNELS 3 Zrotation Yrotation Xrotation
                      JOINT RightHandThumb3
                      {
                        OFFSET -2.794935 -4e-06 -3e-06
                        CHANNELS 3 Zrotation Yrotation Xrotation
                        JOINT RightHandThumbEnd
                        {
                          OFFSET -3.183852 4e-06 1e-06
                          CHANNELS 3 Zrotation Yrotation Xrotation
                        }
                      }
                    }
                  }
                  JOINT RightHandIndex1
                  {
                    OFFSET -3.253266 -0.520057 2.282866
                    CHANNELS 3 Zrotation Yrotation Xrotation
                    JOINT RightHandIndex2
                    {
                      OFFSET -6.341917 0.012471 0.178266
                      CHANNELS 3 Zrotation Yrotation Xrotation
                      JOINT RightHandIndex3
                      {
                        OFFSET -3.654871 -8e-06 -0.0
                        CHANNELS 3 Zrotation Yrotation Xrotation
                        JOINT RightHandIndex4
                        {
                          OFFSET -2.327586 0.0 1e-06
                          CHANNELS 3 Zrotation Yrotation Xrotation
                          JOINT RightHandIndexEnd
                          {
                            OFFSET -2.76179 -0.180656 -0.113078
                            CHANNELS 3 Zrotation Yrotation Xrotation
                          }
                        }
                      }
                    }
                  }
                  JOINT RightHandMiddle1
                  {
                    OFFSET -3.168106 0.246593 1.00103
                    CHANNELS 3 Zrotation Yrotation Xrotation
                    JOINT RightHandMiddle2
                    {
                      OFFSET -6.180828 -0.258836 -1.000895
                      CHANNELS 3 Zrotation Yrotation Xrotation
                      JOINT RightHandMiddle3
                      {
                        OFFSET -4.348901 0.0 -0.0
                        CHANNELS 3 Zrotation Yrotation Xrotation
                        JOINT RightHandMiddle4
                        {
                          OFFSET -3.00024 -4e-06 -2e-06
                          CHANNELS 3 Zrotation Yrotation Xrotation
                          JOINT RightHandMiddleEnd
                          {
                            OFFSET -2.30252 -0.29437 -0.031706
                            CHANNELS 3 Zrotation Yrotation Xrotation
                          }
                        }
                      }
                    }
                  }
                  JOINT RightHandRing1
                  {
                    OFFSET -2.88569 -0.067952 -0.308858
                    CHANNELS 3 Zrotation Yrotation Xrotation
                    JOINT RightHandRing2
                    {
                      OFFSET -5.854198 -0.48613 -1.373731
                      CHANNELS 3 Zrotation Yrotation Xrotation
                      JOINT RightHandRing3
                      {
                        OFFSET -4.33881 -4e-06 -0.0
                        CHANNELS 3 Zrotation Yrotation Xrotation
                        JOINT RightHandRing4
                        {
                          OFFSET -2.654903 -4e-06 4e-06
                          CHANNELS 3 Zrotation Yrotation Xrotation
                          JOINT RightHandRingEnd
                          {
                            OFFSET -1.933568 0.077527 -5.2e-05
                            CHANNELS 3 Zrotation Yrotation Xrotation
                          }
                        }
                      }
                    }
                  }
                  JOINT RightHandPinky1
                  {
                    OFFSET -2.866425 -0.342796 -1.584145
                    CHANNELS 3 Zrotation Yrotation Xrotation
                    JOINT RightHandPinky2
                    {
                      OFFSET -5.091371 -1.332055 -1.772385
                      CHANNELS 3 Zrotation Yrotation Xrotation
                      JOINT RightHandPinky3
                      {
                        OFFSET -3.062664 -4e-06 1e-06
                        CHANNELS 3 Zrotation Yrotation Xrotation
                        JOINT RightHandPinky4
                        {
                          OFFSET -1.546529 4e-06 -2e-06
                          CHANNELS 3 Zrotation Yrotation Xrotation
                          JOINT RightHandPinkyEnd
                          {
                            OFFSET -1.945119 -0.157718 0.057211
                            CHANNELS 3 Zrotation Yrotation Xrotation
                          }
                        }
                      }
                    }
                  }
                }
              }
            }
          }
        }
      }
    }
    JOINT LeftLeg
    {
      OFFSET 10.043214 -8.434526 2.595655
      CHANNELS 3 Zrotation Yrotation Xrotation
      JOINT LeftShin
      {
        OFFSET -1e-06 -43.221752 -0.802913
        CHANNELS 3 Zrotation Yrotation Xrotation
        JOINT LeftFoot
        {
          OFFSET 1e-06 -42.155094 -3.481523
          CHANNELS 3 Zrotation Yrotation Xrotation
          JOINT LeftToeBase
          {
            OFFSET 0.0 -5.059472 13.231529
            CHANNELS 3 Zrotation Yrotation Xrotation
            JOINT LeftToeEnd
            {
              OFFSET -0.009607 -1.647619 6.513017
              CHANNELS 3 Zrotation Yrotation Xrotation
            }
          }
        }
      }
    }
    JOINT RightLeg
    {
      OFFSET -10.047278 -8.29526 2.620317
      CHANNELS 3 Zrotation Yrotation Xrotation
      JOINT RightShin
      {
        OFFSET 1e-06 -43.362206 -0.805556
        CHANNELS 3 Zrotation Yrotation Xrotation
        JOINT RightFoot
        {
          OFFSET 2e-06 -42.117393 -3.478398
          CHANNELS 3 Zrotation Yrotation Xrotation
          JOINT RightToeBase
          {
            OFFSET -0.0 -5.079609 13.284196
            CHANNELS 3 Zrotation Yrotation Xrotation
            JOINT RightToeEnd
            {
              OFFSET 0.009532 -1.634378 6.460591
              CHANNELS 3 Zrotation Yrotation Xrotation
            }
          }
        }
      }
    }
  }
}
MOTION
Frames: 180
Frame Time: 0.03333333333333333
0.0 0.0 0.0 0.0 -0.0 0.0 0.405036 98.334106 -6.225935 2.368734 -0.868419 5.956562 0.862873 -0.109434 -1.702081 -0.504217 0.120914 -5.816081 1.03589 -2.059348 12.420027 2.971433 -0.011514 27.602585 -0.091603 1.766918 -3.643565 2.023956 0.640197 7.263849 7.7e-05 -2.2e-05 7e-06 -0.06028 0.078147 -0.160967 0.734543 -3.750429 -10.954482 -0.853173 3.908357 -10.982167 -22.679289 -5.091603 18.323921 -52.237766 -13.660735 23.705242 0.307214 -41.481064 -0.123508 1.498521 -1.8536 -9.462202 -5.882108 9.861286 0.702589 -10.936873 -0.360574 7.156204 -1e-06 8.774825 -1e-06 -15.963138 17.881905 6.17203 -1.844033 2.498505 -2.507279 -10.163601 4.678944 4.621107 -20.976023 -2e-06 -0.0 -21.226286 2.451697 -3.594002 1e-06 -6e-06 -0.0 -1.362682 2.240798 -0.746323 -21.334915 0.584912 3.008322 -13.821215 -1e-06 -1e-06 -23.887173 -0.24908 -0.839485 -60.51918 2.32166 -1.014709 -0.294024 1.679688 0.833254 -14.218208 0.093216 1.300578 -34.212051 -0.287562 0.967166 -20.033211 0.964537 1.21284 0.0 -0.0 1e-06 -3.440389 0.788234 0.501654 -15.928185 -3.167309 2.999706 -6.338826 -1e-06 -0.0 -18.123449 3.648184 -4.905673 -4e-06 -0.0 -2e-06 18.622381 11.455714 19.557289 53.174389 15.067958 34.226864 0.022952 40.90905 0.152165 3.536676 -3.692117 -2.528936 2.243542 -5.255037 -3.180158 14.282896 -0.826595 6.952503 -2e-06 -12.690605 0.0 16.402851 -18.111883 2.623265 1.665668 -1.955921 -2.878299 4.7278 -4.170588 4.993926 11.020531 5e-06 -3e-06 12.109056 -3.735716 -2.866785 1e-06 0.0 1e-06 1.291987 -1.92855 -1.498088 14.800136 0.567469 3.865605 14.242582 -1.341736 -6.660662 19.631979 0.143927 -0.648248 49.853516 -0.712185 -6.289087 0.353029 -1.51115 -0.03194 20.222803 3.684311 2.31663 18.787283 7e-06 -1e-06 10.751634 -0.479867 1.397906 2e-06 -0.0 -2e-06 3.273808 0.305947 -0.58011 21.486824 11.830378 2.266131 8.16293 2e-06 -2e-06 18.399092 -3.798984 -4.94058 3e-06 0.0 -1e-06 -3.140239 13.428309 -31.699524 -0.006933 -0.065809 15.060929 -11.245086 -1.094116 2.590984 1.675016 -1.905159 -4.489328 0.0 -0.0 2e-06 -0.916062 -11.051389 -0.262096 -0.096202 0.204095 12.368198 -0.056267 6.612279 -16.590677 -1.443372 0.957934 -2.070953 0.0 0.0 -1e-06 
0.0 0.0 0.0 0.0 -0.0 0.0 0.89801 98.126785 -4.584756 2.372715 -2.161703 6.306571 0.70686 -0.145704 -1.631538 -0.520171 0.210986 -5.871639 0.883912 -2.044115 12.68818 2.364379 0.472116 27.378971 -0.076822 1.399742 -3.661414 1.896826 0.432955 6.867661 7.7e-05 -2.3e-05 5e-06 -0.059167 0.066109 -0.165353 0.715509 -3.761572 -10.92543 -0.832451 3.894581 -10.934672 -22.94442 -5.076927 18.324759 -52.126934 -13.992764 22.886227 0.105538 -41.257404 0.038914 1.698106 -2.105682 -9.216214 -5.88211 9.861292 0.702592 -10.936877 -0.360574 7.156208 1e-06 8.774831 1e-06 -16.016783 17.858467 6.101724 -1.844034 2.498506 -2.50728 -10.163605 4.678949 4.621111 -20.97604 -4e-06 -1e-06 -21.226301 2.451698 -3.594006 1e-06 -5e-06 -1e-06 -1.362682 2.240798 -0.746324 -21.334925 0.584911 3.008322 -13.821221 -2e-06 -2e-06 -23.887182 -0.249079 -0.839488 -60.468254 2.309436 -0.98072 -0.294025 1.679688 0.833256 -14.218219 0.093215 1.300581 -34.212078 -0.287568 0.967165 -20.03323 0.964534 1.212843 -1e-06 1e-06 1e-06 -3.44039 0.788233 0.501656 -15.928196 -3.167311 2.999707 -6.338829 -2e-06 -1e-06 -18.123459 3.648185 -4.905674 -4e-06 -0.0 -1e-06 18.52973 11.658904 19.531519 53.165318 14.983185 34.442642 0.013594 40.725422 0.161297 3.752168 -3.70661 -2.877811 2.243541 -5.255038 -3.180159 14.282888 -0.826594 6.952502 -2e-06 -12.690607 0.0 16.340889 -18.089638 2.624689 1.665666 -1.955922 -2.878301 4.727799 -4.170588 4.993926 11.020526 3e-06 -1e-06 12.109052 -3.735716 -2.866785 -0.0 0.0 0.0 1.291986 -1.92855 -1.498088 14.800129 0.567469 3.865607 14.242569 -1.341735 -6.660662 19.631968 0.143927 -0.648246 49.882465 -0.718287 -6.26665 0.353029 -1.511151 -0.031939 20.222788 3.684309 2.316629 18.78727 4e-06 -1e-06 10.751628 -0.479869 1.397905 1e-06 -0.0 -0.0 3.273807 0.305947 -0.580112 21.486813 11.830377 2.266133 8.162929 1e-06 -2e-06 18.399086 -3.798985 -4.940578 3e-06 2e-06 -2e-06 -3.482992 12.649101 -32.417488 -0.1011 -0.121407 11.814756 -11.110684 -0.851173 2.975474 1.664706 -1.905762 -4.517243 0.0 -0.0 3e-06 -1.634554 -10.542405 0.383363 -0.075456 0.204447 12.271523 0.278709 7.205063 -16.945641 -1.452627 0.941468 -2.237497 0.0 -0.0 -1e-06 
0.0 0.0 0.0 0.0 -0.0 0.0 1.389204 97.92572 -2.919928 2.437666 -3.566535 6.543491 0.404724 -0.109 -1.639898 -0.539927 0.255945 -5.922049 0.728483 -2.019394 12.970085 1.664814 1.047821 27.416794 -0.137937 0.907874 -3.679647 1.574458 0.219414 6.690714 7.7e-05 -2.2e-05 8e-06 -0.060014 0.057901 -0.159003 0.698763 -3.766691 -10.890837 -0.817347 3.881573 -10.886421 -23.206177 -5.036473 18.371502 -51.942303 -14.219569 22.179092 -0.011171 -41.173115 0.141537 1.797943 -2.085528 -9.167942 -5.882105 9.861283 0.702591 -10.936874 -0.360578 7.15621 4e-06 8.774827 1e-06 -16.015924 17.961725 6.107519 -1.844032 2.498504 -2.507279 -10.163604 4.678943 4.621112 -20.97603 -9e-06 1e-06 -21.226295 2.451691 -3.593995 2e-06 -6e-06 -1e-06 -1.362681 2.240798 -0.746325 -21.334921 0.584905 3.008326 -13.821218 -5e-06 3e-06 -23.887175 -0.249083 -0.839477 -60.449558 2.42688 -1.020007 -0.294023 1.679687 0.833255 -14.218214 0.09321 1.300581 -34.212063 -0.287573 0.967177 -20.033222 0.964534 1.212849 -1e-06 -0.0 1e-06 -3.440389 0.788232 0.501655 -15.928192 -3.167314 2.999707 -6.338827 -3e-06 1e-06 -18.123453 3.648178 -4.905669 -4e-06 0.0 -1e-06 18.480099 11.844339 19.587223 53.185146 15.022289 34.73196 -0.050368 40.345009 0.098796 4.065373 -3.588168 -3.355829 2.243542 -5.255037 -3.180158 14.282894 -0.826593 6.952507 -6e-06 -12.69061 2e-06 16.404984 -18.121157 2.60439 1.665666 -1.955923 -2.878301 4.727799 -4.170589 4.993928 11.020529 6e-06 -0.0 12.109055 -3.735713 -2.866784 1e-06 0.0 1e-06 1.291986 -1.928548 -1.498088 14.800132 0.56747 3.865612 14.242573 -1.341733 -6.660657 19.631973 0.143931 -0.648243 49.952705 -0.726773 -6.360244 0.353028 -1.511151 -0.031942 20.222797 3.684315 2.316634 18.787281 9e-06 1e-06 10.751631 -0.479868 1.39791 1e-06 -1e-06 -1e-06 3.273808 0.305949 -0.580111 21.486822 11.830384 2.266133 8.16293 3e-06 -0.0 18.399084 -3.798985 -4.940572 3e-06 1e-06 -2e-06 -3.890177 12.203065 -32.672173 -0.127244 -0.161265 9.532761 -11.043925 -0.621605 3.528243 1.661406 -1.947335 -4.491084 0.0 0.0 3e-06 -2.470079 -9.872416 0.894231 -0.051023 0.206994 12.808712 0.550967 8.012239 -17.131182 -1.453831 0.947332 -2.60069 0.0 0.0 -1e-06 
0.0 0.0 0.0 0.0 -0.0 0.0 1.836198 97.771034 -0.975055 2.380322 -5.164155 6.634202 0.084152 -0.068782 -1.712906 -0.572465 0.39538 -5.990342 0.604999 -1.991244 13.223814 0.949506 1.730612 27.701874 -0.266492 0.485085 -3.580554 1.169132 -0.003084 6.484342 7.7e-05 -2.3e-05 8e-06 -0.074708 0.073983 -0.128215 0.68799 -3.752537 -10.850638 -0.835131 3.897706 -10.836933 -23.384216 -4.905499 18.282082 -51.712582 -14.312756 21.879278 0.060278 -41.131165 0.11269 1.807119 -1.88526 -9.226444 -5.88211 9.861287 0.702588 -10.936875 -0.360574 7.156204 -1e-06 8.774826 0.0 -15.998238 18.050695 6.096734 -1.844033 2.498504 -2.507278 -10.163604 4.678947 4.621109 -20.976034 -1e-06 0.0 -21.226297 2.4517 -3.594003 2e-06 -4e-06 0.0 -1.362684 2.240799 -0.746324 -21.334923 0.584914 3.008322 -13.82122 -1e-06 -2e-06 -23.887182 -0.249077 -0.839488 -60.433472 2.497751 -1.095497 -0.294025 1.679688 0.833257 -14.218216 0.093217 1.30058 -34.21207 -0.287561 0.967165 -20.033226 0.964535 1.212842 0.0 1e-06 1e-06 -3.44039 0.788234 0.501656 -15.928192 -3.167308 2.999708 -6.338828 0.0 1e-06 -18.123457 3.648183 -4.905678 -3e-06 1e-06 -2e-06 18.525993 11.947874 19.732479 53.19223 15.184867 35.531807 -0.426643 39.730549 -0.11041 4.366848 -3.424322 -4.215511 2.243543 -5.25504 -3.180159 14.282896 -0.826598 6.952504 1e-06 -12.690607 -1e-06 16.387085 -18.128839 2.5967 1.665668 -1.955923 -2.878299 4.727802 -4.17059 4.993925 11.020531 1e-06 -3e-06 12.109057 -3.735719 -2.866788 1e-06 0.0 1e-06 1.291987 -1.92855 -1.49809 14.800136 0.567466 3.865607 14.24258 -1.34174 -6.660661 19.631975 0.143924 -0.648249 49.95929 -0.770539 -6.433296 0.35303 -1.511152 -0.031942 20.222801 3.684307 2.316629 18.787283 1e-06 -4e-06 10.751631 -0.479869 1.397906 1e-06 -1e-06 -0.0 3.273808 0.305947 -0.58011 21.48682 11.830377 2.266132 8.16293 1e-06 -2e-06 18.399092 -3.798988 -4.940579 3e-06 1e-06 -2e-06 -4.047816 12.143862 -32.53326 -0.135383 -0.226124 8.879521 -10.944296 -0.575963 4.618727 1.665858 -1.973423 -4.214442 0.0 0.0 2e-06 -3.255343 -8.915618 1.499286 -0.045859 0.19688 13.527094 0.756244 8.808925 -16.78863 -1.466006 0.947512 -3.344276 0.0 0.0 -1e-06 
0.0 0.0 0.0 0.0 -0.0 0.0 2.237377 97.677719 1.251753 2.320073 -6.715342 6.627902 -0.397843 -0.072064 -1.909458 -0.644402 0.484593 -6.044635 0.543108 -1.998004 13.446535 0.286067 2.487318 28.013929 -0.356768 0.133874 -3.574744 0.837054 -0.143103 6.514677 7.7e-05 -2.2e-05 6e-06 -0.049572 0.05018 -0.116701 0.712925 -3.76459 -10.811165 -0.809915 3.861703 -10.79983 -23.517246 -4.700217 18.128231 -51.309341 -14.228307 21.61618 0.080187 -41.214935 0.095158 1.714872 -1.598127 -9.25347 -5.882107 9.861289 0.70259 -10.936872 -0.360576 7.156205 0.0 8.774826 -1e-06 -15.962742 18.163935 6.183253 -1.844033 2.498503 -2.507279 -10.163602 4.678944 4.621108 -20.976027 -4e-06 1e-06 -21.226288 2.451696 -3.594003 2e-06 -5e-06 -1e-06 -1.362682 2.240798 -0.746322 -21.334917 0.584908 3.008321 -13.821217 -3e-06 0.0 -23.887178 -0.249082 -0.839486 -60.415886 2.565228 -1.05768 -0.294025 1.679688 0.833256 -14.218212 0.093215 1.300578 -34.212051 -0.287566 0.967169 -20.033215 0.964534 1.212845 0.0 -0.0 0.0 -3.440389 0.788233 0.501655 -15.928187 -3.16731 2.999705 -6.338826 -1e-06 2e-06 -18.123447 3.648183 -4.905674 -4e-06 0.0 -1e-06 18.847982 11.982586 19.971256 53.045616 15.454869 36.080631 -0.691861 38.9063 -0.245063 4.553556 -3.31054 -4.600917 2.243543 -5.255037 -3.180156 14.28289 -0.826594 6.952503 -1e-06 -12.690607 -1e-06 16.350573 -18.101007 2.612477 1.665667 -1.955922 -2.878299 4.727799 -4.170589 4.993925 11.020528 2e-06 -1e-06 12.109053 -3.735717 -2.866784 1e-06 -0.0 1e-06 1.291986 -1.92855 -1.498088 14.800129 0.567468 3.865608 14.242573 -1.341738 -6.66066 19.631966 0.143927 -0.648244 49.880344 -0.736739 -6.460682 0.353029 -1.511152 -0.031941 20.222792 3.68431 2.31663 18.787273 5e-06 -0.0 10.751631 -0.479868 1.397905 1e-06 -1e-06 0.0 3.273807 0.305947 -0.580111 21.486813 11.830379 2.266134 8.162927 1e-06 1e-06 18.39908 -3.798986 -4.940575 3e-06 1e-06 -2e-06 -3.988235 12.048992 -31.891109 -0.098976 -0.207455 9.470762 -10.109233 -0.601829 6.307606 1.697303 -1.969722 -3.964444 0.0 -0.0 2e-06 -4.062662 -7.898968 2.391643 -0.03929 0.280534 14.404659 0.881629 9.486288 -15.610235 -1.470145 0.983727 -4.634479 -0.0 0.0 -1e-06 
0.0 0.0 0.0 0.0 -0.0 0.0 2.626438 97.659355 3.708639 2.445808 -8.135923 6.601227 -1.087741 -0.124096 -2.150301 -0.752369 0.558118 -6.115283 0.386017 -2.02246 13.543458 -0.266732 3.123879 28.243233 -0.384061 -0.015405 -3.576854 0.604782 -0.160657 6.672708 7.7e-05 -2.2e-05 7e-06 -0.030214 0.034876 -0.114219 0.734104 -3.771506 -10.794443 -0.792466 3.838189 -10.792748 -23.543974 -4.537768 18.042704 -50.722343 -14.095934 21.607277 0.186568 -41.378532 0.04425 1.56386 -1.258425 -9.485375 -5.882108 9.861288 0.70259 -10.936875 -0.360575 7.156209 0.0 8.774826 -1e-06 -15.942773 18.330101 6.284672 -1.844033 2.498506 -2.507279 -10.163604 4.678946 4.621109 -20.976032 -4e-06 0.0 -21.226295 2.451695 -3.594001 1e-06 -6e-06 -1e-06 -1.362682 2.240798 -0.746323 -21.334921 0.584909 3.008325 -13.821218 -2e-06 2e-06 -23.887178 -0.249079 -0.839482 -60.39706 2.613064 -1.005735 -0.294025 1.679687 0.833257 -14.218214 0.093214 1.300581 -34.212059 -0.287566 0.967169 -20.03322 0.964533 1.212843 0.0 1e-06 0.0 -3.440388 0.788234 0.501657 -15.928189 -3.16731 2.999707 -6.338828 -1e-06 1e-06 -18.123453 3.648183 -4.905674 -4e-06 0.0 -1e-06 19.321074 11.901649 20.187048 52.945423 15.659322 36.105209 -0.808643 38.124386 -0.289546 4.375634 -3.244824 -4.803421 2.243543 -5.255037 -3.180158 14.282894 -0.826596 6.952506 -1e-06 -12.690607 -1e-06 16.288465 -18.051916 2.634338 1.665667 -1.955922 -2.878301 4.7278 -4.170588 4.993924 11.020529 2e-06 -3e-06 12.109055 -3.735717 -2.866786 1e-06 -1e-06 1e-06 1.291986 -1.928551 -1.498089 14.800131 0.567468 3.865607 14.242576 -1.341737 -6.660661 19.631973 0.143925 -0.648245 49.844204 -0.738529 -6.486248 0.353028 -1.511152 -0.031939 20.222797 3.68431 2.316631 18.787279 5e-06 -1e-06 10.751631 -0.479868 1.397906 0.0 -1e-06 0.0 3.273808 0.305948 -0.580112 21.486818 11.830379 2.266135 8.16293 2e-06 -1e-06 18.399088 -3.798985 -4.940578 4e-06 2e-06 -1e-06 -3.990697 11.837159 -30.955841 -0.077683 -0.191203 10.679853 -8.252727 -0.553011 7.844455 1.733989 -1.972938 -3.618183 -0.0 -0.0 2e-06 -5.107142 -6.945367 3.193971 -0.042557 0.379902 15.840544 0.914494 9.873975 -13.549467 -1.478438 1.003885 -6.848844 0.0 0.0 -1e-06 
0.0 0.0 0.0 0.0 -0.0 0.0 2.990797 97.70163 6.276114 2.764016 -9.335363 6.583984 -1.9148 -0.189392 -2.321654 -0.907457 0.611 -6.1918 0.057939 -1.99988 13.479317 -0.641038 3.506738 28.270683 -0.409054 -0.015658 -3.588408 0.498376 -0.206368 6.678408 7.7e-05 -2.2e-05 7e-06 -0.023508 0.034625 -0.112946 0.738764 -3.768401 -10.779879 -0.783821 3.835846 -10.793842 -23.368856 -4.556237 17.990292 -50.134209 -13.885502 21.625221 0.325138 -41.68985 -0.049014 1.483978 -0.925175 -9.905799 -5.882109 9.861292 0.702588 -10.936878 -0.360575 7.156207 1e-06 8.774831 -0.0 -15.936884 18.467632 6.352092 -1.844035 2.498506 -2.507278 -10.163606 4.678948 4.621106 -20.976038 -5e-06 -3e-06 -21.226301 2.451695 -3.594005 1e-06 -6e-06 -1e-06 -1.362682 2.2408 -0.746324 -21.334929 0.584908 3.008321 -13.821221 -2e-06 -3e-06 -23.887184 -0.249084 -0.839487 -60.428413 2.652593 -0.990514 -0.294025 1.679689 0.833258 -14.218216 0.093214 1.300577 -34.21207 -0.287572 0.967163 -20.033226 0.96453 1.21284 1e-06 -1e-06 0.0 -3.44039 0.788233 0.501656 -15.928194 -3.167313 2.999703 -6.338828 0.0 -1e-06 -18.123459 3.64818 -4.905678 -5e-06 2e-06 -1e-06 19.7321 11.66023 20.220253 53.137383 15.608909 35.486122 -0.760615 37.794437 -0.237891 3.740317 -3.170037 -4.949739 2.243543 -5.255038 -3.180157 14.282894 -0.826595 6.9525 -2e-06 -12.690608 0.0 16.158556 -17.966532 2.657213 1.665667 -1.955923 -2.878299 4.727799 -4.170588 4.993921 11.020529 4e-06 -2e-06 12.109055 -3.735716 -2.866787 -1e-06 1e-06 -0.0 1.291986 -1.92855 -1.49809 14.800132 0.567469 3.865604 14.242577 -1.341737 -6.660661 19.631969 0.143926 -0.648249 49.793011 -0.787091 -6.545254 0.353029 -1.511152 -0.031939 20.222797 3.684312 2.316628 18.787279 6e-06 -3e-06 10.751631 -0.479867 1.397904 1e-06 1e-06 -1e-06 3.273807 0.305947 -0.580112 21.486816 11.830377 2.266129 8.16293 4e-06 -2e-06 18.399086 -3.798985 -4.940578 3e-06 0.0 -0.0 -4.191824 11.539824 -30.133472 -0.079997 -0.194519 12.358745 -5.886266 -0.211166 8.490215 1.764919 -1.933936 -3.133047 0.0 -0.0 2e-06 -6.382303 -6.275557 3.631286 -0.078687 0.487351 18.244677 0.909197 10.187212 -10.253063 -1.506003 1.037119 -10.41186 0.0 0.0 -1e-06 
0.0 0.0 0.0 0.0 -0.0 0.0 3.325904 97.726593 8.855631 3.205302 -10.160104 6.551548 -2.804453 -0.220996 -2.394519 -1.038401 0.613173 -6.195163 -0.402948 -1.910069 13.235831 -0.943815 3.651873 28.13632 -0.454282 0.083808 -3.614735 0.533582 -0.379448 6.199052 7.7e-05 -2.3e-05 9e-06 -0.032174 0.048453 -0.089204 0.716863 -3.76898 -10.776983 -0.780274 3.862221 -10.805125 -22.868057 -4.757925 18.184994 -49.895634 -13.876896 21.454865 0.497182 -42.133698 -0.332116 1.756718 -0.819496 -10.362001 -5.882107 9.861286 0.702591 -10.936874 -0.360574 7.156208 1e-06 8.774825 -2e-06 -16.016609 18.359856 6.272652 -1.844033 2.498504 -2.507278 -10.163603 4.678945 4.621112 -20.97603 -4e-06 4e-06 -21.226294 2.451698 -3.594 1e-06 -6e-06 -1e-06 -1.362682 2.240798 -0.746324 -21.334917 0.584909 3.008326 -13.821218 -2e-06 3e-06 -23.887178 -0.249079 -0.839481 -60.41473 2.605797 -1.023795 -0.294024 1.679689 0.833256 -14.21821 0.093214 1.300582 -34.212055 -0.287563 0.967175 -20.033218 0.964537 1.212845 1e-06 -0.0 0.0 -3.440389 0.788233 0.501655 -15.928189 -3.16731 2.999709 -6.338827 -0.0 -0.0 -18.123455 3.64818 -4.90567 -4e-06 2e-06 -1e-06 19.630581 11.443721 20.179585 53.974483 15.421535 34.652504 -0.848266 37.834702 -0.278416 2.667539 -2.744089 -5.729035 2.243541 -5.255037 -3.180157 14.282887 -0.826593 6.952499 -2e-06 -12.690603 1e-06 16.116308 -17.653088 2.576657 1.665665 -1.955921 -2.878297 4.727797 -4.170587 4.993923 11.020523 3e-06 -1e-06 12.109045 -3.735715 -2.866784 -0.0 0.0 1e-06 1.291986 -1.92855 -1.498089 14.800125 0.567469 3.865604 14.242568 -1.341735 -6.660655 19.631962 0.143926 -0.648244 49.617203 -0.741467 -6.458545 0.353029 -1.511151 -0.03194 20.222784 3.68431 2.31663 18.78727 5e-06 1e-06 10.751625 -0.479868 1.397907 1e-06 -0.0 -1e-06 3.273805 0.305947 -0.580111 21.486809 11.830377 2.266134 8.162928 4e-06 1e-06 18.399076 -3.798985 -4.940573 3e-06 0.0 -1e-06 -4.58539 11.23427 -29.511246 -0.189732 -0.23098 14.510373 -3.62702 0.89899 7.692466 1.724816 -1.859143 -2.150276 -0.0 0.0 2e-06 -7.689229 -5.682126 2.713122 0.007019 0.470904 22.558641 0.448614 10.473301 -5.860371 -1.552889 0.974452 -16.602699 0.0 0.0 -1e-06 
0.0 0.0 0.0 0.0 -0.0 0.0 3.724847 97.939606 11.512677 3.78512 -10.845981 6.305235 -3.592377 -0.251256 -2.234161 -1.22336 0.675761 -6.11874 -1.056745 -1.758253 12.916842 -1.043485 3.748122 27.881021 -0.567007 0.03053 -3.614957 0.59052 -0.531722 5.723979 7.7e-05 -2.2e-05 7e-06 -0.028483 0.047258 -0.094693 0.706841 -3.770782 -10.751302 -0.762626 3.86135 -10.793486 -22.240379 -5.032168 18.16457 -49.902855 -13.630104 21.057455 0.480241 -42.694042 -0.273813 2.331682 -0.916295 -10.991373 -5.88211 9.861292 0.70259 -10.936877 -0.360575 7.156209 0.0 8.77483 -2e-06 -15.914589 18.378185 6.204956 -1.844033 2.498507 -2.507278 -10.163605 4.678948 4.621111 -20.976036 -3e-06 -1e-06 -21.226301 2.451698 -3.594005 0.0 -8e-06 -1e-06 -1.362683 2.240799 -0.746324 -21.334929 0.58491 3.008324 -13.821222 -3e-06 -1e-06 -23.887184 -0.249079 -0.839487 -60.28907 2.57414 -1.23235 -0.294025 1.679687 0.833257 -14.218217 0.093216 1.30058 -34.21207 -0.287562 0.967165 -20.033226 0.964536 1.212841 -1e-06 1e-06 0.0 -3.44039 0.788235 0.501655 -15.928192 -3.16731 2.999707 -6.338829 0.0 -0.0 -18.123457 3.648185 -4.905674 -4e-06 2e-06 -1e-06 19.104931 11.163083 20.106989 55.147236 15.355533 33.558971 -0.669652 38.256134 -0.175099 1.759823 -2.494438 -6.223459 2.243543 -5.255039 -3.18016 14.282896 -0.826595 6.952506 -1e-06 -12.690611 0.0 16.249212 -17.740704 2.512917 1.665668 -1.955922 -2.8783 4.7278 -4.170591 4.993926 11.020531 2e-06 -1e-06 12.109058 -3.735718 -2.866787 1e-06 0.0 -0.0 1.291986 -1.92855 -1.49809 14.800138 0.567467 3.865608 14.242581 -1.341739 -6.660661 19.631979 0.143926 -0.648247 49.831596 -0.81081 -6.544183 0.353029 -1.511153 -0.031937 20.222803 3.684311 2.316631 18.787283 5e-06 -4e-06 10.751633 -0.479867 1.397905 1e-06 0.0 -0.0 3.273808 0.305947 -0.580112 21.486822 11.830382 2.266131 8.16293 2e-06 -1e-06 18.399092 -3.798986 -4.940579 4e-06 0.0 -2e-06 -5.255922 11.123635 -28.455399 -0.156922 -0.234973 16.417778 -2.187092 1.665378 4.759391 1.703914 -1.831126 -1.312744 -0.0 -0.0 2e-06 -9.27364 -5.911773 0.924919 0.048712 0.53686 28.281639 0.256325 11.062037 -0.91354 -1.595595 0.924791 -21.783188 -0.0 0.0 -1e-06 
0.0 0.0 0.0 0.0 -0.0 0.0 4.166557 98.191879 14.238451 4.427945 -11.427523 5.906125 -4.314791 -0.264212 -2.033478 -1.355774 0.727986 -6.004835 -1.67075 -1.615156 12.663008 -1.381525 4.050258 27.584042 -0.64348 -0.09784 -3.599683 0.790903 -0.798946 5.377535 7.7e-05 -2.2e-05 7e-06 -0.033479 0.052445 -0.094106 0.687153 -3.767085 -10.74315 -0.75234 3.866096 -10.786386 -21.864813 -5.239161 18.122734 -49.804035 -13.397395 20.905764 0.461153 -43.192913 -0.195238 2.794281 -0.978942 -11.32898 -5.882112 9.861292 0.70259 -10.936879 -0.360575 7.15621 2e-06 8.774833 0.0 -15.916489 18.414621 6.160012 -1.844034 2.498506 -2.507279 -10.163607 4.678948 4.621111 -20.976044 -3e-06 -1e-06 -21.226307 2.451697 -3.594005 0.0 -7e-06 -0.0 -1.362683 2.2408 -0.746324 -21.33493 0.58491 3.008319 -13.821225 -3e-06 -2e-06 -23.887188 -0.249081 -0.839489 -60.319485 2.649479 -1.371138 -0.294025 1.679688 0.833256 -14.218221 0.093215 1.300577 -34.212078 -0.287566 0.967165 -20.03323 0.964535 1.212841 1e-06 -0.0 0.0 -3.440391 0.788233 0.501654 -15.928201 -3.167312 2.999706 -6.33883 0.0 -1e-06 -18.123465 3.648181 -4.905677 -4e-06 1e-06 -2e-06 18.385307 11.090963 20.114843 56.22147 15.521839 32.89782 -0.541287 38.641586 -0.080902 1.121204 -2.242355 -6.59845 2.243541 -5.255037 -3.180159 14.282895 -0.826593 6.952505 -3e-06 -12.690605 -0.0 16.411289 -17.813942 2.468686 1.665666 -1.955921 -2.878299 4.727799 -4.170588 4.993926 11.020529 3e-06 1e-06 12.109056 -3.735716 -2.866784 1e-06 -0.0 0.0 1.291985 -1.92855 -1.49809 14.800131 0.567469 3.865608 14.242576 -1.341736 -6.660658 19.631969 0.143927 -0.648243 49.944057 -0.824225 -6.595815 0.353029 -1.511151 -0.031939 20.222801 3.684312 2.316632 18.787279 5e-06 -2e-06 10.751631 -0.479868 1.397907 1e-06 1e-06 -2e-06 3.273808 0.305947 -0.58011 21.486816 11.830377 2.266135 8.16293 2e-06 0.0 18.399088 -3.798986 -4.940577 4e-06 0.0 -1e-06 -6.100971 11.238432 -26.644039 -0.160791 -0.240658 17.14118 -1.07046 2.217356 2.410752 1.683024 -1.840438 -0.800531 0.0 -0.0 2e-06 -11.021967 -6.433588 -1.588804 0.143904 0.593286 34.839199 0.667505 11.788482 4.914595 -1.614632 0.841331 -25.179218 0.0 0.0 -2e-06 
0.0 0.0 0.0 0.0 -0.0 0.0 4.660669 98.453949 16.974581 5.039392 -11.814632 5.355824 -4.945093 -0.28413 -1.786755 -1.449426 0.736588 -5.881274 -2.149832 -1.509855 12.503714 -1.854233 4.470284 27.228704 -0.724119 -0.294153 -3.58235 0.954739 -1.102319 5.09508 7.7e-05 -2.3e-05 8e-06 -0.03719 0.057143 -0.088624 0.674422 -3.766667 -10.751524 -0.746728 3.873536 -10.795944 -21.772627 -5.36521 18.139067 -49.421146 -13.320912 21.214453 0.403688 -43.369671 -0.106347 3.02731 -0.953691 -11.310146 -5.88211 9.861293 0.702592 -10.936879 -0.360575 7.156209 0.0 8.774832 -1e-06 -16.034264 18.35952 6.093654 -1.844033 2.498507 -2.507281 -10.163607 4.678949 4.62111 -20.976038 -2e-06 -1e-06 -21.226303 2.451698 -3.594004 0.0 -7e-06 -1e-06 -1.362682 2.240801 -0.746326 -21.33493 0.584909 3.008322 -13.821223 -0.0 2e-06 -23.887188 -0.24908 -0.839485 -60.417667 2.74384 -1.424955 -0.294025 1.679688 0.833258 -14.218221 0.093214 1.300581 -34.212074 -0.28757 0.96717 -20.03323 0.964535 1.212844 0.0 -0.0 1e-06 -3.44039 0.788233 0.501655 -15.9282 -3.167311 2.999704 -6.338829 -0.0 -0.0 -18.123463 3.648183 -4.905677 -4e-06 1e-06 -2e-06 17.857183 11.088777 20.152536 56.879688 15.944846 32.617584 -0.409097 38.828426 0.023474 0.544278 -2.182864 -6.77655 2.243546 -5.255042 -3.180161 14.28291 -0.826596 6.952507 -3e-06 -12.690617 1e-06 16.504986 -17.794336 2.425393 1.665669 -1.955924 -2.878302 4.727805 -4.170592 4.993929 11.020544 2e-06 -1e-06 12.10907 -3.735719 -2.866789 -0.0 0.0 0.0 1.291988 -1.928552 -1.49809 14.800149 0.567467 3.865609 14.242594 -1.341737 -6.660665 19.631996 0.143928 -0.648247 49.900589 -0.811409 -6.587067 0.353029 -1.511151 -0.031937 20.222818 3.684312 2.316629 18.7873 7e-06 -4e-06 10.751643 -0.479867 1.397904 1e-06 0.0 -1e-06 3.273811 0.305947 -0.580112 21.486843 11.830389 2.266131 8.162938 3e-06 -3e-06 18.399107 -3.798987 -4.940584 4e-06 0.0 -2e-06 -6.994081 11.4571 -24.268152 -0.138293 -0.232906 17.009899 -0.272147 2.471913 0.506155 1.65717 -1.868419 -0.607564 0.0 0.0 2e-06 -12.705139 -7.052144 -4.664758 0.248576 0.630409 42.030933 1.628703 12.08963 11.072722 -1.569067 0.761836 -24.389942 -0.0 0.0 -2e-06 
0.0 0.0 0.0 0.0 -0.0 0.0 5.149307 98.662552 19.595484 5.453561 -11.951056 4.677289 -5.381905 -0.343129 -1.453594 -1.523327 0.697338 -5.783624 -2.434936 -1.430808 12.447768 -2.346173 4.90856 26.927307 -0.728207 -0.582485 -3.592987 0.956932 -1.307306 4.763525 7.7e-05 -2.3e-05 7e-06 -0.044839 0.072622 -0.078615 0.666691 -3.747819 -10.743185 -0.755093 3.885894 -10.790816 -21.790445 -5.48187 18.267906 -48.94978 -13.447386 21.940271 0.410565 -43.081474 -0.072429 3.084933 -0.92711 -11.356573 -5.882107 9.861289 0.702588 -10.936874 -0.360575 7.156208 -1e-06 8.774826 -1e-06 -16.161224 18.222935 6.059843 -1.844033 2.498506 -2.507278 -10.163602 4.678946 4.621109 -20.97603 -2e-06 -1e-06 -21.226295 2.451694 -3.594005 0.0 -6e-06 -1e-06 -1.362682 2.2408 -0.746323 -21.334919 0.584911 3.008321 -13.821218 -2e-06 -1e-06 -23.887177 -0.249079 -0.839486 -60.488922 2.730131 -1.342538 -0.294025 1.679688 0.833256 -14.21821 0.093214 1.300578 -34.212063 -0.287565 0.967166 -20.033218 0.964537 1.212842 1e-06 -1e-06 0.0 -3.440388 0.788234 0.501654 -15.928189 -3.16731 2.999707 -6.338829 -0.0 1e-06 -18.123453 3.648183 -4.905677 -4e-06 2e-06 -2e-06 17.569485 11.026258 20.192463 57.214977 16.659218 32.636261 -0.281203 38.769444 0.096784 -0.027637 -2.388131 -6.548801 2.243542 -5.255036 -3.180157 14.282892 -0.826596 6.952503 -2e-06 -12.690602 1e-06 16.46891 -17.682747 2.400408 1.665666 -1.955922 -2.878298 4.727799 -4.170587 4.993924 11.020526 2e-06 -1e-06 12.109052 -3.735717 -2.866784 1e-06 -0.0 0.0 1.291986 -1.92855 -1.49809 14.800129 0.567469 3.865607 14.242569 -1.341738 -6.660655 19.631968 0.143926 -0.648245 49.686794 -0.809096 -6.511913 0.353029 -1.51115 -0.03194 20.222794 3.684307 2.316628 18.787273 3e-06 -3e-06 10.751631 -0.479869 1.397904 1e-06 0.0 -1e-06 3.273807 0.305947 -0.580111 21.486811 11.830371 2.266132 8.162928 2e-06 -1e-06 18.399086 -3.798986 -4.940577 4e-06 0.0 -1e-06 -7.688972 11.798298 -21.695169 -0.085031 -0.184184 16.638002 0.218046 2.349025 -1.181992 1.640717 -1.909721 -0.741798 0.0 0.0 2e-06 -13.837229 -7.4082 -7.94022 0.316607 0.599239 49.194191 2.384844 10.907574 16.011393 -1.406757 0.751418 -16.636415 0.0 -0.0 -3e-06 
0.0 0.0 0.0 0.0 -0.0 0.0 5.545317 98.82476 22.111172 5.551605 -11.789818 4.024184 -5.6133 -0.43051 -1.108076 -1.549365 0.605006 -5.729808 -2.496201 -1.431131 12.456621 -2.649756 5.246563 26.816257 -0.715297 -0.940839 -3.618485 0.858369 -1.399503 4.298109 7.7e-05 -2.3e-05 5e-06 -0.055761 0.09399 -0.073924 0.656653 -3.716378 -10.732721 -0.768538 3.899423 -10.783242 -21.706755 -5.535881 18.387072 -48.709202 -13.731227 22.880636 0.48357 -42.340454 -0.093477 3.067052 -0.859753 -11.387877 -5.882106 9.861285 0.70259 -10.936868 -0.360572 7.156204 -0.0 8.774824 -0.0 -16.218128 18.177237 6.134687 -1.844032 2.498505 -2.507279 -10.163597 4.678945 4.621108 -20.976021 -1e-06 1e-06 -21.226286 2.451696 -3.594004 -1e-06 -8e-06 -1e-06 -1.362681 2.240799 -0.746323 -21.334911 0.584911 3.008322 -13.82121 -0.0 1e-06 -23.887167 -0.24908 -0.839486 -60.579128 2.646126 -1.165585 -0.294025 1.679686 0.833256 -14.218205 0.093217 1.300579 -34.212048 -0.28756 0.967165 -20.033209 0.964537 1.212841 0.0 1e-06 0.0 -3.440387 0.788234 0.501655 -15.928183 -3.167307 2.999705 -6.338824 1e-06 1e-06 -18.123444 3.648183 -4.90567 -5e-06 1e-06 -2e-06 17.332438 10.899501 20.177698 57.521141 17.355745 32.780918 -0.222927 38.743706 0.114689 -0.623918 -2.575361 -6.171033 2.243542 -5.255036 -3.180157 14.28289 -0.826597 6.952504 -1e-06 -12.690603 1e-06 16.382814 -17.59646 2.382854 1.665666 -1.955921 -2.8783 4.727799 -4.170588 4.993925 11.020525 1e-06 1e-06 12.109052 -3.735717 -2.866785 -0.0 -0.0 -1e-06 1.291985 -1.92855 -1.49809 14.800125 0.567465 3.865608 14.242574 -1.341736 -6.660656 19.631968 0.143923 -0.648246 49.488628 -0.828926 -6.461384 0.353029 -1.51115 -0.031939 20.222786 3.684305 2.316631 18.78727 2e-06 -2e-06 10.751627 -0.47987 1.397907 -0.0 2e-06 -0.0 3.273807 0.305945 -0.58011 21.486813 11.83037 2.266133 8.162928 1e-06 -1e-06 18.399082 -3.798988 -4.940575 4e-06 1e-06 0.0 -7.971026 12.121941 -19.154068 -0.03743 -0.136372 16.276321 0.446738 1.991289 -2.771052 1.631854 -1.929191 -0.924689 0.0 -0.0 2e-06 -14.075392 -7.54105 -10.866873 0.31776 0.503853 54.958809 1.79339 8.564477 16.096798 -1.308453 0.818678 -8.41087 -0.0 0.0 -1e-06 
0.0 0.0 0.0 0.0 -0.0 0.0 5.84658 99.033264 24.605156 5.164196 -11.351172 3.558214 -5.543384 -0.50957 -0.857257 -1.50525 0.472972 -5.686368 -2.328131 -1.531278 12.496458 -2.770426 5.420083 26.870737 -0.728218 -1.250108 -3.615017 0.833823 -1.475962 3.987591 7.7e-05 -2.3e-05 6e-06 -0.061714 0.105092 -0.082655 0.646386 -3.701013 -10.754032 -0.770886 3.908562 -10.804796 -21.630125 -5.490661 18.528276 -48.721565 -14.035867 23.330233 0.381376 -41.468662 -0.038748 2.998729 -0.628805 -11.106617 -5.88211 9.861292 0.702589 -10.936875 -0.360573 7.156205 -2e-06 8.774829 -1e-06 -16.222874 18.24053 6.19468 -1.844034 2.498506 -2.507279 -10.163604 4.678949 4.621109 -20.976034 -0.0 -2e-06 -21.226301 2.451696 -3.594009 0.0 -7e-06 -0.0 -1.362681 2.2408 -0.746325 -21.334921 0.584912 3.008319 -13.821218 -1e-06 -1e-06 -23.887177 -0.249081 -0.83949 -60.619862 2.598465 -1.03276 -0.294026 1.679689 0.833256 -14.218213 0.093219 1.300578 -34.212055 -0.287563 0.96716 -20.03322 0.964537 1.21284 1e-06 -0.0 1e-06 -3.44039 0.788235 0.501657 -15.928189 -3.167308 2.999705 -6.338828 -1e-06 -0.0 -18.123455 3.648184 -4.905678 -5e-06 1e-06 -2e-06 17.104996 10.756502 20.139896 57.807472 17.653687 32.600502 -0.24481 39.266903 0.025706 -1.22549 -2.593824 -5.971132 2.243543 -5.255039 -3.180159 14.282896 -0.826596 6.952501 -1e-06 -12.690607 -3e-06 16.340052 -17.593494 2.37064 1.665668 -1.955922 -2.878298 4.727801 -4.170589 4.993924 11.020529 1e-06 -2e-06 12.109058 -3.735718 -2.866788 0.0 0.0 0.0 1.291986 -1.92855 -1.49809 14.800132 0.567467 3.865608 14.242579 -1.341737 -6.660661 19.631975 0.143926 -0.64825 49.48222 -0.806734 -6.457371 0.353029 -1.511153 -0.03194 20.222801 3.68431 2.316629 18.787283 4e-06 -3e-06 10.751633 -0.479868 1.397904 -1e-06 1e-06 -1e-06 3.273808 0.305946 -0.580111 21.48682 11.830379 2.266134 8.16293 2e-06 -2e-06 18.39909 -3.798984 -4.94058 4e-06 1e-06 0.0 -7.651992 12.290024 -16.567896 -0.026787 -0.154127 15.619678 0.49306 1.527622 -4.145175 1.622987 -1.902404 -1.023025 -0.0 -0.0 2e-06 -13.216385 -7.586805 -13.380019 0.283785 0.38852 58.093224 0.707806 6.355611 11.978498 -1.353668 0.868035 -5.66748 -0.0 0.0 -1e-06 
0.0 0.0 0.0 0.0 -0.0 0.0 6.088528 99.259377 27.0832 4.538626 -10.766847 3.220921 -5.299885 -0.571269 -0.653877 -1.397998 0.334403 -5.63426 -2.078611 -1.649525 12.508021 -2.742912 5.385518 26.963642 -0.729255 -1.418124 -3.596183 0.911476 -1.550667 3.900424 7.7e-05 -2.2e-05 6e-06 -0.058222 0.0996 -0.093977 0.647528 -3.70852 -10.785067 -0.764607 3.906427 -10.835616 -21.549801 -5.421764 18.651096 -49.017445 -14.143857 23.082161 0.120349 -40.880211 0.117848 2.912656 -0.403342 -11.090738 -5.882113 9.861295 0.702591 -10.936881 -0.360573 7.156212 -1e-06 8.774831 1e-06 -16.200212 18.265356 6.165031 -1.844035 2.498508 -2.50728 -10.16361 4.67895 4.621115 -20.97604 2e-06 3e-06 -21.226311 2.451699 -3.594005 -1e-06 -7e-06 -1e-06 -1.362684 2.2408 -0.746324 -21.334934 0.584914 3.008325 -13.821225 1e-06 1e-06 -23.887192 -0.249078 -0.839487 -60.598534 2.584884 -0.997276 -0.294025 1.679689 0.833256 -14.218223 0.093218 1.300583 -34.212078 -0.287558 0.967169 -20.033232 0.964538 1.212843 1e-06 1e-06 0.0 -3.440392 0.788235 0.501656 -15.928201 -3.16731 2.99971 -6.338832 1e-06 0.0 -18.123465 3.648189 -4.905678 -5e-06 1e-06 -1e-06 16.841572 10.624145 20.034323 58.039593 17.393736 32.012054 -0.19251 40.59845 -0.025305 -1.807406 -2.500404 -6.00028 2.243542 -5.255037 -3.180155 14.282894 -0.826595 6.952504 -2e-06 -12.690606 -1e-06 16.324799 -17.624474 2.379696 1.665667 -1.955923 -2.878298 4.727799 -4.170589 4.993926 11.020529 3e-06 -1e-06 12.109055 -3.735717 -2.866784 0.0 0.0 1e-06 1.291986 -1.92855 -1.498086 14.800129 0.567467 3.865608 14.242569 -1.341737 -6.660657 19.631968 0.143926 -0.648245 49.563515 -0.762917 -6.454886 0.353029 -1.511152 -0.031941 20.222795 3.684308 2.316632 18.787273 4e-06 -2e-06 10.75163 -0.479869 1.397907 1e-06 1e-06 -1e-06 3.273808 0.305947 -0.580109 21.486818 11.830377 2.266134 8.16293 3e-06 -1e-06 18.399088 -3.798985 -4.940576 4e-06 1e-06 -1e-06 -7.010052 12.327525 -13.884869 -0.045731 -0.201092 14.570124 0.473074 0.984334 -5.272873 1.620721 -1.845144 -1.017455 0.0 0.0 2e-06 -11.708391 -7.466927 -15.644197 0.242867 0.277972 58.307018 0.524389 4.892892 7.399593 -1.414117 0.898789 -4.692223 0.0 -0.0 -2e-06 
0.0 0.0 0.0 0.0 -0.0 0.0 6.282865 99.448303 29.54253 3.925642 -10.156097 2.976208 -5.026114 -0.596516 -0.488952 -1.279074 0.209504 -5.581728 -1.842555 -1.793947 12.497255 -2.631054 5.215836 27.066889 -0.702421 -1.434347 -3.573165 1.050019 -1.639863 3.913491 7.7e-05 -2.3e-05 6e-06 -0.049719 0.087643 -0.103514 0.65462 -3.7233 -10.808033 -0.753912 3.898118 -10.858547 -21.558626 -5.35075 18.763243 -49.356331 -13.994068 22.50321 -0.110037 -40.681316 0.26618 2.742014 -0.33899 -11.421694 -5.882107 9.861283 0.702589 -10.93687 -0.360573 7.156205 -0.0 8.774822 -1e-06 -16.183434 18.263123 6.094972 -1.844032 2.498503 -2.507278 -10.163599 4.678945 4.621109 -20.976021 -0.0 2e-06 -21.226286 2.4517 -3.594 -1e-06 -5e-06 -1e-06 -1.362682 2.240797 -0.746323 -21.334913 0.58491 3.008324 -13.821213 0.0 3e-06 -23.887173 -0.249078 -0.839483 -60.588661 2.618299 -1.036826 -0.294026 1.679689 0.833256 -14.218207 0.093218 1.300581 -34.212051 -0.28756 0.967169 -20.033215 0.964538 1.212841 1e-06 -0.0 0.0 -3.440389 0.788233 0.501656 -15.928185 -3.167307 2.999707 -6.338825 1e-06 2e-06 -18.123444 3.648184 -4.905671 -4e-06 2e-06 -1e-06 16.630615 10.530993 19.871893 58.073704 16.828394 31.436209 0.009007 42.384701 0.017228 -2.174355 -2.284396 -6.039996 2.243542 -5.255036 -3.180158 14.282888 -0.826595 6.952503 -1e-06 -12.690601 0.0 16.329777 -17.665327 2.384023 1.665667 -1.955922 -2.878298 4.727799 -4.170585 4.993924 11.020526 1e-06 -2e-06 12.109052 -3.735716 -2.866786 1e-06 -0.0 1e-06 1.291985 -1.92855 -1.498088 14.800129 0.567468 3.865607 14.242574 -1.341735 -6.66066 19.631969 0.143925 -0.648245 49.596367 -0.716843 -6.475629 0.353029 -1.511151 -0.031941 20.222794 3.684308 2.31663 18.78727 4e-06 -2e-06 10.751629 -0.479868 1.397905 -0.0 1e-06 -2e-06 3.273806 0.305947 -0.580112 21.486811 11.83037 2.266134 8.162926 3e-06 -2e-06 18.399078 -3.798984 -4.940574 5e-06 1e-06 -1e-06 -6.333675 12.330147 -11.156694 -0.069653 -0.233617 13.18442 0.448835 0.391423 -6.197865 1.6256 -1.775269 -0.942608 0.0 0.0 2e-06 -10.040611 -7.192473 -17.762257 0.194346 0.184813 55.875263 1.211326 4.137583 3.665474 -1.437667 0.90964 -4.213081 0.0 -0.0 -3e-06 
0.0 0.0 0.0 0.0 -0.0 0.0 6.415511 99.545601 31.994328 3.435809 -9.595157 2.864393 -4.771618 -0.566812 -0.402848 -1.183659 0.10332 -5.543891 -1.631342 -1.9274 12.489889 -2.511337 4.979226 27.130516 -0.677644 -1.318226 -3.563134 1.193461 -1.723288 3.975492 7.7e-05 -2.2e-05 6e-06 -0.0358 0.071459 -0.108774 0.667306 -3.740298 -10.826738 -0.738335 3.883489 -10.875136 -21.71294 -5.303318 18.830578 -49.558041 -13.697486 21.991604 -0.336459 -40.677307 0.413129 2.524312 -0.363739 -11.766587 -5.88211 9.86129 0.702591 -10.936877 -0.360577 7.156204 1e-06 8.774828 -3e-06 -16.184673 18.271128 6.033071 -1.844034 2.498505 -2.507279 -10.163605 4.678946 4.62111 -20.976038 -4e-06 0.0 -21.226301 2.451698 -3.594003 1e-06 -7e-06 -1e-06 -1.362683 2.2408 -0.746324 -21.334929 0.584909 3.008321 -13.821222 -3e-06 -1e-06 -23.887188 -0.249083 -0.839485 -60.597897 2.650023 -1.117233 -0.294025 1.679687 0.833256 -14.218217 0.093216 1.300579 -34.212074 -0.287567 0.967165 -20.033226 0.964534 1.212842 1e-06 -0.0 0.0 -3.440389 0.788234 0.501652 -15.928198 -3.16731 2.999707 -6.338829 -1e-06 -1e-06 -18.123459 3.64818 -4.905674 -4e-06 2e-06 -1e-06 16.587179 10.457979 19.712061 57.808483 16.343809 31.283909 0.254546 43.967175 0.118603 -2.205761 -2.096555 -5.800676 2.243545 -5.255041 -3.18016 14.282903 -0.826595 6.952508 -3e-06 -12.690614 1e-06 16.335785 -17.707113 2.388308 1.665667 -1.955924 -2.878302 4.727803 -4.170592 4.993929 11.020536 4e-06 -2e-06 12.10906 -3.735718 -2.86679 1e-06 0.0 1e-06 1.291986 -1.92855 -1.498091 14.800139 0.567468 3.865608 14.242584 -1.341737 -6.660663 19.631987 0.143928 -0.648247 49.572418 -0.705742 -6.51756 0.353029 -1.511151 -0.031941 20.222805 3.684313 2.316628 18.787289 8e-06 -2e-06 10.751636 -0.479866 1.397906 -0.0 1e-06 -2e-06 3.273809 0.305949 -0.580111 21.486832 11.830384 2.266132 8.162932 4e-06 -2e-06 18.399096 -3.798986 -4.94058 4e-06 1e-06 -1e-06 -5.722341 12.410611 -8.558141 -0.083644 -0.24032 11.771824 0.432006 -0.274 -7.094681 1.63381 -1.721309 -0.828875 -0.0 -0.0 2e-06 -8.478811 -6.745768 -19.811876 0.130618 0.115175 51.318722 2.300242 3.690562 0.939519 -1.438616 0.915029 -4.021803 0.0 -0.0 -3e-06 
0.0 0.0 0.0 0.0 -0.0 0.0 6.503622 99.514999 34.37077 3.141847 -9.123322 2.887962 -4.578485 -0.506335 -0.396194 -1.120519 0.022066 -5.530084 -1.462802 -2.016608 12.497433 -2.403699 4.78948 27.103558 -0.657345 -1.202178 -3.56031 1.301843 -1.791106 4.061822 7.7e-05 -2.3e-05 5e-06 -0.021837 0.058092 -0.103017 0.679231 -3.75314 -10.826947 -0.722583 3.871116 -10.872425 -21.939325 -5.296539 18.85355 -49.631634 -13.393745 21.822586 -0.550075 -40.646294 0.543433 2.364429 -0.299238 -12.011382 -5.882106 9.861284 0.702589 -10.936868 -0.360575 7.156204 -0.0 8.774824 -1e-06 -16.199007 18.276207 5.986928 -1.844033 2.498505 -2.507277 -10.1636 4.678944 4.621108 -20.976023 -3e-06 1e-06 -21.226286 2.451696 -3.594002 1e-06 -5e-06 0.0 -1.362682 2.240797 -0.746325 -21.334913 0.58491 3.008322 -13.821213 -2e-06 0.0 -23.887167 -0.249079 -0.839486 -60.584221 2.676459 -1.181367 -0.294024 1.679686 0.833257 -14.218208 0.093216 1.300579 -34.212048 -0.287565 0.967168 -20.033215 0.964536 1.212844 0.0 -1e-06 0.0 -3.440389 0.788234 0.501656 -15.928185 -3.16731 2.999707 -6.338825 0.0 -1e-06 -18.123444 3.648181 -4.905672 -4e-06 1e-06 -1e-06 16.701935 10.402503 19.612301 57.40192 16.143932 31.504343 0.441419 44.9235 0.232075 -2.058779 -2.029747 -5.077002 2.243543 -5.255037 -3.180157 14.28289 -0.826595 6.952498 -2e-06 -12.690601 -1e-06 16.33127 -17.745371 2.395569 1.665666 -1.955921 -2.8783 4.727798 -4.170588 4.993922 11.020524 2e-06 -2e-06 12.109051 -3.735716 -2.866784 0.0 0.0 2e-06 1.291985 -1.928549 -1.498087 14.800127 0.567467 3.865605 14.242571 -1.341737 -6.660655 19.631968 0.143926 -0.648244 49.535267 -0.734112 -6.563554 0.35303 -1.511151 -0.031939 20.222788 3.684307 2.316627 18.78727 5e-06 -5e-06 10.751627 -0.479868 1.397905 0.0 1e-06 -2e-06 3.273807 0.305947 -0.58011 21.486809 11.830368 2.266132 8.162926 1e-06 -1e-06 18.39908 -3.798982 -4.940574 5e-06 -0.0 -1e-06 -5.369339 12.591566 -6.416266 -0.085287 -0.228129 10.65246 0.5427 -1.007316 -8.079561 1.639975 -1.702143 -0.720776 0.0 0.0 2e-06 -7.210973 -6.198008 -21.80212 0.071056 0.075586 45.426254 3.147182 3.041688 -0.73831 -1.436832 0.93373 -4.030429 0.0 0.0 -2e-06 
0.0 0.0 0.0 0.0 -0.0 0.0 6.548904 99.382401 36.663689 3.005917 -8.677858 3.020862 -4.425357 -0.466512 -0.442821 -1.066371 -0.059771 -5.536711 -1.350252 -2.070235 12.518333 -2.286666 4.695823 27.024824 -0.628225 -1.212736 -3.548407 1.349701 -1.805791 4.212973 7.7e-05 -2.2e-05 5e-06 -0.012929 0.046157 -0.0911 0.685414 -3.76635 -10.814937 -0.711636 3.862555 -10.860186 -22.151955 -5.304273 18.899246 -49.635773 -13.202337 22.159224 -0.617436 -40.459496 0.591044 2.207191 -0.113547 -12.2122 -5.88211 9.861292 0.70259 -10.936875 -0.360576 7.156204 -1e-06 8.77483 0.0 -16.242895 18.304449 5.9557 -1.844033 2.498506 -2.507278 -10.163604 4.678948 4.621109 -20.97603 -2e-06 2e-06 -21.226295 2.451698 -3.594002 1e-06 -6e-06 0.0 -1.362682 2.2408 -0.746322 -21.334923 0.584911 3.008324 -13.821218 -2e-06 -1e-06 -23.887178 -0.249078 -0.839485 -60.588135 2.719313 -1.193443 -0.294025 1.679687 0.833255 -14.218215 0.093216 1.300578 -34.212055 -0.287562 0.967167 -20.033218 0.964537 1.212842 0.0 -0.0 1e-06 -3.44039 0.788234 0.501655 -15.928192 -3.16731 2.999707 -6.338828 -1e-06 -1e-06 -18.123457 3.648185 -4.905674 -4e-06 1e-06 -1e-06 16.892097 10.402798 19.56027 57.061314 16.117302 31.817488 0.543043 45.307312 0.314907 -1.919413 -2.000397 -4.352821 2.243543 -5.25504 -3.18016 14.282896 -0.826595 6.952504 -2e-06 -12.69061 -3e-06 16.314209 -17.760633 2.403908 1.665667 -1.955924 -2.8783 4.7278 -4.170589 4.993925 11.020529 3e-06 -2e-06 12.109057 -3.735718 -2.866791 1e-06 0.0 1e-06 1.291986 -1.92855 -1.498092 14.800132 0.567467 3.865608 14.242579 -1.341736 -6.660661 19.631973 0.143928 -0.648248 49.505951 -0.764061 -6.593305 0.353029 -1.51115 -0.031941 20.222797 3.684311 2.316628 18.787279 6e-06 -4e-06 10.751631 -0.479869 1.397907 0.0 1e-06 -1e-06 3.273808 0.305947 -0.580112 21.48682 11.830379 2.266131 8.16293 3e-06 -3e-06 18.399088 -3.798984 -4.940576 4e-06 1e-06 -0.0 -5.156225 12.780833 -4.552887 -0.084235 -0.20129 9.758976 0.723285 -1.784371 -9.124776 1.644688 -1.719673 -0.696913 -0.0 -0.0 2e-06 -6.248434 -5.598198 -23.680246 0.05377 0.089378 38.702209 3.47528 2.268965 -1.124009 -1.435005 0.969695 -4.152562 0.0 -0.0 -1e-06 
0.0 0.0 0.0 0.0 -0.0 0.0 6.536832 99.202087 38.959778 2.933162 -8.175432 3.260887 -4.240964 -0.456617 -0.545815 -1.008774 -0.138625 -5.559983 -1.269172 -2.119645 12.556158 -2.141573 4.610358 26.902971 -0.59283 -1.271737 -3.523324 1.369601 -1.765352 4.388571 7.7e-05 -2.3e-05 5e-06 -0.008883 0.033573 -0.081391 0.688836 -3.781153 -10.800037 -0.707388 3.853437 -10.842894 -22.328136 -5.348075 18.984118 -49.635769 -13.096889 22.894049 -0.529661 -40.142513 0.583534 1.938235 0.083362 -12.232262 -5.882108 9.86129 0.702588 -10.936875 -0.360575 7.156209 -0.0 8.77483 0.0 -16.343491 18.353315 5.899355 -1.844033 2.498507 -2.507279 -10.163604 4.678948 4.621111 -20.97603 -2e-06 1e-06 -21.226297 2.4517 -3.594003 2e-06 -5e-06 0.0 -1.362682 2.2408 -0.746323 -21.334921 0.58491 3.008322 -13.821218 -1e-06 1e-06 -23.88718 -0.249079 -0.839483 -60.609364 2.757124 -1.177875 -0.294025 1.679687 0.833258 -14.218215 0.093216 1.30058 -34.212055 -0.287563 0.967167 -20.033218 0.964537 1.212842 1e-06 -1e-06 1e-06 -3.440389 0.788233 0.501654 -15.928191 -3.167311 2.999707 -6.338828 -0.0 1e-06 -18.123453 3.648185 -4.905674 -4e-06 0.0 -1e-06 17.117043 10.416951 19.48148 56.841007 16.147291 32.187004 0.533039 45.277439 0.336702 -1.794868 -1.962003 -3.833113 2.243543 -5.255041 -3.180159 14.282904 -0.826594 6.952508 -4e-06 -12.690616 1e-06 16.288141 -17.734529 2.424703 1.665668 -1.955923 -2.8783 4.727803 -4.17059 4.993927 11.020538 3e-06 -2e-06 12.109062 -3.735717 -2.866787 0.0 1e-06 -0.0 1.291987 -1.92855 -1.49809 14.800139 0.56747 3.865609 14.242585 -1.341734 -6.660661 19.631985 0.143926 -0.648246 49.507076 -0.759626 -6.580083 0.35303 -1.511152 -0.03194 20.222807 3.684313 2.316632 18.787289 7e-06 -1e-06 10.751636 -0.479869 1.397907 0.0 1e-06 -1e-06 3.27381 0.305947 -0.580112 21.486834 11.830384 2.266134 8.162935 1e-06 -1e-06 18.399096 -3.798988 -4.940577 4e-06 0.0 -1e-06 -4.94977 12.970892 -2.687412 -0.083038 -0.172078 8.668034 0.917623 -2.667671 -10.059116 1.650602 -1.757805 -0.795276 0.0 0.0 2e-06 -5.510922 -4.97793 -25.333235 0.074639 0.139549 31.120981 3.552484 1.623853 -0.101528 -1.432786 1.018484 -4.233496 0.0 0.0 -1e-06 
0.0 0.0 0.0 0.0 -0.0 0.0 6.45212 98.993843 41.304848 2.851887 -7.57972 3.611958 -4.000833 -0.431742 -0.701872 -0.945838 -0.233407 -5.601433 -1.159043 -2.19559 12.59531 -1.966879 4.471948 26.774483 -0.569405 -1.232982 -3.506711 1.424048 -1.701122 4.571172 7.7e-05 -2.3e-05 6e-06 -0.014357 0.027323 -0.076392 0.690339 -3.786972 -10.782951 -0.719675 3.846726 -10.81842 -22.42333 -5.420708 19.072565 -49.739868 -13.001756 23.750813 -0.387572 -39.828552 0.571125 1.52941 0.224927 -12.08697 -5.882118 9.8613 0.70259 -10.936886 -0.360573 7.156214 -1e-06 8.774837 -2e-06 -16.47267 18.378941 5.812886 -1.844036 2.498509 -2.507282 -10.163616 4.678953 4.621114 -20.976055 -0.0 -3e-06 -21.22632 2.451702 -3.594011 2e-06 -6e-06 -1e-06 -1.362684 2.240801 -0.746326 -21.334946 0.584913 3.008322 -13.821235 -0.0 -2e-06 -23.887205 -0.249079 -0.839489 -60.642483 2.784816 -1.168111 -0.294026 1.679688 0.833257 -14.218229 0.093217 1.300578 -34.212105 -0.287564 0.967163 -20.033243 0.964537 1.212842 0.0 -1e-06 1e-06 -3.440394 0.788235 0.501655 -15.928209 -3.167313 2.99971 -6.338834 1e-06 -1e-06 -18.123476 3.648189 -4.905682 -4e-06 1e-06 0.0 17.357243 10.415111 19.34 56.718864 16.175486 32.617786 0.442428 44.950447 0.307495 -1.588771 -1.913408 -3.366939 2.243546 -5.255043 -3.180161 14.282905 -0.826599 6.952504 1e-06 -12.690619 -1e-06 16.270763 -17.692728 2.450866 1.665669 -1.955925 -2.878302 4.727804 -4.170594 4.993927 11.02054 0.0 -4e-06 12.109069 -3.735723 -2.866792 0.0 1e-06 1e-06 1.291988 -1.928551 -1.498091 14.800142 0.567465 3.865607 14.24259 -1.341742 -6.660668 19.631989 0.143924 -0.64825 49.546291 -0.706324 -6.535333 0.35303 -1.511153 -0.031939 20.222815 3.68431 2.316627 18.787294 5e-06 -9e-06 10.751637 -0.479868 1.397904 -0.0 -1e-06 0.0 3.273811 0.305947 -0.580111 21.486834 11.830385 2.266132 8.162937 1e-06 -4e-06 18.399107 -3.798989 -4.940589 3e-06 0.0 -1e-06 -4.641912 13.201186 -1.258893 -0.075674 -0.148469 8.274611 1.036021 -3.659368 -11.000058 1.653832 -1.804379 -0.999957 0.0 -0.0 2e-06 -4.949173 -4.382746 -26.564777 0.115788 0.164903 22.734417 3.809061 1.346621 2.075962 -1.42823 1.068173 -4.250622 0.0 0.0 -1e-06 
0.0 0.0 0.0 0.0 -0.0 0.0 6.25646 98.734505 43.750427 2.775717 -6.84679 4.038146 -3.737241 -0.364105 -0.897136 -0.882454 -0.374112 -5.68375 -0.981764 -2.297875 12.64381 -1.712426 4.252346 26.673592 -0.561155 -1.063877 -3.503961 1.533928 -1.668378 4.828162 7.7e-05 -2.3e-05 6e-06 -0.036507 0.041547 -0.074985 0.681077 -3.76453 -10.761548 -0.754344 3.852438 -10.785705 -22.435198 -5.521804 19.089487 -49.923534 -12.835991 24.764074 -0.219879 -39.639782 0.533148 1.074564 0.317149 -11.814204 -5.88211 9.861291 0.70259 -10.936877 -0.360573 7.156209 0.0 8.77483 -1e-06 -16.604452 18.390543 5.738373 -1.844035 2.498505 -2.507279 -10.163604 4.678948 4.621112 -20.976034 -3e-06 -0.0 -21.226299 2.451697 -3.594003 2e-06 -6e-06 -1e-06 -1.362682 2.240798 -0.746323 -21.334925 0.584908 3.008323 -13.82122 -2e-06 0.0 -23.887182 -0.24908 -0.839483 -60.711891 2.811341 -1.249755 -0.294025 1.679688 0.833257 -14.218215 0.093215 1.300579 -34.212067 -0.287566 0.967166 -20.033222 0.964535 1.212842 0.0 -0.0 1e-06 -3.44039 0.788234 0.501655 -15.928192 -3.16731 2.999707 -6.338829 -0.0 0.0 -18.123455 3.648185 -4.905674 -4e-06 1e-06 -1e-06 17.629646 10.367221 19.187235 56.663822 16.202 32.885273 0.388954 44.454205 0.296283 -1.246276 -1.8756 -2.845867 2.243541 -5.255038 -3.180159 14.282889 -0.826593 6.952505 -3e-06 -12.690607 1e-06 16.278872 -17.668648 2.468522 1.665667 -1.955922 -2.8783 4.7278 -4.170588 4.993926 11.020528 2e-06 -0.0 12.109053 -3.735718 -2.866783 0.0 1e-06 -0.0 1.291985 -1.928548 -1.498088 14.800131 0.567468 3.865608 14.242573 -1.341736 -6.660657 19.631968 0.143926 -0.648245 49.63414 -0.613039 -6.493482 0.353028 -1.511151 -0.03194 20.222794 3.68431 2.316632 18.787273 5e-06 1e-06 10.751629 -0.479868 1.397907 1e-06 -2e-06 -0.0 3.273807 0.305948 -0.580111 21.486813 11.830376 2.266134 8.16293 3e-06 -0.0 18.39908 -3.798985 -4.940574 4e-06 0.0 -2e-06 -4.199659 13.623317 -0.050999 -0.057558 -0.152726 8.292307 1.036103 -4.919113 -11.994328 1.655095 -1.829513 -1.387777 0.0 0.0 2e-06 -4.557006 -3.930481 -27.378069 0.164173 0.101183 14.079022 4.791575 1.609272 4.499763 -1.41249 1.118943 -4.326984 -0.0 -0.0 -1e-06 
0.0 0.0 0.0 0.0 -0.0 0.0 5.931408 98.411507 46.323483 2.631943 -5.917962 4.521583 -3.389794 -0.262197 -1.144338 -0.815759 -0.558373 -5.819254 -0.739202 -2.396476 12.703916 -1.298818 3.955712 26.660696 -0.545888 -0.897706 -3.499677 1.661776 -1.69569 5.233741 7.7e-05 -2.2e-05 8e-06 -0.063211 0.072727 -0.076472 0.6643 -3.726464 -10.75856 -0.791254 3.878115 -10.776318 -22.491285 -5.666155 18.993498 -49.972382 -12.572331 25.987553 -0.027298 -39.589165 0.406416 0.699301 0.335025 -11.423663 -5.882112 9.861293 0.702588 -10.936878 -0.360574 7.15621 -1e-06 8.774831 -2e-06 -16.690334 18.382221 5.719124 -1.844035 2.498507 -2.507279 -10.163608 4.678949 4.621109 -20.976038 1e-06 -1e-06 -21.226301 2.451698 -3.594009 2e-06 -6e-06 0.0 -1.362684 2.240801 -0.746323 -21.334929 0.584912 3.008321 -13.821222 1e-06 -1e-06 -23.887188 -0.249079 -0.83949 -60.818192 2.810466 -1.407931 -0.294026 1.679688 0.833257 -14.218219 0.093218 1.30058 -34.212074 -0.287562 0.967162 -20.03323 0.964535 1.21284 0.0 1e-06 1e-06 -3.440391 0.788235 0.501656 -15.928196 -3.167309 2.999706 -6.33883 1e-06 0.0 -18.123459 3.648185 -4.905678 -4e-06 1e-06 -1e-06 18.033823 10.22663 19.066128 56.528217 16.148109 32.65551 0.473474 44.086739 0.354763 -0.914101 -1.825507 -2.423806 2.243543 -5.25504 -3.18016 14.282892 -0.826597 6.952502 2e-06 -12.690603 -1e-06 16.25967 -17.679701 2.495016 1.665666 -1.955923 -2.8783 4.727799 -4.170588 4.993924 11.020528 -0.0 -3e-06 12.109055 -3.735718 -2.866786 0.0 1e-06 -0.0 1.291985 -1.92855 -1.498089 14.800129 0.567466 3.865608 14.242576 -1.341739 -6.660663 19.631969 0.143922 -0.648249 49.733677 -0.558327 -6.470741 0.353028 -1.511151 -0.03194 20.222788 3.684304 2.316631 18.78727 1e-06 -2e-06 10.751629 -0.47987 1.397906 1e-06 -1e-06 -0.0 3.273806 0.305946 -0.580111 21.486811 11.830369 2.266134 8.162928 -1e-06 -2e-06 18.399088 -3.798988 -4.94058 4e-06 1e-06 -0.0 -3.442677 14.153329 1.194013 -0.049526 -0.223038 8.507713 0.936242 -6.475856 -13.043229 1.662138 -1.789041 -1.937228 -0.0 0.0 2e-06 -4.163747 -3.699027 -28.019857 0.163565 -0.052119 6.552242 6.595746 1.433447 5.198053 -1.374572 1.169394 -4.391503 -0.0 -0.0 -1e-06 
0.0 0.0 0.0 0.0 -0.0 0.0 5.469297 98.04174 49.001072 2.378711 -4.817902 4.959117 -2.919871 -0.181016 -1.40049 -0.734155 -0.738886 -5.948093 -0.451417 -2.498597 12.737084 -0.816697 3.582314 26.774437 -0.47359 -0.743728 -3.504051 1.721823 -1.650731 5.670581 7.7e-05 -2.3e-05 7e-06 -0.079376 0.099022 -0.084223 0.647943 -3.700702 -10.77861 -0.807922 3.906604 -10.791936 -22.597176 -5.811071 18.866051 -49.897602 -12.321482 26.953821 -0.033202 -39.607708 0.327415 0.40124 0.257297 -10.876853 -5.882108 9.861286 0.702591 -10.936875 -0.360576 7.156206 1e-06 8.774826 0.0 -16.707619 18.382551 5.735717 -1.844033 2.498504 -2.507278 -10.163602 4.678945 4.621109 -20.976028 -5e-06 3e-06 -21.226292 2.451695 -3.594001 2e-06 -7e-06 -1e-06 -1.362681 2.240798 -0.746324 -21.334917 0.58491 3.008322 -13.821215 -3e-06 1e-06 -23.887173 -0.24908 -0.839481 -60.90979 2.796856 -1.491631 -0.294025 1.679689 0.833255 -14.218214 0.093214 1.300581 -34.212059 -0.287565 0.967172 -20.033218 0.964536 1.212843 0.0 -0.0 1e-06 -3.440389 0.788234 0.501656 -15.928191 -3.16731 2.999706 -6.338828 0.0 1e-06 -18.123451 3.648183 -4.905673 -5e-06 1e-06 0.0 18.493605 10.074202 19.049047 56.305676 16.041481 31.909927 0.594306 44.070908 0.485493 -0.748938 -1.831435 -2.460355 2.243544 -5.255039 -3.18016 14.2829 -0.826594 6.952505 -5e-06 -12.690614 2e-06 16.187086 -17.64082 2.515023 1.665667 -1.955924 -2.8783 4.727801 -4.170589 4.993928 11.020535 4e-06 -3e-06 12.109061 -3.735717 -2.866786 0.0 1e-06 1e-06 1.291986 -1.928551 -1.49809 14.800139 0.56747 3.865608 14.242584 -1.341733 -6.660664 19.631979 0.143928 -0.648247 49.70932 -0.586252 -6.473212 0.35303 -1.51115 -0.03194 20.222803 3.684315 2.316629 18.787287 8e-06 -3e-06 10.751636 -0.479866 1.397906 1e-06 -1e-06 -0.0 3.273808 0.305948 -0.580113 21.48683 11.830386 2.26613 8.162933 2e-06 -2e-06 18.399096 -3.798986 -4.94058 4e-06 1e-06 -1e-06 -2.375693 14.570838 2.432623 -0.05896 -0.357439 8.929409 0.749345 -8.145944 -14.064194 1.680275 -1.726855 -2.689142 -0.0 -0.0 2e-06 -3.619037 -3.701477 -28.839993 0.083736 -0.179784 1.878508 8.355283 0.437566 3.833134 -1.336277 1.176206 -4.50164 -0.0 0.0 -1e-06 
0.0 0.0 0.0 0.0 -0.0 0.0 4.899751 97.646675 51.761925 2.203273 -3.462885 5.196255 -2.408901 -0.197519 -1.555949 -0.633496 -0.919822 -6.021556 -0.208904 -2.622093 12.766413 -0.268951 3.112767 26.948767 -0.429089 -0.468334 -3.490258 1.585642 -1.503461 5.699953 7.7e-05 -2.2e-05 6e-06 -0.064676 0.088294 -0.086446 0.663044 -3.707903 -10.769367 -0.794631 3.893148 -10.774617 -22.592367 -5.931357 18.782368 -49.884102 -12.18592 27.553459 -0.213602 -39.618198 0.449048 0.171207 -0.046704 -10.471875 -5.882111 9.861292 0.702592 -10.936881 -0.360575 7.15621 1e-06 8.774831 0.0 -16.622742 18.384357 5.760946 -1.844034 2.498505 -2.507279 -10.163609 4.678948 4.621111 -20.976044 -4e-06 1e-06 -21.226303 2.451698 -3.594003 1e-06 -7e-06 -1e-06 -1.362683 2.240799 -0.746324 -21.33493 0.58491 3.008327 -13.821224 -1e-06 3e-06 -23.887188 -0.249078 -0.839483 -61.017208 2.780726 -1.54299 -0.294026 1.679688 0.833257 -14.218219 0.093215 1.300581 -34.212082 -0.287564 0.967173 -20.03323 0.964537 1.212845 0.0 1e-06 0.0 -3.440391 0.788232 0.501656 -15.9282 -3.167312 2.999709 -6.338831 -1e-06 1e-06 -18.123461 3.648184 -4.905674 -5e-06 1e-06 -1e-06 18.780748 9.87602 19.167063 56.119503 16.098791 30.928343 0.768527 44.453373 0.664716 -0.78979 -1.977257 -2.808063 2.243542 -5.255038 -3.180159 14.282898 -0.826594 6.952507 -4e-06 -12.690615 0.0 16.142174 -17.54549 2.494812 1.665668 -1.955923 -2.8783 4.727801 -4.17059 4.993927 11.020534 4e-06 -2e-06 12.109057 -3.735718 -2.866784 0.0 1e-06 -0.0 1.291986 -1.92855 -1.49809 14.800136 0.567469 3.86561 14.242579 -1.341734 -6.660659 19.631981 0.143928 -0.648244 49.561523 -0.729993 -6.550437 0.353029 -1.511152 -0.031942 20.222801 3.684316 2.316631 18.787283 8e-06 -0.0 10.751633 -0.479867 1.397904 2e-06 -2e-06 -0.0 3.273809 0.305948 -0.580111 21.486828 11.830386 2.266135 8.16293 1e-06 1e-06 18.399092 -3.798988 -4.940577 3e-06 1e-06 -1e-06 -1.177931 14.641344 3.92567 -0.028318 -0.469929 9.348837 0.405787 -9.906333 -14.68698 1.726502 -1.673777 -3.389467 0.0 -0.0 2e-06 -3.082112 -4.093762 -29.889547 -0.022315 -0.201557 1.084473 9.023058 -0.608094 1.793841 -1.310703 1.164795 -4.707654 -0.0 -0.0 -1e-06 
0.0 0.0 0.0 0.0 -0.0 0.0 4.272851 97.320305 54.581093 2.151821 -1.933334 5.255512 -1.940236 -0.158492 -1.671138 -0.541768 -1.130245 -6.064848 0.031634 -2.71224 12.872323 0.260058 2.589672 27.139679 -0.416032 -0.268964 -3.494084 1.52889 -1.307204 5.754321 7.7e-05 -2.2e-05 7e-06 -0.059134 0.080984 -0.07871 0.669343 -3.717187 -10.772305 -0.789453 3.88771 -10.76531 -22.600735 -6.072982 18.912096 -49.796261 -12.337491 27.978216 -0.403248 -39.540165 0.529812 -0.015401 -0.293471 -10.149472 -5.882107 9.861287 0.702589 -10.936873 -0.360575 7.156205 0.0 8.774826 -0.0 -16.567869 18.405928 5.808834 -1.844033 2.498507 -2.507278 -10.163602 4.678947 4.621111 -20.97603 -4e-06 0.0 -21.226295 2.451699 -3.594002 2e-06 -7e-06 0.0 -1.362681 2.2408 -0.746324 -21.334921 0.58491 3.008325 -13.821217 -2e-06 1e-06 -23.887175 -0.249079 -0.839484 -61.005985 2.790448 -1.469356 -0.294025 1.679688 0.833255 -14.218212 0.093215 1.30058 -34.212051 -0.287564 0.967167 -20.033215 0.964536 1.212842 0.0 -0.0 0.0 -3.440389 0.788233 0.501652 -15.928189 -3.16731 2.999707 -6.338829 -0.0 1e-06 -18.123455 3.648183 -4.905675 -4e-06 1e-06 -2e-06 18.964092 9.609327 19.197653 55.804047 16.194139 30.288177 0.834802 45.137642 0.748394 -0.757441 -2.086651 -2.872293 2.243543 -5.255038 -3.18016 14.282894 -0.826596 6.952499 -3e-06 -12.690608 -1e-06 16.112904 -17.474468 2.462557 1.665668 -1.955922 -2.878297 4.727799 -4.17059 4.993926 11.020533 3e-06 -2e-06 12.109056 -3.735718 -2.866786 0.0 1e-06 -0.0 1.291987 -1.92855 -1.498089 14.800131 0.567468 3.865603 14.242577 -1.341737 -6.660661 19.631973 0.143928 -0.648248 49.458996 -0.737298 -6.579785 0.353029 -1.51115 -0.031941 20.222797 3.684311 2.316627 18.787279 8e-06 -5e-06 10.751631 -0.479868 1.397905 1e-06 0.0 -1e-06 3.273808 0.305947 -0.580111 21.486818 11.830378 2.266129 8.162928 1e-06 -3e-06 18.399088 -3.798984 -4.940581 3e-06 1e-06 -2e-06 0.122723 14.594638 5.449935 -0.022154 -0.583266 10.173944 -0.127084 -11.674028 -14.410905 1.749359 -1.677166 -5.096811 -0.0 0.0 2e-06 -2.94117 -4.312221 -30.306944 -0.022612 -0.134204 2.60262 7.770477 -0.941323 1.134549 -1.329907 1.162719 -5.13607 0.0 -0.0 -2e-06 
0.0 0.0 0.0 0.0 -0.0 0.0 3.573072 97.164787 57.404663 1.844982 -0.236551 5.355414 -1.186817 -0.063116 -1.88229 -0.419238 -1.285652 -6.140778 0.284879 -2.843649 13.074665 0.841793 2.000547 27.32019 -0.496148 -0.022265 -3.519748 1.502121 -1.167757 5.957479 7.7e-05 -2.3e-05 6e-06 -0.058153 0.074701 -0.067992 0.671536 -3.721436 -10.776444 -0.789103 3.880131 -10.763911 -22.911079 -6.304234 18.975681 -49.386448 -12.429137 28.398294 -0.462055 -39.277687 0.487214 -0.313166 -0.527749 -9.832246 -5.882109 9.86129 0.70259 -10.936875 -0.360575 7.156206 -0.0 8.774826 -2e-06 -16.489676 18.451727 5.896607 -1.844034 2.498505 -2.507279 -10.163604 4.678946 4.621107 -20.976034 -3e-06 -1e-06 -21.226299 2.451695 -3.594002 2e-06 -7e-06 -1e-06 -1.362681 2.240798 -0.746325 -21.334925 0.584909 3.00832 -13.82122 -3e-06 0.0 -23.887182 -0.249081 -0.839485 -60.929291 2.744977 -1.339423 -0.294026 1.679688 0.833257 -14.218215 0.093216 1.300578 -34.212063 -0.287566 0.967166 -20.033218 0.964536 1.212843 1e-06 1e-06 0.0 -3.440389 0.788233 0.501656 -15.928192 -3.16731 2.999705 -6.338829 -1e-06 -0.0 -18.123457 3.648184 -4.905673 -4e-06 1e-06 -2e-06 19.431976 9.334847 19.164789 54.991871 16.167971 29.850666 0.820117 45.989597 0.715009 -0.559517 -2.223933 -2.383474 2.243543 -5.25504 -3.18016 14.282902 -0.826595 6.952507 -5e-06 -12.69061 2e-06 16.047056 -17.443123 2.442805 1.665667 -1.955923 -2.878301 4.727802 -4.17059 4.993928 11.020536 5e-06 -1e-06 12.109062 -3.735715 -2.866787 0.0 1e-06 0.0 1.291986 -1.928551 -1.498092 14.80014 0.56747 3.86561 14.242582 -1.341736 -6.660665 19.631979 0.143927 -0.648243 49.403461 -0.724732 -6.566478 0.353028 -1.511152 -0.031941 20.222811 3.684313 2.316633 18.787289 7e-06 2e-06 10.751637 -0.479868 1.397907 1e-06 -2e-06 1e-06 3.27381 0.305946 -0.580112 21.486832 11.830384 2.266132 8.162935 1e-06 -1e-06 18.399099 -3.798985 -4.940577 2e-06 1e-06 -0.0 1.863979 14.338497 6.399773 -0.043344 -0.661106 12.054718 -0.727794 -13.432764 -13.063192 1.780758 -1.709104 -7.873676 0.0 0.0 2e-06 -2.67625 -4.213617 -30.289062 -0.005294 -0.108962 5.168269 5.339086 -1.006803 2.153256 -1.363186 1.16463 -5.619037 0.0 0.0 -2e-06 
0.0 0.0 0.0 0.0 -0.0 0.0 2.809285 97.144562 60.294724 0.991831 1.448549 5.560731 -0.011386 0.003937 -2.191689 -0.249701 -1.275416 -6.274388 0.736763 -3.139567 13.310742 1.270837 1.514753 27.409611 -0.59694 0.379668 -3.577043 1.529156 -1.092975 6.297432 7.7e-05 -2.3e-05 6e-06 -0.069611 0.071085 -0.077269 0.655782 -3.715636 -10.788957 -0.794628 3.867712 -10.775325 -23.498028 -6.539594 18.843626 -48.858387 -12.335404 28.998785 -0.265339 -38.88063 0.311351 -0.597633 -0.555906 -9.31211 -5.882111 9.861295 0.70259 -10.936876 -0.360573 7.156207 -0.0 8.774833 -1e-06 -16.523085 18.468397 5.907102 -1.844034 2.498507 -2.507281 -10.163606 4.67895 4.62111 -20.976036 -1e-06 -3e-06 -21.226303 2.451698 -3.594009 1e-06 -7e-06 0.0 -1.362682 2.240801 -0.746326 -21.334929 0.584911 3.00832 -13.821221 -0.0 -3e-06 -23.887184 -0.24908 -0.839488 -61.019791 2.629595 -1.289407 -0.294024 1.679688 0.833257 -14.218216 0.093218 1.30058 -34.212067 -0.287563 0.967162 -20.033228 0.964537 1.212839 -1e-06 -0.0 -2e-06 -3.440391 0.788235 0.501656 -15.928192 -3.16731 2.999705 -6.338829 0.0 -1e-06 -18.123457 3.648187 -4.90568 -4e-06 1e-06 -1e-06 20.050732 9.205256 19.068115 53.805336 15.925139 29.526857 0.732951 46.887383 0.641446 -0.25928 -2.264769 -1.545075 2.243545 -5.255041 -3.180159 14.282899 -0.826596 6.952502 -2e-06 -12.690611 -2e-06 15.971683 -17.505873 2.430953 1.665668 -1.955924 -2.878302 4.727802 -4.17059 4.993925 11.020535 2e-06 -4e-06 12.109061 -3.735717 -2.866789 0.0 1e-06 -1e-06 1.291987 -1.928552 -1.49809 14.800139 0.567468 3.865606 14.242584 -1.341738 -6.660665 19.631979 0.143927 -0.648249 49.387543 -0.727353 -6.546707 0.35303 -1.511151 -0.031939 20.222803 3.68431 2.316625 18.787287 3e-06 -6e-06 10.751636 -0.479867 1.397904 1e-06 -2e-06 0.0 3.273809 0.305947 -0.580113 21.486828 11.830381 2.266129 8.162933 1e-06 -1e-06 18.399092 -3.798985 -4.940582 2e-06 0.0 -1e-06 4.287449 13.91939 6.956221 -0.08543 -0.701338 14.493386 -1.346972 -15.11748 -10.614084 1.828698 -1.727909 -11.549829 0.0 0.0 2e-06 -1.715992 -4.144601 -30.081219 -0.016546 -0.173264 7.694509 3.389555 -1.369268 5.914568 -1.387683 1.134953 -5.765059 -0.0 0.0 -1e-06 
0.0 0.0 0.0 0.0 -0.0 0.0 2.046099 97.179306 63.352173 -0.172637 2.956497 5.684895 1.302074 -0.048121 -2.348089 -0.084411 -1.136382 -6.365057 1.529274 -3.542656 13.291511 1.479504 1.380689 27.518009 -0.531543 0.447948 -3.675861 1.495517 -0.816236 6.21736 7.7e-05 -2.3e-05 7e-06 -0.089701 0.069554 -0.125491 0.617242 -3.704106 -10.816241 -0.791674 3.85416 -10.822344 -23.710487 -6.534554 18.652342 -49.08923 -12.383556 29.582771 0.029244 -38.309479 0.188078 -0.647259 -0.391238 -9.010459 -5.88211 9.861292 0.70259 -10.93688 -0.360576 7.156209 1e-06 8.774831 -1e-06 -16.55512 18.375452 5.898906 -1.844034 2.498507 -2.507277 -10.163608 4.678947 4.62111 -20.97604 -6e-06 2e-06 -21.226303 2.451696 -3.594001 2e-06 -6e-06 -0.0 -1.362683 2.240799 -0.746322 -21.33493 0.584907 3.008324 -13.821225 -4e-06 2e-06 -23.887192 -0.249081 -0.839481 -61.115009 2.566964 -1.373867 -0.294025 1.679689 0.833256 -14.218222 0.093213 1.300581 -34.212078 -0.287569 0.967172 -20.033232 0.964532 1.212846 -1e-06 -0.0 -1e-06 -3.440391 0.788233 0.501655 -15.928201 -3.167314 2.999709 -6.338831 -1e-06 -0.0 -18.123463 3.648184 -4.905674 -4e-06 1e-06 -1e-06 20.069744 9.365787 18.95779 52.978615 15.670186 29.012772 1.138408 47.604282 1.015189 -0.038899 -2.298843 -0.943757 2.243542 -5.25504 -3.180159 14.2829 -0.826594 6.952505 -5e-06 -12.690614 1e-06 15.924386 -17.622118 2.433207 1.665669 -1.955923 -2.8783 4.727801 -4.17059 4.993926 11.020536 5e-06 -3e-06 12.10906 -3.735717 -2.866787 0.0 2e-06 0.0 1.291987 -1.92855 -1.49809 14.800139 0.567469 3.865607 14.242584 -1.341735 -6.660661 19.631985 0.143928 -0.648244 49.382458 -0.69268 -6.5611 0.35303 -1.511151 -0.031939 20.222803 3.684316 2.316628 18.787287 8e-06 -2e-06 10.751636 -0.479867 1.397907 1e-06 -0.0 -1e-06 3.273811 0.305949 -0.58011 21.486832 11.830386 2.26613 8.162933 2e-06 -2e-06 18.399096 -3.798987 -4.940579 2e-06 -0.0 -1e-06 6.949096 13.375137 6.311455 -0.11438 -0.747982 18.770927 -1.624611 -16.834202 -7.667046 1.938293 -1.684662 -16.792355 0.0 -0.0 2e-06 -0.190829 -4.483756 -29.952156 -0.081766 -0.196496 10.747411 3.26693 -1.819223 9.675034 -1.369738 1.084526 -5.110126 -0.0 -0.0 -1e-06 
0.0 0.0 0.0 0.0 -0.0 0.0 1.270526 97.435547 66.393234 -1.059586 4.046547 5.662096 2.283731 -0.069522 -2.297293 0.165872 -1.194911 -6.320687 2.233567 -3.673143 13.145221 1.655937 1.174922 27.709995 -0.50567 0.654708 -3.729929 1.446097 -0.441583 5.583702 7.7e-05 -2.3e-05 7e-06 -0.090715 0.071474 -0.129999 0.618058 -3.697023 -10.817978 -0.792475 3.851068 -10.822906 -22.968676 -6.639934 18.490772 -50.419453 -12.551587 29.706266 0.295101 -37.956173 0.049939 -0.474569 -0.119468 -8.399508 -5.882113 9.861295 0.702588 -10.936881 -0.360575 7.156207 0.0 8.774833 -2e-06 -16.634136 18.202337 5.831055 -1.844036 2.498507 -2.50728 -10.163611 4.67895 4.621107 -20.976049 -3e-06 -4e-06 -21.226318 2.451696 -3.594008 2e-06 -5e-06 -0.0 -1.362684 2.2408 -0.746324 -21.334938 0.584911 3.008319 -13.821227 -1e-06 -2e-06 -23.887192 -0.249082 -0.839488 -61.051716 2.525881 -1.399517 -0.294025 1.679688 0.833256 -14.218225 0.093216 1.30058 -34.21209 -0.287567 0.967165 -20.033232 0.964534 1.212841 0.0 1e-06 -1e-06 -3.440392 0.788234 0.501657 -15.928203 -3.167313 2.999706 -6.338833 -2e-06 -2e-06 -18.12347 3.648185 -4.905679 -4e-06 1e-06 -1e-06 19.390406 9.809409 18.842487 52.84565 15.605474 28.866522 1.186762 47.890179 1.082175 0.3649 -2.299603 -0.884756 2.243544 -5.255044 -3.180161 14.282907 -0.826594 6.952507 -3e-06 -12.690619 1e-06 15.941315 -17.710867 2.403569 1.665668 -1.955924 -2.878303 4.727804 -4.170593 4.993928 11.020542 3e-06 -3e-06 12.109066 -3.73572 -2.866789 0.0 2e-06 -1e-06 1.291987 -1.928553 -1.498092 14.800148 0.56747 3.865609 14.24259 -1.341737 -6.660666 19.631992 0.143927 -0.648247 49.359436 -0.72157 -6.577005 0.353029 -1.511152 -0.031941 20.222815 3.684314 2.31663 18.787296 4e-06 -4e-06 10.751641 -0.47987 1.397905 0.0 -1e-06 -1e-06 3.273812 0.305948 -0.580111 21.486837 11.830388 2.266133 8.162937 0.0 -1e-06 18.399107 -3.79899 -4.940584 2e-06 -0.0 -1e-06 9.039663 12.713156 4.400774 -0.169832 -0.823694 24.740459 -1.913684 -17.575806 -3.443093 2.043863 -1.675564 -21.570946 0.0 0.0 2e-06 1.404999 -5.621304 -29.946299 -0.074185 -0.193112 14.990192 3.294127 -1.701395 8.043818 -1.368682 1.024825 -4.18992 0.0 0.0 -1e-06 
0.0 0.0 0.0 0.0 -0.0 0.0 0.57952 97.881363 69.345146 -1.57045 4.973458 5.4161 3.049754 -0.049119 -2.009549 0.365747 -1.298439 -6.20449 2.571983 -3.717469 12.919209 2.001929 1.026286 27.998262 -0.433362 0.672168 -3.799712 1.66331 -0.269709 4.929047 7.7e-05 -2.3e-05 8e-06 -0.087798 0.06671 -0.136236 0.612193 -3.689549 -10.80213 -0.779433 3.836665 -10.811573 -21.685011 -6.766896 18.521233 -51.963551 -13.027248 29.902824 0.461679 -37.962292 -0.088549 -0.476088 0.226308 -8.19613 -5.882107 9.861286 0.70259 -10.936877 -0.360576 7.156206 1e-06 8.774826 2e-06 -16.572281 18.299801 5.756633 -1.844033 2.498504 -2.507279 -10.163604 4.678946 4.621109 -20.976032 -6e-06 -1e-06 -21.226295 2.451694 -3.594001 2e-06 -5e-06 0.0 -1.362682 2.240798 -0.746323 -21.334925 0.584908 3.008321 -13.82122 -4e-06 1e-06 -23.88718 -0.249082 -0.839483 -60.782707 2.520101 -1.521716 -0.294025 1.679688 0.833256 -14.218215 0.093213 1.300579 -34.212059 -0.287567 0.967171 -20.033222 0.964535 1.212845 -1e-06 1e-06 -1e-06 -3.44039 0.788233 0.501656 -15.928192 -3.167312 2.999706 -6.338828 -1e-06 0.0 -18.123453 3.648182 -4.905673 -2e-06 2e-06 -1e-06 18.524027 10.336783 18.519709 53.199974 15.550782 28.695551 1.180185 47.466957 1.04862 0.940715 -2.224842 -0.764175 2.243543 -5.255037 -3.180159 14.282891 -0.826596 6.952501 -2e-06 -12.690605 2e-06 16.123287 -17.929512 2.39533 1.665667 -1.955923 -2.8783 4.727797 -4.170589 4.993924 11.020528 4e-06 -1e-06 12.109053 -3.735717 -2.866785 1e-06 1e-06 0.0 1.291986 -1.928549 -1.498088 14.800129 0.567468 3.865607 14.242576 -1.341735 -6.660659 19.631968 0.143927 -0.648245 49.546009 -0.78022 -6.588415 0.353029 -1.511151 -0.031941 20.222788 3.684309 2.316628 18.78727 4e-06 -3e-06 10.751628 -0.479869 1.397906 -1e-06 -1e-06 -1e-06 3.273806 0.305946 -0.580111 21.486814 11.830377 2.266132 8.162928 1e-06 -2e-06 18.399084 -3.798985 -4.940577 3e-06 1e-06 0.0 10.482991 11.747944 1.371678 -0.221263 -0.832151 32.30135 -2.787412 -18.086784 2.574115 2.145066 -1.660092 -23.732294 -0.0 0.0 3e-06 2.628643 -7.393946 -28.351694 0.059892 -0.283695 16.390537 3.032829 -0.569963 6.338576 -1.376612 1.038695 -2.886302 -0.0 0.0 -1e-06 
0.0 0.0 0.0 0.0 -0.0 0.0 -0.06305 98.338524 72.275955 -1.990897 5.686366 4.953217 3.705557 -0.022332 -1.708734 0.470004 -1.299912 -6.042182 2.850244 -3.7014 12.771537 2.298937 0.704638 28.071106 -0.292759 0.729235 -3.795791 1.6607 -0.092847 4.453963 7.7e-05 -2.2e-05 8e-06 -0.09224 0.079539 -0.117667 0.616384 -3.668041 -10.775599 -0.790908 3.838311 -10.77625 -20.614935 -6.847361 18.376791 -52.998116 -13.418174 30.300011 0.513695 -38.55344 -0.165782 -0.705175 0.304091 -7.403459 -5.882112 9.861292 0.702588 -10.936879 -0.360573 7.15621 -1e-06 8.774828 -1e-06 -16.492304 18.267881 5.781034 -1.844034 2.498506 -2.507279 -10.163605 4.678948 4.621112 -20.976038 -1e-06 0.0 -21.226303 2.451699 -3.594004 1e-06 -5e-06 -0.0 -1.362683 2.2408 -0.746324 -21.334929 0.584914 3.008323 -13.821223 1e-06 -0.0 -23.887184 -0.249078 -0.839488 -60.728382 2.539309 -1.596151 -0.294025 1.679689 0.833256 -14.218217 0.093217 1.30058 -34.21207 -0.28756 0.967166 -20.033226 0.964538 1.212841 0.0 1e-06 0.0 -3.440392 0.788234 0.501657 -15.9282 -3.167308 2.999708 -6.33883 0.0 -1e-06 -18.123463 3.648186 -4.905677 -2e-06 2e-06 -1e-06 18.055092 10.773046 18.432161 53.131329 15.57042 28.428768 1.258026 46.90052 1.143001 1.344004 -2.388101 -1.020933 2.243543 -5.255037 -3.180159 14.282896 -0.826597 6.9525 -3e-06 -12.690605 1e-06 16.265772 -18.023346 2.387105 1.665667 -1.955922 -2.878299 4.727801 -4.170589 4.993925 11.020531 4e-06 -2e-06 12.109058 -3.735716 -2.866786 1e-06 0.0 0.0 1.291987 -1.928551 -1.498088 14.800132 0.567468 3.865605 14.242577 -1.341736 -6.660662 19.631973 0.143928 -0.648246 49.620186 -0.833917 -6.635506 0.353028 -1.511151 -0.031939 20.222799 3.68431 2.316628 18.787279 6e-06 -3e-06 10.751633 -0.479867 1.397904 0.0 -2e-06 -1e-06 3.273808 0.305948 -0.580113 21.48682 11.830377 2.266128 8.16293 1e-06 -2e-06 18.39909 -3.798982 -4.940577 3e-06 1e-06 -1e-06 11.693198 10.823969 -2.27515 -0.243135 -0.850247 40.654297 -4.29109 -18.091993 8.762139 2.056867 -1.620648 -20.427774 -0.0 0.0 2e-06 3.58217 -8.791088 -26.017931 0.119495 -0.280407 16.711889 2.841367 0.142324 4.038014 -1.386283 1.047914 -2.394859 -0.0 0.0 -1e-06 
0.0 0.0 0.0 0.0 -0.0 0.0 -0.636107 98.69059 75.140724 -2.356856 6.017124 4.329543 4.25463 0.053174 -1.41248 0.498106 -1.242713 -5.91723 3.140282 -3.615135 12.733413 2.416099 0.441989 28.102341 -0.19869 0.808036 -3.785873 1.716492 -0.095886 4.100287 7.7e-05 -2.2e-05 7e-06 -0.090817 0.074113 -0.104832 0.627786 -3.667134 -10.75176 -0.799976 3.824136 -10.741003 -20.166145 -6.720027 18.231306 -53.28463 -13.840383 30.432058 0.408282 -39.476242 -0.197241 -0.691282 0.313236 -6.57475 -5.882108 9.861285 0.702591 -10.93687 -0.360571 7.156207 -2e-06 8.774824 0.0 -16.413612 18.273874 5.878585 -1.844032 2.498504 -2.50728 -10.163599 4.678946 4.621107 -20.976021 1e-06 -0.0 -21.226286 2.4517 -3.594002 2e-06 -6e-06 -1e-06 -1.362682 2.240798 -0.746325 -21.334911 0.584915 3.008323 -13.821213 2e-06 0.0 -23.887167 -0.249076 -0.839487 -60.767422 2.580414 -1.592224 -0.294025 1.679687 0.833255 -14.218207 0.093218 1.30058 -34.212048 -0.287557 0.967166 -20.033209 0.964537 1.212841 0.0 1e-06 -0.0 -3.440389 0.788234 0.501656 -15.928185 -3.167306 2.999707 -6.338825 -0.0 0.0 -18.123444 3.648186 -4.905674 -3e-06 2e-06 -1e-06 17.960926 11.110714 18.519201 52.680019 15.632007 28.168013 1.105681 46.119255 1.044682 1.558937 -2.544469 -1.429784 2.243541 -5.255036 -3.180157 14.282887 -0.826596 6.9525 -1e-06 -12.6906 1e-06 16.314253 -18.058914 2.398517 1.665665 -1.955919 -2.878299 4.727798 -4.170586 4.993924 11.020524 2e-06 0.0 12.10905 -3.735716 -2.866784 1e-06 0.0 1e-06 1.291985 -1.928547 -1.498088 14.800125 0.567468 3.865609 14.242569 -1.341737 -6.660656 19.631962 0.143926 -0.648244 49.69239 -0.829535 -6.624857 0.35303 -1.511151 -0.031938 20.222786 3.684307 2.316629 18.78727 2e-06 -2e-06 10.751625 -0.479869 1.397906 0.0 -2e-06 1e-06 3.273808 0.305947 -0.58011 21.486809 11.830368 2.266136 8.162926 -1e-06 -1e-06 18.399076 -3.798985 -4.940573 2e-06 0.0 -2e-06 12.442303 9.845008 -5.753895 -0.199851 -0.852304 48.407574 -5.803008 -16.959314 11.766028 1.822693 -1.711739 -11.794191 0.0 -0.0 0.0 4.335624 -9.796883 -23.470291 0.098882 -0.254734 16.801922 2.947942 0.805067 1.944554 -1.396148 1.044088 -2.293265 0.0 -0.0 -1e-06 
0.0 0.0 0.0 0.0 -0.0 0.0 -1.135838 98.946907 77.992859 -2.495008 5.87387 3.677991 4.600822 0.159445 -1.203277 0.492402 -1.135739 -5.804696 3.304509 -3.466633 12.736478 2.367381 0.404155 28.174166 -0.122814 0.789929 -3.746615 1.781425 -0.108387 3.773154 7.7e-05 -2.2e-05 6e-06 -0.079573 0.05138 -0.097329 0.639273 -3.69334 -10.742606 -0.790995 3.803947 -10.726035 -20.156918 -6.37615 18.084526 -53.220554 -14.228664 30.024326 0.190114 -40.316231 -0.157988 -0.205573 0.126726 -6.291438 -5.882104 9.861283 0.702588 -10.936868 -0.360576 7.156207 1e-06 8.774823 -1e-06 -16.321041 18.316427 5.972227 -1.844032 2.498504 -2.507277 -10.163597 4.678943 4.621107 -20.976017 -3e-06 1e-06 -21.226282 2.451696 -3.593999 2e-06 -5e-06 -1e-06 -1.362681 2.240798 -0.746325 -21.334909 0.584908 3.008321 -13.821209 -2e-06 1e-06 -23.887165 -0.24908 -0.839481 -60.752155 2.665418 -1.644416 -0.294025 1.679687 0.833257 -14.218205 0.093214 1.300581 -34.212048 -0.287562 0.967172 -20.033209 0.964535 1.212846 1e-06 -0.0 0.0 -3.440388 0.788232 0.501655 -15.928183 -3.167308 2.999706 -6.338824 -2e-06 -1e-06 -18.123444 3.648182 -4.90567 -4e-06 1e-06 -1e-06 18.137045 11.33808 18.760212 52.138229 15.793051 27.677013 0.927848 45.01363 0.851023 1.430358 -2.660612 -2.065554 2.243541 -5.255037 -3.18016 14.282896 -0.826595 6.952506 -2e-06 -12.690607 1e-06 16.28068 -17.975054 2.462636 1.665666 -1.955922 -2.8783 4.7278 -4.17059 4.993926 11.020531 3e-06 1e-06 12.109056 -3.735715 -2.866786 1e-06 -0.0 0.0 1.291985 -1.92855 -1.498091 14.800134 0.567466 3.865609 14.242577 -1.341737 -6.660661 19.631973 0.143923 -0.648245 49.679688 -0.84214 -6.568498 0.353029 -1.51115 -0.031941 20.222797 3.68431 2.316633 18.787279 3e-06 0.0 10.751633 -0.479871 1.397906 0.0 -2e-06 -1e-06 3.273807 0.305947 -0.580112 21.48682 11.830377 2.266134 8.16293 -0.0 -1e-06 18.39909 -3.798988 -4.940574 2e-06 0.0 -1e-06 12.480838 9.419127 -8.598802 -0.198649 -0.837761 54.266335 -5.119512 -14.467011 9.652043 1.737606 -1.800243 -7.181811 0.0 -0.0 1e-06 4.734809 -10.547673 -20.944786 0.049005 -0.245876 16.975111 3.190155 1.638745 -0.098829 -1.397054 1.040397 -2.441634 -0.0 -0.0 -1e-06 
0.0 0.0 0.0 0.0 -0.0 0.0 -1.57818 99.146889 80.890938 -2.343504 5.374973 3.198794 4.71573 0.250431 -1.116259 0.448944 -1.002579 -5.720999 3.295691 -3.280472 12.710428 2.283682 0.516579 28.227276 -0.131158 0.768042 -3.694142 1.839318 -0.192324 3.61784 7.7e-05 -2.2e-05 6e-06 -0.071445 0.034666 -0.09567 0.638926 -3.718482 -10.739321 -0.776761 3.796143 -10.723742 -20.230007 -5.937362 17.915409 -53.196697 -14.510718 29.176394 -0.089608 -40.941685 -0.032516 0.634986 -0.138407 -6.516444 -5.882106 9.861289 0.702589 -10.936873 -0.360577 7.156208 2e-06 8.77483 -0.0 -16.202606 18.368805 6.039165 -1.844033 2.498503 -2.507279 -10.163601 4.678943 4.621109 -20.976028 -8e-06 4e-06 -21.226292 2.451693 -3.593998 1e-06 -6e-06 -2e-06 -1.362682 2.240798 -0.746322 -21.334921 0.584904 3.008323 -13.821218 -6e-06 1e-06 -23.887178 -0.249084 -0.83948 -60.656998 2.727162 -1.687066 -0.294024 1.679688 0.833257 -14.218212 0.093211 1.300581 -34.212048 -0.287571 0.967175 -20.033218 0.964533 1.212848 0.0 1e-06 -0.0 -3.440389 0.788232 0.501656 -15.928192 -3.167316 2.999707 -6.338828 -3e-06 2e-06 -18.123447 3.64818 -4.905669 -4e-06 1e-06 -2e-06 18.379101 11.47175 19.018671 51.903179 15.987951 26.819576 0.931105 43.640102 0.768547 1.011404 -2.763959 -2.787737 2.243545 -5.25504 -3.180159 14.282898 -0.826595 6.952503 -4e-06 -12.690612 2e-06 16.246046 -17.857967 2.518108 1.665668 -1.955923 -2.878299 4.7278 -4.170589 4.993927 11.020534 3e-06 -3e-06 12.109059 -3.735715 -2.866788 0.0 -0.0 -1e-06 1.291987 -1.928549 -1.498089 14.800136 0.56747 3.865605 14.242582 -1.341735 -6.660665 19.631979 0.143929 -0.648248 49.664131 -0.8369 -6.557945 0.353029 -1.511152 -0.03194 20.222803 3.684314 2.316627 18.787287 7e-06 -3e-06 10.751634 -0.479867 1.397906 -1e-06 -1e-06 -1e-06 3.273809 0.305948 -0.580111 21.486828 11.830385 2.266129 8.16293 2e-06 -2e-06 18.399092 -3.798983 -4.940579 2e-06 -0.0 -1e-06 11.777564 9.858977 -11.145496 -0.239494 -0.723856 57.57687 -3.371323 -11.285221 5.484294 1.763951 -1.834697 -6.087044 -0.0 -0.0 2e-06 4.707944 -11.017201 -18.568581 0.031471 -0.264842 17.187069 3.37734 2.568017 -2.116418 -1.393205 1.030427 -2.565423 0.0 -0.0 -1e-06 
0.0 0.0 0.0 0.0 -0.0 0.0 -1.977316 99.289146 83.804878 -2.104365 4.699656 2.920669 4.734753 0.31859 -1.084701 0.405867 -0.865577 -5.670093 3.173658 -3.114953 12.610899 2.156488 0.689168 28.209093 -0.185094 0.805219 -3.659048 1.918679 -0.333611 3.569595 7.7e-05 -2.2e-05 6e-06 -0.074952 0.042061 -0.099841 0.628325 -3.71913 -10.734044 -0.774939 3.81184 -10.720009 -20.197495 -5.594146 17.700911 -53.341625 -14.651538 28.442587 -0.229295 -41.454136 0.048564 1.396792 -0.303125 -6.806977 -5.88211 9.86129 0.702591 -10.936878 -0.360576 7.156207 2e-06 8.77483 1e-06 -16.110489 18.441763 6.091895 -1.844033 2.498504 -2.507281 -10.163606 4.678946 4.621111 -20.976038 -7e-06 3e-06 -21.226299 2.451694 -3.594 1e-06 -6e-06 -1e-06 -1.362682 2.240798 -0.746323 -21.334927 0.584906 3.008322 -13.821221 -5e-06 -0.0 -23.887184 -0.249083 -0.839482 -60.571274 2.75447 -1.725308 -0.294025 1.679689 0.833255 -14.218218 0.093213 1.300578 -34.212074 -0.287571 0.967171 -20.033228 0.964534 1.212845 0.0 1e-06 0.0 -3.44039 0.788231 0.501657 -15.928196 -3.167314 2.999704 -6.33883 -2e-06 0.0 -18.123459 3.64818 -4.905671 -3e-06 1e-06 -1e-06 18.444616 11.583916 19.154701 52.119774 16.073486 26.096775 1.002558 42.42794 0.748127 0.669489 -2.894997 -3.601485 2.243542 -5.255037 -3.18016 14.282898 -0.826593 6.952505 -3e-06 -12.690608 2e-06 16.238649 -17.78133 2.531258 1.665666 -1.955922 -2.878299 4.727801 -4.170588 4.993929 11.020531 4e-06 -1e-06 12.109056 -3.735716 -2.866785 0.0 0.0 -1e-06 1.291987 -1.92855 -1.498088 14.800138 0.56747 3.865609 14.242579 -1.341735 -6.660658 19.631973 0.143926 -0.648243 49.645782 -0.819046 -6.605503 0.353029 -1.511152 -0.03194 20.222801 3.684314 2.316633 18.787283 6e-06 1e-06 10.751633 -0.479868 1.397908 1e-06 -1e-06 -1e-06 3.273808 0.305946 -0.580111 21.486824 11.830382 2.266134 8.16293 1e-06 -1e-06 18.399092 -3.798984 -4.940575 3e-06 -1e-06 -1e-06 10.571334 10.896916 -13.694781 -0.25788 -0.555138 58.383366 -2.07123 -8.320185 1.505913 1.778347 -1.823092 -5.857065 -0.0 -0.0 -1e-06 4.499761 -11.204153 -16.309795 0.047142 -0.27635 17.238699 3.402977 3.385473 -4.034293 -1.38994 1.029944 -2.609305 0.0 -0.0 -1e-06 
0.0 0.0 0.0 0.0 -0.0 0.0 -2.338172 99.352249 86.666122 -1.92731 3.928409 2.809409 4.750883 0.373867 -1.042772 0.376159 -0.737007 -5.638179 2.985533 -2.997841 12.440492 1.978982 0.910198 28.043978 -0.237361 0.803403 -3.645437 1.986443 -0.46724 3.525242 7.7e-05 -2.2e-05 6e-06 -0.080864 0.059293 -0.107385 0.623626 -3.707781 -10.724314 -0.783001 3.834404 -10.713626 -20.110165 -5.417281 17.458233 -53.498089 -14.691443 28.120245 -0.260619 -41.887054 0.101706 1.908912 -0.379708 -7.033028 -5.882113 9.861295 0.702592 -10.936881 -0.360574 7.156212 -1e-06 8.774831 -0.0 -16.042557 18.480709 6.127192 -1.844036 2.498505 -2.507279 -10.163607 4.678949 4.621112 -20.97604 -2e-06 -2e-06 -21.226307 2.451697 -3.594006 2e-06 -5e-06 0.0 -1.362683 2.2408 -0.746324 -21.33493 0.584912 3.008321 -13.821227 -2e-06 -1e-06 -23.887192 -0.249081 -0.839487 -60.518456 2.740302 -1.747525 -0.294025 1.679687 0.833258 -14.218221 0.093217 1.300579 -34.212078 -0.287566 0.967164 -20.033232 0.964533 1.212842 1e-06 -0.0 0.0 -3.440391 0.788234 0.501656 -15.928201 -3.167311 2.999707 -6.338832 1e-06 -1e-06 -18.123466 3.648185 -4.905677 -2e-06 2e-06 -1e-06 18.371626 11.709317 19.180393 52.543484 16.032598 25.90204 1.032074 41.661144 0.745579 0.795952 -2.960983 -4.331565 2.243544 -5.255039 -3.180159 14.282896 -0.826595 6.952501 -3e-06 -12.690611 1e-06 16.248877 -17.755589 2.523985 1.665668 -1.955921 -2.878299 4.7278 -4.170588 4.993925 11.02053 3e-06 -3e-06 12.109058 -3.735716 -2.866789 0.0 1e-06 -1e-06 1.291986 -1.92855 -1.498091 14.800134 0.567468 3.865605 14.242579 -1.341735 -6.660664 19.631975 0.143929 -0.648251 49.6605 -0.811597 -6.647079 0.353029 -1.511151 -0.03194 20.222799 3.684311 2.316625 18.787283 6e-06 -4e-06 10.751632 -0.479868 1.397904 1e-06 -2e-06 -1e-06 3.273808 0.305949 -0.580113 21.48682 11.830383 2.266129 8.16293 1e-06 -3e-06 18.399088 -3.798984 -4.94058 2e-06 -0.0 -1e-06 9.127352 12.307721 -16.31625 -0.235499 -0.370393 56.971298 -1.888572 -6.655499 -1.635308 1.759279 -1.789243 -5.787038 0.0 -0.0 3e-06 4.315223 -11.120719 -14.172153 0.078047 -0.283407 17.126219 3.304867 3.998909 -5.846498 -1.391748 1.028927 -2.610896 0.0 -0.0 -1e-06 
0.0 0.0 0.0 0.0 -0.0 0.0 -2.665219 99.337097 89.434486 -1.8285 3.118021 2.843248 4.756135 0.402073 -0.981641 0.35891 -0.612002 -5.614696 2.7529 -2.934883 12.257575 1.760019 1.16955 27.683529 -0.294368 0.677248 -3.651147 2.036885 -0.608791 3.44594 7.7e-05 -2.2e-05 6e-06 -0.080578 0.068466 -0.114436 0.629514 -3.702315 -10.707945 -0.789038 3.845637 -10.700429 -20.058344 -5.408 17.238628 -53.525394 -14.754747 28.321922 -0.190932 -42.187782 0.119298 2.032915 -0.351395 -7.191948 -5.882113 9.861299 0.702591 -10.936881 -0.360576 7.156209 2e-06 8.774837 1e-06 -16.011776 18.486465 6.15072 -1.844035 2.498507 -2.507281 -10.16361 4.67895 4.621111 -20.976048 -6e-06 -1e-06 -21.226315 2.451696 -3.594008 1e-06 -5e-06 -2e-06 -1.362683 2.240802 -0.746324 -21.334938 0.584906 3.008321 -13.821228 -3e-06 -2e-06 -23.887197 -0.249084 -0.839486 -60.556767 2.710419 -1.739072 -0.294024 1.679688 0.833257 -14.218224 0.093214 1.300578 -34.212086 -0.287573 0.967164 -20.033236 0.964533 1.212842 -0.0 1e-06 0.0 -3.440392 0.788234 0.501656 -15.928203 -3.167315 2.999704 -6.338832 -2e-06 -2e-06 -18.123466 3.648183 -4.905678 -3e-06 1e-06 0.0 18.256424 11.860565 19.169846 52.924706 15.966499 26.35689 0.993186 41.281696 0.728303 1.441183 -2.918552 -5.025137 2.243544 -5.255043 -3.18016 14.282902 -0.826595 6.952503 -2e-06 -12.690616 -1e-06 16.283052 -17.770788 2.502434 1.665669 -1.955923 -2.878302 4.727801 -4.170591 4.993925 11.020536 3e-06 -2e-06 12.109061 -3.735719 -2.866787 0.0 1e-06 -0.0 1.291987 -1.928552 -1.498089 14.800139 0.567469 3.865607 14.242585 -1.341736 -6.660663 19.631985 0.143929 -0.648246 49.701012 -0.795834 -6.665884 0.353029 -1.511153 -0.03194 20.222805 3.684313 2.316628 18.787292 8e-06 -5e-06 10.751637 -0.479867 1.397905 0.0 -2e-06 -0.0 3.27381 0.305946 -0.580113 21.486832 11.830387 2.266132 8.162935 1e-06 -3e-06 18.399099 -3.798988 -4.940584 3e-06 1e-06 -0.0 7.466669 13.95519 -19.0156 -0.175996 -0.186282 53.473328 -2.577332 -6.319169 -3.894179 1.736718 -1.76044 -5.760582 0.0 -0.0 2e-06 4.164694 -10.916996 -12.255235 0.108896 -0.288492 16.893621 3.147776 4.520548 -7.485323 -1.399865 1.014442 -2.579625 0.0 -0.0 -1e-06 
0.0 0.0 0.0 0.0 -0.0 0.0 -2.961298 99.241425 92.110489 -1.794523 2.35094 2.982529 4.710892 0.361657 -0.905991 0.349718 -0.483117 -5.600404 2.522143 -2.908904 12.133169 1.548778 1.398465 27.218891 -0.378344 0.479825 -3.681571 2.057364 -0.787258 3.37412 7.7e-05 -2.2e-05 6e-06 -0.077698 0.071205 -0.117912 0.63281 -3.704178 -10.700089 -0.786869 3.850625 -10.692867 -20.123142 -5.519538 17.119867 -53.370331 -14.934794 28.890533 -0.067179 -42.352783 0.114648 1.872228 -0.228628 -7.264356 -5.882111 9.861295 0.70259 -10.936883 -0.360577 7.156212 2e-06 8.774837 -1e-06 -16.024509 18.468981 6.162259 -1.844035 2.498508 -2.507282 -10.163611 4.678948 4.621112 -20.976048 -8e-06 0.0 -21.226309 2.451694 -3.594004 1e-06 -5e-06 -1e-06 -1.362683 2.2408 -0.746325 -21.334938 0.584908 3.008323 -13.821227 -3e-06 3e-06 -23.887196 -0.249083 -0.839484 -60.656124 2.669999 -1.665632 -0.294026 1.67969 0.833258 -14.218225 0.093214 1.30058 -34.212086 -0.287571 0.967172 -20.033237 0.964536 1.212847 1e-06 0.0 -1e-06 -3.440392 0.788234 0.501658 -15.928203 -3.167315 2.99971 -6.338833 -3e-06 -1e-06 -18.123465 3.648183 -4.905674 -3e-06 1e-06 0.0 18.189281 12.027964 19.20763 53.08725 15.998269 27.257822 0.935845 41.0868 0.703414 2.306847 -2.812001 -5.514014 2.243544 -5.255044 -3.180163 14.282907 -0.826595 6.952507 -2e-06 -12.690619 1e-06 16.335222 -17.813845 2.491351 1.665668 -1.955923 -2.878302 4.727804 -4.170593 4.993928 11.02054 3e-06 -3e-06 12.109066 -3.735722 -2.866787 -0.0 1e-06 -0.0 1.291986 -1.928551 -1.498091 14.800144 0.567468 3.865611 14.24259 -1.341736 -6.660665 19.63199 0.143927 -0.648248 49.734837 -0.764611 -6.637432 0.35303 -1.511153 -0.03194 20.222816 3.684315 2.316628 18.787296 5e-06 -4e-06 10.751641 -0.479867 1.397908 1e-06 -2e-06 -0.0 3.27381 0.305944 -0.580111 21.486837 11.830392 2.266132 8.162937 1e-06 -3e-06 18.399101 -3.798989 -4.940586 3e-06 2e-06 -2e-06 5.620632 15.57565 -21.658772 -0.082686 -0.009202 48.262608 -3.69214 -6.63563 -4.909638 1.734678 -1.763681 -5.799518 0.0 1e-06 4e-06 4.05585 -10.756531 -10.502792 0.133822 -0.275171 16.63982 2.933656 5.094909 -9.065059 -1.409801 0.988348 -2.475487 0.0 -0.0 -1e-06 
0.0 0.0 0.0 0.0 -0.0 0.0 -3.217512 99.097565 94.722237 -1.793553 1.610119 3.220096 4.590156 0.27248 -0.841388 0.327588 -0.360852 -5.589574 2.338933 -2.887383 12.057006 1.34216 1.588199 26.777277 -0.490234 0.261395 -3.710753 2.041398 -1.041699 3.360102 7.7e-05 -2.2e-05 7e-06 -0.071608 0.070633 -0.116177 0.63499 -3.710114 -10.704638 -0.777037 3.853393 -10.699381 -20.324495 -5.651845 17.070251 -53.087608 -15.208372 29.586119 0.037494 -42.431343 0.127778 1.61219 -0.113814 -7.352752 -5.882109 9.861288 0.702592 -10.936877 -0.360575 7.156208 -0.0 8.774828 -0.0 -16.035381 18.429518 6.148725 -1.844034 2.498506 -2.507279 -10.163605 4.678948 4.62111 -20.976032 -2e-06 4e-06 -21.226295 2.451698 -3.593999 1e-06 -4e-06 -3e-06 -1.362682 2.240798 -0.746325 -21.334925 0.58491 3.008323 -13.821221 -1e-06 3e-06 -23.887182 -0.249079 -0.839481 -60.669853 2.632372 -1.559445 -0.294026 1.679688 0.833256 -14.218216 0.093215 1.300583 -34.212067 -0.287564 0.967174 -20.033226 0.964537 1.212845 -0.0 1e-06 0.0 -3.44039 0.788233 0.501657 -15.928192 -3.167311 2.999709 -6.338828 -1e-06 1e-06 -18.123453 3.648184 -4.905669 -3e-06 1e-06 -1e-06 18.1833 12.201244 19.260593 53.052929 16.097204 28.370583 0.911462 40.909286 0.724839 3.022927 -2.67302 -5.760483 2.243539 -5.255037 -3.180155 14.282885 -0.826591 6.9525 -5e-06 -12.690605 -0.0 16.379585 -17.8617 2.49276 1.665665 -1.955921 -2.878297 4.727796 -4.170586 4.993927 11.020521 5e-06 -1e-06 12.109044 -3.735712 -2.866783 1e-06 0.0 -0.0 1.291985 -1.92855 -1.498088 14.800122 0.56747 3.865607 14.242564 -1.341735 -6.660657 19.631958 0.143931 -0.648243 49.722534 -0.723122 -6.588244 0.353029 -1.511151 -0.031939 20.222786 3.684313 2.316629 18.787266 8e-06 3e-06 10.751624 -0.479869 1.397907 1e-06 -1e-06 -0.0 3.273806 0.305947 -0.58011 21.486809 11.830383 2.266132 8.162925 2e-06 1e-06 18.399076 -3.798983 -4.940576 3e-06 0.0 -2e-06 3.617517 16.976746 -24.169708 0.022063 0.153793 41.761982 -4.891416 -6.735029 -4.524367 1.738175 -1.794941 -5.8784 0.0 -1e-06 2e-06 3.957843 -10.670352 -8.794421 0.134327 -0.223199 16.21139 2.711249 5.747435 -10.524032 -1.417393 0.961948 -2.314448 -0.0 -0.0 -1e-06 
0.0 0.0 0.0 0.0 -0.0 0.0 -3.423403 98.920357 97.328606 -1.796643 0.836877 3.531267 4.377518 0.163976 -0.813425 0.274157 -0.283418 -5.593723 2.215257 -2.791342 12.035517 1.106324 1.756023 26.468792 -0.558006 0.036266 -3.700887 1.988244 -1.334602 3.427427 7.7e-05 -2.3e-05 6e-06 -0.060708 0.068005 -0.104931 0.642995 -3.718666 -10.71969 -0.763657 3.855814 -10.71747 -20.615461 -5.774287 17.054052 -52.786503 -15.509285 30.083595 0.067341 -42.393681 0.15585 1.343146 -0.009789 -7.332444 -5.882107 9.861288 0.70259 -10.936875 -0.360577 7.156206 2e-06 8.774829 -2e-06 -16.012695 18.369486 6.14483 -1.844032 2.498504 -2.507279 -10.163603 4.678944 4.621107 -20.97603 -7e-06 2e-06 -21.226292 2.451694 -3.594003 0.0 -7e-06 -1e-06 -1.362682 2.240799 -0.746325 -21.334923 0.584905 3.008321 -13.821218 -5e-06 1e-06 -23.88718 -0.249083 -0.839481 -60.64497 2.61533 -1.452896 -0.294025 1.679688 0.833257 -14.218214 0.093213 1.300581 -34.212067 -0.28757 0.967169 -20.033222 0.964534 1.212845 0.0 1e-06 0.0 -3.440389 0.788233 0.501656 -15.928192 -3.167315 2.999706 -6.338827 -2e-06 0.0 -18.123453 3.64818 -4.905674 -4e-06 1e-06 -1e-06 18.221018 12.346792 19.266939 52.94767 16.240721 29.593592 0.867729 40.561794 0.771321 3.458943 -2.512193 -5.724778 2.243542 -5.25504 -3.18016 14.282901 -0.826595 6.952507 -3e-06 -12.690611 -1e-06 16.399729 -17.916836 2.519853 1.665668 -1.955922 -2.878299 4.727802 -4.170589 4.993929 11.020535 3e-06 0.0 12.109059 -3.735717 -2.866784 1e-06 1e-06 -1e-06 1.291987 -1.928552 -1.49809 14.800139 0.567469 3.865611 14.242582 -1.341738 -6.66066 19.631985 0.143924 -0.648244 49.684097 -0.69712 -6.539802 0.353029 -1.511152 -0.031939 20.222803 3.684314 2.316634 18.787287 4e-06 1e-06 10.751636 -0.479868 1.397909 1e-06 -1e-06 1e-06 3.273808 0.305947 -0.580109 21.48683 11.830382 2.266136 8.162933 1e-06 -1e-06 18.399096 -3.798988 -4.940577 3e-06 1e-06 -2e-06 1.575422 17.964237 -26.407831 0.100951 0.285641 34.507629 -6.207816 -6.449824 -2.920829 1.736606 -1.830601 -5.689861 -0.0 -1e-06 2e-06 3.872788 -10.71923 -6.99086 0.109581 -0.153303 15.517316 2.442507 6.544988 -11.831257 -1.424539 0.937948 -2.146301 -0.0 -0.0 -1e-06 
0.0 0.0 0.0 0.0 -0.0 0.0 -3.550348 98.694298 99.991066 -1.750745 -0.001675 3.862427 4.032977 0.072328 -0.829702 0.199679 -0.249876 -5.623934 2.113523 -2.620782 12.090486 0.850988 1.909374 26.319632 -0.586401 -0.237705 -3.665525 1.915006 -1.602816 3.607687 7.7e-05 -2.2e-05 5e-06 -0.05544 0.07214 -0.089972 0.648439 -3.718887 -10.737485 -0.759255 3.864141 -10.735532 -20.99147 -5.867418 17.065069 -52.475925 -15.793631 30.310976 0.123729 -42.227013 0.109066 1.081975 0.112001 -7.298648 -5.882106 9.861283 0.702592 -10.936872 -0.360574 7.156204 -0.0 8.774823 -0.0 -15.970449 18.313547 6.155411 -1.844033 2.498504 -2.507278 -10.163598 4.678944 4.62111 -20.976021 -2e-06 3e-06 -21.226286 2.451699 -3.594 0.0 -6e-06 -0.0 -1.362682 2.240798 -0.746322 -21.334913 0.584913 3.008324 -13.821213 0.0 3e-06 -23.887167 -0.249076 -0.839485 -60.587543 2.611686 -1.341617 -0.294024 1.679685 0.833257 -14.218207 0.093215 1.30058 -34.212048 -0.28756 0.967171 -20.033209 0.964537 1.212843 1e-06 -1e-06 1e-06 -3.440388 0.788232 0.501655 -15.928185 -3.167308 2.999708 -6.338825 -1e-06 1e-06 -18.123444 3.648183 -4.905669 -4e-06 1e-06 -1e-06 18.304003 12.42677 19.227598 52.842575 16.365335 30.735146 0.804816 40.077148 0.805119 3.681492 -2.37399 -5.425472 2.243541 -5.255036 -3.180158 14.282891 -0.826595 6.952505 -2e-06 -12.690601 -2e-06 16.386438 -17.966156 2.571544 1.665665 -1.955921 -2.878298 4.727798 -4.170586 4.993925 11.020526 4e-06 -1e-06 12.109052 -3.735713 -2.866784 0.0 -1e-06 0.0 1.291986 -1.92855 -1.498088 14.800125 0.567469 3.865606 14.24257 -1.341735 -6.660657 19.631968 0.143926 -0.648245 49.661392 -0.709503 -6.501688 0.353029 -1.511151 -0.031938 20.222788 3.684309 2.316629 18.78727 3e-06 -2e-06 10.751625 -0.479868 1.397906 1e-06 -2e-06 -0.0 3.273805 0.305947 -0.580111 21.486809 11.830371 2.266131 8.162927 1e-06 -1e-06 18.39908 -3.798984 -4.940575 3e-06 1e-06 -2e-06 -0.431048 18.537968 -28.235844 0.124874 0.370694 26.885473 -7.701546 -5.949044 -0.409869 1.736033 -1.869054 -5.197649 -0.0 0.0 2e-06 3.510086 -10.900325 -5.168049 0.078935 -0.095686 14.670886 2.2877 7.531736 -13.080895 -1.431661 0.921262 -1.964497 0.0 -0.0 -1e-06 
0.0 0.0 0.0 0.0 -0.0 0.0 -3.592936 98.415451 102.731468 -1.656892 -0.926868 4.185292 3.56012 0.02339 -0.914953 0.120529 -0.221285 -5.683169 1.989797 -2.458922 12.24668 0.609158 2.083309 26.226976 -0.624134 -0.60324 -3.633667 1.828763 -1.844421 3.819374 7.7e-05 -2.3e-05 7e-06 -0.052784 0.074388 -0.080719 0.657867 -3.720404 -10.760037 -0.764433 3.869932 -10.756426 -21.431746 -5.89355 17.065777 -52.141212 -16.002415 30.184492 0.218701 -41.960159 0.000859 0.899126 0.172831 -7.424122 -5.882107 9.861284 0.702591 -10.93687 -0.360573 7.156204 -2e-06 8.774822 -1e-06 -15.943417 18.277592 6.19207 -1.844031 2.498505 -2.507278 -10.163597 4.678945 4.621109 -20.976019 -1e-06 2e-06 -21.226278 2.4517 -3.594 0.0 -5e-06 -0.0 -1.362682 2.2408 -0.746325 -21.334911 0.584914 3.008323 -13.821211 2e-06 1e-06 -23.887165 -0.249077 -0.839484 -60.562962 2.591751 -1.218135 -0.294025 1.679687 0.833255 -14.218205 0.093219 1.30058 -34.212048 -0.287557 0.967167 -20.033209 0.964538 1.212841 2e-06 -0.0 1e-06 -3.440388 0.788233 0.501655 -15.928183 -3.167306 2.999708 -6.338825 -0.0 1e-06 -18.123444 3.648185 -4.90567 -4e-06 1e-06 -3e-06 18.457615 12.451104 19.220507 52.709721 16.43574 31.700592 0.686649 39.656948 0.755124 3.777239 -2.333565 -5.085735 2.243542 -5.255034 -3.180158 14.282887 -0.826596 6.952503 -1e-06 -12.6906 -1e-06 16.350937 -18.000307 2.644437 1.665666 -1.955922 -2.878297 4.727799 -4.170585 4.993923 11.020524 2e-06 0.0 12.10905 -3.735716 -2.866782 1e-06 0.0 0.0 1.291985 -1.928548 -1.498089 14.800123 0.567468 3.865607 14.242564 -1.341738 -6.660657 19.631958 0.143924 -0.648245 49.702141 -0.769899 -6.448333 0.353029 -1.51115 -0.03194 20.222786 3.684308 2.316632 18.78727 3e-06 -0.0 10.751625 -0.479868 1.397906 0.0 -1e-06 1e-06 3.273806 0.305946 -0.580111 21.486803 11.830365 2.266132 8.162925 -1e-06 -0.0 18.39908 -3.798986 -4.940574 4e-06 1e-06 -2e-06 -2.240887 18.768347 -29.539749 0.071628 0.3698 19.178827 -9.492975 -5.394765 2.630497 1.724048 -1.896565 -4.717405 0.0 0.0 2e-06 3.029596 -11.09429 -3.131637 0.050006 -0.0564 13.608425 2.044866 8.581922 -14.264078 -1.437996 0.91627 -1.81773 0.0 -0.0 -1e-06 
0.0 0.0 0.0 0.0 -0.0 0.0 -3.55998 98.106445 105.58773 -1.536487 -1.970858 4.539601 2.971344 -0.003377 -1.103474 0.040907 -0.161864 -5.776155 1.851065 -2.336851 12.459248 0.347978 2.358133 26.091515 -0.709091 -1.092625 -3.612645 1.759122 -2.170517 3.995309 7.6e-05 -2.2e-05 5e-06 -0.038739 0.053418 -0.079373 0.681501 -3.742485 -10.784901 -0.761214 3.849777 -10.777974 -22.018576 -5.838019 17.058149 -51.635029 -16.080914 29.65728 0.28374 -41.600471 -0.12144 0.884543 0.074498 -7.643112 -5.882109 9.861289 0.702588 -10.936874 -0.360575 7.156204 -1e-06 8.774826 -3e-06 -15.95529 18.265818 6.239589 -1.844033 2.498505 -2.507279 -10.163604 4.678947 4.621108 -20.976028 0.0 1e-06 -21.226297 2.451699 -3.594005 0.0 -5e-06 -0.0 -1.362681 2.240799 -0.746324 -21.334921 0.584911 3.008322 -13.821217 0.0 0.0 -23.887178 -0.249078 -0.839486 -60.600559 2.580415 -1.134562 -0.294026 1.679689 0.833256 -14.21821 0.093216 1.300579 -34.212059 -0.28756 0.967168 -20.033218 0.964539 1.212842 1e-06 -0.0 1e-06 -3.44039 0.788234 0.501658 -15.928189 -3.167309 2.999707 -6.338828 -0.0 0.0 -18.123453 3.648184 -4.905676 -5e-06 1e-06 -1e-06 18.789881 12.411805 19.320417 52.406147 16.438528 32.51115 0.530296 39.420479 0.62405 3.845466 -2.333127 -4.898891 2.243542 -5.255038 -3.180158 14.282894 -0.826596 6.952504 -1e-06 -12.690603 -0.0 16.328287 -18.039862 2.703463 1.665666 -1.955921 -2.8783 4.7278 -4.170588 4.993925 11.020528 2e-06 -1e-06 12.109055 -3.735717 -2.866784 1e-06 0.0 0.0 1.291987 -1.92855 -1.498089 14.800131 0.567466 3.865608 14.242576 -1.341738 -6.66066 19.631969 0.143923 -0.648246 49.851227 -0.849378 -6.406396 0.353029 -1.511149 -0.031939 20.222797 3.684307 2.316628 18.787279 3e-06 -1e-06 10.751631 -0.479868 1.397906 1e-06 -1e-06 -0.0 3.273807 0.305946 -0.580111 21.486816 11.830373 2.266133 8.162929 0.0 -1e-06 18.399088 -3.798985 -4.940577 3e-06 2e-06 -2e-06 -3.629508 18.529476 -30.31638 -0.027216 0.269737 11.96105 -11.250951 -4.653891 5.081838 1.68311 -1.927359 -4.392697 0.0 0.0 3e-06 2.388217 -11.146239 -0.769794 0.030951 -0.055924 11.929322 1.888802 9.665497 -15.181346 -1.442293 0.902839 -1.886358 0.0 0.0 -1e-06 
0.0 0.0 0.0 0.0 -0.0 0.0 -3.465008 97.755066 108.584831 -1.397996 -3.186223 4.881236 2.285691 -0.006324 -1.329923 -0.061634 -0.056925 -5.870582 1.697382 -2.18754 12.672388 0.062776 2.661508 25.890709 -0.837719 -1.606339 -3.600348 1.721656 -2.570019 4.02451 7.7e-05 -2.3e-05 5e-06 -0.014431 0.014203 -0.07721 0.706867 -3.782257 -10.794864 -0.739429 3.811558 -10.780903 -22.708681 -5.766245 17.063538 -50.874081 -16.063076 28.772779 0.17105 -41.214363 -0.136953 1.036195 -0.174679 -7.938289 -5.882108 9.861289 0.702589 -10.936875 -0.360576 7.156205 0.0 8.774827 -1e-06 -15.958718 18.262274 6.264073 -1.844033 2.498506 -2.507277 -10.163603 4.678945 4.62111 -20.976032 -5e-06 3e-06 -21.226295 2.451695 -3.594 0.0 -5e-06 -1e-06 -1.362681 2.240798 -0.746323 -21.334921 0.58491 3.008322 -13.821219 -3e-06 1e-06 -23.887175 -0.249079 -0.839483 -60.602707 2.594831 -1.082237 -0.294024 1.679687 0.833255 -14.218214 0.093214 1.300581 -34.212063 -0.287566 0.967171 -20.033222 0.964534 1.212843 1e-06 -0.0 1e-06 -3.44039 0.788232 0.501656 -15.928192 -3.16731 2.999707 -6.338828 -1e-06 2e-06 -18.123453 3.648183 -4.905674 -5e-06 1e-06 -1e-06 19.290001 12.304359 19.449879 51.979427 16.405262 33.3274 0.387157 39.218044 0.483002 3.971582 -2.223633 -4.688371 2.243542 -5.255037 -3.180158 14.282896 -0.826594 6.952503 -4e-06 -12.690609 -1e-06 16.297768 -18.045858 2.718719 1.665667 -1.955921 -2.8783 4.7278 -4.170588 4.993925 11.020531 4e-06 -1e-06 12.109056 -3.735716 -2.866786 1e-06 0.0 0.0 1.291985 -1.928549 -1.49809 14.800136 0.56747 3.865607 14.24258 -1.341734 -6.660661 19.631975 0.143929 -0.648245 49.935886 -0.857339 -6.402997 0.35303 -1.511152 -0.031942 20.222801 3.684313 2.316628 18.787281 6e-06 -2e-06 10.751634 -0.479866 1.397907 1e-06 -1e-06 -0.0 3.273808 0.305948 -0.580111 21.486828 11.830381 2.266131 8.16293 3e-06 -1e-06 18.399088 -3.798985 -4.940576 3e-06 1e-06 -1e-06 -4.465069 17.962387 -30.909164 -0.092532 0.153334 6.994033 -12.871566 -3.795819 6.083236 1.63152 -1.972076 -4.286068 0.0 0.0 3e-06 1.541952 -10.868363 2.130246 0.020291 -0.07057 9.327137 2.061008 10.725285 -15.659015 -1.445625 0.896606 -2.269638 -0.0 -0.0 -1e-06 
0.0 0.0 0.0 0.0 -0.0 0.0 -3.330058 97.421875 111.675934 -1.24759 -4.576359 5.07992 1.538929 0.017311 -1.451129 -0.203989 0.176421 -5.949228 1.477825 -2.043606 12.856582 -0.265061 2.929596 25.684631 -0.978153 -1.966505 -3.490674 1.691676 -2.947645 3.706854 7.7e-05 -2.3e-05 6e-06 -0.029493 0.029762 -0.055155 0.690576 -3.772094 -10.773196 -0.75349 3.832665 -10.759963 -23.299187 -5.798546 17.06349 -50.003345 -15.973653 27.882107 0.057589 -40.957073 -0.082134 1.177604 -0.38085 -8.301375 -5.882109 9.861288 0.70259 -10.936877 -0.360577 7.156208 2e-06 8.77483 -0.0 -15.955698 18.198637 6.212235 -1.844033 2.498505 -2.50728 -10.163604 4.678945 4.621111 -20.976034 -8e-06 2e-06 -21.226301 2.451695 -3.594002 0.0 -5e-06 -1e-06 -1.362682 2.240798 -0.746323 -21.334925 0.584907 3.008325 -13.821221 -4e-06 2e-06 -23.887184 -0.249083 -0.839482 -60.517212 2.548054 -1.032089 -0.294026 1.679689 0.833256 -14.218216 0.093212 1.30058 -34.21207 -0.287571 0.96717 -20.033228 0.964533 1.212847 2e-06 1e-06 1e-06 -3.440389 0.788234 0.501655 -15.928198 -3.167316 2.999707 -6.338829 -2e-06 2e-06 -18.123455 3.64818 -4.905673 -5e-06 1e-06 -2e-06 19.697695 12.191597 19.608347 51.734909 16.419468 34.285091 0.102653 38.968456 0.296102 4.047511 -2.112777 -4.619597 2.243539 -5.255036 -3.180157 14.282887 -0.826593 6.952503 -4e-06 -12.690603 -0.0 16.21439 -18.020802 2.720276 1.665666 -1.955922 -2.878298 4.727797 -4.170587 4.993925 11.020522 4e-06 0.0 12.109047 -3.735713 -2.866783 1e-06 1e-06 1e-06 1.291984 -1.928548 -1.498089 14.800122 0.56747 3.865608 14.242567 -1.341735 -6.660653 19.63196 0.143928 -0.648241 50.045143 -0.865397 -6.356376 0.353028 -1.511151 -0.031941 20.222786 3.684313 2.316632 18.78727 7e-06 3e-06 10.751625 -0.479868 1.397909 1e-06 -0.0 -0.0 3.273806 0.305947 -0.58011 21.486809 11.830378 2.266135 8.162926 2e-06 -1e-06 18.399076 -3.798985 -4.940571 3e-06 1e-06 -2e-06 -4.72344 17.216356 -31.701694 -0.11911 0.006895 6.041707 -13.624261 -3.133647 5.771946 1.591819 -2.009422 -4.123636 -0.0 -0.0 2e-06 0.581276 -10.284227 3.78442 -0.003504 -0.054268 9.684586 2.064743 11.621801 -15.949795 -1.455057 0.909957 -3.014279 -0.0 -0.0 -1e-06 
0.0 0.0 0.0 0.0 -0.0 0.0 -3.126163 97.190704 114.868057 -0.895144 -6.102602 5.057962 0.564917 0.050296 -1.583306 -0.381614 0.401818 -5.958514 1.191578 -1.9479 13.126055 -0.622381 3.28929 25.59893 -1.112585 -2.219342 -3.492634 1.678856 -3.07177 3.489453 7.7e-05 -2.2e-05 6e-06 -0.013078 0.010219 -0.055702 0.703013 -3.791363 -10.763526 -0.733296 3.813602 -10.763838 -23.704617 -5.775892 17.047152 -49.077827 -15.924173 27.399624 0.039576 -40.874207 -0.022553 1.092086 -0.476131 -8.575099 -5.88211 9.861287 0.702589 -10.936875 -0.360574 7.156203 -1e-06 8.774827 1e-06 -15.99192 18.259195 6.242659 -1.844034 2.498507 -2.507279 -10.163604 4.678947 4.621109 -20.976034 -0.0 1e-06 -21.226295 2.451699 -3.594002 0.0 -6e-06 -0.0 -1.362682 2.2408 -0.746322 -21.334921 0.584913 3.008321 -13.821218 0.0 2e-06 -23.887178 -0.249079 -0.839487 -60.458553 2.51865 -0.93014 -0.294025 1.679688 0.833253 -14.218215 0.093218 1.30058 -34.212063 -0.28756 0.967167 -20.03322 0.964539 1.212842 1e-06 1e-06 1e-06 -3.44039 0.788234 0.501656 -15.928192 -3.167307 2.999706 -6.338829 -0.0 1e-06 -18.123457 3.648185 -4.905675 -5e-06 1e-06 -2e-06 20.038563 12.12983 19.877365 51.651878 16.58737 34.954174 -0.200525 38.524677 0.078683 4.114904 -2.078155 -4.319533 2.243542 -5.255036 -3.18016 14.282887 -0.826596 6.952502 -1e-06 -12.690604 -1e-06 16.112249 -17.936296 2.724131 1.665667 -1.955923 -2.878299 4.727797 -4.170588 4.993924 11.020526 2e-06 -3e-06 12.109052 -3.735717 -2.866786 1e-06 1e-06 1e-06 1.291985 -1.928549 -1.498091 14.800129 0.567467 3.865606 14.242574 -1.341738 -6.660659 19.631968 0.143925 -0.648248 50.037506 -0.760717 -6.31254 0.353029 -1.51115 -0.031939 20.222788 3.684309 2.316628 18.78727 5e-06 -3e-06 10.751626 -0.479867 1.397904 1e-06 -1e-06 -0.0 3.273807 0.305946 -0.580109 21.486809 11.830374 2.266129 8.162928 2e-06 -2e-06 18.39908 -3.798984 -4.940578 4e-06 1e-06 -1e-06 -4.623546 16.271477 -31.841284 -0.091225 -0.045091 8.07317 -12.422953 -3.06937 5.946567 1.630058 -2.020084 -4.130474 -0.0 0.0 2e-06 -0.736221 -9.427184 5.140832 -0.016289 0.09189 11.215256 2.057715 12.380126 -15.46189 -1.468365 0.982742 -4.504425 -0.0 -0.0 -1e-06 
0.0 0.0 0.0 0.0 -0.0 0.0 -2.853979 97.133377 118.137039 -0.098374 -7.772633 4.961847 -0.690948 0.014592 -1.73226 -0.599809 0.627248 -5.997332 0.726265 -1.818017 13.348703 -1.061294 3.818206 25.68973 -1.090573 -2.303398 -3.520689 1.593663 -3.000344 3.525807 7.7e-05 -2.3e-05 6e-06 0.011059 -0.00404 -0.063094 0.721079 -3.798406 -10.737282 -0.702733 3.793213 -10.76068 -23.931179 -5.74552 17.029305 -48.154781 -15.921439 27.314341 0.065334 -40.924786 0.007141 0.714071 -0.560303 -8.970837 -5.88211 9.861292 0.70259 -10.93688 -0.360577 7.156204 1e-06 8.77483 -1e-06 -16.053865 18.35281 6.286439 -1.844033 2.498506 -2.507278 -10.163606 4.678946 4.621107 -20.976038 -4e-06 -1e-06 -21.226301 2.451695 -3.594003 -0.0 -6e-06 1e-06 -1.362683 2.2408 -0.746324 -21.33493 0.584907 3.00832 -13.821224 -4e-06 1e-06 -23.887192 -0.249083 -0.839486 -60.370949 2.539165 -0.859704 -0.294024 1.679687 0.833257 -14.218219 0.093213 1.300577 -34.212078 -0.28757 0.967167 -20.03323 0.964532 1.212844 1e-06 1e-06 2e-06 -3.44039 0.788235 0.501654 -15.928201 -3.167312 2.999706 -6.33883 -0.0 -0.0 -18.123459 3.648182 -4.905675 -5e-06 2e-06 -2e-06 20.375618 12.087559 20.165255 51.690983 16.805605 35.149601 -0.381207 38.007698 -0.016179 3.944483 -2.221034 -3.640758 2.243545 -5.25504 -3.180161 14.282907 -0.826595 6.952507 -3e-06 -12.690616 -0.0 15.96664 -17.827051 2.764657 1.665668 -1.955924 -2.878302 4.727803 -4.170591 4.993928 11.02054 4e-06 -2e-06 12.109065 -3.735719 -2.866787 1e-06 1e-06 0.0 1.291987 -1.928551 -1.498089 14.800146 0.567469 3.865609 14.24259 -1.341735 -6.660665 19.63199 0.14393 -0.648248 50.029144 -0.750828 -6.316324 0.353029 -1.511153 -0.03194 20.222816 3.684316 2.316628 18.787296 8e-06 -2e-06 10.751642 -0.479868 1.397907 2e-06 -1e-06 -0.0 3.27381 0.305947 -0.580114 21.486839 11.830388 2.266131 8.162935 1e-06 -2e-06 18.399103 -3.798983 -4.940584 3e-06 -1e-06 -1e-06 -4.737107 15.134555 -31.51725 -0.07427 -0.013617 11.281299 -8.562191 -3.182076 7.982027 1.725849 -1.987343 -4.03641 -0.0 -0.0 2e-06 -2.736405 -8.699479 5.857162 -0.02796 0.229696 14.17926 2.156569 13.163254 -13.707529 -1.498811 1.032051 -7.5581 0.0 0.0 -1e-06 
0.0 0.0 0.0 0.0 -0.0 0.0 -2.518596 97.172722 121.482155 0.880812 -9.574251 4.741573 -1.948687 0.004791 -1.753854 -0.851974 0.914765 -6.022796 0.135562 -1.642704 13.328867 -1.645362 4.463902 26.026402 -0.964795 -2.186973 -3.526649 1.479638 -2.824432 3.33226 7.7e-05 -2.3e-05 8e-06 0.028994 -0.020875 -0.059867 0.732847 -3.795128 -10.6686 -0.677814 3.75449 -10.69632 -23.552887 -5.804046 17.233282 -47.839638 -16.188684 27.07736 -0.093883 -40.958412 0.148551 0.170445 -0.726702 -9.437261 -5.882106 9.86129 0.702591 -10.936873 -0.360576 7.156205 0.0 8.774828 -2e-06 -16.055771 18.351475 6.285625 -1.844033 2.498504 -2.507279 -10.163601 4.678945 4.621109 -20.976023 -4e-06 1e-06 -21.226288 2.451695 -3.594002 -1e-06 -6e-06 -0.0 -1.362683 2.240799 -0.746324 -21.334917 0.584908 3.008322 -13.821214 -2e-06 1e-06 -23.887171 -0.249081 -0.839481 -60.271393 2.620605 -0.805799 -0.294024 1.679687 0.833255 -14.21821 0.093215 1.30058 -34.212048 -0.287567 0.967168 -20.033215 0.964536 1.212844 1e-06 1e-06 1e-06 -3.440389 0.788233 0.501656 -15.928185 -3.167312 2.999707 -6.338827 -2e-06 -1e-06 -18.123444 3.648183 -4.905674 -5e-06 1e-06 -1e-06 20.075167 11.971988 20.402819 52.416908 17.161287 34.987164 -0.375547 37.648117 0.073027 3.365543 -2.127617 -3.74964 2.243542 -5.255039 -3.180159 14.282898 -0.826595 6.952505 -2e-06 -12.690608 1e-06 15.972958 -17.639366 2.640723 1.665667 -1.955921 -2.878299 4.727801 -4.170588 4.993921 11.020531 2e-06 0.0 12.109056 -3.735717 -2.866784 -1e-06 0.0 0.0 1.291985 -1.928549 -1.49809 14.800136 0.567469 3.865609 14.242579 -1.341737 -6.660656 19.631975 0.143925 -0.648246 49.754478 -0.747059 -6.385834 0.353028 -1.511151 -0.03194 20.222801 3.684309 2.316632 18.787283 3e-06 1e-06 10.751633 -0.479869 1.397906 1e-06 -1e-06 0.0 3.273808 0.305947 -0.580111 21.486824 11.830378 2.266132 8.16293 2e-06 -0.0 18.399092 -3.798985 -4.940577 3e-06 -0.0 -1e-06 -4.959806 13.994578 -30.821573 -0.082717 -0.010029 14.415374 -4.58552 -2.363699 8.964896 1.777251 -1.878131 -3.275814 -0.0 -0.0 2e-06 -5.008655 -7.932507 4.909737 -0.031595 0.328909 19.910837 2.000115 13.94351 -10.641996 -1.552249 1.015834 -13.366432 0.0 0.0 -1e-06 
0.0 0.0 0.0 0.0 -0.0 0.0 -2.108527 97.216156 124.749016 1.756749 -10.973281 4.331246 -2.915648 0.076725 -1.530135 -1.031683 0.954785 -5.938778 -0.501926 -1.447093 13.068767 -2.431062 5.101737 26.311474 -0.915175 -1.813321 -3.576261 1.511091 -2.632569 3.084215 7.7e-05 -2.3e-05 7e-06 -0.007685 0.037145 -0.050913 0.692379 -3.734151 -10.648637 -0.711263 3.807315 -10.700198 -22.681152 -6.068497 17.331816 -48.157017 -16.317665 27.121674 -0.112884 -41.282177 0.087983 -0.020986 -0.738811 -9.906488 -5.882105 9.861283 0.702587 -10.93687 -0.360576 7.156202 1e-06 8.774822 -2e-06 -16.228079 18.311783 6.097553 -1.844032 2.498505 -2.507277 -10.163596 4.678944 4.621105 -20.976017 -5e-06 0.0 -21.226282 2.451692 -3.593999 -0.0 -6e-06 -0.0 -1.362682 2.240797 -0.746323 -21.334911 0.584907 3.008318 -13.821211 -3e-06 1e-06 -23.887167 -0.249086 -0.839483 -60.1633 2.594004 -0.970966 -0.294026 1.679687 0.833256 -14.218207 0.093213 1.300578 -34.212048 -0.28757 0.967169 -20.033209 0.964534 1.212843 2e-06 -1e-06 1e-06 -3.440388 0.788234 0.501653 -15.928183 -3.16731 2.999705 -6.338824 -0.0 1e-06 -18.123444 3.648181 -4.905672 -4e-06 1e-06 -1e-06 18.87706 11.913689 20.338133 53.920959 17.393976 34.616131 -0.386421 37.758831 0.089542 2.853435 -2.099512 -4.171469 2.243541 -5.255035 -3.180157 14.282892 -0.826595 6.952502 -2e-06 -12.6906 -1e-06 16.0516 -17.517784 2.54509 1.665665 -1.95592 -2.8783 4.727798 -4.170587 4.993925 11.020525 3e-06 -2e-06 12.109052 -3.735715 -2.866783 -1e-06 1e-06 1e-06 1.291985 -1.928548 -1.498089 14.800129 0.567468 3.865608 14.242571 -1.341734 -6.660657 19.631968 0.143925 -0.648243 49.712269 -0.754289 -6.425423 0.353029 -1.511149 -0.031939 20.222788 3.684306 2.31663 18.787271 3e-06 1e-06 10.751626 -0.479869 1.397906 2e-06 -1e-06 0.0 3.273807 0.305948 -0.58011 21.486813 11.830368 2.266131 8.162928 1e-06 -0.0 18.399082 -3.798982 -4.940574 2e-06 -1e-06 -1e-06 -5.127112 12.697824 -29.880985 -0.115397 -0.015061 17.909023 -1.913611 -0.802978 6.733668 1.714805 -1.876827 -1.468849 -0.0 0.0 2e-06 -7.264515 -7.524531 2.398595 0.077929 0.369776 27.926819 1.750458 14.454502 -5.280812 -1.59319 0.911268 -19.833614 0.0 0.0 -1e-06 
0.0 0.0 0.0 0.0 -0.0 0.0 -1.655577 97.426262 128.09317 2.543198 -12.139436 3.782166 -3.64627 0.068255 -1.21026 -1.161713 0.948043 -5.792465 -1.077625 -1.260028 12.777093 -3.224825 5.831099 26.459126 -0.857769 -1.633675 -3.584461 1.455293 -2.225019 2.711324 7.7e-05 -2.3e-05 6e-06 -0.02709 0.065481 -0.062176 0.671364 -3.698895 -10.620006 -0.728579 3.827432 -10.676779 -21.896578 -6.259148 17.310104 -48.431858 -16.463223 27.086756 -0.315722 -41.546185 0.27798 -0.11147 -0.79063 -10.313995 -5.88211 9.861292 0.702589 -10.936877 -0.360574 7.156209 -0.0 8.774831 -1e-06 -16.299984 18.36647 5.944841 -1.844034 2.498506 -2.50728 -10.163605 4.67895 4.621108 -20.976038 -2e-06 -2e-06 -21.226301 2.451699 -3.594005 -0.0 -6e-06 -0.0 -1.362683 2.2408 -0.746325 -21.334927 0.584911 3.008322 -13.821222 -0.0 0.0 -23.887184 -0.249081 -0.839487 -60.155464 2.658636 -1.244891 -0.294025 1.679688 0.833257 -14.218218 0.093215 1.30058 -34.21207 -0.287564 0.967166 -20.033228 0.964537 1.212841 2e-06 0.0 1e-06 -3.44039 0.788234 0.501654 -15.928196 -3.167311 2.999706 -6.338829 1e-06 1e-06 -18.123459 3.648185 -4.905676 -4e-06 2e-06 -1e-06 17.613169 11.979975 20.461052 55.227566 17.816521 33.742981 -0.105944 38.115173 0.283447 2.529553 -2.019945 -4.425261 2.243542 -5.255035 -3.180156 14.282887 -0.826595 6.952498 -0.0 -12.6906 1e-06 16.299646 -17.666653 2.446716 1.665666 -1.955922 -2.878297 4.727798 -4.170586 4.993921 11.020524 1e-06 -3e-06 12.109051 -3.735715 -2.866785 -0.0 1e-06 1e-06 1.291986 -1.928549 -1.498089 14.800125 0.567466 3.865604 14.242568 -1.341737 -6.660657 19.631962 0.143926 -0.648247 49.85857 -0.794092 -6.578471 0.353029 -1.51115 -0.03194 20.222786 3.684305 2.316627 18.78727 4e-06 -5e-06 10.751627 -0.47987 1.397903 2e-06 -1e-06 -1e-06 3.273806 0.305945 -0.580112 21.486803 11.830369 2.266129 8.162925 1e-06 -3e-06 18.399076 -3.798983 -4.940578 3e-06 1e-06 -1e-06 -5.72625 12.272409 -28.293783 -0.087873 -0.050148 20.385265 -0.446421 0.132346 2.955357 1.682734 -1.867362 -0.647126 -0.0 -0.0 2e-06 -9.380576 -7.332429 -1.186593 0.17319 0.414874 37.112644 2.236257 14.733762 1.851234 -1.605483 0.816126 -23.680927 -0.0 -0.0 -1e-06 
0.0 0.0 0.0 0.0 -0.0 0.0 -1.220107 97.697197 131.386551 3.088592 -12.979366 3.211816 -4.151488 -0.011678 -0.91429 -1.232499 0.907395 -5.677437 -1.486958 -1.155776 12.621436 -4.013004 6.500221 26.440935 -0.773079 -1.410191 -3.613988 1.386612 -1.897851 2.511552 7.7e-05 -2.3e-05 6e-06 -0.043352 0.096487 -0.074399 0.660283 -3.662202 -10.622162 -0.749956 3.851779 -10.677073 -21.560966 -6.419771 17.369295 -48.252209 -16.635538 27.182375 -0.360379 -41.715 0.375664 -0.172969 -0.855136 -10.826294 -5.882111 9.861291 0.70259 -10.93688 -0.360575 7.156212 1e-06 8.77483 -2e-06 -16.355818 18.332516 5.865858 -1.844035 2.498508 -2.507278 -10.163609 4.678947 4.621112 -20.97604 -3e-06 3e-06 -21.226303 2.451699 -3.594 -0.0 -6e-06 0.0 -1.362683 2.240799 -0.746324 -21.33493 0.584908 3.008325 -13.821225 -1e-06 3e-06 -23.887188 -0.249078 -0.839483 -60.173058 2.726158 -1.391197 -0.294026 1.679689 0.833257 -14.218221 0.093214 1.300581 -34.212078 -0.287563 0.967172 -20.03323 0.964538 1.212844 2e-06 -1e-06 1e-06 -3.440389 0.788234 0.501657 -15.928201 -3.167313 2.99971 -6.338831 -0.0 0.0 -18.123463 3.648182 -4.905673 -5e-06 1e-06 -2e-06 16.805321 12.166983 20.552078 55.885643 18.271793 33.149136 0.040416 38.476116 0.363318 2.452179 -2.071327 -4.471279 2.243544 -5.25504 -3.180157 14.2829 -0.826595 6.952504 -2e-06 -12.690611 -0.0 16.475512 -17.72019 2.37456 1.665667 -1.955923 -2.8783 4.727802 -4.17059 4.993927 11.020535 3e-06 -0.0 12.109059 -3.735717 -2.866784 -1e-06 -0.0 2e-06 1.291986 -1.92855 -1.498091 14.800138 0.56747 3.865608 14.242584 -1.341736 -6.66066 19.631985 0.143928 -0.648245 49.90094 -0.771124 -6.638973 0.35303 -1.511151 -0.031939 20.222803 3.684314 2.316629 18.787287 7e-06 -2e-06 10.751636 -0.479868 1.397907 1e-06 -0.0 -0.0 3.273808 0.305947 -0.58011 21.48683 11.830385 2.266133 8.162933 3e-06 -1e-06 18.399096 -3.798986 -4.94058 4e-06 1e-06 -1e-06 -6.352812 12.448791 -26.060123 -0.07188 -0.026528 21.468529 0.512358 0.443564 -0.011583 1.655904 -1.884633 -0.439199 0.0 0.0 2e-06 -10.91252 -6.902733 -5.292888 0.251543 0.448919 46.183304 3.571346 14.138538 9.370702 -1.505935 0.744311 -20.933384 -0.0 0.0 -3e-06 
0.0 0.0 0.0 0.0 -0.0 0.0 -0.825825 97.953835 134.561844 3.299471 -13.411481 2.683104 -4.436941 -0.157278 -0.679528 -1.262999 0.869255 -5.636428 -1.648484 -1.138631 12.604884 -4.62085 7.005643 26.491859 -0.582232 -1.222682 -3.678113 1.299024 -1.541664 2.458092 7.7e-05 -2.2e-05 6e-06 -0.050417 0.121535 -0.074628 0.66314 -3.633581 -10.640517 -0.767871 3.87452 -10.692838 -21.646746 -6.517029 17.510464 -47.765392 -16.877636 27.401314 -0.230736 -41.458572 0.312048 -0.303888 -0.990009 -11.393583 -5.88211 9.86129 0.702592 -10.936877 -0.360574 7.156212 1e-06 8.774828 -1e-06 -16.327236 18.272966 5.936396 -1.844034 2.498506 -2.507279 -10.163604 4.678947 4.621112 -20.976038 -1e-06 -0.0 -21.226299 2.451698 -3.594003 -0.0 -6e-06 -1e-06 -1.362682 2.240799 -0.746324 -21.334925 0.584909 3.008326 -13.821219 0.0 2e-06 -23.887182 -0.249077 -0.839486 -60.149345 2.686239 -1.371425 -0.294026 1.679688 0.833256 -14.218216 0.093214 1.30058 -34.212067 -0.287564 0.967169 -20.033222 0.964537 1.212842 2e-06 -1e-06 1e-06 -3.44039 0.788233 0.501656 -15.928196 -3.16731 2.999707 -6.338829 1e-06 2e-06 -18.123457 3.648183 -4.905673 -3e-06 0.0 -2e-06 16.55901 12.240198 20.576571 56.033432 18.816208 32.814121 0.070588 38.485439 0.335056 2.253327 -2.247703 -4.333361 2.243542 -5.255037 -3.180159 14.282894 -0.826596 6.952502 -2e-06 -12.690605 0.0 16.465929 -17.664955 2.368138 1.665666 -1.955922 -2.878298 4.727799 -4.170588 4.993925 11.020528 3e-06 -1e-06 12.109055 -3.735716 -2.866788 -0.0 -0.0 1e-06 1.291986 -1.928549 -1.498089 14.800132 0.567466 3.865609 14.242576 -1.341737 -6.660659 19.631973 0.143926 -0.648247 49.862843 -0.764369 -6.582547 0.353029 -1.511151 -0.031939 20.222794 3.684309 2.316629 18.787275 4e-06 -4e-06 10.751631 -0.47987 1.397906 1e-06 -0.0 -1e-06 3.273808 0.305947 -0.580108 21.486818 11.830376 2.266131 8.162929 1e-06 -1e-06 18.399088 -3.798987 -4.940576 4e-06 -0.0 -1e-06 -6.756139 12.949385 -23.614656 -0.015071 0.062481 21.925713 1.119996 0.237815 -2.53492 1.647013 -1.905467 -0.587924 0.0 -0.0 2e-06 -11.547482 -6.280981 -9.253386 0.273411 0.451938 53.960762 4.646565 12.212199 14.389372 -1.311073 0.787318 -11.232051 0.0 0.0 -2e-06 
0.0 0.0 0.0 0.0 -0.0 0.0 -0.51199 98.24025 137.641907 3.223166 -13.357038 2.28398 -4.571488 -0.285814 -0.588053 -1.258339 0.756654 -5.635126 -1.557091 -1.244473 12.629813 -4.860959 7.321241 26.736166 -0.431849 -1.100655 -3.69657 1.296415 -1.220472 2.524218 7.7e-05 -2.3e-05 6e-06 -0.059887 0.142841 -0.070248 0.653981 -3.61461 -10.670896 -0.778339 3.900378 -10.71802 -21.749567 -6.462628 17.586916 -47.593006 -17.120422 27.648666 -0.009138 -40.63802 0.193927 -0.443448 -1.087149 -11.762476 -5.882109 9.86129 0.702591 -10.936873 -0.360574 7.156204 -1e-06 8.774828 -1e-06 -16.282047 18.336725 6.093029 -1.844033 2.498503 -2.507277 -10.163601 4.678947 4.621108 -20.976028 -1e-06 0.0 -21.226292 2.451697 -3.594002 -1e-06 -6e-06 -1e-06 -1.362682 2.240799 -0.746323 -21.334919 0.584912 3.00832 -13.821218 -1e-06 2e-06 -23.887177 -0.249078 -0.839485 -60.1553 2.670194 -1.235889 -0.294025 1.679688 0.833256 -14.218212 0.093216 1.30058 -34.212051 -0.287562 0.967166 -20.033215 0.964537 1.212842 1e-06 -1e-06 1e-06 -3.440389 0.788235 0.501655 -15.928189 -3.16731 2.999708 -6.338828 0.0 1e-06 -18.123453 3.648187 -4.905674 -4e-06 1e-06 -2e-06 16.511463 12.179189 20.540064 56.185081 19.219675 32.438278 0.062379 38.352734 0.269007 1.68719 -2.405251 -4.125249 2.243542 -5.255037 -3.180159 14.282896 -0.826596 6.952506 -3e-06 -12.690608 1e-06 16.403526 -17.632214 2.365181 1.665666 -1.955922 -2.878303 4.7278 -4.170589 4.993926 11.02053 3e-06 -1e-06 12.109055 -3.735717 -2.866783 1e-06 -1e-06 2e-06 1.291986 -1.928549 -1.498089 14.800132 0.567468 3.865606 14.242578 -1.341736 -6.660661 19.631973 0.143925 -0.648247 49.804226 -0.770679 -6.560104 0.353029 -1.511151 -0.031939 20.222797 3.68431 2.316628 18.787279 3e-06 -2e-06 10.751633 -0.479868 1.397906 1e-06 0.0 -1e-06 3.273808 0.305947 -0.580112 21.48682 11.830377 2.266132 8.162933 3e-06 -0.0 18.39909 -3.798986 -4.940576 3e-06 -0.0 -1e-06 -6.857453 13.443923 -20.945557 0.012758 0.089865 21.639862 1.531649 -0.240928 -4.563363 1.637072 -1.883626 -0.656652 0.0 -0.0 2e-06 -11.338623 -6.058073 -12.546426 0.272274 0.374292 59.378666 3.824218 9.837895 13.225491 -1.290091 0.858097 -5.930438 0.0 0.0 -1e-06 
0.0 0.0 0.0 0.0 -0.0 0.0 -0.256606 98.566902 140.705658 2.894289 -12.863845 1.990918 -4.533602 -0.398374 -0.544114 -1.199315 0.587385 -5.627103 -1.322533 -1.407768 12.577456 -4.755508 7.382921 27.106934 -0.367086 -1.00292 -3.667628 1.411427 -0.936556 2.721708 7.7e-05 -2.3e-05 6e-06 -0.069422 0.143437 -0.067334 0.637675 -3.624303 -10.701109 -0.780496 3.912699 -10.746545 -21.666801 -6.336884 17.711113 -47.978054 -17.291525 27.317389 0.014682 -39.531364 0.196245 -0.580842 -1.028088 -11.953013 -5.882105 9.861286 0.702591 -10.936871 -0.360574 7.156203 1e-06 8.774825 1e-06 -16.236187 18.378422 6.187969 -1.844032 2.498504 -2.507276 -10.163599 4.678944 4.621107 -20.976021 -4e-06 1e-06 -21.226284 2.451693 -3.594 -0.0 -7e-06 0.0 -1.362683 2.240797 -0.746322 -21.334913 0.584907 3.00832 -13.821213 -3e-06 2e-06 -23.887167 -0.24908 -0.839482 -60.199203 2.662994 -1.129927 -0.294026 1.679686 0.833256 -14.218207 0.093215 1.300579 -34.212048 -0.287566 0.967168 -20.033211 0.964534 1.212842 2e-06 -1e-06 2e-06 -3.440388 0.788232 0.501656 -15.928183 -3.167308 2.999704 -6.338825 -0.0 -0.0 -18.123444 3.648182 -4.905673 -4e-06 1e-06 -2e-06 16.445261 11.948057 20.440067 56.509026 19.294567 31.877203 0.024595 38.545967 0.188147 1.001909 -2.500068 -3.938424 2.243543 -5.255038 -3.180158 14.282896 -0.826595 6.952503 -3e-06 -12.690607 0.0 16.380106 -17.655741 2.362938 1.665666 -1.955922 -2.8783 4.727801 -4.170589 4.993927 11.020531 4e-06 -1e-06 12.109058 -3.735715 -2.866787 1e-06 -1e-06 1e-06 1.291985 -1.92855 -1.49809 14.800134 0.567469 3.865609 14.242579 -1.341737 -6.660659 19.631975 0.143926 -0.648246 49.817883 -0.757501 -6.566761 0.353029 -1.511149 -0.03194 20.222799 3.684311 2.316629 18.787283 5e-06 -1e-06 10.751633 -0.479867 1.397906 -0.0 1e-06 -2e-06 3.273808 0.305947 -0.58011 21.486824 11.83038 2.266133 8.16293 3e-06 -0.0 18.399088 -3.798984 -4.940577 3e-06 -1e-06 0.0 -6.636934 13.818254 -17.980064 -0.01054 0.025416 20.63159 1.87501 -0.990498 -6.15983 1.631068 -1.837406 -0.695002 -0.0 -0.0 2e-06 -10.380555 -6.381527 -15.36135 0.245329 0.239065 62.081188 2.119396 6.98461 9.248058 -1.352931 0.895783 -4.303143 -0.0 -0.0 -1e-06 
0.0 0.0 0.0 0.0 -0.0 0.0 -0.040863 98.897995 143.773117 2.438763 -12.062991 1.773359 -4.386714 -0.488886 -0.489168 -1.103485 0.39339 -5.608692 -1.038728 -1.614042 12.444221 -4.406913 7.158417 27.359861 -0.325574 -0.856737 -3.636705 1.591551 -0.691453 2.926725 7.7e-05 -2.3e-05 5e-06 -0.070959 0.130549 -0.067602 0.630321 -3.646568 -10.711307 -0.774635 3.909457 -10.758313 -21.461924 -6.25843 17.859385 -48.70731 -17.153711 26.312935 -0.094138 -38.615078 0.253242 -0.781095 -0.925693 -12.519237 -5.882103 9.861284 0.702591 -10.936869 -0.360575 7.156203 -0.0 8.774824 -3e-06 -16.190311 18.344576 6.215709 -1.844031 2.498504 -2.507277 -10.163597 4.678944 4.621105 -20.976021 -3e-06 4e-06 -21.226282 2.451697 -3.593997 -0.0 -6e-06 -0.0 -1.362682 2.240797 -0.746321 -21.334913 0.584906 3.008325 -13.821213 -2e-06 3e-06 -23.887167 -0.249079 -0.83948 -60.249111 2.637471 -1.069153 -0.294025 1.679688 0.833255 -14.218207 0.093213 1.300579 -34.212048 -0.287565 0.967172 -20.033211 0.964537 1.212844 1e-06 -1e-06 1e-06 -3.440387 0.788234 0.501655 -15.928185 -3.16731 2.999708 -6.338824 1e-06 2e-06 -18.123444 3.64818 -4.90567 -4e-06 1e-06 -1e-06 16.400055 11.568343 20.313637 56.831757 19.068987 31.202917 0.037554 39.270241 0.150597 0.552853 -2.441182 -3.72796 2.243542 -5.255038 -3.180156 14.282892 -0.826595 6.952503 -2e-06 -12.690609 -1e-06 16.352608 -17.693802 2.383574 1.665667 -1.955921 -2.878299 4.727798 -4.170588 4.993923 11.020528 2e-06 -2e-06 12.109055 -3.735718 -2.866785 1e-06 -0.0 2e-06 1.291986 -1.928549 -1.49809 14.800131 0.567468 3.865607 14.242576 -1.341737 -6.660661 19.631969 0.143926 -0.648247 49.826599 -0.725564 -6.537686 0.353029 -1.511151 -0.031939 20.222797 3.684309 2.31663 18.787273 5e-06 -3e-06 10.751631 -0.479868 1.397906 0.0 0.0 -1e-06 3.273807 0.305946 -0.580111 21.486816 11.830376 2.266131 8.162929 2e-06 -3e-06 18.399088 -3.798986 -4.940581 4e-06 1e-06 0.0 -6.202652 14.076636 -14.744437 -0.050764 -0.057963 18.976494 2.123374 -1.986026 -7.38716 1.62983 -1.782404 -0.722473 0.0 -0.0 2e-06 -8.941656 -6.978419 -17.823309 0.188896 0.092184 62.152695 0.859471 4.25723 5.518558 -1.385786 0.892516 -3.62474 0.0 -0.0 -3e-06 
0.0 0.0 0.0 0.0 -0.0 0.0 0.122665 99.15258 146.795944 2.01963 -11.076434 1.636202 -4.228955 -0.527069 -0.438752 -1.016899 0.177127 -5.588379 -0.76314 -1.840452 12.305236 -3.935161 6.686021 27.344248 -0.294692 -0.636344 -3.615361 1.805186 -0.528714 3.020461 7.7e-05 -2.3e-05 6e-06 -0.061675 0.114956 -0.071125 0.636025 -3.66624 -10.708905 -0.760213 3.89728 -10.755017 -21.297157 -6.283006 18.018873 -49.317577 -16.676079 25.096403 -0.239251 -38.242485 0.284229 -1.159603 -0.903941 -13.321969 -5.882113 9.861292 0.702593 -10.936881 -0.360574 7.156211 1e-06 8.774831 2e-06 -16.172735 18.316751 6.185572 -1.844034 2.498506 -2.50728 -10.16361 4.67895 4.621113 -20.976044 -4e-06 -1e-06 -21.226305 2.451695 -3.594006 -0.0 -6e-06 1e-06 -1.362684 2.240799 -0.746324 -21.334934 0.58491 3.008324 -13.821226 -1e-06 -0.0 -23.887192 -0.24908 -0.839488 -60.30835 2.628684 -1.041537 -0.294025 1.679688 0.833257 -14.218223 0.093215 1.300581 -34.212082 -0.287566 0.967168 -20.033232 0.964535 1.212842 1e-06 -0.0 2e-06 -3.440392 0.788235 0.501655 -15.928201 -3.167313 2.999708 -6.338833 -0.0 0.0 -18.123465 3.648182 -4.905675 -5e-06 1e-06 -2e-06 16.528856 11.122483 20.131081 56.90918 18.594212 30.595734 0.170644 40.471107 0.19109 0.470319 -2.134442 -3.531953 2.243545 -5.255043 -3.18016 14.282906 -0.826596 6.952507 -3e-06 -12.690617 0.0 16.323698 -17.736164 2.411918 1.665669 -1.955923 -2.878301 4.727804 -4.170592 4.993925 11.020538 1e-06 -2e-06 12.109066 -3.73572 -2.866787 1e-06 -0.0 1e-06 1.291986 -1.928551 -1.498091 14.800144 0.567468 3.86561 14.242586 -1.341735 -6.660664 19.631985 0.143926 -0.648248 49.802315 -0.678267 -6.49646 0.353029 -1.51115 -0.031939 20.222813 3.684313 2.316628 18.787291 7e-06 -5e-06 10.751637 -0.479867 1.397905 0.0 -0.0 -1e-06 3.27381 0.305948 -0.580113 21.486834 11.830389 2.26613 8.162937 2e-06 -4e-06 18.399105 -3.798984 -4.940583 5e-06 1e-06 -1e-06 -5.718324 14.312424 -11.478244 -0.086742 -0.125135 16.995583 2.219189 -3.19632 -8.38213 1.632619 -1.721965 -0.747257 0.0 0.0 2e-06 -7.362388 -7.601387 -20.057598 0.116569 -0.034282 59.93338 0.517922 2.486928 2.731312 -1.388511 0.859608 -3.443082 0.0 -0.0 -3e-06 
0.0 0.0 0.0 0.0 -0.0 0.0 0.224185 99.241859 149.723267 1.798649 -10.030747 1.623813 -4.141212 -0.521146 -0.42184 -0.97437 -0.00296 -5.589979 -0.548872 -2.015579 12.209677 -3.434457 6.034812 27.074299 -0.281857 -0.320708 -3.597704 2.051783 -0.461559 2.942791 7.7e-05 -2.3e-05 6e-06 -0.044974 0.09758 -0.073291 0.65196 -3.684136 -10.703485 -0.741718 3.879693 -10.746061 -21.286465 -6.393589 18.18894 -49.485847 -16.066565 24.335625 -0.373105 -38.3703 0.305366 -1.557236 -0.936973 -13.874371 -5.88211 9.861292 0.70259 -10.936877 -0.360576 7.156208 1e-06 8.774831 -2e-06 -16.175503 18.321707 6.1331 -1.844035 2.498507 -2.507279 -10.163608 4.678948 4.62111 -20.976038 -3e-06 1e-06 -21.226301 2.451699 -3.594004 0.0 -7e-06 1e-06 -1.362682 2.2408 -0.746325 -21.334929 0.58491 3.008323 -13.821221 -2e-06 1e-06 -23.887184 -0.249082 -0.839485 -60.360657 2.645954 -1.071512 -0.294025 1.679688 0.833257 -14.218219 0.093214 1.30058 -34.212074 -0.287565 0.967168 -20.03323 0.964536 1.212843 0.0 1e-06 0.0 -3.440391 0.788235 0.501656 -15.928196 -3.167314 2.999708 -6.33883 -0.0 1e-06 -18.123459 3.648184 -4.905676 -5e-06 2e-06 -2e-06 16.834385 10.740377 19.917292 56.710567 18.025599 30.180523 0.43912 41.859711 0.321923 0.607567 -1.627606 -3.469079 2.243542 -5.255037 -3.180159 14.282892 -0.826595 6.952499 -4e-06 -12.690606 -1e-06 16.325798 -17.773985 2.441473 1.665668 -1.955921 -2.878299 4.727799 -4.170587 4.993922 11.020529 5e-06 -4e-06 12.109056 -3.735714 -2.866787 1e-06 0.0 2e-06 1.291986 -1.928549 -1.498088 14.800132 0.567469 3.865605 14.242577 -1.341735 -6.660661 19.631969 0.143928 -0.648248 49.785175 -0.653044 -6.48175 0.353029 -1.51115 -0.031939 20.222797 3.684312 2.316625 18.787279 8e-06 -3e-06 10.751629 -0.479868 1.397904 -0.0 1e-06 -1e-06 3.273808 0.305948 -0.580112 21.486818 11.830376 2.266129 8.16293 3e-06 -2e-06 18.399084 -3.798984 -4.940577 5e-06 1e-06 -0.0 -5.342766 14.542571 -8.483632 -0.10914 -0.15267 15.215748 2.228259 -4.509332 -9.427055 1.63764 -1.658607 -0.740371 0.0 0.0 2e-06 -5.934431 -8.029732 -22.186703 0.038616 -0.103084 55.772068 1.126331 1.801297 0.778062 -1.401313 0.848844 -3.47982 -0.0 0.0 -3e-06 
0.0 0.0 0.0 0.0 -0.0 0.0 0.258089 99.175056 152.587479 1.799069 -9.04608 1.744942 -4.125759 -0.48319 -0.454479 -0.963393 -0.126899 -5.616373 -0.42318 -2.105863 12.180962 -2.944842 5.372736 26.660601 -0.295686 -0.027587 -3.590955 2.325929 -0.477029 2.792097 7.7e-05 -2.2e-05 6e-06 -0.028909 0.081378 -0.071095 0.665487 -3.701934 -10.692837 -0.722862 3.86541 -10.73397 -21.383202 -6.504755 18.347357 -49.325111 -15.591388 24.213257 -0.447506 -38.63443 0.338915 -1.838118 -0.932959 -14.052361 -5.882108 9.861288 0.702591 -10.936874 -0.360576 7.156205 1e-06 8.77483 -1e-06 -16.154593 18.367334 6.112162 -1.844034 2.498505 -2.507279 -10.163604 4.678947 4.62111 -20.97603 -4e-06 2e-06 -21.226295 2.451696 -3.594002 -1e-06 -6e-06 1e-06 -1.362683 2.2408 -0.746324 -21.334919 0.584908 3.008322 -13.821217 -3e-06 2e-06 -23.887177 -0.249081 -0.839484 -60.397301 2.687736 -1.116154 -0.294024 1.679688 0.833255 -14.218212 0.093214 1.300581 -34.212063 -0.287568 0.96717 -20.033222 0.964535 1.212844 0.0 -1e-06 1e-06 -3.44039 0.788233 0.501657 -15.928189 -3.167313 2.999708 -6.338828 -1e-06 0.0 -18.123451 3.648181 -4.90567 -4e-06 2e-06 -2e-06 17.191275 10.486153 19.758308 56.410145 17.634054 30.039352 0.749622 42.950588 0.485238 0.791213 -1.222199 -3.453198 2.243541 -5.255037 -3.180156 14.282888 -0.826595 6.952505 -3e-06 -12.690603 2e-06 16.337105 -17.809731 2.455657 1.665666 -1.955921 -2.8783 4.727799 -4.170587 4.993925 11.020524 3e-06 -1e-06 12.109052 -3.735715 -2.866785 0.0 1e-06 -0.0 1.291986 -1.92855 -1.498089 14.800129 0.567467 3.865611 14.242569 -1.341735 -6.660657 19.631968 0.143925 -0.648245 49.803658 -0.666983 -6.503347 0.353029 -1.511151 -0.031939 20.22279 3.684311 2.316632 18.78727 5e-06 -0.0 10.751627 -0.479869 1.397906 0.0 1e-06 -1e-06 3.273807 0.305947 -0.580109 21.486811 11.830373 2.266135 8.162927 1e-06 1e-06 18.39908 -3.798985 -4.940572 3e-06 1e-06 -0.0 -5.169395 14.77639 -5.974649 -0.121415 -0.164417 13.650023 2.20218 -5.809696 -10.377326 1.642914 -1.625764 -0.714922 -0.0 0.0 2e-06 -4.796397 -8.151671 -24.170166 -0.023672 -0.113669 49.98074 1.99758 1.495127 -0.544682 -1.420005 0.871234 -3.629052 -0.0 0.0 -0.0 
0.0 0.0 0.0 0.0 -0.0 0.0 0.241372 98.994812 155.397659 1.926628 -8.138675 1.996307 -4.114426 -0.43302 -0.540854 -0.958884 -0.219035 -5.644283 -0.392817 -2.135149 12.192863 -2.425077 4.806609 26.24674 -0.318264 0.125051 -3.579904 2.586593 -0.520535 2.660511 7.7e-05 -2.2e-05 5e-06 -0.017901 0.064574 -0.061799 0.672769 -3.721715 -10.665656 -0.708144 3.852162 -10.707258 -21.454632 -6.5804 18.456354 -49.141087 -15.312067 24.514296 -0.427807 -38.743889 0.361617 -2.075172 -0.857597 -14.18887 -5.882113 9.861295 0.702587 -10.936878 -0.360573 7.156208 -3e-06 8.774831 -1e-06 -16.151999 18.419472 6.09933 -1.844035 2.498507 -2.507278 -10.163609 4.678951 4.621111 -20.97604 4e-06 -3e-06 -21.226307 2.451703 -3.59401 0.0 -7e-06 -0.0 -1.362683 2.2408 -0.746323 -21.334929 0.584916 3.008322 -13.821221 4e-06 -1e-06 -23.887188 -0.249076 -0.83949 -60.426334 2.733666 -1.141355 -0.294024 1.679688 0.833255 -14.218221 0.09322 1.30058 -34.212078 -0.287557 0.967161 -20.033232 0.964536 1.212839 0.0 -0.0 0.0 -3.440391 0.788235 0.501656 -15.928196 -3.167308 2.999705 -6.33883 3e-06 -0.0 -18.123463 3.648189 -4.905679 -4e-06 2e-06 -2e-06 17.474781 10.374371 19.672842 56.203503 17.49596 30.285315 0.910908 43.517792 0.593697 1.038969 -1.080241 -3.362665 2.243546 -5.255038 -3.18016 14.282896 -0.826598 6.952505 -0.0 -12.690605 -0.0 16.342607 -17.834005 2.462466 1.665668 -1.955923 -2.878302 4.727801 -4.17059 4.993925 11.020534 -0.0 -2e-06 12.10906 -3.735718 -2.866787 0.0 0.0 -0.0 1.291986 -1.92855 -1.49809 14.800136 0.567464 3.865608 14.24258 -1.341738 -6.660665 19.631975 0.143923 -0.648249 49.840946 -0.696461 -6.529405 0.353031 -1.511152 -0.031938 20.222801 3.684307 2.316629 18.787283 4e-06 -6e-06 10.751634 -0.479868 1.397905 0.0 1e-06 -1e-06 3.273808 0.305947 -0.58011 21.48682 11.830376 2.266131 8.16293 -0.0 -2e-06 18.399097 -3.798988 -4.940581 3e-06 1e-06 -1e-06 -5.074449 14.967226 -3.566575 -0.129359 -0.164148 12.143877 2.18071 -7.036047 -11.48848 1.647934 -1.643378 -0.75724 -0.0 -0.0 2e-06 -3.868604 -8.009382 -25.918015 -0.036611 -0.063243 42.669422 2.485413 1.053656 -0.811286 -1.433371 0.913969 -3.891281 0.0 0.0 -1e-06 
0.0 0.0 0.0 0.0 -0.0 0.0 0.187205 98.756119 158.138977 2.044649 -7.279062 2.356848 -4.011885 -0.394779 -0.663188 -0.944935 -0.297265 -5.667659 -0.426627 -2.105148 12.225459 -1.89428 4.303757 25.93392 -0.329703 0.184486 -3.557588 2.809567 -0.523955 2.583157 7.7e-05 -2.3e-05 7e-06 -0.02316 0.06117 -0.052121 0.670922 -3.725799 -10.633892 -0.716823 3.849426 -10.673838 -21.438959 -6.648287 18.579546 -49.105476 -15.225817 24.892813 -0.383679 -38.675411 0.385882 -2.305343 -0.764401 -14.266835 -5.882106 9.861283 0.702591 -10.93687 -0.360575 7.156203 -0.0 8.774823 -2e-06 -16.234972 18.434044 6.025712 -1.844032 2.498505 -2.507277 -10.163599 4.678944 4.621107 -20.976019 -1e-06 3e-06 -21.226278 2.4517 -3.593999 1e-06 -6e-06 0.0 -1.362681 2.240796 -0.746323 -21.334909 0.58491 3.008324 -13.821208 -0.0 2e-06 -23.887165 -0.249077 -0.839483 -60.447838 2.772603 -1.152254 -0.294024 1.679687 0.833257 -14.218207 0.093214 1.300582 -34.212048 -0.287562 0.967172 -20.033211 0.964537 1.212844 1e-06 -0.0 1e-06 -3.440387 0.788235 0.501657 -15.928183 -3.16731 2.999707 -6.338826 0.0 1e-06 -18.123444 3.648183 -4.90567 -4e-06 2e-06 -1e-06 17.606508 10.375333 19.588367 56.198277 17.490183 30.861343 0.893315 43.627586 0.624602 1.336587 -1.132642 -2.998808 2.243543 -5.255037 -3.18016 14.282897 -0.826595 6.952505 -4e-06 -12.69061 1e-06 16.327929 -17.825542 2.475008 1.665667 -1.955922 -2.8783 4.7278 -4.17059 4.993925 11.020531 4e-06 -1e-06 12.109057 -3.735717 -2.866783 0.0 1e-06 -1e-06 1.291986 -1.92855 -1.498091 14.800136 0.567469 3.865608 14.242578 -1.341735 -6.66066 19.631975 0.143929 -0.648246 49.886219 -0.709259 -6.539612 0.353029 -1.51115 -0.03194 20.222801 3.68431 2.316629 18.787283 7e-06 0.0 10.751633 -0.479866 1.397907 1e-06 -0.0 -0.0 3.273808 0.305948 -0.58011 21.486824 11.83038 2.266135 8.162933 1e-06 -0.0 18.399092 -3.798985 -4.940577 5e-06 1e-06 -1e-06 -4.913861 15.082856 -1.243321 -0.127727 -0.149848 10.446391 2.132755 -8.168278 -12.384533 1.649497 -1.696109 -0.902473 0.0 0.0 2e-06 -3.051371 -7.716089 -27.215019 -0.000484 0.006997 33.992863 2.689751 0.611147 0.358424 -1.441301 0.980028 -4.062418 0.0 0.0 -1e-06 
0.0 0.0 0.0 0.0 -0.0 0.0 0.076406 98.473152 160.839874 2.130722 -6.386481 2.789663 -3.831828 -0.341835 -0.783515 -0.924074 -0.353275 -5.709636 -0.473453 -2.070102 12.278865 -1.372868 3.792501 25.685425 -0.340008 0.274594 -3.537362 3.034354 -0.524522 2.569599 7.7e-05 -2.3e-05 6e-06 -0.044476 0.073861 -0.047398 0.665215 -3.709416 -10.610796 -0.753721 3.857916 -10.647852 -21.307837 -6.724942 18.687708 -49.29628 -15.234941 25.228136 -0.37026 -38.547009 0.4455 -2.561052 -0.697813 -14.172092 -5.882106 9.861288 0.70259 -10.936874 -0.360576 7.156206 1e-06 8.774827 -2e-06 -16.388512 18.405088 5.891144 -1.844034 2.498507 -2.507277 -10.163603 4.678945 4.621109 -20.976028 -4e-06 1e-06 -21.226288 2.451698 -3.593999 1e-06 -6e-06 0.0 -1.362681 2.240799 -0.746323 -21.334921 0.584908 3.008325 -13.821216 -2e-06 3e-06 -23.887175 -0.249079 -0.839482 -60.466717 2.828933 -1.201608 -0.294024 1.679688 0.833256 -14.218212 0.093213 1.300582 -34.212059 -0.287568 0.967173 -20.033218 0.964533 1.212845 1e-06 -1e-06 1e-06 -3.440389 0.788234 0.501654 -15.928192 -3.167311 2.999708 -6.338827 -1e-06 1e-06 -18.123447 3.648183 -4.905671 -4e-06 2e-06 -2e-06 17.59214 10.419345 19.438395 56.39706 17.46475 31.500769 0.844532 43.518993 0.645289 1.664505 -1.251536 -2.433345 2.243542 -5.255038 -3.180158 14.282896 -0.826594 6.952505 -3e-06 -12.690607 2e-06 16.330036 -17.814365 2.481273 1.665666 -1.955921 -2.878299 4.7278 -4.170586 4.993924 11.02053 4e-06 2e-06 12.109056 -3.735714 -2.866785 0.0 1e-06 -1e-06 1.291987 -1.928551 -1.498088 14.800136 0.56747 3.865609 14.242578 -1.341735 -6.660658 19.631975 0.143926 -0.648244 49.992409 -0.667087 -6.553154 0.35303 -1.511153 -0.03194 20.222801 3.684311 2.316629 18.787283 4e-06 1e-06 10.751633 -0.47987 1.397906 1e-06 -0.0 -0.0 3.273808 0.305948 -0.580109 21.486824 11.830379 2.266132 8.16293 1e-06 -0.0 18.399092 -3.798983 -4.940577 4e-06 -1e-06 -1e-06 -4.646693 15.20598 1.126066 -0.105246 -0.1433 8.445343 1.995613 -9.273312 -13.066545 1.648032 -1.75361 -1.160869 0.0 0.0 2e-06 -2.271416 -7.432794 -27.98737 0.054515 0.024284 24.241789 3.079672 0.433557 2.506605 -1.436652 1.060371 -3.987954 -0.0 -0.0 -1e-06 
0.0 0.0 0.0 0.0 -0.0 0.0 -0.130924 98.114624 163.565689 2.22524 -5.349329 3.266094 -3.630722 -0.254451 -0.876747 -0.897596 -0.414568 -5.800427 -0.500237 -2.062073 12.355229 -0.791847 3.247313 25.492908 -0.383383 0.402699 -3.539038 3.319 -0.632337 2.711315 7.7e-05 -2.3e-05 5e-06 -0.075789 0.105934 -0.050732 0.652561 -3.669449 -10.600157 -0.80387 3.882353 -10.635743 -21.106012 -6.855056 18.662846 -49.625626 -15.178009 25.80221 -0.305332 -38.476974 0.478513 -2.843005 -0.630949 -13.977601 -5.882111 9.86129 0.702591 -10.936878 -0.360572 7.15621 -1e-06 8.774827 0.0 -16.521776 18.353889 5.768146 -1.844035 2.498505 -2.507279 -10.163605 4.678949 4.621113 -20.97604 0.0 0.0 -21.226303 2.451701 -3.594003 1e-06 -6e-06 0.0 -1.362682 2.2408 -0.746324 -21.334925 0.584911 3.008322 -13.82122 1e-06 1e-06 -23.887182 -0.249077 -0.839486 -60.503101 2.846371 -1.388374 -0.294025 1.679687 0.833256 -14.218215 0.093217 1.300581 -34.212067 -0.287562 0.967166 -20.033222 0.964539 1.21284 1e-06 -0.0 1e-06 -3.44039 0.788233 0.501657 -15.928198 -3.167309 2.99971 -6.338829 1e-06 -1e-06 -18.123459 3.648186 -4.905674 -4e-06 2e-06 -1e-06 17.558607 10.441758 19.225643 56.671417 17.323875 31.899715 0.884376 43.440655 0.67884 2.051713 -1.391432 -1.93758 2.243543 -5.255039 -3.180157 14.282896 -0.826598 6.952503 -1e-06 -12.690605 1e-06 16.333017 -17.832298 2.506723 1.665668 -1.955923 -2.8783 4.727802 -4.170588 4.993925 11.020529 1e-06 0.0 12.109058 -3.735717 -2.866785 -0.0 0.0 -0.0 1.291986 -1.928549 -1.498089 14.800132 0.567466 3.865605 14.242577 -1.341738 -6.660659 19.631975 0.143925 -0.648246 50.174755 -0.594591 -6.555202 0.353029 -1.51115 -0.03194 20.222797 3.684307 2.31663 18.787283 3e-06 -2e-06 10.751633 -0.479868 1.397904 1e-06 -0.0 -0.0 3.273808 0.305947 -0.580111 21.48682 11.830374 2.266133 8.16293 -1e-06 -2e-06 18.399088 -3.798987 -4.940578 3e-06 1e-06 -1e-06 -4.230877 15.422963 2.542753 -0.079278 -0.181439 8.415899 1.976991 -10.472041 -14.064487 1.64857 -1.766204 -1.540808 -0.0 0.0 2e-06 -1.413181 -7.460552 -28.616383 0.099031 -0.059978 15.066092 4.083621 0.351448 4.411707 -1.406143 1.130552 -3.966951 -0.0 -0.0 -1e-06 
0.0 0.0 0.0 0.0 -0.0 0.0 -0.426712 97.745064 166.3871 2.246721 -4.18916 3.752546 -3.332336 -0.130871 -0.965049 -0.855476 -0.468588 -5.919328 -0.492014 -2.077734 12.455475 -0.162082 2.710282 25.390713 -0.386238 0.482945 -3.546643 3.576327 -0.81452 3.060594 7.7e-05 -2.3e-05 6e-06 -0.101199 0.14041 -0.062919 0.634016 -3.634365 -10.627176 -0.837161 3.918465 -10.657578 -21.038763 -7.016612 18.521832 -49.82777 -15.065392 26.713194 -0.180367 -38.407787 0.403107 -3.177802 -0.579264 -13.776591 -5.882109 9.861294 0.702593 -10.936881 -0.360577 7.156216 2e-06 8.774835 2e-06 -16.565348 18.332352 5.717332 -1.844034 2.498507 -2.507282 -10.163609 4.678948 4.621115 -20.976042 -7e-06 3e-06 -21.226307 2.451696 -3.594001 1e-06 -6e-06 0.0 -1.362684 2.240798 -0.746322 -21.334934 0.584909 3.008327 -13.821227 -3e-06 3e-06 -23.887194 -0.249083 -0.83948 -60.589828 2.80027 -1.57431 -0.294026 1.67969 0.833258 -14.218223 0.093212 1.300581 -34.212078 -0.287568 0.967175 -20.033232 0.964537 1.212848 0.0 -0.0 1e-06 -3.440392 0.788234 0.501656 -15.928201 -3.167315 2.999708 -6.338832 -2e-06 1e-06 -18.123461 3.648183 -4.905675 -4e-06 1e-06 -1e-06 17.777866 10.451066 19.08007 56.674545 17.050961 31.955528 0.889899 43.569588 0.662667 2.443168 -1.474509 -1.809608 2.243543 -5.25504 -3.180158 14.282902 -0.826594 6.952509 -4e-06 -12.690612 0.0 16.268682 -17.844223 2.562669 1.665667 -1.955923 -2.8783 4.727801 -4.17059 4.993929 11.020534 6e-06 0.0 12.109058 -3.735717 -2.866781 0.0 1e-06 0.0 1.291986 -1.928551 -1.498089 14.80014 0.56747 3.865613 14.242581 -1.341735 -6.660659 19.631983 0.143925 -0.648242 50.277573 -0.573172 -6.525001 0.353029 -1.511151 -0.03194 20.222805 3.684315 2.316636 18.787289 6e-06 4e-06 10.751637 -0.479868 1.397908 1e-06 -1e-06 -1e-06 3.273809 0.305947 -0.580112 21.486832 11.830387 2.266138 8.162935 3e-06 -0.0 18.399096 -3.798988 -4.940574 3e-06 2e-06 -1e-06 -3.527921 15.744753 3.978326 -0.069589 -0.287408 8.524928 1.954623 -11.905547 -14.847503 1.661025 -1.71985 -2.204346 -0.0 0.0 2e-06 -0.275122 -7.857217 -29.369028 0.126275 -0.135288 7.970652 5.457356 -0.328385 4.466561 -1.357795 1.175437 -3.971312 -0.0 -0.0 -1e-06 
0.0 0.0 0.0 0.0 -0.0 0.0 -0.786564 97.398087 169.327682 2.176444 -2.888829 4.145536 -2.871826 -0.091672 -1.062989 -0.774949 -0.52568 -5.977353 -0.483883 -2.113884 12.581656 0.527598 2.232153 25.334099 -0.393406 0.541759 -3.53035 3.596441 -0.991908 3.325221 7.7e-05 -2.3e-05 5e-06 -0.091985 0.131731 -0.073186 0.641329 -3.646449 -10.657276 -0.827716 3.916116 -10.674951 -21.071501 -7.1398 18.27659 -49.99025 -14.949168 27.54101 -0.193821 -38.086712 0.412477 -3.451426 -0.784578 -13.613218 -5.882107 9.861286 0.702588 -10.936873 -0.360574 7.156209 -0.0 8.774827 0.0 -16.502642 18.310482 5.708639 -1.844033 2.498505 -2.507279 -10.163603 4.678946 4.621109 -20.976027 -2e-06 1e-06 -21.226292 2.451698 -3.594002 0.0 -7e-06 -0.0 -1.362682 2.240798 -0.746323 -21.334917 0.58491 3.008324 -13.821215 -1e-06 2e-06 -23.887173 -0.249078 -0.839484 -60.798416 2.750889 -1.668166 -0.294024 1.679687 0.833257 -14.218212 0.093215 1.300581 -34.212051 -0.287562 0.967168 -20.033216 0.964538 1.212844 0.0 -1e-06 1e-06 -3.440388 0.788235 0.501656 -15.928187 -3.16731 2.999709 -6.338827 0.0 1e-06 -18.123451 3.648185 -4.905673 -4e-06 2e-06 -1e-06 18.197435 10.45455 19.109192 56.400047 16.842539 31.668325 0.8363 43.897091 0.646469 2.719318 -1.59717 -1.947306 2.243544 -5.255039 -3.180159 14.282896 -0.826597 6.9525 -1e-06 -12.690605 1e-06 16.167862 -17.790852 2.575407 1.665667 -1.955922 -2.878299 4.727801 -4.170588 4.993925 11.020531 2e-06 -2e-06 12.109058 -3.735716 -2.866786 1e-06 1e-06 -1e-06 1.291986 -1.928548 -1.498089 14.800134 0.567466 3.865607 14.242579 -1.341736 -6.660661 19.631973 0.143924 -0.648245 50.101898 -0.69994 -6.604881 0.353029 -1.511151 -0.031943 20.222797 3.684307 2.316629 18.787281 3e-06 -4e-06 10.751633 -0.479868 1.397906 1e-06 -2e-06 -1e-06 3.273808 0.305946 -0.580112 21.486818 11.830374 2.26613 8.16293 1e-06 -2e-06 18.39909 -3.798987 -4.940577 4e-06 1e-06 -1e-06 -2.525607 15.947321 5.56445 -0.040627 -0.378078 8.740373 1.827891 -13.471738 -15.159007 1.714776 -1.650665 -2.942265 -0.0 0.0 2e-06 1.137736 -8.601718 -30.48521 0.068371 -0.139065 4.442267 6.731419 -1.434918 2.817456 -1.311259 1.183869 -4.031141 -0.0 -0.0 -1e-06 
0.0 0.0 0.0 0.0 -0.0 0.0 -1.166857 97.07608 172.385941 2.156178 -1.502075 4.258982 -2.431609 -0.019059 -1.088685 -0.68187 -0.698967 -5.965569 -0.370597 -2.136397 12.726533 1.067339 1.853094 25.381023 -0.36749 0.527059 -3.528476 3.54066 -1.104364 3.477814 7.7e-05 -2.2e-05 6e-06 -0.088479 0.125053 -0.068545 0.639458 -3.65593 -10.682436 -0.81892 3.913256 -10.685011 -21.056858 -7.168702 18.317465 -50.320396 -15.160715 27.937716 -0.385195 -37.501743 0.46051 -3.539849 -1.009 -13.212875 -5.88211 9.861291 0.702593 -10.936877 -0.360573 7.15621 0.0 8.77483 1e-06 -16.471243 18.323093 5.775702 -1.844033 2.498506 -2.507279 -10.163605 4.678947 4.621111 -20.97603 -1e-06 2e-06 -21.226297 2.4517 -3.594003 1e-06 -7e-06 0.0 -1.362682 2.2408 -0.746325 -21.334927 0.584913 3.008324 -13.82122 0.0 1e-06 -23.887184 -0.249078 -0.839483 -60.902237 2.760893 -1.548778 -0.294026 1.679688 0.833256 -14.218217 0.093216 1.300581 -34.21207 -0.28756 0.96717 -20.033226 0.964539 1.212842 0.0 -1e-06 -1e-06 -3.440389 0.788234 0.501655 -15.928192 -3.167309 2.999708 -6.338829 0.0 1e-06 -18.123457 3.648187 -4.905673 -4e-06 2e-06 -1e-06 18.429617 10.443469 19.217428 56.106083 16.822229 31.251545 0.837675 44.347252 0.661483 2.805505 -1.605145 -2.155748 2.243544 -5.255039 -3.180159 14.282896 -0.826596 6.952506 -2e-06 -12.690611 2e-06 16.060163 -17.696201 2.554263 1.665668 -1.955922 -2.878301 4.727801 -4.170589 4.993927 11.020531 3e-06 -2e-06 12.109056 -3.735718 -2.866786 0.0 1e-06 -1e-06 1.291987 -1.928551 -1.498089 14.800136 0.567467 3.865609 14.242579 -1.341736 -6.660662 19.631977 0.143928 -0.648246 49.890842 -0.709056 -6.691094 0.353029 -1.51115 -0.031942 20.222801 3.684311 2.31663 18.787283 3e-06 -1e-06 10.751633 -0.47987 1.397906 1e-06 -2e-06 -0.0 3.273808 0.305948 -0.580112 21.486824 11.830379 2.266131 8.16293 1e-06 -2e-06 18.399092 -3.798985 -4.940577 3e-06 0.0 -3e-06 -1.331083 16.010948 7.353957 -0.051265 -0.483003 9.400626 1.391514 -14.889044 -14.672408 1.745732 -1.656675 -4.73681 -0.0 0.0 2e-06 2.192192 -9.449214 -31.301517 0.057934 -0.090521 4.618679 7.15839 -1.908307 1.437603 -1.302079 1.151776 -4.307326 -0.0 0.0 -1e-06 
0.0 0.0 0.0 0.0 -0.0 0.0 -1.577903 96.856567 175.607346 1.823379 0.084444 4.287009 -1.708869 0.076836 -1.196512 -0.547928 -0.892272 -5.964698 -0.151431 -2.230693 12.891714 1.530974 1.365597 25.501282 -0.406655 0.495036 -3.532079 3.4713 -1.212062 3.612513 7.7e-05 -2.3e-05 6e-06 -0.095615 0.126043 -0.048664 0.637292 -3.654699 -10.678877 -0.830177 3.914417 -10.679726 -21.079735 -7.284668 18.447029 -50.694809 -15.360445 28.314558 -0.465338 -36.83239 0.469072 -3.571647 -1.225653 -12.750278 -5.882106 9.861286 0.702589 -10.936874 -0.360576 7.156205 1e-06 8.774827 -2e-06 -16.44565 18.288128 5.8408 -1.844032 2.498505 -2.507277 -10.163601 4.678944 4.621107 -20.976028 -5e-06 2e-06 -21.226292 2.451694 -3.594002 1e-06 -6e-06 1e-06 -1.362682 2.240798 -0.746323 -21.334919 0.584906 3.008321 -13.821215 -2e-06 2e-06 -23.887173 -0.249079 -0.839483 -60.909832 2.741453 -1.444541 -0.294024 1.679687 0.833257 -14.21821 0.093213 1.300579 -34.212051 -0.287567 0.96717 -20.033215 0.964535 1.212844 -1e-06 -1e-06 -1e-06 -3.440389 0.788235 0.501655 -15.928192 -3.167313 2.999707 -6.338827 -1e-06 -0.0 -18.123453 3.648181 -4.90567 -4e-06 1e-06 -1e-06 18.654055 10.300842 19.299789 55.573799 16.818502 30.787157 0.787241 45.058887 0.638118 2.755799 -1.635473 -2.372551 2.243542 -5.25504 -3.180159 14.282901 -0.826596 6.952509 -3e-06 -12.690614 0.0 15.993606 -17.610754 2.525042 1.665668 -1.955922 -2.8783 4.727802 -4.170591 4.993928 11.020535 3e-06 -0.0 12.10906 -3.735718 -2.866784 0.0 0.0 -1e-06 1.291986 -1.928551 -1.498091 14.80014 0.567468 3.865613 14.242582 -1.341739 -6.660659 19.631983 0.143925 -0.648244 49.822479 -0.721521 -6.686749 0.353028 -1.511151 -0.03194 20.222805 3.684312 2.316634 18.787289 5e-06 1e-06 10.751637 -0.479868 1.397908 1e-06 -1e-06 -1e-06 3.273809 0.305947 -0.580112 21.486832 11.830384 2.266135 8.162934 -1e-06 -0.0 18.399096 -3.79899 -4.940578 3e-06 0.0 -3e-06 0.39052 15.803919 9.105133 -0.057719 -0.595464 10.579612 0.772991 -16.345083 -13.190252 1.780543 -1.695492 -7.443438 -0.0 -0.0 2e-06 2.760528 -9.71299 -31.035172 0.101245 -0.072312 6.539745 5.492622 -1.666817 2.372071 -1.332126 1.146842 -4.75296 -0.0 -0.0 -0.0 
0.0 0.0 0.0 0.0 -0.0 0.0 -2.053544 96.748192 178.954346 0.712781 1.865075 4.50151 -0.366575 0.153793 -1.500485 -0.372932 -0.92487 -6.088567 0.245885 -2.557087 13.039514 2.024768 0.857646 25.542923 -0.507933 0.495845 -3.556005 3.382926 -1.41015 4.042231 7.7e-05 -2.2e-05 7e-06 -0.109323 0.12734 -0.049357 0.619322 -3.645323 -10.678769 -0.837782 3.908435 -10.681334 -21.460167 -7.516985 18.364569 -50.696545 -15.221538 29.116932 -0.347168 -36.297832 0.363645 -3.502409 -1.31171 -12.249535 -5.882112 9.861294 0.702591 -10.936881 -0.360576 7.156208 0.0 8.774833 -0.0 -16.419048 18.284325 5.889743 -1.844034 2.498507 -2.507277 -10.16361 4.678948 4.621107 -20.976044 -4e-06 -0.0 -21.226309 2.451696 -3.594005 1e-06 -5e-06 -0.0 -1.362683 2.2408 -0.746324 -21.334934 0.584909 3.008321 -13.821226 -2e-06 0.0 -23.887192 -0.249081 -0.839488 -60.915413 2.645059 -1.406278 -0.294025 1.67969 0.833256 -14.218224 0.093216 1.300581 -34.212082 -0.287566 0.967167 -20.033232 0.964537 1.212843 -1e-06 -1e-06 -1e-06 -3.440392 0.788234 0.501656 -15.928201 -3.167313 2.999707 -6.338831 -0.0 -2e-06 -18.123465 3.648184 -4.905677 -4e-06 1e-06 -0.0 19.221878 10.11273 19.161942 54.516865 16.508827 30.198854 0.711375 45.81786 0.608078 2.612066 -1.520675 -2.367213 2.243546 -5.255044 -3.180162 14.282912 -0.826598 6.952509 -3e-06 -12.69062 1e-06 15.935875 -17.657537 2.524388 1.66567 -1.955922 -2.878302 4.727805 -4.170592 4.993932 11.020544 3e-06 -3e-06 12.109072 -3.73572 -2.866787 0.0 0.0 0.0 1.291988 -1.928552 -1.49809 14.800151 0.567468 3.865609 14.242594 -1.341737 -6.66067 19.631998 0.143927 -0.64825 49.835453 -0.755581 -6.617521 0.353029 -1.511153 -0.03194 20.22282 3.684315 2.316629 18.787302 4e-06 -5e-06 10.751645 -0.47987 1.397906 1e-06 -1e-06 -1e-06 3.273812 0.305948 -0.580113 21.486847 11.830391 2.266131 8.162939 1e-06 -3e-06 18.399115 -3.79899 -4.940588 3e-06 -0.0 -2e-06 3.144309 15.540028 10.237258 -0.07786 -0.680629 12.672191 0.024492 -18.041309 -10.828747 1.830921 -1.71039 -10.891165 0.0 0.0 2e-06 3.522508 -9.123949 -30.493181 0.087094 -0.177637 8.957014 2.368966 -1.259665 6.645334 -1.3749 1.101122 -4.854506 0.0 0.0 -1e-06 
0.0 0.0 0.0 0.0 -0.0 0.0 -2.575811 96.765602 182.388107 -0.803482 3.607111 4.669401 1.11857 0.070191 -1.722303 -0.193783 -0.835627 -6.201384 1.044256 -2.978684 12.944285 2.468587 0.720738 25.610275 -0.534569 0.117755 -3.62583 3.214724 -1.483351 4.240861 7.7e-05 -2.2e-05 6e-06 -0.113003 0.116087 -0.091712 0.603767 -3.642971 -10.690526 -0.82436 3.883667 -10.706021 -21.788702 -7.491488 18.220831 -50.91539 -15.131021 29.936193 -0.239786 -36.00005 0.284977 -3.258192 -1.384065 -12.175475 -5.882111 9.861293 0.70259 -10.936881 -0.360575 7.15621 1e-06 8.774832 1e-06 -16.295319 18.205355 5.968431 -1.844034 2.498506 -2.50728 -10.163606 4.678948 4.621111 -20.97604 -4e-06 2e-06 -21.226301 2.451697 -3.594002 0.0 -6e-06 -0.0 -1.362682 2.2408 -0.746325 -21.33493 0.584909 3.008324 -13.821226 -2e-06 1e-06 -23.887192 -0.249078 -0.839484 -60.76305 2.586415 -1.376789 -0.294024 1.67969 0.833255 -14.21822 0.093214 1.300582 -34.212082 -0.287566 0.96717 -20.033232 0.964536 1.212844 -1e-06 -1e-06 -1e-06 -3.440391 0.788234 0.501656 -15.928201 -3.167311 2.999707 -6.338831 1e-06 0.0 -18.123459 3.648187 -4.905675 -5e-06 1e-06 -0.0 19.479057 10.212688 19.05467 53.496181 16.215115 29.139521 1.089378 46.270611 0.91921 2.171874 -1.473306 -2.063082 2.243544 -5.255041 -3.180161 14.282904 -0.826596 6.952504 -4e-06 -12.690619 2e-06 15.842172 -17.742533 2.535939 1.665668 -1.955924 -2.878303 4.727802 -4.170592 4.993926 11.020539 5e-06 -6e-06 12.109064 -3.735718 -2.866789 -0.0 -0.0 0.0 1.291987 -1.928551 -1.49809 14.800142 0.56747 3.865605 14.242587 -1.341736 -6.660666 19.631987 0.143929 -0.64825 49.696003 -0.690393 -6.590654 0.353029 -1.511154 -0.031938 20.222811 3.684315 2.316625 18.787291 8e-06 -6e-06 10.751638 -0.479869 1.397904 0.0 -1e-06 -1e-06 3.273811 0.305946 -0.580112 21.486834 11.830392 2.266128 8.162936 2e-06 -3e-06 18.399099 -3.798987 -4.940583 2e-06 -0.0 0.0 6.29998 15.029206 9.809458 -0.098884 -0.756098 17.03504 -0.678017 -19.897392 -7.775564 1.943524 -1.648401 -16.260939 0.0 0.0 2e-06 4.637221 -8.391193 -30.306215 -0.041037 -0.235632 12.158389 0.404692 -1.558769 10.413735 -1.370755 1.054535 -4.00215 -0.0 -0.0 -1e-06 
0.0 0.0 0.0 0.0 -0.0 0.0 -3.17087 96.949059 185.666443 -1.959437 5.166203 4.471594 2.185327 -0.018104 -1.574168 0.108903 -0.981449 -6.170503 1.656065 -3.118613 12.741699 2.957256 0.456072 25.652201 -0.630186 -0.063871 -3.674536 3.378721 -1.705154 3.888086 7.7e-05 -2.2e-05 7e-06 -0.108175 0.117645 -0.106448 0.596803 -3.631099 -10.692329 -0.806484 3.877337 -10.707548 -21.317177 -7.574078 18.184277 -51.727512 -15.173752 30.54406 0.055755 -36.224567 0.123305 -2.80519 -1.228076 -11.969983 -5.88211 9.861288 0.702591 -10.936874 -0.360575 7.156206 -0.0 8.774828 -2e-06 -16.331057 18.214535 5.836655 -1.844034 2.498505 -2.507277 -10.163603 4.678947 4.621109 -20.976034 -3e-06 -2e-06 -21.226295 2.451698 -3.594003 2e-06 -6e-06 -0.0 -1.362683 2.2408 -0.746322 -21.334925 0.584911 3.008322 -13.821218 -2e-06 -1e-06 -23.887182 -0.249082 -0.839486 -60.599018 2.539944 -1.453387 -0.294025 1.679688 0.833258 -14.218215 0.093215 1.300578 -34.212063 -0.287566 0.967165 -20.033222 0.964533 1.212841 0.0 -1e-06 1e-06 -3.44039 0.788234 0.501654 -15.928192 -3.16731 2.999705 -6.338827 0.0 -2e-06 -18.123455 3.648184 -4.905675 -3e-06 1e-06 -0.0 19.009659 10.571257 18.911678 53.190022 16.186275 28.539124 1.143344 46.268288 0.930446 1.615003 -1.225155 -1.920989 2.243542 -5.255038 -3.180158 14.282888 -0.826594 6.952501 -1e-06 -12.690604 -0.0 15.882965 -17.893402 2.503389 1.665666 -1.955922 -2.878299 4.727798 -4.170588 4.993926 11.020526 3e-06 -2e-06 12.109052 -3.735717 -2.866787 1e-06 0.0 0.0 1.291986 -1.92855 -1.498088 14.800125 0.567468 3.865609 14.242569 -1.341737 -6.66066 19.631968 0.143926 -0.648247 49.597023 -0.798386 -6.573069 0.353028 -1.511151 -0.031942 20.222786 3.684309 2.316629 18.78727 5e-06 -3e-06 10.751625 -0.479868 1.397905 0.0 -1e-06 -0.0 3.273808 0.305947 -0.580111 21.486809 11.830371 2.266134 8.162924 -0.0 -2e-06 18.39908 -3.798985 -4.940578 1e-06 -0.0 -2e-06 8.83267 13.834775 7.965629 -0.126815 -0.849266 23.574049 -1.977091 -20.638435 -2.982112 2.0904 -1.691955 -21.10404 0.0 0.0 2e-06 5.727014 -8.751775 -30.124067 -0.012417 -0.361445 16.746099 -0.66285 -1.816013 8.126933 -1.38277 1.07853 -2.471642 -0.0 0.0 -1e-06 
0.0 0.0 0.0 0.0 -0.0 0.0 -3.785153 97.198502 188.869019 -2.808229 6.698525 4.069613 2.998916 -0.085942 -1.317236 0.300738 -1.067638 -6.007499 2.08049 -3.244802 12.497523 3.665028 -0.126699 25.609076 -0.613096 -0.29052 -3.691384 3.361299 -1.756529 3.317358 7.7e-05 -2.2e-05 7e-06 -0.09814 0.116103 -0.088222 0.61826 -3.636165 -10.70257 -0.805758 3.876361 -10.713928 -20.343756 -7.765845 18.11577 -52.75845 -15.500319 31.11968 0.227983 -36.575752 -0.032125 -2.546086 -1.087517 -11.259267 -5.88211 9.86129 0.70259 -10.93688 -0.360576 7.156214 1e-06 8.774831 2e-06 -16.323256 18.166182 5.783954 -1.844033 2.498507 -2.507281 -10.163607 4.678948 4.621114 -20.97604 -2e-06 3e-06 -21.226301 2.451699 -3.594001 2e-06 -6e-06 1e-06 -1.362683 2.2408 -0.746323 -21.334934 0.58491 3.008329 -13.821225 -1e-06 3e-06 -23.887188 -0.249076 -0.839482 -60.449654 2.506346 -1.562566 -0.294025 1.679689 0.833257 -14.218222 0.093214 1.300582 -34.212082 -0.287563 0.967175 -20.033232 0.964538 1.212847 0.0 -1e-06 1e-06 -3.440392 0.788234 0.501656 -15.928201 -3.167311 2.999712 -6.33883 -0.0 1e-06 -18.123461 3.648184 -4.905674 -4e-06 1e-06 0.0 18.42655 10.90578 18.679192 53.085106 16.212742 28.30464 1.216957 46.100784 0.99298 1.327377 -1.176181 -2.12236 2.243542 -5.255037 -3.180159 14.282894 -0.826595 6.952503 -2e-06 -12.690607 -0.0 16.014349 -17.958065 2.461712 1.665667 -1.955923 -2.878298 4.7278 -4.170589 4.993924 11.020529 4e-06 -2e-06 12.109056 -3.735717 -2.866785 1e-06 0.0 0.0 1.291985 -1.928549 -1.498089 14.800132 0.567467 3.865606 14.242577 -1.341738 -6.660656 19.631973 0.143925 -0.648246 49.522141 -0.916224 -6.599284 0.353029 -1.511151 -0.031939 20.222799 3.68431 2.31663 18.787279 2e-06 -2e-06 10.751631 -0.479867 1.397906 -1e-06 -1e-06 -0.0 3.273808 0.305947 -0.580111 21.486818 11.830379 2.266133 8.16293 1e-06 -2e-06 18.39909 -3.798988 -4.940578 2e-06 -0.0 -2e-06 10.89535 12.388207 4.720243 -0.189333 -0.951397 31.931938 -3.878933 -21.156021 3.594629 2.130717 -1.592668 -23.548849 0.0 0.0 3e-06 6.659558 -9.411865 -28.789762 0.003118 -0.383598 19.28063 -1.344027 -2.403607 4.444696 -1.399999 1.085457 -1.643033 -0.0 -0.0 -1e-06 
0.0 0.0 0.0 0.0 -0.0 0.0 -4.329823 97.472939 191.979141 -3.302572 7.96356 3.531285 3.576939 -0.076647 -1.000199 0.358014 -1.066292 -5.827821 2.339384 -3.272107 12.32924 4.37467 -0.815609 25.540049 -0.611718 -0.419941 -3.7159 3.445979 -1.998016 2.87825 7.7e-05 -2.2e-05 7e-06 -0.101221 0.119227 -0.074231 0.630358 -3.635073 -10.720507 -0.823623 3.878739 -10.723378 -19.624601 -7.907276 18.112589 -53.358448 -16.120632 31.415777 0.229867 -36.912083 -0.126516 -2.235537 -0.929501 -10.414903 -5.882114 9.861295 0.702591 -10.936886 -0.360575 7.156212 1e-06 8.774835 -0.0 -16.271118 18.142239 5.836513 -1.844036 2.498507 -2.507279 -10.163614 4.678951 4.621113 -20.976053 -3e-06 1e-06 -21.226316 2.451699 -3.594005 2e-06 -6e-06 -0.0 -1.362683 2.240799 -0.746327 -21.334946 0.584911 3.008326 -13.821232 -2e-06 1e-06 -23.887203 -0.24908 -0.839485 -60.426853 2.518017 -1.551539 -0.294025 1.679688 0.833257 -14.218227 0.093216 1.30058 -34.212097 -0.287563 0.967167 -20.033241 0.964539 1.212844 2e-06 -1e-06 1e-06 -3.440393 0.788235 0.501655 -15.928206 -3.167312 2.999708 -6.338834 -0.0 -1e-06 -18.123472 3.648185 -4.905677 -4e-06 1e-06 -1e-06 18.145111 11.147382 18.503288 52.731731 16.237978 28.416115 1.135076 45.720192 0.967884 1.244622 -1.131098 -2.114238 2.243544 -5.25504 -3.180161 14.2829 -0.826595 6.952502 -3e-06 -12.690612 0.0 16.101072 -18.017773 2.464485 1.665668 -1.955923 -2.878299 4.727801 -4.170592 4.993925 11.020536 4e-06 -3e-06 12.109062 -3.735718 -2.866788 1e-06 0.0 1e-06 1.291987 -1.92855 -1.49809 14.800136 0.567468 3.865605 14.242584 -1.341736 -6.660664 19.631985 0.14393 -0.648248 49.555916 -0.99642 -6.601261 0.353031 -1.511152 -0.031939 20.222805 3.684312 2.316626 18.787287 7e-06 -5e-06 10.751636 -0.479866 1.397905 0.0 1e-06 -1e-06 3.27381 0.305947 -0.580113 21.486828 11.830385 2.266128 8.162933 3e-06 -4e-06 18.399097 -3.798984 -4.940584 2e-06 -0.0 -2e-06 12.262424 10.806477 0.736502 -0.212233 -0.943411 41.055431 -6.980079 -20.845919 10.077524 1.974992 -1.582934 -18.866604 -0.0 -0.0 1e-06 7.295603 -10.234367 -26.843218 -0.015461 -0.373664 20.72558 -1.653271 -2.791887 1.380901 -1.415476 1.092279 -1.226062 -0.0 0.0 -1e-06 
0.0 0.0 0.0 0.0 -0.0 0.0 -4.783505 97.737381 195.012283 -3.483775 8.754131 2.947157 3.916242 0.042013 -0.712271 0.361665 -1.002461 -5.675594 2.485198 -3.191594 12.266105 4.919688 -1.441682 25.584476 -0.634897 -0.468583 -3.732029 3.56305 -2.20599 2.488272 7.7e-05 -2.3e-05 6e-06 -0.106063 0.10668 -0.067828 0.629588 -3.649115 -10.736701 -0.833818 3.866198 -10.726727 -19.358576 -7.856411 18.138847 -53.569366 -16.917595 31.321024 0.100189 -37.101307 -0.118107 -1.58856 -0.816523 -9.873449 -5.882107 9.861286 0.702591 -10.936873 -0.360576 7.156209 2e-06 8.774826 1e-06 -16.166456 18.131226 5.953044 -1.844033 2.498505 -2.507276 -10.163603 4.678944 4.621112 -20.976027 -4e-06 2e-06 -21.226288 2.451697 -3.593998 2e-06 -5e-06 -0.0 -1.362681 2.2408 -0.746323 -21.334921 0.584909 3.008326 -13.821218 -4e-06 1e-06 -23.887175 -0.24908 -0.839481 -60.481728 2.556015 -1.556216 -0.294024 1.679688 0.833255 -14.218212 0.093214 1.30058 -34.212063 -0.287565 0.967172 -20.033216 0.964535 1.212845 0.0 -0.0 1e-06 -3.440389 0.788233 0.501656 -15.928189 -3.167311 2.999707 -6.338825 -0.0 2e-06 -18.123447 3.648183 -4.905673 -4e-06 2e-06 0.0 18.110428 11.342561 18.484825 52.107758 16.383383 28.89167 0.900902 45.076801 0.770155 1.282988 -1.183327 -1.766135 2.243545 -5.25504 -3.180161 14.282904 -0.826599 6.952506 -1e-06 -12.690612 2e-06 16.114578 -18.036007 2.507434 1.66567 -1.955923 -2.8783 4.727802 -4.170591 4.993926 11.020537 3e-06 -1e-06 12.109062 -3.735719 -2.866787 2e-06 0.0 -0.0 1.291987 -1.928552 -1.498091 14.800139 0.567466 3.865607 14.242585 -1.341739 -6.660665 19.631985 0.143925 -0.648248 49.637363 -1.007902 -6.586192 0.35303 -1.511152 -0.031939 20.222809 3.684312 2.316629 18.787292 3e-06 -4e-06 10.751638 -0.479869 1.397904 0.0 -0.0 -0.0 3.273809 0.305947 -0.580112 21.486832 11.830381 2.266134 8.162935 0.0 -3e-06 18.399099 -3.798988 -4.940579 3e-06 0.0 -1e-06 12.733537 9.386867 -3.200507 -0.167399 -0.917989 49.347904 -9.008982 -19.0284 12.296044 1.721903 -1.710207 -9.726578 0.0 -0.0 1e-06 7.67425 -11.246232 -24.572954 -0.070308 -0.320231 21.522278 -1.64711 -2.617494 -1.27626 -1.42037 1.094838 -1.253837 -0.0 0.0 -1e-06 
0.0 0.0 0.0 0.0 -0.0 0.0 -5.1469 98.029015 198.016769 -3.399204 8.955967 2.394576 4.058071 0.178798 -0.535541 0.341001 -0.889331 -5.560646 2.472229 -3.00965 12.313931 5.197149 -1.792793 25.740845 -0.600491 -0.513447 -3.701394 3.69802 -2.276979 2.26239 7.7e-05 -2.2e-05 7e-06 -0.100066 0.081835 -0.076104 0.622297 -3.674042 -10.756301 -0.816461 3.841674 -10.742684 -19.349316 -7.565391 18.187382 -53.65786 -17.550623 30.709064 -0.040268 -37.375553 -0.019583 -0.70426 -0.777436 -9.94702 -5.882107 9.861288 0.702589 -10.936877 -0.360575 7.156208 1e-06 8.774828 -1e-06 -16.099142 18.175743 5.993284 -1.844033 2.498504 -2.507277 -10.163604 4.678945 4.621109 -20.97603 -4e-06 3e-06 -21.226292 2.451697 -3.594 2e-06 -5e-06 -0.0 -1.362682 2.240798 -0.746323 -21.334921 0.584909 3.008322 -13.821215 -3e-06 1e-06 -23.887177 -0.24908 -0.839481 -60.448235 2.620692 -1.651451 -0.294026 1.679687 0.833254 -14.218213 0.093215 1.30058 -34.212063 -0.287566 0.967172 -20.033218 0.964536 1.212847 0.0 -0.0 1e-06 -3.44039 0.788232 0.501656 -15.928192 -3.16731 2.999709 -6.338826 1e-06 0.0 -18.123453 3.648181 -4.905673 -4e-06 1e-06 -1e-06 18.219568 11.477448 18.675898 51.534637 16.636358 29.229139 0.770179 44.228844 0.621888 1.266202 -1.227872 -1.706954 2.243543 -5.255036 -3.180158 14.282887 -0.826594 6.952499 -3e-06 -12.6906 0.0 16.118059 -18.004738 2.550886 1.665666 -1.955921 -2.878298 4.727798 -4.170586 4.993923 11.020524 3e-06 -1e-06 12.10905 -3.735713 -2.866785 1e-06 0.0 -0.0 1.291986 -1.928549 -1.498088 14.800125 0.567467 3.865606 14.242571 -1.341735 -6.660658 19.631962 0.143926 -0.648245 49.709156 -1.018956 -6.60391 0.35303 -1.511151 -0.031938 20.222786 3.684308 2.316628 18.78727 5e-06 -3e-06 10.751625 -0.479867 1.397904 -1e-06 1e-06 -0.0 3.273806 0.305946 -0.58011 21.486809 11.830371 2.266131 8.162926 1e-06 -1e-06 18.39908 -3.798983 -4.940576 3e-06 -1e-06 -1e-06 12.420454 8.93577 -6.529011 -0.193228 -0.833372 55.121784 -7.535507 -16.021099 8.994111 1.671889 -1.769766 -6.41912 0.0 -0.0 0.0 7.692208 -12.058349 -21.942028 -0.100803 -0.314894 21.583773 -1.45095 -2.118113 -3.488325 -1.413322 1.093489 -1.383991 0.0 0.0 -1e-06 
0.0 0.0 0.0 0.0 -0.0 0.0 -5.466164 98.318329 201.00975 -3.127989 8.78681 1.957549 4.068732 0.299725 -0.426977 0.276912 -0.747553 -5.492357 2.312628 -2.803928 12.37104 5.322865 -1.952466 25.908705 -0.566549 -0.450197 -3.66085 3.870557 -2.340928 2.216767 7.7e-05 -2.2e-05 7e-06 -0.094479 0.071342 -0.083948 0.612023 -3.682907 -10.752987 -0.796582 3.829838 -10.739213 -19.31691 -7.183463 18.159161 -53.781281 -17.791718 29.840441 -0.143208 -38.020405 0.085608 0.152738 -0.772358 -10.228538 -5.882108 9.861287 0.70259 -10.936878 -0.360578 7.156205 2e-06 8.77483 -0.0 -16.045612 18.238415 5.985883 -1.844034 2.498505 -2.507277 -10.163606 4.678946 4.621108 -20.97604 -9e-06 2e-06 -21.226301 2.451693 -3.594 1e-06 -6e-06 -1e-06 -1.362682 2.240799 -0.746323 -21.33493 0.584904 3.008324 -13.821223 -6e-06 0.0 -23.887188 -0.249085 -0.839481 -60.338943 2.679494 -1.733425 -0.294024 1.679689 0.833256 -14.218221 0.093212 1.300581 -34.212078 -0.287572 0.967174 -20.03323 0.964534 1.212847 0.0 -0.0 1e-06 -3.440391 0.788234 0.501655 -15.928201 -3.167315 2.999707 -6.33883 -4e-06 -1e-06 -18.123459 3.64818 -4.905672 -4e-06 -1e-06 -2e-06 18.331034 11.571685 18.959755 51.342171 16.867174 29.414347 0.701041 43.252407 0.540126 1.271193 -1.255706 -2.115661 2.243543 -5.255038 -3.180159 14.282894 -0.826594 6.952505 -5e-06 -12.690611 1e-06 16.146074 -17.963547 2.552532 1.665667 -1.955921 -2.8783 4.727799 -4.170588 4.993927 11.020528 5e-06 -2e-06 12.109053 -3.735715 -2.866786 1e-06 0.0 -0.0 1.291985 -1.92855 -1.49809 14.800131 0.567471 3.865609 14.242573 -1.341735 -6.66066 19.631971 0.14393 -0.648243 49.780098 -1.001871 -6.666928 0.35303 -1.511152 -0.031939 20.222797 3.684313 2.31663 18.787279 8e-06 1e-06 10.75163 -0.479867 1.397908 -1e-06 -0.0 -0.0 3.273806 0.305948 -0.580112 21.486818 11.830384 2.266134 8.162928 1e-06 -0.0 18.399084 -3.798985 -4.940574 3e-06 -1e-06 -1e-06 11.497107 9.404644 -9.596045 -0.2489 -0.677092 57.990883 -5.259815 -12.628756 4.691554 1.696568 -1.779976 -5.725513 -0.0 -0.0 1e-06 7.40714 -12.475579 -19.141241 -0.079086 -0.34803 21.131598 -1.200398 -1.650049 -5.371018 -1.405566 1.08913 -1.429147 0.0 -0.0 -1e-06 
0.0 0.0 0.0 0.0 -0.0 0.0 -5.764204 98.538681 204.002502 -2.832501 8.336117 1.670939 4.059182 0.400818 -0.32383 0.207246 -0.592583 -5.456017 2.065586 -2.586348 12.357791 5.357338 -1.940394 25.981228 -0.582899 -0.3533 -3.642975 4.072446 -2.410426 2.221887 7.7e-05 -2.2e-05 7e-06 -0.092046 0.076608 -0.08873 0.609241 -3.678113 -10.738995 -0.790293 3.835389 -10.726984 -19.261496 -6.818607 18.067228 -53.850582 -17.70941 29.098846 -0.157814 -39.034534 0.165808 0.883832 -0.808864 -10.553805 -5.882106 9.861285 0.702593 -10.936873 -0.360576 7.156205 1e-06 8.774826 0.0 -15.989303 18.27051 5.979971 -1.844031 2.498503 -2.507278 -10.163599 4.678944 4.621109 -20.976027 -6e-06 4e-06 -21.226288 2.451695 -3.593998 2e-06 -7e-06 -1e-06 -1.362681 2.240798 -0.746323 -21.334917 0.584906 3.008325 -13.821217 -5e-06 3e-06 -23.887175 -0.249082 -0.839479 -60.257561 2.698849 -1.783833 -0.294024 1.679688 0.833256 -14.21821 0.093213 1.300582 -34.212048 -0.287567 0.967175 -20.033216 0.964535 1.212846 -0.0 1e-06 1e-06 -3.440389 0.788233 0.501656 -15.928189 -3.167312 2.99971 -6.338825 -2e-06 1e-06 -18.123444 3.64818 -4.905669 -5e-06 -0.0 -3e-06 18.327858 11.675731 19.185852 51.556564 16.99621 29.76058 0.618103 42.283646 0.444993 1.427882 -1.286745 -2.723717 2.243541 -5.255037 -3.180157 14.282892 -0.82659 6.952503 -6e-06 -12.690609 2e-06 16.186813 -17.935497 2.54377 1.665667 -1.955922 -2.878299 4.727798 -4.17059 4.993927 11.020528 6e-06 -0.0 12.109052 -3.735714 -2.866783 1e-06 0.0 -0.0 1.291986 -1.928551 -1.498089 14.800132 0.567472 3.865608 14.242574 -1.341733 -6.660657 19.631971 0.143931 -0.648242 49.842289 -0.996407 -6.723003 0.353029 -1.51115 -0.031942 20.222795 3.684314 2.31663 18.787273 8e-06 1e-06 10.751627 -0.479867 1.397907 -0.0 -0.0 -0.0 3.273808 0.305948 -0.580112 21.486818 11.830384 2.266134 8.162929 1e-06 -1e-06 18.399084 -3.798984 -4.940574 3e-06 -1e-06 -1e-06 10.204801 10.405147 -12.578144 -0.268138 -0.496639 58.126118 -4.090018 -10.058902 1.103858 1.713561 -1.771215 -5.525997 0.0 0.0 0.0 7.06371 -12.587036 -16.385653 -0.036853 -0.394648 20.451395 -0.947366 -1.230006 -7.082455 -1.404365 1.080079 -1.431123 -0.0 0.0 -1e-06 
0.0 0.0 0.0 0.0 -0.0 0.0 -6.068796 98.669853 206.991531 -2.621558 7.668592 1.565883 4.075213 0.461237 -0.250814 0.159399 -0.395146 -5.435061 1.800942 -2.405406 12.295903 5.287605 -1.778091 25.897266 -0.631145 -0.31002 -3.646723 4.280723 -2.454025 2.242004 7.6e-05 -2.3e-05 7e-06 -0.088252 0.081804 -0.093868 0.618874 -3.672921 -10.723965 -0.793209 3.839539 -10.714565 -19.273016 -6.489084 17.91736 -53.756172 -17.453022 28.672117 -0.131053 -40.231026 0.227557 1.41814 -0.865281 -10.749237 -5.882106 9.86129 0.702592 -10.936873 -0.360579 7.156206 3e-06 8.774831 -3e-06 -15.95642 18.272577 5.986055 -1.844033 2.498505 -2.507278 -10.163601 4.678945 4.621107 -20.97603 -1e-05 -1e-06 -21.226288 2.451694 -3.594002 1e-06 -6e-06 -0.0 -1.362682 2.240799 -0.746324 -21.334917 0.584903 3.00832 -13.821215 -6e-06 -1e-06 -23.887175 -0.249087 -0.839481 -60.244476 2.673404 -1.779996 -0.294024 1.679688 0.833255 -14.218214 0.093211 1.300581 -34.212059 -0.287577 0.967169 -20.033218 0.964529 1.212847 1e-06 -1e-06 1e-06 -3.440389 0.788233 0.501656 -15.928191 -3.167316 2.999705 -6.338827 -3e-06 -0.0 -18.123453 3.648182 -4.905673 -5e-06 1e-06 -1e-06 18.290104 11.780341 19.344187 51.926517 17.021505 30.379477 0.510764 41.51091 0.347072 1.746883 -1.277466 -3.433522 2.243545 -5.25504 -3.18016 14.282905 -0.826596 6.952504 -2e-06 -12.690613 1e-06 16.239395 -17.930071 2.564638 1.665667 -1.955923 -2.878302 4.727804 -4.170591 4.993927 11.020538 4e-06 -2e-06 12.109063 -3.735719 -2.866786 1e-06 0.0 -0.0 1.291988 -1.928551 -1.49809 14.800144 0.56747 3.865608 14.242588 -1.341738 -6.660665 19.631987 0.143928 -0.648247 49.921585 -1.001664 -6.718941 0.35303 -1.511153 -0.03194 20.222815 3.684315 2.316629 18.787294 7e-06 -5e-06 10.751639 -0.479866 1.397905 1e-06 0.0 -1e-06 3.27381 0.305947 -0.580111 21.486839 11.830388 2.266133 8.162936 1e-06 -3e-06 18.399099 -3.798984 -4.940581 3e-06 -1e-06 -3e-06 8.711872 11.648811 -15.560931 -0.226325 -0.283674 55.777542 -4.131473 -8.766192 -1.629933 1.708892 -1.748174 -5.443198 -1e-06 -0.0 0.0 6.884366 -12.553364 -13.709293 0.004045 -0.435298 19.581472 -0.777263 -0.794974 -8.679605 -1.408486 1.064147 -1.456809 0.0 0.0 -1e-06 
0.0 0.0 0.0 0.0 -0.0 0.0 -6.34979 98.703636 209.900803 -2.512147 6.945738 1.608136 4.090825 0.461975 -0.21232 0.125773 -0.184208 -5.427341 1.573033 -2.271537 12.231145 5.136689 -1.561677 25.680874 -0.681201 -0.295155 -3.671442 4.454261 -2.489189 2.311829 7.7e-05 -2.2e-05 7e-06 -0.08759 0.088518 -0.101077 0.625661 -3.668322 -10.717325 -0.79912 3.846313 -10.707725 -19.320614 -6.24791 17.822435 -53.55658 -17.245773 28.597855 -0.056548 -41.309772 0.239394 1.725174 -0.872191 -10.718001 -5.882105 9.861284 0.702589 -10.93687 -0.360575 7.156201 1e-06 8.774824 -1e-06 -15.950216 18.258394 6.011436 -1.844033 2.498503 -2.507276 -10.1636 4.678945 4.621108 -20.976023 -5e-06 2e-06 -21.226286 2.451696 -3.593999 -0.0 -7e-06 -1e-06 -1.362681 2.240798 -0.746324 -21.334913 0.584908 3.008324 -13.821213 -4e-06 2e-06 -23.887167 -0.249078 -0.839482 -60.316826 2.627209 -1.699553 -0.294025 1.679687 0.833257 -14.218207 0.093214 1.30058 -34.212044 -0.287565 0.967171 -20.033209 0.964537 1.212842 0.0 -1e-06 1e-06 -3.440389 0.788232 0.501656 -15.928185 -3.167308 2.999709 -6.338825 -2e-06 -0.0 -18.123444 3.648181 -4.905671 -4e-06 -0.0 -1e-06 18.266005 11.8461 19.468313 52.300114 16.924074 31.087568 0.461328 41.083843 0.304799 2.107623 -1.194056 -4.129428 2.243541 -5.255037 -3.180159 14.282892 -0.826593 6.952504 -4e-06 -12.690605 1e-06 16.284994 -17.920261 2.603992 1.665666 -1.955922 -2.8783 4.727798 -4.170588 4.993925 11.020528 4e-06 -2e-06 12.109053 -3.735713 -2.866786 1e-06 1e-06 -0.0 1.291985 -1.928548 -1.498091 14.800129 0.567468 3.865607 14.242573 -1.341736 -6.660657 19.631969 0.14393 -0.648245 49.990414 -0.96486 -6.656965 0.353029 -1.51115 -0.031941 20.222794 3.684311 2.316628 18.787273 6e-06 -3e-06 10.75163 -0.479866 1.397907 0.0 -1e-06 -1e-06 3.273808 0.305948 -0.580111 21.486813 11.830378 2.266131 8.162928 0.0 -2e-06 18.39908 -3.798984 -4.940574 3e-06 -1e-06 -2e-06 7.072863 12.898057 -18.471468 -0.140996 -0.061381 51.405315 -4.684495 -8.154201 -3.594589 1.710665 -1.733231 -5.344507 0.0 0.0 2e-06 6.719424 -12.509903 -11.347586 0.044357 -0.438331 18.616922 -0.557155 -0.266252 -10.063954 -1.414232 1.048056 -1.472169 0.0 -0.0 -1e-06 
0.0 0.0 0.0 0.0 -0.0 0.0 -6.579788 98.649857 212.701553 -2.487128 6.20186 1.768808 4.088633 0.403231 -0.196424 0.094885 0.01782 -5.421501 1.404441 -2.182734 12.160141 4.904493 -1.336397 25.420263 -0.712428 -0.265577 -3.701314 4.572427 -2.487488 2.4482 7.7e-05 -2.2e-05 5e-06 -0.092338 0.102613 -0.107459 0.622934 -3.660491 -10.724909 -0.806141 3.863864 -10.714673 -19.451967 -6.079253 17.797785 -53.280285 -17.157457 28.788828 0.039472 -42.14436 0.21583 1.879132 -0.843802 -10.522456 -5.882113 9.861295 0.70259 -10.93688 -0.360574 7.156208 -1e-06 8.774831 -1e-06 -15.926688 18.226795 6.031409 -1.844034 2.498507 -2.507279 -10.16361 4.678949 4.621109 -20.97604 -3e-06 -3e-06 -21.226305 2.451697 -3.594007 -1e-06 -6e-06 -1e-06 -1.362683 2.2408 -0.746324 -21.33493 0.584912 3.00832 -13.821223 -3e-06 -3e-06 -23.88719 -0.249081 -0.839489 -60.335487 2.568058 -1.576769 -0.294025 1.679689 0.833256 -14.218221 0.093217 1.300579 -34.212074 -0.287565 0.967162 -20.033232 0.964535 1.212842 1e-06 0.0 2e-06 -3.440391 0.788233 0.501656 -15.928198 -3.167309 2.999707 -6.338832 -1e-06 -1e-06 -18.123465 3.648185 -4.905679 -4e-06 1e-06 -2e-06 18.262276 11.876921 19.56856 52.614288 16.75164 31.930458 0.476474 40.9104 0.319747 2.484352 -1.022909 -4.831622 2.243545 -5.25504 -3.180161 14.282902 -0.826596 6.952504 -2e-06 -12.69061 1e-06 16.315088 -17.916029 2.636647 1.665668 -1.955923 -2.8783 4.727802 -4.170591 4.993926 11.020536 2e-06 -3e-06 12.109062 -3.735719 -2.866789 1e-06 0.0 1e-06 1.291987 -1.928552 -1.49809 14.800139 0.567469 3.865605 14.242584 -1.341736 -6.660664 19.631985 0.143929 -0.64825 50.011887 -0.892568 -6.558181 0.353028 -1.511151 -0.03194 20.222805 3.684313 2.316625 18.787289 5e-06 -5e-06 10.751636 -0.479868 1.397904 1e-06 -1e-06 -0.0 3.27381 0.305948 -0.580112 21.48683 11.830379 2.266128 8.162933 1e-06 -4e-06 18.399099 -3.798985 -4.940583 3e-06 -1e-06 -2e-06 5.260392 14.077108 -21.294243 -0.038117 0.127921 45.426476 -5.552111 -7.854308 -4.447179 1.723637 -1.75025 -5.294934 0.0 -1e-06 2e-06 6.618299 -12.526291 -9.107763 0.074596 -0.390129 17.598196 -0.356323 0.399857 -11.380095 -1.41962 1.027492 -1.441536 -0.0 -0.0 -1e-06 
0.0 0.0 0.0 0.0 -0.0 0.0 -6.732575 98.528458 215.438248 -2.528888 5.408807 2.045561 4.061623 0.319073 -0.205613 0.05852 0.175302 -5.421362 1.309835 -2.097078 12.076312 4.585498 -1.095886 25.190908 -0.707993 -0.203965 -3.711664 4.642962 -2.420774 2.630944 7.7e-05 -2.2e-05 4e-06 -0.095252 0.11554 -0.10753 0.620474 -3.657563 -10.744126 -0.809425 3.884315 -10.736946 -19.678272 -5.975143 17.741713 -52.977428 -17.099134 29.176493 0.15589 -42.717598 0.189224 1.895337 -0.844167 -10.15729 -5.882107 9.861286 0.702589 -10.936873 -0.360575 7.156204 1e-06 8.774826 0.0 -15.876365 18.183897 6.042284 -1.844032 2.498505 -2.507279 -10.163601 4.678946 4.621109 -20.976027 -4e-06 -2e-06 -21.226294 2.451694 -3.594005 -0.0 -7e-06 -2e-06 -1.362682 2.240798 -0.746323 -21.334917 0.584906 3.00832 -13.821214 -4e-06 -1e-06 -23.887171 -0.249082 -0.839485 -60.285919 2.526752 -1.479032 -0.294025 1.679687 0.833257 -14.218209 0.093215 1.30058 -34.212051 -0.287565 0.967169 -20.033215 0.964534 1.212842 0.0 -0.0 2e-06 -3.440388 0.788232 0.501654 -15.928189 -3.167311 2.999704 -6.338827 -2e-06 -1e-06 -18.123447 3.648183 -4.905672 -4e-06 -0.0 -2e-06 18.249142 11.878547 19.631449 52.859894 16.588951 33.076328 0.454803 40.787964 0.355611 2.890171 -0.819353 -5.535432 2.243542 -5.255039 -3.180158 14.282893 -0.826593 6.952501 -4e-06 -12.690609 -1e-06 16.346107 -17.946609 2.67738 1.665668 -1.955921 -2.878299 4.727798 -4.170589 4.993924 11.020528 5e-06 -5e-06 12.109054 -3.735716 -2.866787 1e-06 0.0 -0.0 1.291986 -1.928551 -1.498091 14.800129 0.56747 3.865605 14.242576 -1.341736 -6.660661 19.631973 0.143929 -0.648246 50.018909 -0.83436 -6.46317 0.353028 -1.511151 -0.031941 20.222797 3.684314 2.316628 18.787275 6e-06 -2e-06 10.751627 -0.479867 1.397905 0.0 -1e-06 -0.0 3.273807 0.305946 -0.580112 21.486818 11.830383 2.26613 8.162929 2e-06 -3e-06 18.399084 -3.798981 -4.940579 5e-06 -0.0 -1e-06 3.300443 15.097178 -23.952177 0.060549 0.272879 38.488007 -6.731368 -7.439468 -4.047926 1.726394 -1.781708 -5.213717 -0.0 -0.0 2e-06 6.569814 -12.551123 -6.950014 0.067084 -0.308567 16.46315 -0.241851 1.122095 -12.572224 -1.425559 0.9953 -1.396192 -0.0 -0.0 -1e-06 
0.0 0.0 0.0 0.0 -0.0 0.0 -6.804068 98.354942 218.192841 -2.586986 4.549423 2.398717 3.975901 0.234475 -0.258087 0.017582 0.261976 -5.436646 1.28006 -1.975738 12.037882 4.188852 -0.82011 24.996883 -0.653957 -0.132617 -3.692239 4.694095 -2.327715 2.915989 7.7e-05 -2.2e-05 6e-06 -0.093153 0.123775 -0.102604 0.624074 -3.659574 -10.770916 -0.808785 3.901349 -10.765936 -19.988455 -5.908582 17.628162 -52.708649 -17.010496 29.47871 0.232617 -43.085499 0.163878 1.783864 -0.86241 -9.614742 -5.882107 9.861286 0.702592 -10.936873 -0.360574 7.156208 0.0 8.774827 -2e-06 -15.808513 18.16651 6.057906 -1.844033 2.498504 -2.507277 -10.163602 4.678946 4.62111 -20.976028 -2e-06 3e-06 -21.226294 2.4517 -3.594002 0.0 -5e-06 -1e-06 -1.362682 2.240799 -0.746324 -21.334917 0.58491 3.008324 -13.821214 -3e-06 1e-06 -23.887171 -0.249076 -0.839481 -60.207092 2.526069 -1.405336 -0.294025 1.679687 0.833256 -14.218211 0.093214 1.30058 -34.212051 -0.287562 0.967174 -20.033218 0.964536 1.212842 0.0 -0.0 1e-06 -3.440389 0.788235 0.501655 -15.928189 -3.16731 2.99971 -6.338827 -2e-06 0.0 -18.123453 3.64818 -4.905671 -5e-06 1e-06 0.0 18.24473 11.864786 19.634205 53.014687 16.448298 34.376102 0.432016 40.615479 0.419665 3.236924 -0.614423 -6.096499 2.243542 -5.255036 -3.180156 14.282887 -0.826595 6.952498 -2e-06 -12.6906 -2e-06 16.38393 -18.011511 2.716627 1.665666 -1.955921 -2.8783 4.727797 -4.170586 4.993919 11.020524 4e-06 -4e-06 12.10905 -3.735715 -2.866784 1e-06 0.0 -0.0 1.291985 -1.92855 -1.498089 14.800123 0.567468 3.865604 14.242569 -1.341737 -6.660658 19.631962 0.143929 -0.648245 50.047447 -0.802919 -6.412038 0.353029 -1.51115 -0.031939 20.222786 3.684311 2.316629 18.78727 6e-06 -3e-06 10.751625 -0.479869 1.397904 0.0 -1e-06 1e-06 3.273807 0.305948 -0.58011 21.486809 11.830374 2.266131 8.162924 -0.0 -3e-06 18.399076 -3.798984 -4.940578 3e-06 -0.0 -2e-06 1.273561 15.80077 -26.321308 0.126871 0.375198 31.222284 -8.1579 -6.682946 -2.578625 1.721247 -1.827077 -4.913445 0.0 -0.0 2e-06 6.487761 -12.567024 -4.774586 0.036244 -0.233872 15.097962 -0.236727 1.888358 -13.624725 -1.43306 0.957348 -1.368042 -0.0 -0.0 -1e-06 
0.0 0.0 0.0 0.0 -0.0 0.0 -6.802346 98.123299 221.016281 -2.577798 3.539083 2.776728 3.752994 0.186162 -0.348622 -0.013564 0.291295 -5.470263 1.280892 -1.816231 12.101296 3.755034 -0.509024 24.822317 -0.591639 -0.072674 -3.656439 4.714123 -2.194082 3.297155 7.6e-05 -2.2e-05 5e-06 -0.090317 0.12884 -0.09661 0.630098 -3.664032 -10.802692 -0.80938 3.915293 -10.798841 -20.393629 -5.843725 17.471029 -52.481033 -16.882563 29.437464 0.225262 -43.313286 0.137681 1.591284 -0.895968 -9.006426 -5.88211 9.861292 0.702591 -10.936878 -0.360575 7.15621 1e-06 8.774831 -0.0 -15.756733 18.15893 6.075597 -1.844033 2.498506 -2.507279 -10.163604 4.678948 4.621111 -20.976036 -1e-06 2e-06 -21.226297 2.4517 -3.594003 1e-06 -5e-06 0.0 -1.362682 2.2408 -0.746324 -21.334925 0.58491 3.008325 -13.82122 -2e-06 1e-06 -23.887184 -0.24908 -0.839483 -60.150738 2.536376 -1.331111 -0.294025 1.67969 0.833255 -14.218216 0.093214 1.300582 -34.212067 -0.287563 0.96717 -20.033226 0.964538 1.212842 1e-06 -1e-06 1e-06 -3.440389 0.788232 0.501656 -15.928194 -3.16731 2.999708 -6.338828 0.0 1e-06 -18.123455 3.648188 -4.905673 -4e-06 1e-06 -1e-06 18.259951 11.874083 19.56846 53.062531 16.267258 35.635921 0.406616 40.450394 0.462734 3.541913 -0.451731 -6.35599 2.243543 -5.255039 -3.180156 14.282896 -0.826595 6.952503 -2e-06 -12.690609 -0.0 16.407127 -18.072275 2.756113 1.665667 -1.955922 -2.878298 4.7278 -4.170588 4.993921 11.020531 3e-06 -2e-06 12.109057 -3.735717 -2.866785 2e-06 0.0 -0.0 1.291986 -1.92855 -1.498091 14.800136 0.567469 3.865605 14.24258 -1.341736 -6.660657 19.631975 0.143927 -0.648244 50.083145 -0.805732 -6.390722 0.35303 -1.51115 -0.031939 20.222801 3.68431 2.316628 18.787283 6e-06 -1e-06 10.751633 -0.47987 1.397905 -0.0 -0.0 -1e-06 3.273808 0.305947 -0.580111 21.486824 11.830379 2.266131 8.16293 -1e-06 -3e-06 18.399088 -3.798983 -4.940579 4e-06 -1e-06 -1e-06 -0.80804 16.277452 -28.3522 0.132373 0.438899 23.952034 -9.854153 -5.796583 -0.153732 1.71112 -1.873445 -4.536247 0.0 1e-06 2e-06 6.216966 -12.527109 -2.480044 0.005129 -0.184427 13.549306 -0.347212 2.824314 -14.590299 -1.440359 0.926868 -1.325526 0.0 -0.0 -1e-06 
0.0 0.0 0.0 0.0 -0.0 0.0 -6.732331 97.823372 223.908951 -2.496735 2.337665 3.161949 3.401444 0.173584 -0.476655 -0.043754 0.318012 -5.529813 1.27911 -1.667314 12.264326 3.312521 -0.135491 24.665735 -0.577976 -0.097616 -3.623538 4.674043 -2.049257 3.662435 7.7e-05 -2.3e-05 6e-06 -0.081997 0.121651 -0.093781 0.645924 -3.679144 -10.833114 -0.80936 3.916007 -10.831993 -20.863623 -5.721282 17.314421 -52.267372 -16.743029 28.979158 0.119041 -43.44035 0.126425 1.428502 -1.041787 -8.451818 -5.882109 9.861292 0.702589 -10.936877 -0.360576 7.156206 1e-06 8.774831 0.0 -15.732804 18.133894 6.106723 -1.844034 2.498507 -2.507279 -10.163606 4.678947 4.621109 -20.97604 -4e-06 3e-06 -21.226301 2.451696 -3.594 -0.0 -6e-06 -1e-06 -1.362682 2.240798 -0.746324 -21.334929 0.584908 3.008325 -13.821221 -4e-06 2e-06 -23.887182 -0.249082 -0.839483 -60.147308 2.542193 -1.24431 -0.294025 1.679689 0.833254 -14.218219 0.093212 1.30058 -34.212074 -0.287569 0.967171 -20.033228 0.964534 1.212845 1e-06 -1e-06 1e-06 -3.440391 0.788232 0.501656 -15.928196 -3.167313 2.999707 -6.338829 -2e-06 2e-06 -18.123459 3.648181 -4.905674 -4e-06 1e-06 -1e-06 18.300053 11.940811 19.547949 52.995922 16.065765 36.606647 0.382735 40.430744 0.46142 3.80654 -0.358082 -6.435679 2.243543 -5.255039 -3.18016 14.282896 -0.826597 6.952505 -3e-06 -12.69061 -0.0 16.388357 -18.110577 2.790771 1.665667 -1.955922 -2.878299 4.727799 -4.170588 4.993926 11.020529 3e-06 -2e-06 12.109056 -3.735718 -2.866786 1e-06 0.0 -0.0 1.291986 -1.928549 -1.49809 14.800132 0.567467 3.865608 14.242577 -1.341735 -6.660661 19.631973 0.143927 -0.648245 50.121128 -0.840287 -6.378257 0.35303 -1.511151 -0.031939 20.222799 3.684309 2.31663 18.787283 5e-06 -2e-06 10.751633 -0.479869 1.397905 -0.0 0.0 0.0 3.273807 0.305949 -0.58011 21.48682 11.830381 2.266133 8.162929 -1e-06 -2e-06 18.399088 -3.798988 -4.940577 3e-06 -0.0 -2e-06 -2.707797 16.442711 -29.895851 0.048884 0.435192 16.893417 -11.766574 -4.904174 2.748899 1.693832 -1.90113 -4.258885 0.0 0.0 2e-06 5.65864 -12.310509 0.005128 -0.020784 -0.167075 11.830341 -0.467784 3.909013 -15.511328 -1.445385 0.913948 -1.359175 0.0 -0.0 -1e-06 
0.0 0.0 0.0 0.0 -0.0 0.0 -6.617373 97.457489 226.892609 -2.384124 0.925247 3.537149 2.979188 0.166528 -0.638777 -0.09249 0.371408 -5.605098 1.246024 -1.54383 12.455314 2.817795 0.310523 24.632833 -0.593313 -0.161666 -3.613953 4.55375 -1.921285 3.828994 7.6e-05 -2.2e-05 5e-06 -0.063669 0.096803 -0.089306 0.671287 -3.708024 -10.836779 -0.799334 3.895473 -10.836488 -21.365656 -5.487455 17.22875 -51.957363 -16.651367 28.259563 -0.071734 -43.519543 0.162648 1.316618 -1.395212 -8.15781 -5.882107 9.861284 0.70259 -10.936872 -0.360575 7.156208 -0.0 8.774824 -1e-06 -15.726338 18.123472 6.152949 -1.844033 2.498507 -2.507279 -10.163601 4.678945 4.621107 -20.976027 -3e-06 2e-06 -21.226288 2.451696 -3.594003 0.0 -7e-06 0.0 -1.362682 2.240798 -0.746324 -21.334913 0.584909 3.008324 -13.821214 -3e-06 1e-06 -23.887167 -0.249077 -0.839484 -60.224968 2.568023 -1.168628 -0.294024 1.679689 0.833257 -14.218209 0.093215 1.300579 -34.212051 -0.287566 0.967171 -20.033211 0.964536 1.212844 1e-06 -1e-06 1e-06 -3.44039 0.788233 0.501655 -15.928187 -3.16731 2.999705 -6.338825 -0.0 2e-06 -18.123444 3.648183 -4.905672 -4e-06 1e-06 -0.0 18.407976 12.049311 19.610411 52.786079 15.861505 37.44873 0.269256 40.618965 0.393497 4.047743 -0.261688 -6.737091 2.243541 -5.255038 -3.180158 14.282892 -0.826596 6.952505 -3e-06 -12.690608 1e-06 16.357353 -18.145 2.818278 1.665666 -1.955922 -2.878298 4.727798 -4.170589 4.993926 11.020527 4e-06 -2e-06 12.109052 -3.735715 -2.866785 1e-06 1e-06 -0.0 1.291986 -1.92855 -1.49809 14.800129 0.567466 3.865608 14.242575 -1.341736 -6.66066 19.631966 0.143928 -0.648245 50.15873 -0.864601 -6.36319 0.353028 -1.51115 -0.031941 20.222794 3.684312 2.316629 18.787273 4e-06 -2e-06 10.751631 -0.479867 1.397906 0.0 0.0 -2e-06 3.273808 0.305947 -0.580112 21.486814 11.830376 2.266132 8.162929 -1e-06 -2e-06 18.399084 -3.798986 -4.940578 3e-06 -0.0 -1e-06 -4.017719 15.962749 -30.86788 -0.083925 0.334123 10.465295 -13.682825 -3.89622 4.946447 1.650214 -1.930867 -4.144226 -0.0 0.0 3e-06 4.973895 -11.828771 2.75549 -0.034026 -0.199601 9.604087 -0.553098 5.017484 -16.221489 -1.449011 0.908814 -1.613789 0.0 -0.0 -1e-06 
0.0 0.0 0.0 0.0 -0.0 0.0 -6.4979 97.071861 230.058594 -2.254723 -0.714405 3.873162 2.470021 0.182724 -0.795258 -0.153723 0.502608 -5.720127 1.201408 -1.403477 12.649117 2.228276 0.762704 24.816418 -0.599042 -0.087338 -3.533662 4.425329 -1.88765 3.707365 7.7e-05 -2.3e-05 6e-06 -0.078068 0.117175 -0.065478 0.655805 -3.693926 -10.822124 -0.813396 3.92325 -10.814441 -21.925659 -5.305558 17.227018 -51.467308 -16.618574 27.525 -0.201178 -43.471558 0.200912 1.07508 -1.771659 -8.299891 -5.882108 9.861288 0.702591 -10.936875 -0.360575 7.156206 1e-06 8.774828 0.0 -15.814994 18.111242 6.07563 -1.844033 2.498506 -2.50728 -10.163604 4.678947 4.621109 -20.976034 -4e-06 0.0 -21.226295 2.451696 -3.594002 0.0 -7e-06 -0.0 -1.362681 2.2408 -0.746324 -21.334925 0.584907 3.008322 -13.821218 -0.0 1e-06 -23.887178 -0.249079 -0.839485 -60.342125 2.56016 -1.13492 -0.294024 1.679689 0.833256 -14.218215 0.093215 1.300579 -34.212067 -0.287564 0.967168 -20.033226 0.964538 1.212841 1e-06 -1e-06 1e-06 -3.440391 0.788234 0.501656 -15.928192 -3.16731 2.999707 -6.338828 -1e-06 1e-06 -18.123457 3.648184 -4.905673 -4e-06 1e-06 -1e-06 18.644159 12.148383 19.695562 52.408222 15.62571 38.328861 -0.057081 40.92297 0.259999 4.366637 -0.155274 -7.556914 2.243541 -5.255039 -3.180158 14.282896 -0.826593 6.952505 -4e-06 -12.690609 0.0 16.356504 -18.245424 2.813864 1.665667 -1.955923 -2.8783 4.727799 -4.170588 4.993924 11.020529 5e-06 -2e-06 12.109055 -3.735718 -2.866786 -0.0 0.0 1e-06 1.291986 -1.928549 -1.498088 14.800134 0.567472 3.865607 14.242577 -1.341736 -6.660657 19.631973 0.143927 -0.648243 50.352451 -0.925409 -6.347171 0.353029 -1.511152 -0.03194 20.222797 3.684314 2.316631 18.787279 8e-06 -0.0 10.751632 -0.479867 1.397906 -0.0 -0.0 -1e-06 3.273807 0.305947 -0.580113 21.486824 11.830383 2.266134 8.16293 1e-06 -2e-06 18.39909 -3.798981 -4.940578 4e-06 -0.0 -3e-06 -4.505514 14.840294 -31.433367 -0.169878 0.122643 5.8638 -14.730336 -2.899621 5.484731 1.588822 -1.992009 -4.08742 1e-06 -1e-06 1e-06 4.153925 -11.207995 5.347194 -0.055149 -0.244015 7.982778 -0.559772 6.226497 -16.556814 -1.461446 0.892042 -2.150668 0.0 -0.0 -1e-06 
0.0 0.0 0.0 0.0 -0.0 0.0 -6.318026 96.79052 233.248779 -2.098772 -2.558668 4.091331 1.82155 0.24196 -0.990214 -0.251579 0.661626 -5.795862 1.179241 -1.367928 12.923592 1.500709 1.364152 25.085983 -0.532582 -0.028246 -3.558154 4.278238 -1.651898 3.639878 7.7e-05 -2.2e-05 6e-06 -0.069735 0.096924 -0.065911 0.652227 -3.707317 -10.813087 -0.79398 3.897409 -10.802858 -22.545431 -5.094879 17.227695 -50.729881 -16.634386 26.947876 -0.181815 -43.311359 0.212545 0.679253 -1.95007 -8.593281 -5.882109 9.861286 0.702588 -10.936872 -0.36057 7.156206 -3e-06 8.774822 -1e-06 -15.903578 18.155586 6.0992 -1.844031 2.498504 -2.507277 -10.163598 4.678947 4.621108 -20.976021 3e-06 4e-06 -21.226286 2.451702 -3.594004 0.0 -7e-06 -0.0 -1.362682 2.240799 -0.746324 -21.334913 0.584915 3.008323 -13.821213 2e-06 1e-06 -23.887167 -0.249074 -0.839486 -60.467632 2.597385 -1.006605 -0.294025 1.679688 0.833256 -14.218208 0.093219 1.300582 -34.212048 -0.287554 0.967167 -20.033213 0.964543 1.21284 -0.0 0.0 0.0 -3.44039 0.788233 0.501657 -15.928185 -3.167306 2.99971 -6.338823 4e-06 1e-06 -18.123447 3.648189 -4.905673 -4e-06 1e-06 -1e-06 19.076277 12.235524 19.939203 51.878124 15.547212 38.761108 -0.359008 41.038612 0.069524 4.631017 -0.110344 -8.027788 2.243543 -5.255033 -3.180157 14.282891 -0.826597 6.952506 -1e-06 -12.6906 1e-06 16.36659 -18.254692 2.778125 1.665666 -1.95592 -2.878299 4.727799 -4.170586 4.993924 11.020526 3e-06 -2e-06 12.109052 -3.735715 -2.866784 -0.0 1e-06 1e-06 1.291986 -1.92855 -1.49809 14.800129 0.567465 3.865608 14.242571 -1.341738 -6.660658 19.631969 0.143924 -0.648248 50.474594 -0.811881 -6.371182 0.353029 -1.511152 -0.031941 20.222792 3.684305 2.31663 18.787277 3e-06 -1e-06 10.751631 -0.479871 1.397905 1e-06 -0.0 -1e-06 3.273807 0.305946 -0.580111 21.486813 11.830368 2.266135 8.162927 -0.0 -1e-06 18.39908 -3.798986 -4.940573 4e-06 1e-06 -2e-06 -4.258595 13.542423 -31.717272 -0.13513 0.021575 4.643814 -14.577267 -2.298022 5.892995 1.571334 -2.023066 -4.058476 -0.0 -0.0 2e-06 3.163955 -10.263827 6.886596 -0.076207 -0.162468 8.84822 -0.591323 7.338189 -16.374626 -1.462956 0.932914 -3.047692 0.0 0.0 -1e-06 
0.0 0.0 0.0 0.0 -0.0 0.0 -6.091804 96.647629 236.615204 -1.592404 -4.559484 4.249063 0.865956 0.251928 -1.285899 -0.395017 0.874154 -5.857221 1.025171 -1.347087 13.16194 0.735286 2.050667 25.405201 -0.452663 0.184358 -3.587223 4.122795 -1.218264 3.674727 7.7e-05 -2.3e-05 6e-06 -0.062886 0.083794 -0.069503 0.653283 -3.716604 -10.819329 -0.781397 3.881695 -10.822957 -23.107454 -4.915609 17.260492 -49.901161 -16.629816 26.331432 -0.112826 -43.097164 0.196936 0.159831 -1.817555 -9.091927 -5.88211 9.861292 0.70259 -10.936875 -0.360576 7.156206 0.0 8.77483 1e-06 -15.973474 18.277855 6.173404 -1.844034 2.498507 -2.507278 -10.163604 4.678948 4.621109 -20.976038 -4e-06 3e-06 -21.226301 2.451698 -3.594002 0.0 -7e-06 -0.0 -1.362684 2.2408 -0.746322 -21.334927 0.584909 3.008322 -13.821221 -3e-06 1e-06 -23.887184 -0.249082 -0.839486 -60.442265 2.622282 -0.936071 -0.294026 1.679687 0.833257 -14.218215 0.093214 1.300579 -34.212067 -0.287568 0.967167 -20.033226 0.964534 1.212844 1e-06 -0.0 0.0 -3.44039 0.788234 0.501657 -15.928194 -3.167314 2.999706 -6.338829 -1e-06 2e-06 -18.123459 3.648183 -4.905671 -4e-06 1e-06 -1e-06 19.567167 12.288544 20.31251 51.554646 15.747681 38.834145 -0.618555 40.464382 -0.164209 4.538936 -0.152584 -8.107533 2.243542 -5.255037 -3.180158 14.282893 -0.826595 6.952499 -1e-06 -12.690605 -2e-06 16.339231 -18.198908 2.768632 1.665666 -1.955923 -2.878298 4.727799 -4.170588 4.993922 11.020528 3e-06 -1e-06 12.109055 -3.735717 -2.866786 -1e-06 0.0 1e-06 1.291986 -1.92855 -1.498087 14.800131 0.567469 3.865607 14.242575 -1.341738 -6.660659 19.631973 0.143925 -0.648247 50.60236 -0.748172 -6.392438 0.35303 -1.511151 -0.03194 20.222797 3.684309 2.31663 18.787279 6e-06 -1e-06 10.751632 -0.479867 1.397906 1e-06 -1e-06 -0.0 3.273808 0.305948 -0.580112 21.486816 11.830377 2.266131 8.16293 3e-06 -3e-06 18.399086 -3.798985 -4.940578 4e-06 1e-06 -2e-06 -4.046819 12.578397 -31.524137 -0.090914 -0.067039 6.278998 -12.604926 -2.768919 7.422427 1.640177 -2.057901 -4.062702 -0.0 0.0 3e-06 1.527281 -9.459352 8.156854 -0.056299 -0.063535 10.632377 -0.671662 8.622549 -15.235429 -1.474823 0.987222 -4.925441 0.0 0.0 -1e-06 
0.0 0.0 0.0 0.0 -0.0 0.0 -5.821483 96.681343 240.007858 -0.518196 -6.600389 4.435096 -0.455062 0.18105 -1.63401 -0.616719 1.086573 -5.954639 0.620148 -1.241184 13.29965 0.085425 2.791673 25.635204 -0.290267 0.469226 -3.618447 3.935758 -0.872328 3.806297 7.7e-05 -2.3e-05 6e-06 -0.059456 0.089682 -0.077734 0.644682 -3.703345 -10.797699 -0.76592 3.881885 -10.822406 -23.509979 -4.887511 17.251261 -49.089993 -16.528044 25.610052 -0.088947 -42.787945 0.187691 -0.284211 -1.597718 -10.160485 -5.882109 9.86129 0.702591 -10.936875 -0.360576 7.156211 1e-06 8.77483 2e-06 -16.019365 18.35351 6.214283 -1.844033 2.498504 -2.507277 -10.163604 4.678946 4.621113 -20.976034 -5e-06 3e-06 -21.226297 2.451696 -3.594 -1e-06 -6e-06 -0.0 -1.362682 2.2408 -0.746323 -21.334921 0.584909 3.008324 -13.821218 -2e-06 1e-06 -23.887178 -0.249081 -0.839482 -60.315659 2.666743 -0.918745 -0.294025 1.679687 0.833256 -14.218214 0.093213 1.30058 -34.212063 -0.287569 0.967175 -20.033218 0.964536 1.212845 0.0 -1e-06 1e-06 -3.44039 0.788234 0.501657 -15.928192 -3.167314 2.999708 -6.338828 -2e-06 2e-06 -18.123453 3.648183 -4.905673 -3e-06 1e-06 -1e-06 20.204292 12.299253 20.565897 51.362236 15.997375 38.281857 -0.60234 39.480877 -0.212762 4.101034 -0.475205 -7.435051 2.243542 -5.255038 -3.180157 14.282899 -0.826595 6.952507 -2e-06 -12.690608 -1e-06 16.180056 -18.088043 2.781435 1.665667 -1.955922 -2.878299 4.727801 -4.170589 4.993926 11.020535 2e-06 -1e-06 12.109059 -3.735717 -2.866784 1e-06 1e-06 1e-06 1.291987 -1.92855 -1.498089 14.800138 0.567468 3.86561 14.24258 -1.341735 -6.660659 19.631975 0.143925 -0.648244 50.610439 -0.762075 -6.471391 0.353029 -1.511151 -0.03194 20.222803 3.68431 2.316633 18.787287 6e-06 0.0 10.751633 -0.47987 1.397907 1e-06 -1e-06 -1e-06 3.273809 0.305948 -0.58011 21.486828 11.83038 2.266132 8.162933 1e-06 -2e-06 18.399092 -3.798984 -4.940575 4e-06 1e-06 -3e-06 -4.428989 11.843063 -31.23064 -0.062219 -0.070638 8.86066 -8.349137 -3.585546 11.074645 1.737413 -2.016244 -3.789075 0.0 0.0 2e-06 -1.010166 -9.143119 8.455733 -0.048443 0.034608 14.224385 -0.592256 10.145926 -12.792725 -1.508721 1.03408 -8.606768 -0.0 0.0 -1e-06 
0.0 0.0 0.0 0.0 -0.0 0.0 -5.559518 96.756462 243.446472 0.616541 -8.699591 4.333468 -1.655071 0.13832 -1.704254 -0.881696 1.357788 -5.989079 0.039729 -1.084522 13.111089 -0.553345 3.446371 25.801083 -0.126003 0.697801 -3.581066 3.709504 -0.682432 3.490828 7.7e-05 -2.3e-05 5e-06 -0.043004 0.082894 -0.071373 0.648432 -3.694707 -10.721133 -0.736494 3.858863 -10.747141 -23.014814 -5.048392 17.417311 -49.121552 -16.639397 24.736219 -0.360683 -42.35936 0.378667 -0.596519 -1.34786 -10.964251 -5.882113 9.861293 0.702588 -10.936878 -0.360573 7.156207 -0.0 8.77483 1e-06 -16.015331 18.308752 6.168463 -1.844033 2.498506 -2.50728 -10.163608 4.67895 4.621108 -20.976042 -1e-06 -1e-06 -21.226307 2.4517 -3.594008 -1e-06 -6e-06 -1e-06 -1.362683 2.240799 -0.746323 -21.334929 0.584911 3.008322 -13.821221 -2e-06 -1e-06 -23.887184 -0.249078 -0.839489 -60.186153 2.672256 -0.978657 -0.294025 1.679689 0.833257 -14.218218 0.093219 1.30058 -34.212074 -0.287564 0.967162 -20.03323 0.964534 1.212839 0.0 -1e-06 0.0 -3.44039 0.788235 0.501654 -15.9282 -3.16731 2.999707 -6.33883 -0.0 1e-06 -18.123463 3.648184 -4.905678 -4e-06 2e-06 -1e-06 19.850401 12.256407 20.654415 52.278652 16.667845 38.104107 -0.485843 38.047993 -0.106554 3.405885 -0.634763 -6.802019 2.243543 -5.25504 -3.18016 14.282898 -0.826596 6.952502 -2e-06 -12.690609 -0.0 16.111568 -17.870697 2.65373 1.665668 -1.955922 -2.878302 4.727801 -4.17059 4.993925 11.020534 2e-06 -3e-06 12.109058 -3.735718 -2.866786 1e-06 1e-06 1e-06 1.291986 -1.928551 -1.498091 14.800136 0.567467 3.865606 14.242584 -1.341736 -6.660663 19.631981 0.143925 -0.648248 50.309464 -0.769052 -6.541278 0.35303 -1.511151 -0.031941 20.222803 3.684311 2.316626 18.787287 5e-06 -4e-06 10.751634 -0.479868 1.397905 1e-06 -1e-06 -0.0 3.273809 0.305946 -0.580111 21.486824 11.83038 2.266129 8.16293 1e-06 -2e-06 18.399092 -3.798986 -4.94058 3e-06 0.0 -1e-06 -4.936898 11.69142 -30.785917 -0.105765 -0.131964 12.055204 -4.948668 -3.897445 12.2907 1.771721 -1.918613 -2.850321 0.0 0.0 2e-06 -3.789471 -8.995386 7.182746 -0.04606 0.117913 20.619793 -0.812934 11.608945 -8.841454 -1.57161 1.022914 -15.255376 -0.0 0.0 -1e-06 
0.0 0.0 0.0 0.0 -0.0 0.0 -5.251359 96.857742 246.683975 1.799638 -10.319103 3.780087 -2.653668 0.165953 -1.470699 -1.066725 1.397817 -5.875323 -0.66757 -0.907405 12.786613 -1.126232 3.965446 25.768507 -0.25293 0.660855 -3.593624 3.661589 -0.841748 3.102463 7.7e-05 -2.2e-05 4e-06 -0.044409 0.097742 -0.061551 0.647911 -3.687118 -10.713996 -0.738877 3.87835 -10.753173 -22.151701 -5.537577 17.477133 -49.431786 -16.593052 24.735054 -0.350835 -42.138859 0.275349 -0.621239 -1.083831 -11.321511 -5.882111 9.861293 0.702589 -10.93688 -0.360575 7.15621 1e-06 8.774832 0.0 -16.174103 18.309444 5.990994 -1.844035 2.498505 -2.507279 -10.163607 4.678949 4.62111 -20.97604 -1e-06 -2e-06 -21.226303 2.451698 -3.594007 0.0 -6e-06 -0.0 -1.362684 2.240799 -0.746323 -21.33493 0.58491 3.008322 -13.821224 -2e-06 1e-06 -23.887188 -0.249081 -0.839486 -60.130356 2.625595 -1.192732 -0.294026 1.679689 0.833259 -14.218221 0.093215 1.300581 -34.212078 -0.287567 0.967167 -20.03323 0.964536 1.212843 0.0 -1e-06 2e-06 -3.44039 0.788233 0.501654 -15.928201 -3.167311 2.999709 -6.338831 -1e-06 1e-06 -18.123461 3.648186 -4.905675 -5e-06 2e-06 -2e-06 18.705914 12.329289 20.506363 53.747578 17.421797 38.250324 -0.516793 36.741207 -0.062514 2.952553 -0.990847 -6.247484 2.243543 -5.255038 -3.180159 14.282892 -0.826596 6.952499 -1e-06 -12.690609 1e-06 16.124025 -17.72784 2.572403 1.665667 -1.955922 -2.878298 4.727798 -4.170589 4.993924 11.020526 2e-06 -2e-06 12.109053 -3.735717 -2.866784 -0.0 0.0 0.0 1.291986 -1.92855 -1.498089 14.800129 0.567467 3.865607 14.242576 -1.341739 -6.660663 19.631969 0.143927 -0.648249 50.223251 -0.789104 -6.53528 0.35303 -1.511151 -0.03194 20.222792 3.684309 2.316626 18.787273 2e-06 -3e-06 10.75163 -0.479867 1.397904 2e-06 -1e-06 -1e-06 3.273807 0.305946 -0.580111 21.486816 11.830379 2.26613 8.162928 1e-06 -1e-06 18.399086 -3.798987 -4.94058 3e-06 -1e-06 -1e-06 -5.671911 11.685283 -29.944809 -0.143553 -0.098707 15.731391 -2.201562 -3.579277 9.742414 1.7037 -1.936012 -1.099464 -0.0 -0.0 2e-06 -6.86201 -9.379323 4.532585 0.11307 0.166918 29.039167 -0.813584 12.813331 -2.459381 -1.610531 0.895164 -22.17511 -0.0 -0.0 -1e-06 
0.0 0.0 0.0 0.0 -0.0 0.0 -4.929014 97.129753 250.048096 2.806696 -11.771265 2.971426 -3.390531 0.147242 -1.198021 -1.206014 1.374451 -5.739634 -1.216173 -0.81381 12.547021 -1.836652 4.612028 25.716722 -0.309697 0.397898 -3.57745 3.420033 -0.82522 2.814636 7.7e-05 -2.2e-05 5e-06 -0.030499 0.077525 -0.065529 0.661371 -3.70325 -10.67982 -0.723721 3.852103 -10.716374 -21.668421 -5.812415 17.42346 -49.290913 -16.529102 25.148174 -0.349695 -41.957001 0.351834 -0.921092 -0.822472 -11.338276 -5.88211 9.861289 0.702589 -10.936877 -0.360575 7.156208 0.0 8.774829 -1e-06 -16.30448 18.356478 5.840418 -1.844034 2.498504 -2.507278 -10.163604 4.678947 4.621109 -20.97603 -1e-06 3e-06 -21.226295 2.4517 -3.594001 -0.0 -6e-06 -0.0 -1.362682 2.240799 -0.746322 -21.334925 0.584911 3.008323 -13.821219 -1e-06 1e-06 -23.88718 -0.249079 -0.839484 -60.137215 2.673766 -1.438832 -0.294024 1.679687 0.833255 -14.218216 0.093217 1.300579 -34.212067 -0.287563 0.96717 -20.033226 0.964539 1.212844 1e-06 -0.0 2e-06 -3.44039 0.788234 0.501656 -15.928192 -3.167308 2.999707 -6.338829 2e-06 0.0 -18.123457 3.648183 -4.905674 -5e-06 2e-06 0.0 17.717688 12.503273 20.59457 54.645981 18.368126 38.003101 -0.306841 35.688358 0.161117 2.734705 -1.413159 -5.355693 2.243542 -5.255037 -3.180159 14.282894 -0.826594 6.952502 -2e-06 -12.690605 -0.0 16.304169 -17.751406 2.507697 1.665666 -1.955921 -2.878299 4.727799 -4.170588 4.993922 11.020526 2e-06 1e-06 12.109052 -3.735716 -2.866784 -0.0 0.0 1e-06 1.291986 -1.92855 -1.49809 14.800131 0.567468 3.865608 14.242573 -1.341737 -6.66066 19.631971 0.143924 -0.648243 50.277794 -0.828003 -6.594846 0.35303 -1.511151 -0.031939 20.222797 3.68431 2.31663 18.787279 5e-06 0.0 10.751631 -0.479869 1.397906 0.0 -1e-06 -0.0 3.273808 0.305947 -0.58011 21.486818 11.830379 2.266135 8.162928 0.0 -0.0 18.399084 -3.798984 -4.940577 3e-06 -0.0 -1e-06 -6.566588 12.374952 -28.318468 -0.127188 -0.060535 18.587473 -0.396088 -3.388173 5.612844 1.664525 -1.912921 -0.401579 -0.0 0.0 2e-06 -9.686972 -9.823735 1.050962 0.228258 0.234508 38.313587 0.226181 13.46534 5.500144 -1.582555 0.764086 -25.168516 0.0 0.0 -1e-06 
0.0 0.0 0.0 0.0 -0.0 0.0 -4.637943 97.393723 253.324585 3.551288 -12.974575 2.074137 -3.913614 0.066256 -0.935903 -1.276995 1.277957 -5.651802 -1.573979 -0.757408 12.449187 -2.655838 5.218969 25.679005 -0.306764 0.164101 -3.574019 3.154495 -0.821077 2.641028 7.7e-05 -2.3e-05 8e-06 -0.026814 0.073146 -0.059387 0.675266 -3.701584 -10.650985 -0.730855 3.841469 -10.690924 -21.693069 -5.949921 17.511005 -48.603455 -16.557943 25.625315 -0.17178 -41.615028 0.304939 -1.298315 -0.723997 -11.459071 -5.882111 9.861292 0.70259 -10.936879 -0.360576 7.156206 0.0 8.774831 -1e-06 -16.396477 18.232916 5.778144 -1.844034 2.498506 -2.507279 -10.163605 4.678948 4.621109 -20.97604 -4e-06 -0.0 -21.226301 2.451696 -3.594002 -0.0 -6e-06 0.0 -1.362682 2.240801 -0.746324 -21.33493 0.584909 3.008318 -13.821222 -3e-06 1e-06 -23.887188 -0.249081 -0.839485 -60.147522 2.681185 -1.476788 -0.294025 1.679688 0.833257 -14.218219 0.093214 1.300579 -34.21207 -0.287565 0.967166 -20.033226 0.964534 1.212843 0.0 -1e-06 2e-06 -3.440392 0.788235 0.501656 -15.928196 -3.167312 2.999707 -6.338831 0.0 -0.0 -18.123457 3.648187 -4.905675 -4e-06 1e-06 -1e-06 17.191137 12.698298 20.678432 54.952934 19.303467 37.739441 -0.274269 34.910179 0.202624 2.255557 -2.013704 -4.568223 2.243544 -5.255041 -3.180159 14.282902 -0.826595 6.952506 -3e-06 -12.690618 1e-06 16.423927 -17.679276 2.464281 1.665668 -1.955923 -2.878301 4.727802 -4.170592 4.993928 11.020536 2e-06 -0.0 12.10906 -3.735719 -2.866787 0.0 -0.0 1e-06 1.291987 -1.928551 -1.498091 14.800139 0.567467 3.86561 14.242584 -1.341737 -6.660661 19.631985 0.143927 -0.648245 50.208965 -0.83753 -6.545054 0.353029 -1.511152 -0.031939 20.222805 3.684313 2.316631 18.787291 6e-06 -2e-06 10.751638 -0.479867 1.397908 -0.0 -0.0 1e-06 3.273809 0.305947 -0.580111 21.486832 11.830388 2.266135 8.162933 1e-06 -1e-06 18.399097 -3.798988 -4.940581 3e-06 -1e-06 -1e-06 -7.310965 13.45059 -26.082457 -0.079801 0.021333 20.258085 0.825636 -3.413908 2.215158 1.642627 -1.90935 -0.404719 0.0 0.0 2e-06 -11.663287 -9.713159 -2.887182 0.292405 0.292377 47.416359 2.019995 12.601746 12.956065 -1.408677 0.709243 -18.943087 0.0 -0.0 -4e-06 
0.0 0.0 0.0 0.0 -0.0 0.0 -4.409142 97.643105 256.527008 4.021706 -13.786045 1.257722 -4.285164 -0.072592 -0.773216 -1.307443 1.171912 -5.639555 -1.720177 -0.808877 12.476241 -3.338179 5.750888 25.856787 -0.236698 -0.083761 -3.61433 2.857005 -0.798033 2.545969 7.7e-05 -2.3e-05 7e-06 -0.033779 0.08956 -0.047657 0.677042 -3.680176 -10.641097 -0.748161 3.855268 -10.691641 -22.023432 -5.950502 17.6357 -47.709614 -16.688086 25.930777 0.092366 -40.772846 0.12594 -1.364025 -0.69911 -11.607889 -5.882113 9.861292 0.702587 -10.936879 -0.360574 7.156206 -0.0 8.77483 -1e-06 -16.330093 18.170975 5.939481 -1.844034 2.498507 -2.50728 -10.16361 4.678949 4.62111 -20.976044 -2e-06 -4e-06 -21.226311 2.451698 -3.594008 -0.0 -6e-06 -0.0 -1.362684 2.2408 -0.746325 -21.33493 0.58491 3.008317 -13.821223 -1e-06 -1e-06 -23.887192 -0.249082 -0.839492 -60.137974 2.601736 -1.306733 -0.294024 1.679689 0.833255 -14.218222 0.093217 1.300576 -34.212082 -0.287567 0.96716 -20.03323 0.964532 1.21284 1e-06 0.0 0.0 -3.44039 0.788234 0.501653 -15.928196 -3.16731 2.999702 -6.338832 1e-06 -1e-06 -18.123459 3.648182 -4.905678 -4e-06 2e-06 -2e-06 17.083614 12.661172 20.726757 55.029232 20.128136 37.102348 -0.314771 34.417488 0.147849 0.89231 -2.540203 -3.880333 2.243544 -5.25504 -3.180158 14.282898 -0.826597 6.952499 0.0 -12.69061 -1e-06 16.441935 -17.554415 2.432968 1.665668 -1.955924 -2.878299 4.727801 -4.170592 4.993923 11.020532 1e-06 -3e-06 12.109059 -3.735718 -2.866787 0.0 -0.0 1e-06 1.291986 -1.92855 -1.498087 14.800136 0.567466 3.865607 14.242581 -1.341738 -6.660663 19.631977 0.143925 -0.648249 50.053997 -0.847824 -6.456076 0.35303 -1.511151 -0.03194 20.222801 3.684308 2.316626 18.787283 3e-06 -4e-06 10.751634 -0.47987 1.397902 -0.0 -0.0 1e-06 3.273808 0.305947 -0.580111 21.486822 11.830377 2.266131 8.16293 0.0 -3e-06 18.399094 -3.798989 -4.940585 4e-06 -1e-06 -1e-06 -7.783425 14.488141 -23.559008 -0.001455 0.108507 21.140203 1.598778 -3.508876 -0.662113 1.638403 -1.916741 -0.690576 0.0 -0.0 2e-06 -12.503033 -9.229206 -6.562466 0.279505 0.250271 54.851398 2.169765 10.005058 15.593084 -1.241431 0.788577 -8.555768 -0.0 0.0 -1e-06 
0.0 0.0 0.0 0.0 -0.0 0.0 -4.253889 97.997215 259.64328 4.075694 -14.00409 0.69527 -4.445625 -0.213445 -0.739619 -1.296123 1.0053 -5.636142 -1.633646 -1.044729 12.519605 -3.674353 6.166462 26.279593 -0.230277 -0.369276 -3.617267 2.620431 -0.786242 2.561533 7.7e-05 -2.3e-05 6e-06 -0.044875 0.108337 -0.04607 0.66 -3.665621 -10.66427 -0.753955 3.880088 -10.725126 -22.191053 -5.844216 17.700901 -47.307056 -16.827347 25.705799 0.214267 -39.509918 -0.022867 -0.86045 -0.439624 -11.519589 -5.882113 9.861296 0.702588 -10.93688 -0.360575 7.156204 -1e-06 8.774831 -1e-06 -16.250849 18.257149 6.128631 -1.844034 2.498507 -2.50728 -10.16361 4.678951 4.621109 -20.976042 -2e-06 -3e-06 -21.226311 2.451697 -3.59401 -0.0 -6e-06 -0.0 -1.362682 2.240799 -0.746326 -21.33493 0.584912 3.008317 -13.821225 -2e-06 -1e-06 -23.887192 -0.249081 -0.83949 -60.224682 2.572078 -1.147451 -0.294023 1.679689 0.833255 -14.218223 0.093216 1.300579 -34.212082 -0.287568 0.967161 -20.03323 0.964534 1.212841 1e-06 0.0 1e-06 -3.440392 0.788233 0.501654 -15.9282 -3.167312 2.999705 -6.338832 -0.0 -0.0 -18.123466 3.648185 -4.90568 -4e-06 -0.0 -2e-06 16.997742 12.43681 20.645535 55.357288 20.525982 35.931805 -0.38697 34.498569 0.028396 -1.359321 -2.617552 -3.593335 2.243544 -5.255041 -3.18016 14.282903 -0.826595 6.952507 -2e-06 -12.690614 1e-06 16.42956 -17.532478 2.403288 1.665668 -1.955923 -2.878302 4.727801 -4.17059 4.993925 11.020535 3e-06 -4e-06 12.10906 -3.735717 -2.86679 -0.0 0.0 1e-06 1.291987 -1.928552 -1.498092 14.800139 0.567468 3.86561 14.242584 -1.341737 -6.660665 19.631985 0.143927 -0.648249 49.950146 -0.832117 -6.42214 0.35303 -1.511152 -0.031939 20.222805 3.684313 2.316629 18.787287 5e-06 -2e-06 10.751636 -0.47987 1.397906 0.0 -0.0 1e-06 3.273809 0.305948 -0.580113 21.486828 11.830383 2.26613 8.162931 2e-06 -1e-06 18.399096 -3.798988 -4.94058 4e-06 -2e-06 -1e-06 -7.788986 15.04627 -20.667202 0.016334 0.082654 20.841375 2.044132 -3.612895 -2.776618 1.632899 -1.889713 -0.853519 0.0 -0.0 2e-06 -12.128409 -8.958962 -9.668345 0.235749 0.14051 59.485977 0.654139 7.175202 12.347983 -1.272189 0.846154 -5.122253 -0.0 0.0 -1e-06 
0.0 0.0 0.0 0.0 -0.0 0.0 -4.15873 98.42881 262.634888 3.773583 -13.738863 0.311926 -4.421576 -0.362298 -0.691359 -1.225793 0.794262 -5.621431 -1.42448 -1.375061 12.483066 -3.717041 6.329016 26.781897 -0.24721 -0.508987 -3.589939 2.534235 -0.736115 2.847633 7.7e-05 -2.3e-05 6e-06 -0.054305 0.117442 -0.052574 0.64498 -3.667128 -10.692145 -0.75701 3.900055 -10.762493 -22.042112 -5.803184 17.775436 -47.551666 -16.768728 24.753061 0.168267 -38.293865 -0.039069 -0.072817 0.086099 -11.574939 -5.88211 9.861292 0.702591 -10.936876 -0.360575 7.156206 -0.0 8.774829 -2e-06 -16.176607 18.307062 6.21024 -1.844034 2.498507 -2.507277 -10.163604 4.67895 4.621109 -20.976034 -1e-06 -0.0 -21.226301 2.451698 -3.594007 -0.0 -7e-06 0.0 -1.362684 2.240798 -0.746325 -21.334921 0.584913 3.008321 -13.821218 2e-06 -1e-06 -23.887178 -0.249078 -0.83949 -60.315941 2.575979 -1.106096 -0.294025 1.679688 0.833257 -14.218214 0.093217 1.30058 -34.212051 -0.28756 0.967161 -20.033218 0.964536 1.212838 1e-06 0.0 0.0 -3.44039 0.788234 0.501657 -15.928191 -3.167308 2.999705 -6.338828 1e-06 0.0 -18.123457 3.648187 -4.905678 -5e-06 1e-06 -2e-06 16.825001 12.068868 20.511889 55.871559 20.44322 34.24519 -0.353153 35.501694 -0.026418 -3.644819 -2.20785 -3.714676 2.243543 -5.255038 -3.180158 14.282896 -0.826595 6.952506 -2e-06 -12.690606 0.0 16.36305 -17.55584 2.417655 1.665667 -1.955922 -2.878303 4.7278 -4.170589 4.993929 11.02053 2e-06 -1e-06 12.109056 -3.735717 -2.866786 1e-06 0.0 2e-06 1.291986 -1.92855 -1.498089 14.800132 0.567468 3.865609 14.242578 -1.341736 -6.66066 19.631973 0.143925 -0.648246 49.865723 -0.77039 -6.348227 0.353029 -1.511151 -0.031941 20.222799 3.684308 2.316634 18.787279 2e-06 -0.0 10.751633 -0.479871 1.397906 2e-06 1e-06 0.0 3.273808 0.305946 -0.580113 21.486822 11.830377 2.266134 8.16293 2e-06 -1e-06 18.399092 -3.798987 -4.940577 3e-06 -0.0 -0.0 -7.375193 15.155099 -17.470114 -0.022916 -0.014553 19.575916 2.241895 -3.807132 -4.22251 1.633574 -1.830907 -0.931657 0.0 -0.0 2e-06 -10.768323 -8.62394 -12.365314 0.184494 0.057384 61.031982 -0.042463 5.150387 8.60762 -1.335233 0.87245 -4.13905 0.0 -0.0 -1e-06 
0.0 0.0 0.0 0.0 -0.0 0.0 -4.14684 98.840981 265.55246 3.399484 -13.119033 -0.00348 -4.407682 -0.471399 -0.622919 -1.145304 0.520803 -5.605855 -1.189851 -1.692896 12.414058 -3.461708 6.114545 27.169853 -0.252004 -0.45759 -3.564461 2.630381 -0.703576 3.23335 7.7e-05 -2.3e-05 6e-06 -0.056159 0.115157 -0.062678 0.643659 -3.679829 -10.717454 -0.757756 3.907615 -10.788618 -21.744827 -5.917546 17.946581 -47.934063 -16.399984 23.668318 0.094891 -37.713005 -0.032251 0.242153 0.45907 -12.059731 -5.88211 9.861292 0.70259 -10.936881 -0.360576 7.156211 3e-06 8.774833 -0.0 -16.125797 18.369696 6.218344 -1.844034 2.498505 -2.50728 -10.163608 4.678947 4.621109 -20.976044 -8e-06 2e-06 -21.226305 2.451694 -3.594002 -1e-06 -6e-06 -0.0 -1.362682 2.240799 -0.746322 -21.334934 0.584906 3.008323 -13.821227 -5e-06 1e-06 -23.887194 -0.249085 -0.839482 -60.435249 2.633798 -1.160679 -0.294023 1.679688 0.833258 -14.218223 0.093212 1.30058 -34.212082 -0.28757 0.967171 -20.03323 0.964535 1.212846 1e-06 -0.0 1e-06 -3.440392 0.788234 0.501656 -15.928201 -3.167314 2.999707 -6.338831 -1e-06 0.0 -18.123463 3.648181 -4.905674 -5e-06 1e-06 -1e-06 16.707115 11.601192 20.331026 56.185322 19.999222 32.899483 -0.179709 37.347443 0.005089 -4.728924 -1.491974 -3.72957 2.243542 -5.255039 -3.180159 14.282896 -0.826596 6.952505 -4e-06 -12.690613 2e-06 16.289814 -17.588861 2.430706 1.665666 -1.955921 -2.878301 4.7278 -4.170588 4.993929 11.02053 4e-06 1e-06 12.109056 -3.735716 -2.866786 -0.0 -0.0 1e-06 1.291986 -1.928549 -1.49809 14.800138 0.567469 3.865611 14.24258 -1.341734 -6.66066 19.631975 0.143926 -0.648241 49.783817 -0.725595 -6.324163 0.353028 -1.51115 -0.03194 20.222803 3.684314 2.316631 18.787283 6e-06 1e-06 10.751633 -0.479869 1.397908 0.0 1e-06 1e-06 3.273809 0.305947 -0.580111 21.486828 11.830384 2.266136 8.16293 4e-06 -1e-06 18.399092 -3.798985 -4.940575 2e-06 -0.0 -1e-06 -6.830315 15.014301 -14.075237 -0.06976 -0.11619 17.69949 2.158503 -4.11856 -5.236846 1.637072 -1.757934 -0.946043 0.0 -0.0 2e-06 -9.014775 -8.22972 -14.594151 0.145076 -0.002232 59.714909 0.419106 4.249182 5.639406 -1.368242 0.873292 -3.832033 -0.0 0.0 -2e-06 
0.0 0.0 0.0 0.0 -0.0 0.0 -4.21896 99.143364 268.454803 3.148962 -12.297268 -0.235254 -4.472999 -0.509951 -0.610977 -1.103316 0.24255 -5.610359 -1.008111 -1.953162 12.382501 -2.969687 5.541267 27.409054 -0.263729 -0.229248 -3.557977 2.889044 -0.721692 3.549945 7.7e-05 -2.3e-05 6e-06 -0.047076 0.101767 -0.070289 0.65556 -3.699253 -10.738975 -0.749788 3.899543 -10.801888 -21.570782 -6.129082 18.145475 -47.962696 -15.821035 22.97382 -0.054896 -37.797485 0.017629 -0.096365 0.494066 -12.660899 -5.882106 9.861286 0.702591 -10.936872 -0.360575 7.156209 0.0 8.774826 0.0 -16.150806 18.444386 6.17668 -1.844032 2.498505 -2.507277 -10.163598 4.678945 4.621111 -20.976021 -2e-06 4e-06 -21.226286 2.451696 -3.594 -0.0 -6e-06 -0.0 -1.362681 2.240798 -0.746324 -21.334913 0.584911 3.008327 -13.821213 -1e-06 4e-06 -23.887167 -0.249077 -0.839481 -60.602676 2.699882 -1.240624 -0.294024 1.679687 0.833257 -14.218208 0.093214 1.300581 -34.212048 -0.287562 0.967173 -20.033213 0.964537 1.212845 1e-06 -0.0 1e-06 -3.440389 0.788233 0.501656 -15.928185 -3.167311 2.999707 -6.338826 -1e-06 1e-06 -18.123447 3.648182 -4.90567 -5e-06 1e-06 -1e-06 16.816952 11.096898 20.109056 56.08519 19.450485 32.489853 0.011615 39.479534 0.054125 -4.663569 -0.781894 -3.277914 2.243543 -5.255038 -3.180157 14.282896 -0.826597 6.952507 -1e-06 -12.690603 1e-06 16.24678 -17.63419 2.440752 1.665668 -1.955923 -2.878298 4.727801 -4.170588 4.993928 11.020531 1e-06 -1e-06 12.109056 -3.735717 -2.866788 1e-06 -1e-06 1e-06 1.291986 -1.92855 -1.49809 14.800132 0.567464 3.865608 14.242577 -1.341736 -6.660658 19.631971 0.143924 -0.648246 49.727489 -0.718961 -6.363183 0.35303 -1.511151 -0.03194 20.222797 3.684306 2.316629 18.787279 2e-06 -2e-06 10.75163 -0.47987 1.397906 1e-06 1e-06 1e-06 3.273808 0.305946 -0.580109 21.486818 11.830371 2.266134 8.16293 0.0 -1e-06 18.399088 -3.798987 -4.940575 4e-06 -0.0 0.0 -6.375897 14.831327 -10.721992 -0.092856 -0.178358 15.621977 1.944274 -4.63786 -6.092629 1.642211 -1.690038 -0.9377 0.0 -0.0 2e-06 -7.280374 -7.808364 -16.5072 0.08791 -0.075776 56.025822 1.138672 3.611755 3.186545 -1.386985 0.862991 -3.784744 0.0 -0.0 -3e-06 
0.0 0.0 0.0 0.0 -0.0 0.0 -4.35428 99.309769 271.320343 3.053179 -11.454674 -0.353542 -4.560806 -0.479534 -0.662133 -1.102425 0.021901 -5.643706 -0.89301 -2.116997 12.395046 -2.398681 4.816745 27.527639 -0.280876 0.10377 -3.561143 3.252898 -0.809591 3.821796 7.7e-05 -2.3e-05 7e-06 -0.033569 0.083618 -0.067847 0.670311 -3.721059 -10.753481 -0.736522 3.885553 -10.807153 -21.615379 -6.292381 18.328892 -47.680901 -15.304926 22.843864 -0.226831 -38.119392 0.118036 -0.568645 0.344482 -13.175192 -5.882111 9.861292 0.70259 -10.936877 -0.360574 7.156206 -1e-06 8.774829 -1e-06 -16.199577 18.508127 6.129771 -1.844033 2.498507 -2.507279 -10.163604 4.67895 4.621109 -20.976038 -2e-06 -2e-06 -21.226301 2.4517 -3.594004 0.0 -6e-06 -1e-06 -1.362683 2.240799 -0.746322 -21.334927 0.584914 3.00832 -13.821221 0.0 -0.0 -23.887184 -0.249079 -0.83949 -60.693867 2.754081 -1.2896 -0.294026 1.679688 0.833259 -14.218217 0.093216 1.300578 -34.212074 -0.287564 0.967165 -20.033226 0.964537 1.21284 1e-06 1e-06 1e-06 -3.44039 0.788234 0.501655 -15.928196 -3.167308 2.999705 -6.33883 -1e-06 -0.0 -18.123459 3.648186 -4.905676 -5e-06 1e-06 -2e-06 17.120831 10.668783 19.971445 55.736084 19.069771 32.644382 0.233132 41.281025 0.129629 -4.173801 -0.312247 -2.489524 2.243545 -5.255041 -3.180158 14.282904 -0.826598 6.952507 -1e-06 -12.690616 -1e-06 16.218754 -17.663742 2.445797 1.665668 -1.955922 -2.878299 4.727803 -4.170592 4.993925 11.020538 1e-06 -4e-06 12.109064 -3.735719 -2.86679 1e-06 -0.0 1e-06 1.291987 -1.928551 -1.498092 14.800142 0.567466 3.865606 14.242586 -1.341739 -6.660666 19.631985 0.143926 -0.64825 49.666656 -0.740933 -6.418773 0.353031 -1.511153 -0.03194 20.222807 3.684312 2.316626 18.787289 5e-06 -5e-06 10.751636 -0.479868 1.397904 0.0 1e-06 1e-06 3.27381 0.305947 -0.580112 21.486834 11.830384 2.266131 8.162935 1e-06 -4e-06 18.399099 -3.798987 -4.940586 3e-06 -1e-06 -0.0 -6.048851 14.701179 -7.555482 -0.097248 -0.19952 13.535036 1.753326 -5.277205 -6.900301 1.647851 -1.641859 -0.910735 -0.0 0.0 2e-06 -5.804282 -7.249273 -18.162907 0.005058 -0.145341 50.517254 1.609999 2.689644 1.308655 -1.410497 0.867248 -3.838246 0.0 1e-06 -2e-06 
0.0 0.0 0.0 0.0 -0.0 0.0 -4.528782 99.334312 274.08844 3.040999 -10.670562 -0.342885 -4.603883 -0.427107 -0.738969 -1.10276 -0.121081 -5.696284 -0.80872 -2.200923 12.415261 -1.840985 4.163766 27.588963 -0.289878 0.341996 -3.556936 3.598634 -0.90782 4.025925 7.6e-05 -2.3e-05 6e-06 -0.022007 0.064919 -0.053734 0.680535 -3.743176 -10.751995 -0.723398 3.872005 -10.799986 -21.752819 -6.338167 18.46686 -47.459301 -15.012117 23.103746 -0.356259 -38.294353 0.219251 -0.797939 0.251271 -13.569843 -5.88211 9.861292 0.702591 -10.936878 -0.360575 7.156211 0.0 8.774831 1e-06 -16.206408 18.542473 6.119709 -1.844033 2.498507 -2.50728 -10.163608 4.678948 4.621109 -20.97604 -2e-06 1e-06 -21.226303 2.451699 -3.594005 0.0 -6e-06 -0.0 -1.362684 2.2408 -0.746325 -21.334929 0.58491 3.008322 -13.821223 -2e-06 2e-06 -23.887184 -0.24908 -0.839486 -60.721523 2.802684 -1.294503 -0.294025 1.679689 0.833257 -14.218218 0.093217 1.30058 -34.212074 -0.287565 0.967169 -20.033232 0.964539 1.212841 2e-06 -0.0 2e-06 -3.440391 0.788234 0.501657 -15.9282 -3.167311 2.999709 -6.338831 -0.0 1e-06 -18.123459 3.648188 -4.905673 -5e-06 0.0 -2e-06 17.456709 10.369254 19.928316 55.434315 18.939186 33.091454 0.394277 42.416771 0.194149 -3.699762 -0.075391 -1.765469 2.243543 -5.25504 -3.180161 14.282896 -0.826595 6.952502 -3e-06 -12.690612 1e-06 16.201778 -17.680395 2.43953 1.665666 -1.955921 -2.8783 4.727801 -4.170589 4.993928 11.020534 3e-06 -2e-06 12.109058 -3.735716 -2.866789 0.0 -0.0 1e-06 1.291985 -1.92855 -1.498091 14.800134 0.56747 3.865608 14.24258 -1.341734 -6.660665 19.631977 0.143929 -0.648247 49.615269 -0.789027 -6.483843 0.353029 -1.511152 -0.03194 20.222803 3.684312 2.316628 18.787287 7e-06 -4e-06 10.751635 -0.479868 1.397905 0.0 1e-06 -0.0 3.273808 0.305948 -0.580112 21.486824 11.830384 2.266132 8.16293 2e-06 -3e-06 18.399092 -3.798986 -4.94058 3e-06 -1e-06 -0.0 -5.74261 14.64474 -4.715523 -0.095465 -0.199213 11.719501 1.589697 -5.954578 -7.798244 1.652453 -1.629124 -0.879894 -0.0 0.0 2e-06 -4.640081 -6.630028 -19.67691 -0.055013 -0.155425 43.855305 1.691925 1.586092 0.425841 -1.430707 0.895554 -3.943322 0.0 0.0 -2e-06 
0.0 0.0 0.0 0.0 -0.0 0.0 -4.723973 99.244698 276.773529 3.012148 -9.921818 -0.205146 -4.538694 -0.384719 -0.840224 -1.077371 -0.222627 -5.735943 -0.732086 -2.24367 12.427845 -1.304099 3.631025 27.632269 -0.285273 0.417314 -3.529125 3.829017 -0.935101 4.204431 7.7e-05 -2.2e-05 5e-06 -0.02438 0.058274 -0.037682 0.677321 -3.753338 -10.735579 -0.725055 3.870638 -10.784112 -21.902845 -6.299859 18.57996 -47.466385 -14.880507 23.52355 -0.406665 -38.271679 0.284832 -0.848517 0.224562 -13.977722 -5.882111 9.861291 0.70259 -10.936876 -0.360575 7.156206 0.0 8.77483 -0.0 -16.213518 18.550192 6.092703 -1.844033 2.498506 -2.50728 -10.163604 4.678948 4.621108 -20.976034 -0.0 -1e-06 -21.226299 2.451699 -3.594005 -1e-06 -6e-06 -1e-06 -1.362682 2.240801 -0.746323 -21.334925 0.584912 3.008321 -13.82122 -3e-06 0.0 -23.887182 -0.24908 -0.839486 -60.714466 2.827249 -1.298996 -0.294025 1.679688 0.833256 -14.218215 0.093216 1.30058 -34.212067 -0.287563 0.967165 -20.033222 0.964534 1.21284 0.0 -0.0 0.0 -3.440391 0.788234 0.501655 -15.928192 -3.167309 2.999707 -6.338829 0.0 -0.0 -18.123457 3.648184 -4.905677 -5e-06 1e-06 -2e-06 17.754282 10.198724 19.899929 55.286533 18.929266 33.652012 0.4451 42.950195 0.221188 -3.276668 0.008397 -1.175106 2.243543 -5.255038 -3.18016 14.282897 -0.826597 6.952501 -2e-06 -12.690609 1e-06 16.188332 -17.679726 2.429509 1.665667 -1.955922 -2.878302 4.7278 -4.170588 4.993926 11.020531 2e-06 -0.0 12.109056 -3.735717 -2.866783 0.0 -0.0 -0.0 1.291986 -1.928549 -1.49809 14.800136 0.567468 3.865608 14.242582 -1.341736 -6.660662 19.631977 0.143926 -0.648245 49.587593 -0.835041 -6.524133 0.35303 -1.511152 -0.03194 20.222803 3.68431 2.31663 18.787287 4e-06 -1e-06 10.751636 -0.479868 1.397905 0.0 1e-06 -0.0 3.273808 0.305947 -0.580112 21.486824 11.830378 2.266131 8.162933 1e-06 -1e-06 18.399094 -3.798985 -4.940579 3e-06 -1e-06 -0.0 -5.478615 14.551905 -2.310153 -0.092469 -0.182844 10.226233 1.568814 -6.642419 -8.760601 1.654924 -1.653502 -0.914922 0.0 0.0 2e-06 -3.737152 -6.092594 -21.050455 -0.061084 -0.092168 36.468483 1.511814 0.553516 0.969198 -1.440865 0.947061 -4.111658 0.0 0.0 -1e-06 
0.0 0.0 0.0 0.0 -0.0 0.0 -4.940974 99.096848 279.41452 2.922693 -9.223431 0.076415 -4.34592 -0.363086 -0.983815 -1.026145 -0.297508 -5.756533 -0.633833 -2.256363 12.436753 -0.838641 3.175388 27.606342 -0.241157 0.437221 -3.49367 3.980712 -0.860737 4.408304 7.7e-05 -2.3e-05 6e-06 -0.040897 0.066342 -0.030863 0.666007 -3.749783 -10.722309 -0.746644 3.883775 -10.773604 -22.041359 -6.228393 18.672441 -47.734928 -14.801976 23.948675 -0.392188 -38.128391 0.319904 -0.878439 0.146945 -14.363669 -5.882109 9.861289 0.702591 -10.936877 -0.360575 7.156208 1e-06 8.77483 0.0 -16.274635 18.522614 6.004343 -1.844032 2.498505 -2.507279 -10.163604 4.678947 4.621109 -20.976034 -6e-06 2e-06 -21.226297 2.451693 -3.594001 1e-06 -6e-06 -1e-06 -1.362681 2.240796 -0.746323 -21.334921 0.584909 3.008324 -13.821218 -3e-06 2e-06 -23.887178 -0.249081 -0.839483 -60.680664 2.820936 -1.304981 -0.294024 1.679689 0.833255 -14.218215 0.093214 1.300577 -34.212067 -0.287569 0.967169 -20.033222 0.964533 1.212844 0.0 -0.0 0.0 -3.44039 0.788232 0.501657 -15.928194 -3.167312 2.999707 -6.338829 -0.0 1e-06 -18.123453 3.648183 -4.905671 -5e-06 1e-06 -1e-06 17.995003 10.123567 19.809275 55.239079 18.913666 34.226879 0.453953 43.119644 0.244811 -2.841693 -0.018778 -0.608913 2.243543 -5.255037 -3.180158 14.282895 -0.826595 6.952502 -3e-06 -12.690607 1e-06 16.189508 -17.66897 2.427493 1.665666 -1.955922 -2.878301 4.727798 -4.170589 4.993925 11.020529 2e-06 -1e-06 12.109056 -3.735716 -2.866785 0.0 0.0 -2e-06 1.291986 -1.92855 -1.498089 14.800132 0.567468 3.865608 14.242577 -1.341735 -6.660659 19.631973 0.143927 -0.648245 49.629852 -0.843124 -6.505468 0.353029 -1.51115 -0.031938 20.222797 3.684311 2.316629 18.787281 6e-06 -1e-06 10.751631 -0.479868 1.397906 1e-06 1e-06 -1e-06 3.273809 0.305948 -0.580111 21.486816 11.830378 2.266129 8.16293 2e-06 -2e-06 18.399084 -3.798985 -4.940576 3e-06 -1e-06 -1e-06 -5.136046 14.422266 0.029934 -0.082422 -0.160524 8.562346 1.565811 -7.30553 -9.641566 1.656487 -1.69557 -1.025314 0.0 -0.0 2e-06 -2.995358 -5.789912 -22.237623 -0.025437 -0.0153 28.376955 1.260723 -0.140649 2.901278 -1.44124 1.012187 -4.194547 -0.0 -0.0 -1e-06 
0.0 0.0 0.0 0.0 -0.0 0.0 -5.184125 98.894493 282.016418 2.831072 -8.554221 0.502362 -4.08739 -0.350339 -1.157455 -0.962715 -0.344897 -5.787634 -0.4983 -2.262631 12.440868 -0.445441 2.748151 27.473534 -0.17851 0.543791 -3.484763 4.164618 -0.754116 4.621473 7.7e-05 -2.3e-05 5e-06 -0.06124 0.079683 -0.036878 0.657027 -3.74081 -10.721585 -0.777729 3.900627 -10.770818 -22.139597 -6.133064 18.706169 -48.228004 -14.696247 24.515894 -0.280003 -37.95182 0.328266 -1.046186 -0.00646 -14.608826 -5.882111 9.861296 0.70259 -10.936877 -0.360574 7.156208 -1e-06 8.774833 -3e-06 -16.420053 18.459494 5.859173 -1.844034 2.498508 -2.507279 -10.163607 4.678949 4.621111 -20.97604 -0.0 -1e-06 -21.226303 2.4517 -3.594009 1e-06 -6e-06 -0.0 -1.362682 2.240801 -0.746323 -21.334929 0.584911 3.008322 -13.821221 -0.0 2e-06 -23.887184 -0.249079 -0.839487 -60.689934 2.807111 -1.33952 -0.294025 1.679689 0.833255 -14.218217 0.093216 1.300581 -34.21207 -0.287563 0.967166 -20.033224 0.964536 1.212842 0.0 1e-06 0.0 -3.44039 0.788235 0.501654 -15.928196 -3.16731 2.999707 -6.338829 0.0 0.0 -18.123457 3.648188 -4.905677 -4e-06 1e-06 -1e-06 18.147804 10.137189 19.641687 55.273865 18.80538 34.762047 0.422247 43.127018 0.262075 -2.247041 -0.141631 0.063742 2.243546 -5.255041 -3.180161 14.282904 -0.826597 6.952502 -1e-06 -12.690612 -1e-06 16.204489 -17.673376 2.443532 1.66567 -1.955923 -2.8783 4.727803 -4.170591 4.993924 11.020536 3e-06 -3e-06 12.109062 -3.735719 -2.866787 0.0 1e-06 -1e-06 1.291987 -1.92855 -1.498091 14.80014 0.567468 3.865608 14.242586 -1.341737 -6.660665 19.631985 0.143926 -0.64825 49.765892 -0.790937 -6.453271 0.35303 -1.511152 -0.03194 20.222809 3.684312 2.316627 18.787292 5e-06 -6e-06 10.751639 -0.479869 1.397904 0.0 1e-06 0.0 3.273809 0.305948 -0.580112 21.486834 11.830384 2.26613 8.162937 1e-06 -4e-06 18.399101 -3.798987 -4.940583 3e-06 -2e-06 -1e-06 -4.761014 14.355328 2.390475 -0.060539 -0.135799 6.55817 1.47776 -7.937527 -10.359833 1.65421 -1.74446 -1.19102 -0.0 -0.0 2e-06 -2.397982 -5.787349 -23.252253 0.030365 0.012254 19.888445 1.178887 -0.353387 5.758345 -1.431547 1.061861 -4.129026 0.0 -0.0 -1e-06 
0.0 0.0 0.0 0.0 -0.0 0.0 -5.464612 98.634239 284.577667 2.803909 -7.858983 1.038047 -3.811818 -0.304146 -1.340536 -0.884597 -0.401631 -5.854422 -0.32846 -2.268076 12.462165 -0.060313 2.388481 27.23447 -0.142425 0.714666 -3.496295 4.43132 -0.750163 4.880514 7.7e-05 -2.2e-05 5e-06 -0.083887 0.100954 -0.047538 0.648518 -3.719458 -10.726032 -0.813703 3.92082 -10.76911 -22.275444 -6.019619 18.681561 -48.744457 -14.53656 25.426661 -0.084129 -37.817623 0.296334 -1.372296 -0.194199 -14.627813 -5.882109 9.861292 0.70259 -10.936875 -0.360575 7.156208 -0.0 8.774831 -0.0 -16.594461 18.393541 5.730512 -1.844033 2.498506 -2.507279 -10.163604 4.678948 4.621109 -20.976032 -2e-06 0.0 -21.226299 2.451699 -3.594003 1e-06 -6e-06 0.0 -1.362682 2.2408 -0.746325 -21.334925 0.584911 3.008322 -13.821218 0.0 0.0 -23.887178 -0.249079 -0.839487 -60.73502 2.805017 -1.477948 -0.294025 1.679687 0.833256 -14.218214 0.093216 1.30058 -34.212055 -0.287564 0.967164 -20.033218 0.964538 1.21284 1e-06 1e-06 0.0 -3.440389 0.788234 0.501657 -15.928192 -3.167311 2.999709 -6.338828 0.0 -0.0 -18.123453 3.648185 -4.905677 -5e-06 2e-06 -2e-06 18.314512 10.214071 19.460173 55.224621 18.567692 35.136757 0.378145 43.174278 0.271977 -1.373944 -0.3389 0.725247 2.243543 -5.25504 -3.180159 14.282893 -0.826596 6.952503 -1e-06 -12.690605 -0.0 16.223177 -17.70203 2.467961 1.665667 -1.955922 -2.878299 4.727798 -4.170589 4.993923 11.020528 1e-06 -3e-06 12.109056 -3.735717 -2.866788 -0.0 -0.0 0.0 1.291986 -1.928549 -1.49809 14.800131 0.567465 3.865608 14.242577 -1.341738 -6.660663 19.631973 0.143926 -0.648248 49.935375 -0.69628 -6.420916 0.35303 -1.511152 -0.031941 20.222792 3.684308 2.316625 18.787273 4e-06 -7e-06 10.751629 -0.479869 1.397903 0.0 1e-06 -0.0 3.273806 0.305948 -0.580113 21.486816 11.830374 2.26613 8.162929 2e-06 -3e-06 18.39909 -3.798986 -4.94058 3e-06 -1e-06 -1e-06 -4.387244 14.500434 4.715021 -0.034469 -0.122678 4.446182 1.284767 -8.685572 -10.825122 1.650296 -1.766477 -1.453767 0.0 0.0 2e-06 -1.902186 -6.190862 -24.2563 0.104885 -0.035076 11.822136 1.702418 -0.04742 8.315913 -1.416189 1.093324 -4.015442 0.0 -0.0 -1e-06 
0.0 0.0 0.0 0.0 -0.0 0.0 -5.777513 98.330009 287.156616 2.801456 -7.092144 1.634586 -3.472276 -0.226225 -1.506053 -0.790542 -0.480472 -5.95948 -0.12798 -2.249086 12.515923 0.353003 2.107797 26.944267 -0.140934 0.807535 -3.502829 4.683095 -0.872193 5.225308 7.7e-05 -2.3e-05 6e-06 -0.10442 0.127896 -0.055636 0.63952 -3.693532 -10.743221 -0.845895 3.949632 -10.779909 -22.492342 -5.973778 18.629934 -49.128258 -14.348788 26.62138 0.077922 -37.725723 0.236431 -1.726048 -0.40714 -14.387908 -5.882106 9.861283 0.702591 -10.936869 -0.360575 7.156204 -0.0 8.774824 0.0 -16.717245 18.331734 5.664766 -1.844032 2.498503 -2.507277 -10.163597 4.678944 4.621108 -20.976021 -3e-06 2e-06 -21.226286 2.451697 -3.594001 2e-06 -5e-06 0.0 -1.362682 2.240798 -0.746321 -21.334911 0.58491 3.008322 -13.821213 -1e-06 2e-06 -23.887167 -0.24908 -0.839483 -60.789738 2.798514 -1.667392 -0.294025 1.679687 0.833255 -14.218207 0.093216 1.300581 -34.212048 -0.287562 0.967168 -20.033209 0.964534 1.212842 0.0 1e-06 0.0 -3.440388 0.788232 0.501654 -15.928183 -3.167309 2.999706 -6.338824 1e-06 -0.0 -18.123444 3.648182 -4.905673 -4e-06 2e-06 -1e-06 18.64542 10.272552 19.279989 54.96748 18.189268 35.18716 0.352606 43.352592 0.277167 -0.376574 -0.496111 1.178653 2.243542 -5.255037 -3.180158 14.282886 -0.826596 6.952503 -1e-06 -12.690601 -1e-06 16.199524 -17.74378 2.498091 1.665666 -1.955922 -2.878299 4.727796 -4.170587 4.993924 11.020523 2e-06 -1e-06 12.109048 -3.735717 -2.866783 0.0 -0.0 0.0 1.291986 -1.92855 -1.49809 14.800125 0.567466 3.865608 14.242567 -1.341736 -6.660656 19.63196 0.143925 -0.648245 50.031143 -0.660019 -6.410504 0.353029 -1.511149 -0.031939 20.222786 3.684308 2.316629 18.78727 4e-06 -1e-06 10.751625 -0.47987 1.397906 1e-06 1e-06 -1e-06 3.273805 0.305947 -0.580109 21.486809 11.830373 2.266133 8.162926 1e-06 -2e-06 18.399076 -3.798986 -4.940575 3e-06 -0.0 -1e-06 -3.883332 14.918894 5.914868 -0.017443 -0.164769 4.400383 1.158947 -9.681988 -11.722634 1.65388 -1.736331 -1.805599 0.0 0.0 2e-06 -1.452737 -6.755885 -25.28187 0.155723 -0.130955 5.002157 3.003929 0.102596 8.676415 -1.391 1.128247 -3.945226 -0.0 -0.0 -1e-06 
0.0 0.0 0.0 0.0 -0.0 0.0 -6.141791 97.989685 289.812744 2.752442 -6.214772 2.173926 -3.031222 -0.151514 -1.601637 -0.689722 -0.587994 -6.048831 0.096005 -2.273057 12.607623 0.735942 1.872629 26.733248 -0.121075 0.898441 -3.504023 4.757506 -0.988041 5.507367 7.7e-05 -2.3e-05 5e-06 -0.120906 0.151107 -0.063726 0.62579 -3.673404 -10.762335 -0.865912 3.977522 -10.78912 -22.678942 -6.029997 18.551325 -49.419102 -14.15442 27.804317 0.034194 -37.664825 0.2058 -1.994901 -0.702862 -13.872993 -5.882107 9.861288 0.702588 -10.936875 -0.360576 7.156205 1e-06 8.77483 0.0 -16.746775 18.305662 5.667572 -1.844033 2.498505 -2.507278 -10.163601 4.678946 4.621106 -20.97603 -6e-06 -2e-06 -21.226294 2.451696 -3.594003 1e-06 -6e-06 0.0 -1.362682 2.240798 -0.746322 -21.334919 0.584907 3.00832 -13.821215 -3e-06 1e-06 -23.887175 -0.249083 -0.839485 -60.842846 2.805311 -1.765379 -0.294024 1.67969 0.833255 -14.218214 0.093214 1.300576 -34.212063 -0.28757 0.967166 -20.033218 0.964532 1.212844 0.0 1e-06 1e-06 -3.44039 0.788234 0.501655 -15.928189 -3.167313 2.999704 -6.338828 -1e-06 -1e-06 -18.123451 3.648181 -4.905674 -4e-06 1e-06 -1e-06 19.162298 10.30705 19.287731 54.489498 17.926287 34.813869 0.370126 43.605579 0.322658 0.428803 -0.487422 1.087911 2.243544 -5.255038 -3.180161 14.282897 -0.826597 6.952504 -4e-06 -12.690611 2e-06 16.102722 -17.716581 2.52189 1.665667 -1.955922 -2.878301 4.727799 -4.170589 4.993926 11.020532 5e-06 -4e-06 12.109058 -3.735716 -2.866785 0.0 0.0 0.0 1.291986 -1.92855 -1.498091 14.800136 0.567469 3.865607 14.24258 -1.341735 -6.660661 19.631975 0.143928 -0.648245 49.932034 -0.70978 -6.427493 0.353029 -1.511152 -0.031939 20.222803 3.684313 2.316628 18.787287 7e-06 -3e-06 10.751634 -0.479867 1.397905 1e-06 1e-06 -1e-06 3.273808 0.305948 -0.580114 21.486824 11.830378 2.266129 8.16293 0.0 -1e-06 18.399092 -3.798985 -4.940578 2e-06 -0.0 0.0 -3.170101 15.394024 7.016076 -0.025207 -0.26695 4.852514 0.999102 -10.872752 -12.531135 1.669584 -1.694009 -2.288318 0.0 -0.0 2e-06 -1.070776 -7.195179 -26.573162 0.127542 -0.19871 1.005317 4.781594 -0.186981 6.959289 -1.361305 1.141517 -4.087041 0.0 -0.0 -0.0 
0.0 0.0 0.0 0.0 -0.0 0.0 -6.574648 97.622765 292.633362 2.601471 -5.074283 2.573403 -2.45315 -0.16123 -1.621009 -0.571069 -0.780373 -6.083684 0.348544 -2.384446 12.798694 1.109517 1.599262 26.647665 -0.120989 1.097721 -3.474632 4.46311 -1.005877 5.444768 7.7e-05 -2.2e-05 7e-06 -0.123233 0.159121 -0.06157 0.618722 -3.656914 -10.742123 -0.86501 3.97862 -10.75918 -22.660105 -6.19033 18.463024 -49.768044 -14.021955 29.000338 -0.133618 -37.608902 0.271526 -2.054129 -1.248148 -13.464172 -5.882107 9.861287 0.70259 -10.93687 -0.360574 7.156204 -0.0 8.774827 -2e-06 -16.678427 18.280588 5.718024 -1.844033 2.498505 -2.507278 -10.163601 4.678945 4.621106 -20.976025 -3e-06 -0.0 -21.22629 2.451695 -3.594005 1e-06 -6e-06 0.0 -1.362681 2.240798 -0.746321 -21.334913 0.584909 3.00832 -13.821213 -0.0 1e-06 -23.887167 -0.24908 -0.839486 -60.960285 2.828506 -1.806383 -0.294025 1.679688 0.833258 -14.218208 0.093215 1.300577 -34.212048 -0.287566 0.967166 -20.033215 0.964534 1.212841 1e-06 1e-06 0.0 -3.440389 0.788234 0.501655 -15.928185 -3.16731 2.999707 -6.338825 -1e-06 -1e-06 -18.123444 3.648184 -4.905673 -4e-06 2e-06 -2e-06 19.637556 10.258245 19.495914 53.983814 18.034903 33.944374 0.629572 43.90237 0.515102 0.879055 -0.403944 0.615393 2.243543 -5.255038 -3.180159 14.282894 -0.826596 6.9525 -1e-06 -12.690603 -2e-06 16.031342 -17.593699 2.485714 1.665668 -1.955921 -2.878301 4.7278 -4.170587 4.993921 11.020529 4e-06 -4e-06 12.109056 -3.735715 -2.866787 1e-06 0.0 -1e-06 1.291986 -1.92855 -1.49809 14.800129 0.567466 3.865607 14.242576 -1.341737 -6.660658 19.631971 0.143925 -0.648247 49.625835 -0.90242 -6.550931 0.35303 -1.51115 -0.031938 20.222794 3.684308 2.316627 18.787273 4e-06 -5e-06 10.751629 -0.479867 1.397905 1e-06 -0.0 -1e-06 3.273807 0.305944 -0.580112 21.486814 11.830374 2.26613 8.162928 2e-06 -3e-06 18.399086 -3.798985 -4.94058 2e-06 -0.0 0.0 -2.177796 15.636789 8.260043 -0.015712 -0.364546 5.508434 0.772492 -12.301497 -13.27233 1.718652 -1.655821 -2.803677 0.0 -0.0 2e-06 -0.741849 -7.587374 -28.045956 0.025118 -0.193236 0.665537 6.154215 -0.630954 4.633817 -1.33165 1.143424 -4.381214 -0.0 0.0 -2e-06 
0.0 0.0 0.0 0.0 -0.0 0.0 -7.072532 97.284401 295.605225 2.24685 -3.684035 2.789992 -1.790614 -0.120655 -1.552421 -0.442001 -1.068088 -6.059524 0.768425 -2.587818 13.049028 1.473752 1.245349 26.672195 -0.12709 1.2229 -3.461608 4.145247 -0.86772 5.306743 7.7e-05 -2.3e-05 6e-06 -0.121555 0.159011 -0.052937 0.610367 -3.644884 -10.727924 -0.853356 3.966904 -10.733193 -22.426876 -6.416168 18.705402 -50.150093 -14.241182 30.129498 -0.327293 -37.627655 0.314218 -2.009862 -1.667014 -12.8385 -5.882109 9.861286 0.702591 -10.936873 -0.360575 7.156206 0.0 8.774826 -0.0 -16.638855 18.275511 5.806337 -1.844033 2.498505 -2.507277 -10.163601 4.678945 4.621107 -20.976028 -3e-06 1e-06 -21.226292 2.451695 -3.594002 1e-06 -6e-06 0.0 -1.362682 2.240799 -0.746324 -21.334917 0.584911 3.00832 -13.821215 -1e-06 1e-06 -23.887171 -0.24908 -0.839485 -60.926052 2.856445 -1.635891 -0.294024 1.679688 0.833254 -14.218212 0.093216 1.300578 -34.212051 -0.287565 0.967167 -20.033216 0.964536 1.212842 0.0 -0.0 1e-06 -3.440388 0.788235 0.501652 -15.928189 -3.16731 2.999707 -6.338827 -1e-06 0.0 -18.123447 3.648181 -4.905675 -5e-06 1e-06 -1e-06 19.943142 10.105416 19.662354 53.51263 18.293125 33.407135 0.657544 44.394207 0.566826 1.303783 -0.298876 -0.368496 2.243541 -5.255036 -3.180159 14.282892 -0.826593 6.952501 -4e-06 -12.690603 -1e-06 15.940085 -17.490891 2.486809 1.665665 -1.955922 -2.8783 4.727799 -4.170584 4.993925 11.020528 5e-06 -2e-06 12.109054 -3.735713 -2.866783 1e-06 1e-06 -2e-06 1.291985 -1.92855 -1.498091 14.800129 0.567469 3.865608 14.242573 -1.341733 -6.660659 19.631969 0.143929 -0.648246 49.445015 -0.9172 -6.598927 0.353029 -1.51115 -0.03194 20.222794 3.68431 2.316629 18.787273 7e-06 -1e-06 10.751629 -0.479867 1.397907 1e-06 0.0 -2e-06 3.273807 0.305948 -0.580111 21.486818 11.830376 2.266132 8.16293 2e-06 -2e-06 18.399084 -3.798982 -4.940574 3e-06 -0.0 -1e-06 -0.683411 15.680219 9.547869 -0.013644 -0.500787 6.739321 0.303209 -13.567331 -13.534421 1.743494 -1.688206 -3.982068 0.0 0.0 2e-06 -0.673571 -7.494331 -28.627579 0.019984 -0.114432 2.600919 5.435843 -0.530454 3.965326 -1.358482 1.130122 -4.835805 0.0 0.0 -1e-06 
0.0 0.0 0.0 0.0 -0.0 0.0 -7.672461 97.114037 298.733826 1.529091 -2.059875 3.045757 -0.902458 -0.085314 -1.547052 -0.269172 -1.310504 -6.058862 1.260899 -2.904581 13.321043 1.951614 0.716955 26.726517 -0.200038 1.310193 -3.493512 3.798448 -0.728074 5.169914 7.6e-05 -2.2e-05 6e-06 -0.116426 0.144827 -0.050301 0.609407 -3.64378 -10.725307 -0.841398 3.938421 -10.723887 -22.186789 -6.739088 18.93524 -50.38348 -14.479166 31.40671 -0.327459 -37.633915 0.264948 -2.191593 -2.019453 -12.082913 -5.88211 9.86129 0.70259 -10.936875 -0.360575 7.156209 -0.0 8.77483 -0.0 -16.574753 18.28532 5.882961 -1.844033 2.498505 -2.507279 -10.163604 4.678947 4.621109 -20.976028 -1e-06 1e-06 -21.226295 2.451698 -3.594004 1e-06 -6e-06 0.0 -1.362682 2.240799 -0.746326 -21.334921 0.584909 3.008323 -13.821218 -2e-06 2e-06 -23.887178 -0.249082 -0.839486 -60.791649 2.803008 -1.481874 -0.294024 1.679687 0.833256 -14.218211 0.093216 1.30058 -34.212059 -0.287566 0.967167 -20.033218 0.964537 1.212843 -1e-06 0.0 1e-06 -3.440389 0.788234 0.501653 -15.928191 -3.16731 2.999707 -6.338827 0.0 1e-06 -18.123451 3.648183 -4.905673 -4e-06 1e-06 -1e-06 20.295727 9.890797 19.665045 52.920654 18.411232 33.072636 0.589911 45.109467 0.547869 1.901191 -0.290657 -1.150392 2.243544 -5.255038 -3.180158 14.282892 -0.826595 6.952499 -1e-06 -12.690603 -0.0 15.899693 -17.501081 2.517342 1.665667 -1.955921 -2.878298 4.727797 -4.170587 4.993924 11.020528 2e-06 -4e-06 12.109055 -3.735715 -2.866786 0.0 2e-06 -1e-06 1.291987 -1.92855 -1.498091 14.800129 0.567467 3.865605 14.242576 -1.341736 -6.660662 19.631969 0.143927 -0.64825 49.501339 -0.883828 -6.566321 0.353031 -1.511152 -0.031938 20.222794 3.684309 2.316625 18.787273 7e-06 -7e-06 10.751629 -0.479866 1.397904 1e-06 1e-06 -1e-06 3.273808 0.305946 -0.580112 21.486813 11.83037 2.266126 8.162928 1e-06 -3e-06 18.399084 -3.798983 -4.940581 2e-06 -0.0 -1e-06 1.352806 15.282336 10.653127 -0.023256 -0.613321 8.559254 -0.431702 -14.646668 -12.598454 1.770944 -1.729821 -6.126213 0.0 -0.0 2e-06 -0.461988 -6.935803 -28.620272 0.044808 -0.050329 5.687262 3.288897 -0.222919 5.07604 -1.403269 1.115898 -5.248138 -0.0 0.0 -0.0 
0.0 0.0 0.0 0.0 -0.0 0.0 -8.363173 97.063187 302.011261 0.458276 -0.35418 3.427642 0.205873 -0.059513 -1.613774 -0.064229 -1.441999 -6.126495 1.823588 -3.31349 13.509994 2.432337 0.159836 26.70365 -0.286977 1.418735 -3.586818 3.491448 -0.618145 5.072668 7.7e-05 -2.2e-05 5e-06 -0.122767 0.137406 -0.065468 0.600156 -3.637802 -10.730038 -0.843288 3.919052 -10.727826 -21.985521 -7.105757 19.045115 -50.607548 -14.67759 32.598454 -0.069579 -37.596649 0.111113 -2.454023 -2.112707 -11.466269 -5.88211 9.861289 0.702588 -10.936874 -0.360574 7.156202 -1e-06 8.774827 -1e-06 -16.539591 18.302103 5.938844 -1.844034 2.498505 -2.507277 -10.163603 4.678946 4.621107 -20.976027 -1e-06 -1e-06 -21.22629 2.451699 -3.594003 1e-06 -6e-06 0.0 -1.362682 2.240799 -0.746324 -21.334919 0.584911 3.008319 -13.821217 -1e-06 -1e-06 -23.887175 -0.24908 -0.839488 -60.747192 2.71268 -1.38647 -0.294025 1.679688 0.833256 -14.21821 0.093217 1.300578 -34.212059 -0.287563 0.967164 -20.033218 0.964534 1.212839 -1e-06 -0.0 -1e-06 -3.440389 0.788233 0.501657 -15.928189 -3.167309 2.999703 -6.338828 0.0 0.0 -18.123449 3.648184 -4.905674 -5e-06 0.0 -2e-06 20.55175 9.789986 19.515245 52.364571 18.285519 32.753372 0.469263 45.848156 0.492699 2.439217 -0.289258 -1.695716 2.243542 -5.255037 -3.180155 14.282889 -0.826595 6.952499 0.0 -12.690601 -2e-06 15.904169 -17.638817 2.560191 1.665667 -1.955921 -2.878298 4.727798 -4.170588 4.993922 11.020528 3e-06 -3e-06 12.109053 -3.735717 -2.866786 1e-06 1e-06 0.0 1.291987 -1.928549 -1.498089 14.800129 0.567468 3.865605 14.242574 -1.341739 -6.660657 19.631969 0.143925 -0.64825 49.6306 -0.870101 -6.50585 0.353029 -1.511152 -0.031941 20.222794 3.684308 2.316627 18.787275 3e-06 -5e-06 10.751629 -0.479868 1.397904 1e-06 1e-06 -0.0 3.273808 0.305947 -0.580111 21.486809 11.830373 2.266129 8.162926 1e-06 -3e-06 18.39908 -3.798985 -4.940577 3e-06 1e-06 -1e-06 3.901103 14.680025 11.340828 -0.043214 -0.711428 11.140715 -1.275776 -15.649514 -10.321511 1.816261 -1.761681 -9.521223 -0.0 -0.0 2e-06 0.219977 -6.281401 -28.29744 0.05918 -0.072136 8.28868 1.56769 -0.401514 7.914088 -1.426247 1.079903 -5.214477 -0.0 -0.0 -1e-06 
0.0 0.0 0.0 0.0 -0.0 0.0 -9.101706 97.106041 305.325134 -0.759795 1.303885 3.813421 1.413091 -0.142194 -1.635882 0.081378 -1.43638 -6.161661 2.542183 -3.700329 13.45091 2.899435 -0.073497 26.648706 -0.276896 1.123672 -3.68608 3.177587 -0.424376 4.773805 7.7e-05 -2.2e-05 5e-06 -0.127589 0.131698 -0.106257 0.584871 -3.62554 -10.721718 -0.832715 3.896041 -10.731839 -21.819527 -7.263391 19.013206 -50.957008 -14.897261 33.441399 0.242863 -37.479546 -0.039506 -2.466561 -2.052713 -11.513769 -5.88211 9.861286 0.702589 -10.936873 -0.360573 7.156206 -1e-06 8.774824 1e-06 -16.362078 18.253834 6.084349 -1.844033 2.498503 -2.507277 -10.163603 4.678948 4.621108 -20.97603 -0.0 1e-06 -21.226294 2.4517 -3.594002 2e-06 -6e-06 1e-06 -1.362682 2.240798 -0.746325 -21.334917 0.584912 3.008324 -13.821215 -1e-06 1e-06 -23.887171 -0.249077 -0.839486 -60.73336 2.730433 -1.365654 -0.294025 1.679686 0.833256 -14.21821 0.093217 1.300578 -34.212055 -0.287559 0.967165 -20.033218 0.964539 1.21284 -1e-06 -0.0 -1e-06 -3.440389 0.788234 0.501656 -15.928189 -3.167306 2.999707 -6.338827 0.0 1e-06 -18.123451 3.648183 -4.905674 -5e-06 1e-06 -2e-06 20.553518 9.878712 19.418909 51.90781 18.087063 31.85965 0.836484 46.537598 0.820798 2.683713 -0.499536 -2.112716 2.243543 -5.255037 -3.180161 14.282888 -0.826596 6.952502 -1e-06 -12.690603 2e-06 15.938714 -17.820311 2.582429 1.665666 -1.955921 -2.8783 4.727798 -4.170588 4.993925 11.020526 3e-06 -2e-06 12.109053 -3.735717 -2.866785 0.0 2e-06 0.0 1.291986 -1.92855 -1.498088 14.800125 0.567465 3.865607 14.242569 -1.341738 -6.66066 19.631962 0.143925 -0.648248 49.715435 -0.776316 -6.553245 0.353029 -1.511152 -0.031941 20.222786 3.684306 2.316629 18.78727 1e-06 -3e-06 10.751627 -0.479871 1.397904 -0.0 -1e-06 -0.0 3.273807 0.305946 -0.580113 21.486809 11.83037 2.266131 8.162926 0.0 -2e-06 18.39908 -3.798988 -4.940576 3e-06 1e-06 -2e-06 6.480799 13.973024 10.110731 -0.046349 -0.797235 16.481071 -1.792644 -16.729584 -7.3196 1.934849 -1.729687 -14.867667 -0.0 0.0 2e-06 1.323114 -5.878572 -28.001293 -0.018066 -0.124792 10.873957 1.131589 -1.389372 10.788027 -1.407578 1.03362 -4.547414 -0.0 0.0 -1e-06 
0.0 0.0 0.0 0.0 -0.0 0.0 -9.909948 97.340866 308.342407 -1.908028 2.760984 3.883497 2.491985 -0.182934 -1.361378 0.355105 -1.572432 -6.092068 3.081638 -3.835014 13.312447 3.358919 -0.292782 26.526075 -0.390068 1.092961 -3.747044 3.215247 -0.543409 4.1693 7.6e-05 -2.2e-05 6e-06 -0.123857 0.131523 -0.121611 0.574448 -3.609923 -10.690962 -0.813549 3.883068 -10.708308 -21.218758 -7.47491 18.993441 -51.688606 -15.164277 33.316704 0.461797 -37.639095 -0.140106 -1.938872 -1.636777 -11.343729 -5.882113 9.861292 0.702592 -10.93688 -0.360575 7.156209 -2e-06 8.77483 -1e-06 -16.454969 18.303253 5.968716 -1.844035 2.498506 -2.507279 -10.16361 4.678948 4.62111 -20.97604 0.0 2e-06 -21.226307 2.4517 -3.594005 1e-06 -7e-06 -1e-06 -1.362683 2.240799 -0.746323 -21.334929 0.584912 3.008322 -13.821223 -0.0 2e-06 -23.887184 -0.249078 -0.839484 -60.698383 2.684606 -1.399642 -0.294025 1.679688 0.833256 -14.218221 0.093218 1.300582 -34.212078 -0.287561 0.967165 -20.033232 0.964537 1.212841 0.0 1e-06 -2e-06 -3.440391 0.788235 0.501658 -15.928196 -3.16731 2.999708 -6.338831 0.0 -1e-06 -18.123463 3.648186 -4.905678 -5e-06 0.0 -1e-06 20.143856 10.224155 19.251694 51.832512 17.872955 31.157871 0.984333 46.996166 0.914456 2.665075 -0.403224 -2.76163 2.243546 -5.255043 -3.180161 14.282905 -0.826597 6.952507 -0.0 -12.690613 -1e-06 15.999285 -18.018265 2.580835 1.665668 -1.955923 -2.878303 4.727803 -4.17059 4.993927 11.020538 1e-06 -3e-06 12.109065 -3.735719 -2.866789 -0.0 1e-06 0.0 1.291988 -1.928552 -1.498092 14.800142 0.567468 3.86561 14.242589 -1.341739 -6.660668 19.631989 0.143925 -0.64825 49.767845 -0.835123 -6.538809 0.35303 -1.511154 -0.031939 20.222809 3.684308 2.316629 18.787292 5e-06 -4e-06 10.751638 -0.47987 1.397905 -0.0 1e-06 -0.0 3.27381 0.305946 -0.580112 21.486834 11.830381 2.266132 8.162936 2e-06 -3e-06 18.399103 -3.798988 -4.940586 3e-06 1e-06 -2e-06 8.824883 12.913566 7.328516 -0.071609 -0.878783 24.268728 -2.430102 -16.884855 -2.486301 2.096936 -1.770435 -20.238976 0.0 0.0 2e-06 2.764363 -6.438553 -27.853354 0.020335 -0.27602 14.829 0.639323 -1.965093 8.891983 -1.405823 1.055773 -3.054163 0.0 0.0 -1e-06 
0.0 0.0 0.0 0.0 -0.0 0.0 -10.731287 97.631874 311.203888 -2.840545 4.095328 3.679061 3.361494 -0.214557 -1.02032 0.553091 -1.616114 -5.907608 3.539624 -3.901201 13.13001 3.755686 -0.63358 26.419491 -0.286431 1.047909 -3.768258 3.081942 -0.352169 3.504124 7.6e-05 -2.2e-05 5e-06 -0.114688 0.132772 -0.106886 0.594342 -3.606107 -10.667625 -0.813374 3.880078 -10.684674 -20.304724 -7.624354 18.857065 -52.619137 -15.525558 32.88237 0.44519 -38.041691 -0.148776 -1.214966 -1.464817 -10.642125 -5.882112 9.861295 0.702589 -10.936879 -0.360574 7.156209 -1e-06 8.774831 -2e-06 -16.404535 18.255432 5.909111 -1.844035 2.498507 -2.507278 -10.16361 4.678949 4.621111 -20.976038 1e-06 -0.0 -21.226305 2.451702 -3.594007 2e-06 -6e-06 0.0 -1.362682 2.240801 -0.746324 -21.334929 0.584912 3.008321 -13.821222 -0.0 0.0 -23.887188 -0.249077 -0.839487 -60.561367 2.653865 -1.524052 -0.294026 1.679689 0.833256 -14.218219 0.093218 1.30058 -34.212074 -0.287559 0.967165 -20.033228 0.964538 1.21284 0.0 1e-06 -1e-06 -3.440391 0.788234 0.501654 -15.928196 -3.16731 2.999709 -6.33883 -0.0 0.0 -18.123459 3.648188 -4.905678 -4e-06 0.0 -2e-06 19.650255 10.587309 19.081415 51.83749 17.682268 30.5984 1.241143 47.358025 1.096412 2.624261 -0.515342 -3.519818 2.243544 -5.255042 -3.180161 14.282902 -0.826595 6.952502 -3e-06 -12.690614 -1e-06 16.093102 -18.049547 2.545382 1.66567 -1.955924 -2.878303 4.727801 -4.170588 4.993925 11.020536 4e-06 -4e-06 12.109062 -3.735719 -2.866788 0.0 1e-06 0.0 1.291987 -1.92855 -1.498091 14.800139 0.56747 3.865608 14.242585 -1.341736 -6.660666 19.631985 0.143928 -0.64825 49.732376 -0.901166 -6.577719 0.353029 -1.511154 -0.03194 20.222811 3.684315 2.316627 18.787289 8e-06 -5e-06 10.751636 -0.479867 1.397907 -0.0 1e-06 -0.0 3.273808 0.305949 -0.580113 21.486832 11.830384 2.266132 8.162934 3e-06 -2e-06 18.399099 -3.798983 -4.940581 2e-06 1e-06 -2e-06 10.87163 11.965788 3.27571 -0.143988 -0.929512 33.875145 -2.955954 -16.556265 3.995706 2.157118 -1.657879 -23.095539 0.0 -0.0 3e-06 4.158396 -7.447272 -26.549669 0.060701 -0.329792 16.671124 0.057203 -2.412627 5.757041 -1.4121 1.065961 -2.209251 -0.0 0.0 -1e-06 
0.0 0.0 0.0 0.0 -0.0 0.0 -11.485292 97.903351 313.977783 -3.472773 5.136548 3.170934 3.976028 -0.192999 -0.607571 0.62714 -1.590122 -5.71627 3.875985 -3.866821 13.037842 4.104198 -1.01232 26.39823 -0.181782 1.075385 -3.790816 3.072377 -0.313708 3.037807 7.7e-05 -2.3e-05 6e-06 -0.12026 0.145236 -0.102679 0.607161 -3.591201 -10.67113 -0.837215 3.888364 -10.678712 -19.475864 -7.654902 18.744368 -53.228367 -16.038784 32.534397 0.385009 -38.776821 -0.156099 -0.480887 -1.429383 -9.707789 -5.882109 9.861292 0.70259 -10.936877 -0.360576 7.156207 1e-06 8.774832 -1e-06 -16.297369 18.226154 5.936038 -1.844033 2.498505 -2.507279 -10.163603 4.678947 4.62111 -20.97603 -2e-06 2e-06 -21.226295 2.451698 -3.594003 1e-06 -7e-06 0.0 -1.362682 2.2408 -0.746325 -21.334925 0.584909 3.008323 -13.821219 -2e-06 2e-06 -23.887182 -0.24908 -0.839484 -60.489414 2.63625 -1.536908 -0.294025 1.679688 0.833255 -14.218215 0.093216 1.300581 -34.212063 -0.287564 0.967169 -20.033222 0.964535 1.212843 1e-06 1e-06 0.0 -3.44039 0.788234 0.501655 -15.928192 -3.167312 2.999708 -6.338829 -2e-06 -0.0 -18.123457 3.648184 -4.905674 -5e-06 1e-06 -2e-06 19.345737 10.886847 18.994734 51.626534 17.496527 30.455803 1.273249 47.584419 1.151345 2.686472 -0.629703 -4.317259 2.243542 -5.255039 -3.180159 14.282896 -0.826597 6.952503 -3e-06 -12.69061 2e-06 16.169842 -18.062054 2.541487 1.665669 -1.955921 -2.878299 4.7278 -4.170592 4.993926 11.020532 4e-06 -3e-06 12.109057 -3.735717 -2.866788 -0.0 1e-06 0.0 1.291986 -1.92855 -1.498089 14.800132 0.56747 3.865607 14.242577 -1.341734 -6.660661 19.631973 0.143929 -0.648245 49.789291 -0.925384 -6.582566 0.353029 -1.511152 -0.031939 20.222801 3.684313 2.316627 18.787283 8e-06 -3e-06 10.751633 -0.479868 1.397904 0.0 -1e-06 1e-06 3.273809 0.305947 -0.580111 21.486824 11.830384 2.266129 8.16293 4e-06 -3e-06 18.39909 -3.798985 -4.940579 2e-06 1e-06 -2e-06 12.379902 11.1752 -1.24468 -0.192697 -0.87718 44.166058 -3.87261 -15.245015 9.928432 2.014673 -1.635076 -18.28759 -0.0 0.0 5e-06 5.173998 -8.558792 -24.720259 0.068523 -0.32724 17.791218 -0.274068 -2.483851 3.185371 -1.419703 1.078019 -1.717639 -0.0 -0.0 -1e-06 
0.0 0.0 0.0 0.0 -0.0 0.0 -12.141271 98.096321 316.843231 -3.759174 5.746027 2.463934 4.338699 -0.069123 -0.211963 0.630163 -1.504074 -5.541749 4.034784 -3.754367 13.021619 4.292411 -1.310934 26.586443 -0.096418 1.098888 -3.792999 3.133062 -0.227024 2.653352 7.7e-05 -2.2e-05 7e-06 -0.115842 0.12481 -0.107548 0.618368 -3.608335 -10.682992 -0.840979 3.863538 -10.676933 -18.96316 -7.521603 18.659824 -53.443142 -16.643822 32.197044 0.250243 -39.540207 -0.136354 0.200959 -1.515481 -8.921064 -5.88211 9.861292 0.702592 -10.936876 -0.360573 7.156209 -1e-06 8.774828 -1e-06 -16.196918 18.217253 6.027799 -1.844033 2.498505 -2.507278 -10.163604 4.678949 4.621109 -20.976034 -0.0 0.0 -21.226301 2.4517 -3.594005 1e-06 -5e-06 -1e-06 -1.362682 2.240798 -0.746325 -21.334925 0.584913 3.008323 -13.82122 -1e-06 1e-06 -23.887184 -0.249079 -0.839487 -60.502453 2.672505 -1.528404 -0.294026 1.679688 0.833258 -14.218216 0.093216 1.300581 -34.212067 -0.287562 0.967167 -20.033226 0.964538 1.212842 0.0 1e-06 1e-06 -3.44039 0.788235 0.501654 -15.928194 -3.167309 2.999709 -6.338829 -0.0 1e-06 -18.123457 3.648187 -4.905675 -4e-06 1e-06 -2e-06 19.239538 11.134933 19.067659 51.155266 17.425955 30.914595 1.050216 47.464951 0.931578 2.955782 -0.65466 -5.065499 2.243541 -5.255038 -3.180158 14.282892 -0.826597 6.952503 -2e-06 -12.690608 0.0 16.251848 -18.067631 2.591379 1.665669 -1.955922 -2.878299 4.7278 -4.170587 4.993924 11.020528 2e-06 -2e-06 12.109054 -3.735716 -2.866785 0.0 1e-06 0.0 1.291984 -1.928549 -1.498091 14.800129 0.567471 3.865605 14.242576 -1.341735 -6.660661 19.631969 0.143927 -0.648247 49.878101 -0.901328 -6.566332 0.353029 -1.51115 -0.03194 20.222794 3.684309 2.316628 18.787273 5e-06 -3e-06 10.751629 -0.479868 1.397906 0.0 -1e-06 0.0 3.273808 0.305948 -0.580112 21.486813 11.830377 2.26613 8.162927 1e-06 -1e-06 18.399084 -3.798985 -4.940578 3e-06 1e-06 -2e-06 13.010734 10.766323 -5.457308 -0.192652 -0.819701 53.443649 -3.472823 -12.325209 11.001957 1.795323 -1.770009 -9.257425 0.0 -0.0 0.0 5.834084 -9.726015 -22.632998 0.015931 -0.26233 19.000105 -0.398813 -2.048265 0.437213 -1.422431 1.093227 -1.64533 0.0 -0.0 -1e-06 
0.0 0.0 0.0 0.0 -0.0 0.0 -12.674225 98.302673 319.856354 -3.719785 5.907133 1.773378 4.488778 0.065831 0.027937 0.572062 -1.393576 -5.401462 3.980425 -3.529028 13.054813 4.320852 -1.423243 26.970644 -0.044919 1.097221 -3.749775 3.254868 -0.155715 2.524066 7.7e-05 -2.2e-05 7e-06 -0.106785 0.093589 -0.115187 0.619455 -3.638402 -10.705401 -0.825969 3.831073 -10.691533 -18.775663 -7.211288 18.62742 -53.406342 -17.172365 31.798574 0.139301 -40.126415 -0.078544 0.918615 -1.592629 -8.428986 -5.882109 9.861292 0.70259 -10.936876 -0.360575 7.156208 -1e-06 8.774828 -3e-06 -16.081814 18.258154 6.110874 -1.844034 2.498506 -2.507279 -10.163604 4.678946 4.621109 -20.97603 -3e-06 -1e-06 -21.226292 2.451699 -3.594002 2e-06 -6e-06 -1e-06 -1.362682 2.240799 -0.746322 -21.334923 0.584909 3.008322 -13.821218 -2e-06 2e-06 -23.887178 -0.24908 -0.839486 -60.467701 2.755399 -1.562248 -0.294024 1.679689 0.833257 -14.218214 0.093215 1.300579 -34.212063 -0.287565 0.967168 -20.03322 0.964534 1.212843 0.0 -0.0 0.0 -3.440389 0.788233 0.501655 -15.928192 -3.16731 2.999707 -6.338827 -1e-06 -1e-06 -18.123453 3.648182 -4.905674 -4e-06 1e-06 -1e-06 19.407368 11.25708 19.275829 50.532879 17.476759 31.593836 0.882108 46.899006 0.692029 3.383613 -0.629802 -5.297757 2.243543 -5.255037 -3.180158 14.282892 -0.826595 6.952502 -1e-06 -12.690602 -1e-06 16.329245 -18.064106 2.661903 1.665665 -1.955922 -2.8783 4.727799 -4.170587 4.993923 11.020526 3e-06 -2e-06 12.109051 -3.735717 -2.866786 0.0 0.0 -0.0 1.291987 -1.928547 -1.49809 14.800127 0.567467 3.865605 14.242574 -1.341735 -6.660659 19.631968 0.143927 -0.648246 50.007915 -0.897115 -6.587573 0.353029 -1.51115 -0.031939 20.222794 3.684309 2.316627 18.787273 4e-06 -2e-06 10.751629 -0.479868 1.397903 -0.0 -1e-06 0.0 3.273806 0.305945 -0.580111 21.486813 11.83037 2.266132 8.162927 -1e-06 -1e-06 18.399086 -3.798985 -4.940577 3e-06 -0.0 -2e-06 12.772572 11.121298 -8.966907 -0.241468 -0.690712 59.604473 -1.931512 -9.574644 7.800097 1.759733 -1.842043 -5.967403 -0.0 0.0 1e-06 5.982009 -10.57522 -20.185928 -0.033639 -0.230488 19.720819 -0.356924 -1.464314 -2.108243 -1.417448 1.094054 -1.663195 -0.0 -0.0 -1e-06 
0.0 0.0 0.0 0.0 -0.0 0.0 -13.126439 98.544983 322.918518 -3.49829 5.733624 1.26027 4.509256 0.181865 0.12489 0.474791 -1.265273 -5.320411 3.777174 -3.267218 13.068741 4.226861 -1.396791 27.45713 -0.01553 1.217988 -3.701613 3.381822 -0.13217 2.665146 7.7e-05 -2.3e-05 7e-06 -0.104736 0.085362 -0.118248 0.607581 -3.64562 -10.716459 -0.811674 3.821543 -10.698578 -18.777798 -6.80376 18.519396 -53.268005 -17.395649 31.215769 0.028113 -40.761345 0.028051 1.635018 -1.581191 -8.157419 -5.882111 9.861293 0.702591 -10.936881 -0.360574 7.156208 -0.0 8.774831 -0.0 -15.974498 18.322565 6.182019 -1.844035 2.498508 -2.50728 -10.16361 4.67895 4.621112 -20.976042 -2e-06 -0.0 -21.226307 2.451701 -3.594004 1e-06 -6e-06 -1e-06 -1.362682 2.240799 -0.746324 -21.33493 0.584911 3.008325 -13.821225 0.0 0.0 -23.887188 -0.249078 -0.839484 -60.410633 2.79874 -1.541454 -0.294024 1.679687 0.833256 -14.218222 0.093215 1.300579 -34.212082 -0.287563 0.967168 -20.033232 0.964538 1.212842 0.0 -0.0 0.0 -3.440392 0.788235 0.501657 -15.928201 -3.16731 2.999708 -6.33883 -1e-06 1e-06 -18.123463 3.648186 -4.905674 -3e-06 1e-06 0.0 19.758772 11.314876 19.498997 50.005661 17.493069 32.212803 0.774342 45.989742 0.548258 3.716839 -0.68161 -5.106346 2.243543 -5.255038 -3.180158 14.282894 -0.826595 6.952503 -3e-06 -12.690607 -1e-06 16.375278 -18.052353 2.710199 1.665667 -1.955923 -2.878299 4.727798 -4.170588 4.993925 11.020531 5e-06 -2e-06 12.109056 -3.735717 -2.866787 0.0 0.0 -0.0 1.291987 -1.92855 -1.498089 14.800132 0.567469 3.865607 14.242577 -1.341735 -6.660662 19.631973 0.143928 -0.648246 50.133293 -0.883786 -6.606547 0.353028 -1.511151 -0.03194 20.222797 3.684312 2.31663 18.787279 6e-06 -2e-06 10.751632 -0.479868 1.397906 0.0 -0.0 0.0 3.273808 0.305947 -0.580112 21.48682 11.830379 2.26613 8.162929 1e-06 -2e-06 18.399088 -3.798984 -4.940578 3e-06 0.0 -2e-06 11.794893 12.037873 -12.14535 -0.284662 -0.492951 62.128788 -1.047949 -7.794386 4.066361 1.764845 -1.843618 -5.381485 0.0 -0.0 2e-06 5.798485 -10.926291 -17.469078 -0.028226 -0.228947 19.643938 -0.217983 -1.040333 -4.222288 -1.413252 1.088802 -1.605278 0.0 -0.0 -1e-06 
0.0 0.0 0.0 0.0 -0.0 0.0 -13.530606 98.768806 325.975952 -3.24399 5.260359 0.980423 4.481799 0.268412 0.159331 0.390368 -1.083968 -5.286718 3.487464 -3.013637 12.993086 4.04871 -1.249523 27.884727 -0.031165 1.369424 -3.678245 3.49278 -0.127684 2.892634 7.7e-05 -2.2e-05 7e-06 -0.109487 0.098004 -0.116726 0.593505 -3.634721 -10.717566 -0.80828 3.835193 -10.701728 -18.883804 -6.373981 18.271765 -53.075348 -17.239294 30.635263 -0.024753 -41.595284 0.129508 2.266539 -1.554214 -8.257754 -5.882112 9.861292 0.702589 -10.936878 -0.360574 7.15621 0.0 8.774831 -1e-06 -15.858627 18.37969 6.231748 -1.844034 2.498507 -2.50728 -10.163608 4.678947 4.621111 -20.97604 -3e-06 -1e-06 -21.226301 2.451698 -3.594004 1e-06 -5e-06 -2e-06 -1.362684 2.2408 -0.746324 -21.33493 0.584912 3.008322 -13.821224 -1e-06 -0.0 -23.887186 -0.249079 -0.839485 -60.356724 2.810197 -1.551712 -0.294026 1.679689 0.833258 -14.218221 0.093215 1.300581 -34.212074 -0.287564 0.967167 -20.03323 0.964536 1.212843 -0.0 0.0 0.0 -3.440392 0.788235 0.501656 -15.928201 -3.16731 2.999707 -6.338831 -0.0 1e-06 -18.123463 3.648184 -4.905679 -2e-06 1e-06 -0.0 20.077171 11.359255 19.616426 49.781013 17.410139 32.765736 0.727648 44.893173 0.495447 3.849797 -0.799995 -4.923364 2.243545 -5.255039 -3.18016 14.2829 -0.826598 6.952503 1e-06 -12.69061 -1e-06 16.376863 -17.992764 2.717391 1.665668 -1.955923 -2.878302 4.727803 -4.170591 4.993927 11.020535 0.0 -3e-06 12.10906 -3.735718 -2.866788 0.0 1e-06 -1e-06 1.291988 -1.92855 -1.49809 14.800138 0.567467 3.865607 14.242584 -1.341738 -6.660666 19.631985 0.143924 -0.648251 50.153805 -0.888399 -6.611295 0.35303 -1.511152 -0.031941 20.222805 3.68431 2.316629 18.787287 0.0 -6e-06 10.751634 -0.47987 1.397905 0.0 -2e-06 -0.0 3.273808 0.305944 -0.580111 21.486824 11.830374 2.266133 8.16293 -2e-06 -3e-06 18.399097 -3.798986 -4.940584 2e-06 0.0 -1e-06 10.250284 13.296464 -15.108771 -0.283008 -0.296874 61.2215 -1.222774 -6.817732 0.783159 1.743165 -1.8143 -5.312004 -0.0 -0.0 0.0 5.539065 -10.890566 -14.72397 0.011305 -0.246401 18.989347 -0.047611 -0.703143 -5.975548 -1.413869 1.078586 -1.553603 -0.0 -0.0 -1e-06 
0.0 0.0 0.0 0.0 -0.0 0.0 -13.914335 98.914909 328.982544 -3.019169 4.571702 0.898732 4.429373 0.308277 0.181394 0.323093 -0.85567 -5.27753 3.153349 -2.798762 12.866102 3.834516 -1.003888 28.10648 -0.069759 1.426537 -3.671693 3.540805 -0.141703 3.037055 7.7e-05 -2.3e-05 7e-06 -0.107752 0.110351 -0.114362 0.590822 -3.628008 -10.715985 -0.803119 3.851546 -10.70476 -19.065113 -5.967994 18.046125 -52.81683 -16.923048 30.250656 0.068846 -42.554661 0.124955 2.736102 -1.51922 -8.414774 -5.882111 9.861292 0.702588 -10.936875 -0.360573 7.156205 -1e-06 8.774829 -1e-06 -15.755939 18.427906 6.284181 -1.844034 2.498507 -2.507279 -10.163604 4.678948 4.621109 -20.976034 -2e-06 -1e-06 -21.226297 2.4517 -3.594006 1e-06 -5e-06 -1e-06 -1.362683 2.2408 -0.746323 -21.334925 0.584913 3.008318 -13.82122 1e-06 -1e-06 -23.887184 -0.249081 -0.839488 -60.355747 2.793869 -1.566641 -0.294025 1.679688 0.833257 -14.218215 0.093218 1.300579 -34.21207 -0.287564 0.967161 -20.033226 0.964534 1.212838 1e-06 -0.0 0.0 -3.440391 0.788235 0.501656 -15.928192 -3.16731 2.999705 -6.338827 0.0 -0.0 -18.123457 3.648184 -4.905678 -3e-06 0.0 -1e-06 20.281248 11.404188 19.685471 49.854027 17.289934 33.329781 0.620359 43.781021 0.434713 3.882038 -0.845027 -4.94768 2.243546 -5.255039 -3.180158 14.282902 -0.826597 6.952507 -1e-06 -12.690612 0.0 16.353716 -17.920429 2.709687 1.665669 -1.955922 -2.878301 4.727802 -4.17059 4.993928 11.020535 1e-06 -2e-06 12.109061 -3.735717 -2.866787 0.0 -0.0 1e-06 1.291988 -1.92855 -1.498091 14.800139 0.567466 3.865608 14.242585 -1.34174 -6.660665 19.631985 0.143926 -0.648249 50.10775 -0.899347 -6.571628 0.35303 -1.511151 -0.03194 20.222805 3.684312 2.31663 18.787287 4e-06 -4e-06 10.751638 -0.479867 1.397906 0.0 -1e-06 -0.0 3.273809 0.305946 -0.58011 21.486832 11.830382 2.266133 8.162935 1e-06 -2e-06 18.399097 -3.798988 -4.940581 3e-06 0.0 -2e-06 8.335029 14.74531 -17.815851 -0.223156 -0.107676 57.300163 -2.120685 -6.323689 -1.87199 1.721651 -1.776528 -5.346534 -0.0 -0.0 1e-06 5.385013 -10.680443 -12.113042 0.058527 -0.272204 18.116711 0.063164 -0.278085 -7.545983 -1.417825 1.046143 -1.568686 -0.0 -0.0 -1e-06 
0.0 0.0 0.0 0.0 -0.0 0.0 -14.256449 98.94529 331.917847 -2.846761 3.732128 1.00006 4.349944 0.276132 0.19466 0.26593 -0.587424 -5.275979 2.812464 -2.633485 12.735533 3.573314 -0.694681 28.066553 -0.13716 1.410275 -3.687991 3.532758 -0.16942 3.114658 7.7e-05 -2.3e-05 7e-06 -0.10186 0.114181 -0.116854 0.595353 -3.634664 -10.721605 -0.796728 3.863807 -10.714973 -19.307758 -5.611945 17.889978 -52.533428 -16.597069 30.131062 0.267044 -43.527992 0.026663 3.018438 -1.418995 -8.441727 -5.882107 9.861289 0.702591 -10.936877 -0.360575 7.15621 3e-06 8.774831 1e-06 -15.696002 18.439661 6.333731 -1.844033 2.498507 -2.507279 -10.163605 4.678946 4.621115 -20.976038 -6e-06 3e-06 -21.226299 2.451696 -3.593999 1e-06 -5e-06 -1e-06 -1.362681 2.240798 -0.746326 -21.334929 0.584906 3.008326 -13.821221 -4e-06 4e-06 -23.887182 -0.249081 -0.839479 -60.383743 2.726774 -1.519875 -0.294026 1.679688 0.833257 -14.218219 0.093213 1.300581 -34.21207 -0.287568 0.967173 -20.033226 0.964536 1.212847 1e-06 -0.0 0.0 -3.44039 0.788233 0.501657 -15.928201 -3.167312 2.99971 -6.33883 -1e-06 2e-06 -18.123457 3.648182 -4.905669 -4e-06 1e-06 -0.0 20.353529 11.453667 19.753181 50.135223 17.202597 33.985466 0.431775 42.851795 0.359878 3.878455 -0.768417 -5.278389 2.243543 -5.255039 -3.180159 14.282896 -0.826595 6.952507 -1e-06 -12.690609 -1e-06 16.344107 -17.871 2.707584 1.665667 -1.955921 -2.8783 4.7278 -4.170589 4.993926 11.020527 2e-06 -1e-06 12.109053 -3.735718 -2.866785 0.0 -1e-06 -1e-06 1.291986 -1.928549 -1.498091 14.800132 0.567468 3.865611 14.242577 -1.341738 -6.660657 19.631973 0.143924 -0.648244 50.061321 -0.882394 -6.475825 0.353029 -1.51115 -0.031941 20.222797 3.68431 2.316634 18.787279 2e-06 1e-06 10.751629 -0.47987 1.397906 0.0 -1e-06 -0.0 3.273807 0.305947 -0.58011 21.486816 11.830374 2.266137 8.162928 -1e-06 -0.0 18.399084 -3.798989 -4.940576 4e-06 -0.0 -2e-06 6.196253 16.20599 -20.299591 -0.113833 0.096605 51.102589 -3.138329 -5.891149 -3.406521 1.725198 -1.762671 -5.367319 0.0 0.0 4e-06 5.158236 -10.384189 -9.892854 0.095201 -0.280251 17.351889 0.234284 0.262372 -9.026399 -1.423933 1.006869 -1.636016 -0.0 -0.0 -1e-06 
0.0 0.0 0.0 0.0 -0.0 0.0 -14.51471 98.877548 334.764404 -2.73464 2.769626 1.284349 4.250777 0.184451 0.185174 0.214719 -0.327601 -5.28552 2.496596 -2.491993 12.642051 3.166595 -0.30462 27.798279 -0.215998 1.356571 -3.709229 3.48526 -0.247755 3.198925 7.7e-05 -2.2e-05 6e-06 -0.100499 0.118779 -0.121369 0.594185 -3.646355 -10.743532 -0.793543 3.882381 -10.739877 -19.615065 -5.344131 17.794495 -52.272694 -16.344528 30.139563 0.403328 -44.375751 -0.042819 3.0955 -1.270587 -8.226795 -5.882109 9.861293 0.702591 -10.936879 -0.360577 7.15621 2e-06 8.774834 -1e-06 -15.69237 18.402668 6.341922 -1.844034 2.498506 -2.50728 -10.163608 4.678948 4.621109 -20.97604 -8e-06 3e-06 -21.226305 2.451694 -3.594002 1e-06 -6e-06 -1e-06 -1.362682 2.240802 -0.746323 -21.33493 0.584905 3.008323 -13.821225 -4e-06 3e-06 -23.887188 -0.249085 -0.839482 -60.365635 2.648567 -1.435428 -0.294025 1.679689 0.833258 -14.218219 0.093213 1.300581 -34.212074 -0.28757 0.967172 -20.033226 0.964535 1.212847 1e-06 1e-06 0.0 -3.440392 0.788234 0.501657 -15.928201 -3.167316 2.999709 -6.338828 -0.0 1e-06 -18.123459 3.648182 -4.905675 -3e-06 2e-06 -1e-06 20.265451 11.506053 19.825726 50.537895 17.181364 34.700283 0.249479 42.250397 0.303285 3.848666 -0.633809 -5.846682 2.243543 -5.25504 -3.180159 14.2829 -0.826594 6.952505 -3e-06 -12.690616 -0.0 16.377254 -17.868372 2.702465 1.665668 -1.955923 -2.878301 4.727801 -4.170589 4.993926 11.020534 3e-06 -2e-06 12.109059 -3.735717 -2.866786 1e-06 0.0 -0.0 1.291987 -1.928549 -1.498091 14.800138 0.567469 3.865608 14.242584 -1.341735 -6.660664 19.631985 0.143928 -0.648246 50.026146 -0.848517 -6.379748 0.35303 -1.511152 -0.031941 20.222803 3.684313 2.316629 18.787287 5e-06 -3e-06 10.751635 -0.479867 1.397907 0.0 -1e-06 -0.0 3.273809 0.305947 -0.58011 21.486828 11.830386 2.266133 8.162931 1e-06 -1e-06 18.399096 -3.798987 -4.94058 4e-06 1e-06 -2e-06 3.974597 17.362045 -22.635605 0.010294 0.284349 43.597488 -4.12795 -5.253031 -3.412267 1.738481 -1.791156 -5.43121 -0.0 -0.0 1e-06 4.986419 -10.109659 -7.955271 0.103904 -0.239212 16.68338 0.26524 0.883297 -10.495119 -1.430952 0.972479 -1.681205 0.0 -0.0 -1e-06 
0.0 0.0 0.0 0.0 -0.0 0.0 -14.680831 98.74691 337.503265 -2.64096 1.753244 1.742202 4.100224 0.073565 0.127028 0.158072 -0.146675 -5.304109 2.2406 -2.340317 12.584834 2.60093 0.17703 27.400307 -0.261578 1.22115 -3.708028 3.355026 -0.382475 3.293209 7.7e-05 -2.2e-05 7e-06 -0.098584 0.123434 -0.11994 0.595309 -3.65864 -10.772335 -0.791413 3.902525 -10.770429 -19.990889 -5.195326 17.678925 -52.067368 -16.144785 30.207087 0.433332 -44.976234 -0.041262 3.023933 -1.155485 -7.71156 -5.882111 9.861292 0.702588 -10.936879 -0.360573 7.156212 -0.0 8.77483 -1e-06 -15.700773 18.347084 6.326775 -1.844034 2.498507 -2.507278 -10.16361 4.678948 4.621111 -20.97604 -1e-06 3e-06 -21.226307 2.4517 -3.594004 -0.0 -7e-06 -1e-06 -1.362683 2.240798 -0.746323 -21.334929 0.58491 3.008326 -13.821223 -2e-06 2e-06 -23.887186 -0.249079 -0.839482 -60.304501 2.608494 -1.355576 -0.294026 1.679689 0.833256 -14.218219 0.093215 1.300583 -34.212074 -0.28756 0.967171 -20.03323 0.964537 1.212843 1e-06 1e-06 1e-06 -3.44039 0.788233 0.501656 -15.928196 -3.16731 2.999709 -6.33883 -1e-06 2e-06 -18.123459 3.648185 -4.905674 -4e-06 2e-06 -1e-06 20.052332 11.543208 19.836277 50.942776 17.158918 35.425182 0.186326 42.028408 0.338923 3.819459 -0.566134 -6.440619 2.243542 -5.255036 -3.180158 14.282892 -0.826596 6.952503 -2e-06 -12.690603 -0.0 16.434072 -17.910795 2.692287 1.665667 -1.955921 -2.878299 4.727799 -4.170588 4.993924 11.020526 1e-06 -3e-06 12.109053 -3.735717 -2.866785 1e-06 0.0 -0.0 1.291985 -1.92855 -1.49809 14.800129 0.567468 3.865608 14.242574 -1.341738 -6.660659 19.631968 0.143924 -0.648244 49.995476 -0.807133 -6.33362 0.35303 -1.511151 -0.031939 20.222795 3.68431 2.316631 18.787279 5e-06 -1e-06 10.751631 -0.479867 1.397907 0.0 -1e-06 -1e-06 3.273808 0.305946 -0.580111 21.486816 11.830374 2.266132 8.162928 1e-06 -1e-06 18.399082 -3.798985 -4.940573 3e-06 0.0 -2e-06 1.770019 18.111511 -24.803728 0.108254 0.425018 35.433392 -5.185528 -4.324412 -1.928144 1.743885 -1.825696 -5.341935 -0.0 -0.0 2e-06 4.814574 -9.935968 -6.254247 0.078419 -0.165109 16.017925 0.152034 1.566553 -11.876522 -1.438657 0.956725 -1.662683 0.0 -0.0 -1e-06 
0.0 0.0 0.0 0.0 -0.0 0.0 -14.771443 98.556236 340.214386 -2.55977 0.669677 2.299024 3.866012 0.00038 0.019259 0.101667 -0.071143 -5.340108 2.044901 -2.179688 12.594095 1.926007 0.762031 26.980566 -0.272527 0.94658 -3.687772 3.101724 -0.531479 3.403037 7.6e-05 -2.2e-05 5e-06 -0.08474 0.113968 -0.110797 0.613514 -3.681345 -10.796826 -0.782712 3.906075 -10.796027 -20.439953 -5.128011 17.524769 -51.885387 -16.000937 30.30888 0.410566 -45.308907 -0.008255 2.815001 -1.074883 -6.842638 -5.882107 9.861286 0.702592 -10.936872 -0.360573 7.156208 -0.0 8.774825 -0.0 -15.698907 18.309359 6.33117 -1.844034 2.498504 -2.507277 -10.163601 4.678946 4.62111 -20.976023 0.0 3e-06 -21.226286 2.451698 -3.594002 -0.0 -7e-06 -0.0 -1.362682 2.240799 -0.746323 -21.334913 0.584912 3.008325 -13.821213 -1e-06 3e-06 -23.887167 -0.249076 -0.839482 -60.26918 2.619318 -1.262823 -0.294025 1.679687 0.833255 -14.218208 0.093216 1.300582 -34.212048 -0.287558 0.967173 -20.033213 0.96454 1.212842 2e-06 1e-06 2e-06 -3.440389 0.788233 0.501658 -15.928187 -3.167308 2.999709 -6.338826 1e-06 1e-06 -18.123447 3.648184 -4.905673 -4e-06 2e-06 0.0 19.780378 11.580822 19.724981 51.284668 17.072748 36.208084 0.244467 42.070118 0.452257 3.839769 -0.57866 -6.896769 2.243544 -5.25504 -3.18016 14.282898 -0.826597 6.952506 -1e-06 -12.69061 1e-06 16.450087 -17.95892 2.695151 1.665666 -1.955922 -2.878304 4.727802 -4.170588 4.993929 11.020534 2e-06 -3e-06 12.109058 -3.735718 -2.866784 1e-06 -0.0 0.0 1.291986 -1.928551 -1.49809 14.800136 0.567467 3.86561 14.242582 -1.341737 -6.660662 19.631979 0.143926 -0.648246 49.945202 -0.775486 -6.33892 0.353029 -1.511152 -0.031941 20.222803 3.68431 2.316631 18.787287 4e-06 -2e-06 10.751636 -0.479871 1.397906 0.0 -1e-06 -1e-06 3.273809 0.305948 -0.580113 21.486828 11.830381 2.266132 8.162933 1e-06 -1e-06 18.399097 -3.798989 -4.940579 3e-06 1e-06 -2e-06 -0.327551 18.547413 -26.68465 0.154834 0.522763 26.768337 -6.58878 -3.45871 0.633266 1.749812 -1.862076 -4.912341 0.0 0.0 2e-06 4.578438 -9.847812 -4.641062 0.040064 -0.098655 15.312571 -0.099281 2.405217 -13.194115 -1.444602 0.955977 -1.573481 -0.0 -0.0 -1e-06 
0.0 0.0 0.0 0.0 -0.0 0.0 -14.800784 98.308449 343.017731 -2.546285 -0.555474 2.838465 3.560745 -0.014486 -0.121713 0.061843 -0.064045 -5.405366 1.900784 -2.052758 12.708592 1.20872 1.445297 26.595518 -0.325711 0.548055 -3.669392 2.734598 -0.675635 3.473047 7.7e-05 -2.2e-05 5e-06 -0.068453 0.096767 -0.100503 0.639357 -3.701799 -10.804894 -0.777106 3.892932 -10.804439 -20.880028 -5.076876 17.361198 -51.75919 -15.910958 30.306828 0.368261 -45.479858 0.008558 2.593061 -1.055799 -5.983602 -5.882105 9.861286 0.702592 -10.936872 -0.360576 7.156207 2e-06 8.774826 1e-06 -15.71251 18.286137 6.334413 -1.844033 2.498504 -2.507277 -10.163601 4.678944 4.621109 -20.976027 -8e-06 2e-06 -21.226292 2.451693 -3.593998 0.0 -6e-06 -0.0 -1.36268 2.240797 -0.746325 -21.334915 0.584906 3.008322 -13.821214 -4e-06 2e-06 -23.887171 -0.249082 -0.839481 -60.266743 2.639857 -1.157382 -0.294026 1.679688 0.833257 -14.21821 0.093213 1.300581 -34.212048 -0.287566 0.967172 -20.033213 0.964535 1.212844 2e-06 -0.0 1e-06 -3.440389 0.788233 0.501654 -15.928189 -3.167312 2.999707 -6.338827 -1e-06 2e-06 -18.123447 3.64818 -4.905669 -5e-06 0.0 0.0 19.506176 11.654965 19.597868 51.52467 16.999947 37.175915 0.242527 42.211937 0.493755 3.979373 -0.659648 -7.144792 2.243541 -5.255036 -3.180157 14.282892 -0.826593 6.952502 -6e-06 -12.690605 1e-06 16.409855 -17.99823 2.742941 1.665666 -1.955922 -2.878298 4.727798 -4.170585 4.993923 11.020526 7e-06 -2e-06 12.109052 -3.735714 -2.866784 1e-06 -1e-06 0.0 1.291986 -1.92855 -1.498089 14.800131 0.567471 3.865605 14.242573 -1.341735 -6.660659 19.631969 0.143932 -0.648246 49.91843 -0.811152 -6.350969 0.353029 -1.511149 -0.031941 20.222794 3.684314 2.316628 18.78727 1e-05 0.0 10.751627 -0.479866 1.397908 -0.0 -1e-06 -1e-06 3.273807 0.305948 -0.580111 21.486813 11.830379 2.266128 8.162926 3e-06 -1e-06 18.39908 -3.798982 -4.940573 3e-06 0.0 -2e-06 -2.08011 18.809586 -28.158424 0.104005 0.525007 18.210842 -8.605392 -3.005481 3.845044 1.737036 -1.912691 -4.446334 0.0 -0.0 2e-06 4.275471 -9.7584 -2.824723 0.003947 -0.073946 14.264015 -0.43042 3.444504 -14.455137 -1.446944 0.946444 -1.476747 -0.0 -0.0 -1e-06 
0.0 0.0 0.0 0.0 -0.0 0.0 -14.800408 97.976456 345.957489 -2.711061 -1.98989 3.307055 3.233735 -0.012519 -0.286326 0.03048 -0.055016 -5.491687 1.821668 -1.990904 12.88951 0.505494 2.227687 26.332066 -0.462794 0.066356 -3.669937 2.264836 -0.866415 3.451362 7.7e-05 -2.2e-05 7e-06 -0.050066 0.070712 -0.094968 0.666984 -3.722632 -10.79778 -0.769811 3.863307 -10.79671 -21.270815 -5.029498 17.258284 -51.609581 -15.80064 30.046139 0.288512 -45.615578 0.010264 2.511197 -1.216624 -5.27732 -5.882109 9.861292 0.702589 -10.936874 -0.360575 7.156206 1e-06 8.774833 0.0 -15.759127 18.287973 6.332981 -1.844034 2.498506 -2.50728 -10.163601 4.678948 4.621109 -20.976034 -6e-06 -3e-06 -21.226301 2.451696 -3.594006 0.0 -7e-06 0.0 -1.362682 2.2408 -0.746324 -21.334921 0.584907 3.00832 -13.821218 -5e-06 1e-06 -23.887175 -0.249083 -0.839485 -60.29961 2.667478 -1.093569 -0.294025 1.679689 0.833257 -14.218214 0.093215 1.300578 -34.212067 -0.287569 0.967165 -20.033222 0.964532 1.212843 1e-06 -0.0 1e-06 -3.44039 0.788233 0.501655 -15.928192 -3.167314 2.999706 -6.338829 -1e-06 -0.0 -18.123455 3.648184 -4.905678 -5e-06 1e-06 -0.0 19.342197 11.750159 19.63253 51.573299 17.082264 38.331791 0.141725 42.304657 0.413579 4.301751 -0.766368 -7.210716 2.243543 -5.255039 -3.180157 14.282892 -0.826591 6.952498 -3e-06 -12.690607 0.0 16.347359 -18.033054 2.811152 1.665668 -1.955922 -2.878298 4.727799 -4.170588 4.993924 11.020529 4e-06 -3e-06 12.109054 -3.735716 -2.866787 1e-06 -0.0 1e-06 1.291986 -1.92855 -1.498088 14.800129 0.567469 3.865605 14.242576 -1.341736 -6.660661 19.631969 0.143929 -0.648246 49.949509 -0.893853 -6.372626 0.353029 -1.511151 -0.031939 20.222797 3.684313 2.316628 18.787279 8e-06 -4e-06 10.751629 -0.479868 1.397905 -0.0 -1e-06 -1e-06 3.273808 0.305947 -0.580112 21.486816 11.830379 2.26613 8.162927 1e-06 -3e-06 18.399084 -3.798982 -4.940579 3e-06 1e-06 -1e-06 -3.053882 18.580568 -29.234613 -0.014421 0.418362 10.595774 -10.703901 -2.518422 6.666341 1.684642 -1.979221 -4.126986 0.0 0.0 2e-06 3.895401 -9.522165 -0.601173 -0.020885 -0.106912 12.694484 -0.551697 4.642869 -15.394391 -1.444684 0.919404 -1.49263 0.0 -0.0 -1e-06 
0.0 0.0 0.0 0.0 -0.0 0.0 -14.796606 97.565834 348.985962 -3.024186 -3.648956 3.64718 2.881181 -0.015263 -0.431399 -0.012493 -0.016829 -5.556804 1.789499 -1.953714 13.078575 -0.240822 3.0497 26.223682 -0.600683 -0.379775 -3.682147 1.749183 -1.040088 3.309393 7.7e-05 -2.2e-05 6e-06 -0.022255 0.027964 -0.090629 0.695003 -3.756264 -10.774584 -0.744565 3.813938 -10.767238 -21.601814 -5.026144 17.179659 -51.303741 -15.629892 29.657867 0.168311 -45.738308 0.050338 2.586416 -1.557323 -4.885496 -5.88211 9.86129 0.70259 -10.936877 -0.360576 7.156209 0.0 8.77483 -1e-06 -15.817093 18.300257 6.33618 -1.844033 2.498505 -2.507277 -10.163604 4.678946 4.621109 -20.976034 -3e-06 5e-06 -21.226295 2.451699 -3.593999 0.0 -6e-06 0.0 -1.362682 2.240799 -0.746322 -21.334925 0.584908 3.008325 -13.821219 -1e-06 4e-06 -23.887184 -0.24908 -0.839484 -60.345741 2.691918 -1.046234 -0.294025 1.679688 0.833257 -14.218217 0.093216 1.300583 -34.212067 -0.287562 0.967171 -20.033226 0.964537 1.212844 1e-06 1e-06 2e-06 -3.44039 0.788233 0.501656 -15.928198 -3.16731 2.999709 -6.338829 0.0 1e-06 -18.123457 3.648185 -4.905673 -4e-06 1e-06 -1e-06 19.379217 11.787824 19.79623 51.396202 17.308645 39.47966 0.021393 42.281357 0.321757 4.689461 -0.824295 -7.149973 2.243542 -5.255037 -3.180158 14.2829 -0.826593 6.952505 -4e-06 -12.690611 0.0 16.31039 -18.04505 2.848334 1.665667 -1.955922 -2.878301 4.727801 -4.170589 4.993925 11.020533 4e-06 -2e-06 12.109058 -3.735716 -2.866784 0.0 -0.0 0.0 1.291986 -1.92855 -1.498089 14.800136 0.567468 3.865608 14.242579 -1.341737 -6.66066 19.631975 0.143927 -0.648244 49.988586 -0.903173 -6.383525 0.353029 -1.511151 -0.03194 20.222801 3.684313 2.31663 18.787285 8e-06 -1e-06 10.751633 -0.479867 1.397906 1e-06 -0.0 -2e-06 3.273808 0.305948 -0.580111 21.486828 11.830385 2.266134 8.16293 2e-06 -2e-06 18.399094 -3.798983 -4.940578 3e-06 0.0 -2e-06 -2.986756 17.740898 -30.110168 -0.089065 0.277204 5.653475 -12.139883 -1.736677 7.619372 1.623229 -2.048207 -4.018337 0.0 0.0 3e-06 3.610931 -9.001507 2.207483 -0.030753 -0.150958 10.369431 -0.530418 5.881367 -16.051319 -1.44152 0.904267 -1.681398 0.0 -0.0 -1e-06 
0.0 0.0 0.0 0.0 -0.0 0.0 -14.7643 97.163223 352.015228 -3.280834 -5.544948 3.795847 2.356972 0.002028 -0.485686 -0.095649 0.123323 -5.607244 1.717364 -2.003005 13.29652 -1.126902 3.874372 26.105961 -0.706748 -0.721145 -3.594988 1.18951 -1.141634 2.951863 7.7e-05 -2.2e-05 5e-06 -0.029035 0.032947 -0.069195 0.690793 -3.745286 -10.733157 -0.755164 3.814452 -10.71654 -21.902525 -5.171378 17.151442 -50.77787 -15.426901 29.184679 0.158702 -45.82605 0.077711 2.551942 -1.695708 -4.647576 -5.882112 9.861292 0.70259 -10.93688 -0.360573 7.15621 0.0 8.77483 -1e-06 -15.87502 18.267349 6.278042 -1.844035 2.498506 -2.507279 -10.163607 4.678948 4.621113 -20.97604 -1e-06 1e-06 -21.226307 2.4517 -3.594005 0.0 -7e-06 -1e-06 -1.362682 2.240799 -0.746324 -21.33493 0.584911 3.008324 -13.821225 1e-06 3e-06 -23.88719 -0.249075 -0.839485 -60.286972 2.649673 -0.973431 -0.294024 1.679688 0.833256 -14.218221 0.093215 1.300582 -34.212074 -0.287562 0.967169 -20.03323 0.964539 1.212842 0.0 -0.0 1e-06 -3.440391 0.788234 0.501655 -15.928201 -3.16731 2.999708 -6.33883 2e-06 2e-06 -18.123463 3.648186 -4.905676 -4e-06 1e-06 -2e-06 19.568357 11.759991 20.057198 51.173534 17.666599 40.502266 -0.227365 42.061531 0.205607 4.85669 -0.849769 -7.136262 2.243544 -5.255039 -3.180158 14.282896 -0.826594 6.952504 -4e-06 -12.690615 2e-06 16.302616 -18.042225 2.822303 1.665667 -1.955922 -2.878299 4.727801 -4.17059 4.993925 11.020532 4e-06 -3e-06 12.109057 -3.735718 -2.866786 1e-06 0.0 0.0 1.291986 -1.92855 -1.498091 14.800138 0.567471 3.865608 14.24258 -1.341734 -6.66066 19.631979 0.143931 -0.648245 50.073566 -0.892755 -6.347465 0.353029 -1.511152 -0.031939 20.222801 3.684315 2.316628 18.787283 9e-06 -3e-06 10.751631 -0.479867 1.397906 0.0 0.0 -2e-06 3.273809 0.305947 -0.580111 21.486824 11.830384 2.266129 8.16293 0.0 -3e-06 18.399092 -3.798983 -4.940581 2e-06 1e-06 -1e-06 -2.176716 16.519516 -31.023266 -0.094261 0.114429 4.750978 -12.072329 -1.113107 7.157929 1.592095 -2.090514 -3.88134 -0.0 0.0 3e-06 3.129464 -8.284576 5.149834 -0.040249 -0.142021 8.146971 -0.389033 7.159525 -16.182983 -1.448149 0.909256 -2.167139 0.0 -0.0 -1e-06 
0.0 0.0 0.0 0.0 -0.0 0.0 -14.647206 96.857254 355.109283 -3.201683 -7.647838 3.821983 1.501101 0.016936 -0.611343 -0.260685 0.290519 -5.600935 1.540479 -2.104517 13.567886 -2.081172 4.792707 25.830769 -0.874843 -1.000018 -3.591149 0.668244 -1.004722 2.750037 7.7e-05 -2.3e-05 5e-06 -0.005922 0.003187 -0.068662 0.718621 -3.763049 -10.713341 -0.737768 3.77382 -10.697666 -22.185333 -5.28741 17.142977 -49.998562 -15.253811 28.767382 0.192685 -45.928249 0.066461 2.419065 -1.472451 -4.071991 -5.88211 9.861289 0.70259 -10.936878 -0.360575 7.156211 1e-06 8.77483 -2e-06 -15.92586 18.348406 6.361252 -1.844033 2.498507 -2.507278 -10.163608 4.678948 4.621113 -20.976038 -3e-06 4e-06 -21.226299 2.4517 -3.594002 -0.0 -6e-06 0.0 -1.362682 2.240798 -0.746325 -21.334929 0.584911 3.008325 -13.821223 -2e-06 2e-06 -23.887188 -0.249079 -0.839483 -60.189289 2.630888 -0.839592 -0.294025 1.679688 0.833257 -14.218218 0.093214 1.300582 -34.212074 -0.287563 0.967171 -20.03323 0.964536 1.212845 1e-06 -0.0 0.0 -3.44039 0.788233 0.501656 -15.928194 -3.16731 2.999709 -6.33883 1e-06 2e-06 -18.123459 3.648185 -4.905674 -4e-06 -0.0 -3e-06 19.931824 11.749466 20.407459 50.986 18.142332 41.012444 -0.431734 41.458153 0.010465 4.726865 -0.810797 -6.749968 2.243541 -5.255036 -3.180156 14.282887 -0.826594 6.952499 -3e-06 -12.690605 1e-06 16.270325 -17.991404 2.775958 1.665666 -1.955921 -2.878299 4.727798 -4.170587 4.993923 11.020526 5e-06 -3e-06 12.109051 -3.735714 -2.866785 1e-06 0.0 -1e-06 1.291985 -1.928548 -1.49809 14.800125 0.56747 3.865605 14.242568 -1.341735 -6.660656 19.631962 0.143929 -0.648244 50.10099 -0.787259 -6.346686 0.35303 -1.511151 -0.031938 20.22279 3.684313 2.316628 18.78727 6e-06 -1e-06 10.751627 -0.479867 1.397907 1e-06 -1e-06 -0.0 3.273807 0.305946 -0.580112 21.486813 11.830378 2.26613 8.162927 1e-06 -1e-06 18.399082 -3.798983 -4.940575 2e-06 1e-06 -1e-06 -1.188182 15.146536 -31.561308 -0.037187 0.03263 7.517069 -9.996067 -1.325838 7.213277 1.640538 -2.108488 -3.879122 0.0 0.0 3e-06 2.085293 -7.326621 6.436827 -0.032318 -0.002996 9.650672 -0.357172 8.439184 -16.265415 -1.447816 0.97092 -3.04707 -0.0 -0.0 -1e-06 
0.0 0.0 0.0 0.0 -0.0 0.0 -14.430221 96.756325 358.297272 -2.620721 -9.939155 3.907722 0.303238 -0.045343 -0.806541 -0.477276 0.479047 -5.646396 1.210287 -2.124487 13.76432 -3.07736 5.767784 25.328825 -0.896828 -1.052155 -3.595353 0.085226 -0.655949 2.675613 7.7e-05 -2.2e-05 6e-06 0.025763 -0.017868 -0.076564 0.750196 -3.771645 -10.692096 -0.706274 3.740938 -10.6863 -22.524759 -5.378814 17.138004 -49.08934 -15.107549 28.436544 0.233934 -46.053429 -0.007577 2.301893 -1.052766 -3.533918 -5.882109 9.86129 0.702591 -10.936877 -0.360575 7.156207 1e-06 8.77483 -1e-06 -15.980591 18.463547 6.454583 -1.844033 2.498506 -2.507279 -10.163605 4.678948 4.621111 -20.976038 -4e-06 1e-06 -21.226299 2.451696 -3.594002 -0.0 -6e-06 -0.0 -1.362683 2.240798 -0.746324 -21.334929 0.584909 3.008323 -13.821221 -2e-06 2e-06 -23.887182 -0.249081 -0.839484 -60.000172 2.624539 -0.775287 -0.294025 1.679689 0.833256 -14.218217 0.093213 1.30058 -34.21207 -0.287564 0.96717 -20.033226 0.964536 1.212844 1e-06 2e-06 1e-06 -3.44039 0.788232 0.501656 -15.928194 -3.167311 2.999706 -6.338829 -0.0 2e-06 -18.123457 3.648183 -4.905674 -3e-06 -2e-06 -2e-06 20.435152 11.785805 20.734779 50.834644 18.638205 41.003246 -0.44046 40.474319 -0.070894 4.273306 -0.850447 -5.945133 2.243542 -5.255037 -3.180157 14.282894 -0.826594 6.952503 -3e-06 -12.690607 0.0 16.123365 -17.918022 2.785487 1.665666 -1.95592 -2.878299 4.727798 -4.170588 4.993925 11.020528 6e-06 -0.0 12.109053 -3.735714 -2.866783 1e-06 1e-06 -1e-06 1.291986 -1.928549 -1.49809 14.800134 0.56747 3.865609 14.242573 -1.341735 -6.660659 19.631969 0.143928 -0.648245 50.148357 -0.797297 -6.325307 0.353029 -1.511152 -0.031939 20.222797 3.684311 2.316631 18.787281 5e-06 -0.0 10.751628 -0.479869 1.397908 1e-06 -1e-06 -0.0 3.273807 0.305947 -0.580111 21.48682 11.830379 2.266132 8.16293 2e-06 1e-06 18.399086 -3.798984 -4.940576 3e-06 1e-06 -2e-06 -0.792786 14.044113 -31.623732 -0.030465 -0.048134 11.404803 -6.158956 -1.982117 9.037866 1.72756 -2.075634 -3.962839 -0.0 -0.0 2e-06 0.226292 -6.587439 7.046445 -0.022896 0.143237 12.279548 -0.224381 9.859799 -15.303686 -1.460285 1.023278 -5.015137 -0.0 -0.0 -1e-06 
0.0 0.0 0.0 0.0 -0.0 0.0 -14.117333 96.795021 361.539307 -1.735023 -12.29022 4.036264 -0.933073 -0.041819 -0.879434 -0.72643 0.615553 -5.725954 0.587162 -1.987963 13.729522 -3.928058 6.492903 24.720438 -0.855705 -0.877902 -3.61728 -0.486886 -0.215796 2.433498 7.7e-05 -2.3e-05 6e-06 0.042948 -0.018126 -0.084903 0.762601 -3.746332 -10.602407 -0.683839 3.715174 -10.613374 -22.426416 -5.642074 17.19906 -48.558968 -15.028238 28.072599 0.22368 -46.273441 0.013251 2.177503 -0.772785 -3.361047 -5.88211 9.86129 0.702589 -10.936877 -0.360574 7.156208 -0.0 8.774826 -2e-06 -15.988949 18.516191 6.444589 -1.844034 2.498506 -2.507279 -10.163606 4.678946 4.62111 -20.976036 -2e-06 -1e-06 -21.226301 2.451697 -3.594006 0.0 -6e-06 -1e-06 -1.362683 2.2408 -0.746324 -21.334929 0.584909 3.00832 -13.821221 -3e-06 -0.0 -23.887184 -0.249081 -0.839486 -59.8969 2.668057 -0.839341 -0.294023 1.679688 0.833256 -14.218215 0.093215 1.300577 -34.212067 -0.287566 0.967165 -20.033226 0.964535 1.212841 1e-06 2e-06 1e-06 -3.440391 0.788234 0.501656 -15.928194 -3.167307 2.999706 -6.338829 1e-06 0.0 -18.123459 3.648183 -4.905678 -4e-06 0.0 -2e-06 20.484648 11.746603 20.762306 51.392643 19.096821 40.654213 -0.279246 39.45298 0.012588 3.593859 -1.062255 -4.79317 2.243542 -5.255036 -3.180157 14.282892 -0.826595 6.952503 -3e-06 -12.690603 1e-06 15.911182 -17.76771 2.745806 1.665666 -1.955922 -2.8783 4.727799 -4.170589 4.993925 11.020528 2e-06 -0.0 12.109053 -3.735717 -2.866785 1e-06 1e-06 1e-06 1.291986 -1.928551 -1.498089 14.800132 0.567466 3.865608 14.242576 -1.341738 -6.66066 19.631973 0.143926 -0.648246 50.030056 -0.870691 -6.407826 0.353028 -1.51115 -0.03194 20.222794 3.684309 2.316631 18.787273 4e-06 0.0 10.751627 -0.479869 1.397907 1e-06 -1e-06 -1e-06 3.273806 0.305947 -0.58011 21.486816 11.830372 2.266131 8.162928 1e-06 -1e-06 18.399084 -3.798984 -4.940575 4e-06 2e-06 -1e-06 -0.895893 13.166398 -31.618862 -0.017339 -0.144905 15.399865 -3.237073 -1.355765 9.579219 1.763484 -2.048068 -3.545191 -0.0 -0.0 2e-06 -2.25998 -6.222497 6.694505 -0.048765 0.331403 16.607452 0.026139 11.363244 -12.760715 -1.491651 1.056183 -8.899736 0.0 -0.0 -1e-06 
0.0 0.0 0.0 0.0 -0.0 0.0 -13.757692 96.831833 364.767914 -0.799845 -14.258331 4.028917 -2.062749 -0.018282 -0.800654 -0.899007 0.779319 -5.675122 -0.191544 -1.882745 13.364005 -4.634085 6.937441 24.327251 -0.779476 -0.395903 -3.6354 -0.819894 0.055798 1.893723 7.7e-05 -2.2e-05 6e-06 0.034047 -0.000571 -0.062131 0.757234 -3.70945 -10.527458 -0.696271 3.708743 -10.533083 -21.660246 -6.046057 17.576223 -48.806454 -15.179421 27.570417 0.175289 -46.731419 -0.063518 2.177327 -0.684136 -3.483388 -5.882111 9.861295 0.702591 -10.936878 -0.360574 7.15621 0.0 8.774835 -1e-06 -15.981871 18.318201 6.327741 -1.844033 2.498507 -2.507279 -10.163607 4.678947 4.621111 -20.97604 -4e-06 -2e-06 -21.226307 2.451698 -3.594006 1e-06 -7e-06 1e-06 -1.362684 2.240799 -0.746323 -21.33493 0.58491 3.008322 -13.821225 -3e-06 -1e-06 -23.88719 -0.249081 -0.839487 -59.863316 2.721774 -0.981867 -0.294024 1.679689 0.833256 -14.218219 0.093216 1.30058 -34.212074 -0.287566 0.967169 -20.03323 0.964537 1.212843 0.0 2e-06 0.0 -3.440391 0.788237 0.501656 -15.9282 -3.167313 2.999707 -6.33883 -2e-06 1e-06 -18.123459 3.648188 -4.905678 -5e-06 -0.0 -3e-06 19.602268 11.676475 20.5613 53.060947 19.565788 40.936359 -0.667729 38.470562 -0.081071 2.664115 -1.131763 -4.831269 2.243546 -5.255044 -3.180161 14.282912 -0.826598 6.95251 -1e-06 -12.690619 0.0 15.974347 -17.449017 2.543306 1.665668 -1.955923 -2.878303 4.727806 -4.170594 4.99393 11.020544 1e-06 -3e-06 12.109073 -3.73572 -2.86679 0.0 -0.0 1e-06 1.291988 -1.928552 -1.49809 14.800149 0.567468 3.86561 14.242595 -1.341738 -6.660669 19.631998 0.143925 -0.648251 49.723206 -0.845753 -6.43705 0.35303 -1.511152 -0.031941 20.222818 3.684312 2.316627 18.787302 4e-06 -5e-06 10.751643 -0.479868 1.397905 1e-06 -1e-06 -1e-06 3.273813 0.305948 -0.580111 21.486841 11.830385 2.26613 8.162938 2e-06 -4e-06 18.399111 -3.798987 -4.940587 3e-06 -0.0 -1e-06 -1.362871 12.775585 -31.353212 -0.101999 -0.181589 19.379784 -1.822368 0.102299 7.731503 1.711165 -1.981566 -2.072706 -0.0 0.0 2e-06 -4.933886 -6.270484 4.730955 0.077614 0.391468 23.204668 -0.289213 12.997244 -8.250404 -1.539696 0.948901 -16.171402 -0.0 -0.0 -1e-06 
0.0 0.0 0.0 0.0 -0.0 0.0 -13.385135 97.127563 368.233826 -0.092819 -15.824435 3.76124 -2.829008 0.012771 -0.63557 -1.080844 0.817152 -5.606533 -0.801935 -1.785024 13.053237 -5.264573 7.446016 24.234709 -0.79907 -0.182789 -3.634291 -0.955393 0.400601 1.775516 7.7e-05 -2.3e-05 6e-06 0.016948 0.021859 -0.072728 0.73503 -3.682014 -10.509792 -0.70758 3.724322 -10.517933 -20.921946 -6.369749 17.487103 -49.35857 -15.016734 27.313583 -0.057478 -47.092705 0.217034 2.390635 -0.688016 -4.207771 -5.882108 9.86129 0.702592 -10.936874 -0.360577 7.156207 1e-06 8.774831 0.0 -16.007833 18.374014 6.21014 -1.844033 2.498506 -2.507278 -10.163603 4.678947 4.621109 -20.976034 -7e-06 0.0 -21.226295 2.451694 -3.594001 -1e-06 -7e-06 -0.0 -1.362682 2.240798 -0.746324 -21.334925 0.584908 3.008323 -13.82122 -5e-06 1e-06 -23.887182 -0.249082 -0.839481 -59.863331 2.750837 -1.187719 -0.294026 1.679689 0.833258 -14.218215 0.093212 1.300581 -34.212063 -0.287569 0.967171 -20.03322 0.964536 1.212845 0.0 2e-06 0.0 -3.440389 0.788232 0.501655 -15.928191 -3.167312 2.999707 -6.338828 -2e-06 1e-06 -18.123457 3.648181 -4.905675 -5e-06 1e-06 -2e-06 18.250238 11.608309 20.502625 54.979561 20.049925 40.253994 -0.530423 37.975067 0.102799 1.928559 -1.439567 -5.035056 2.243543 -5.255041 -3.180159 14.282899 -0.826593 6.952502 -4e-06 -12.690614 0.0 16.202883 -17.559359 2.445223 1.665668 -1.955922 -2.878298 4.727799 -4.170589 4.993925 11.020535 5e-06 -3e-06 12.109058 -3.735717 -2.866785 -0.0 1e-06 -0.0 1.291986 -1.928551 -1.49809 14.800138 0.567472 3.865607 14.24258 -1.341735 -6.660663 19.631983 0.143931 -0.648245 49.838165 -0.888565 -6.571951 0.353029 -1.511152 -0.031941 20.222803 3.684316 2.316631 18.787287 1e-05 -2e-06 10.751634 -0.479865 1.397905 0.0 -1e-06 0.0 3.273809 0.305947 -0.580112 21.486832 11.830388 2.266131 8.162933 4e-06 -1e-06 18.399092 -3.798984 -4.940579 3e-06 -0.0 -1e-06 -2.150089 13.314497 -30.163027 -0.136312 -0.175261 22.232355 -0.735643 0.56522 3.70866 1.690412 -1.956064 -1.027536 -0.0 -0.0 2e-06 -7.458125 -7.109114 1.878738 0.181941 0.446158 31.042295 -0.487202 14.283461 -1.393787 -1.559313 0.828663 -23.072887 0.0 0.0 -1e-06 
0.0 0.0 0.0 0.0 -0.0 0.0 -13.014117 97.481712 371.691681 0.538389 -16.961231 3.32388 -3.423959 -0.005077 -0.485397 -1.173096 0.767176 -5.510061 -1.330675 -1.717765 12.852096 -5.934111 8.03424 24.261871 -0.813949 0.061951 -3.621009 -1.024679 0.547391 1.86737 7.7e-05 -2.3e-05 6e-06 -0.012482 0.061917 -0.076712 0.694693 -3.655705 -10.54364 -0.725556 3.776433 -10.55022 -20.718878 -6.54457 17.428848 -49.35294 -14.934139 27.455399 -0.3095 -47.165012 0.518453 2.621307 -0.815149 -4.549314 -5.882109 9.861288 0.702591 -10.936876 -0.360576 7.156205 1e-06 8.774826 -0.0 -16.124352 18.322317 6.117251 -1.844035 2.498503 -2.507277 -10.163604 4.678946 4.621109 -20.97603 -5e-06 1e-06 -21.226295 2.451695 -3.594 0.0 -7e-06 -0.0 -1.362682 2.240798 -0.746323 -21.334921 0.584905 3.008321 -13.821218 -5e-06 1e-06 -23.887177 -0.249079 -0.839481 -59.952274 2.840569 -1.246889 -0.294024 1.679688 0.833255 -14.218214 0.093215 1.300578 -34.212063 -0.287569 0.967169 -20.033224 0.964535 1.212842 0.0 2e-06 -0.0 -3.44039 0.788233 0.501656 -15.928192 -3.167311 2.999704 -6.338828 -0.0 1e-06 -18.123455 3.648182 -4.905674 -4e-06 1e-06 -3e-06 17.174698 11.706798 20.552126 56.295502 20.430693 39.673965 -0.353456 38.111404 0.301161 1.347694 -1.727682 -5.398902 2.243541 -5.255038 -3.180161 14.282896 -0.826591 6.952505 -6e-06 -12.69061 3e-06 16.40708 -17.644835 2.414078 1.665666 -1.955922 -2.878299 4.727799 -4.170588 4.993928 11.020531 5e-06 -1e-06 12.109057 -3.735715 -2.866787 -0.0 0.0 2e-06 1.291986 -1.928551 -1.498091 14.800138 0.567473 3.865608 14.242577 -1.341732 -6.660658 19.631973 0.143932 -0.648243 49.862667 -0.855056 -6.631498 0.353028 -1.511151 -0.031939 20.222801 3.684315 2.31663 18.787283 9e-06 -1e-06 10.751633 -0.479865 1.397908 1e-06 -0.0 -0.0 3.273808 0.305949 -0.580112 21.486826 11.830388 2.266132 8.16293 4e-06 1e-06 18.399086 -3.798984 -4.940575 4e-06 0.0 -1e-06 -3.010777 13.990021 -28.08885 -0.170051 -0.165748 23.519028 0.174623 0.76596 0.510814 1.66761 -1.956353 -0.507629 0.0 -0.0 2e-06 -9.620243 -7.811611 -1.817144 0.301858 0.478984 39.689461 0.034369 14.810135 6.427364 -1.522552 0.70744 -25.51247 0.0 0.0 -2e-06 
0.0 0.0 0.0 0.0 -0.0 0.0 -12.645857 97.78331 375.038177 1.102499 -17.65797 2.785657 -3.876467 -0.111765 -0.325541 -1.221795 0.686097 -5.457713 -1.757618 -1.666713 12.761352 -6.683246 8.65125 24.534424 -0.720587 0.214756 -3.639149 -1.289591 0.635384 1.83822 7.7e-05 -2.3e-05 6e-06 -0.027856 0.107879 -0.077199 0.675266 -3.620472 -10.574461 -0.737167 3.833274 -10.588717 -21.12068 -6.55766 17.572058 -48.600597 -15.112077 28.090233 -0.478358 -46.774097 0.747059 2.57778 -1.168104 -4.102638 -5.882107 9.861286 0.70259 -10.936874 -0.360575 7.156207 0.0 8.774826 -1e-06 -16.176315 18.184179 6.08998 -1.844033 2.498506 -2.507277 -10.163603 4.678946 4.621109 -20.97603 -1e-06 3e-06 -21.226292 2.451696 -3.593999 -0.0 -6e-06 -1e-06 -1.362682 2.240799 -0.746322 -21.334917 0.58491 3.008324 -13.821218 -2e-06 3e-06 -23.887175 -0.249078 -0.83948 -59.958996 2.892289 -1.222249 -0.294024 1.679687 0.833257 -14.218212 0.093215 1.300581 -34.212063 -0.287563 0.967172 -20.033218 0.964536 1.212844 1e-06 1e-06 -1e-06 -3.440389 0.788234 0.501656 -15.928189 -3.167308 2.999708 -6.338828 1e-06 1e-06 -18.123453 3.648185 -4.905672 -4e-06 1e-06 -3e-06 16.570261 11.819006 20.55975 56.900539 20.854046 39.664101 -0.121016 38.609173 0.441553 1.101333 -2.007601 -5.11357 2.243541 -5.255037 -3.180156 14.282896 -0.826595 6.952509 -4e-06 -12.690609 3e-06 16.448326 -17.578873 2.392406 1.665667 -1.955922 -2.878299 4.7278 -4.170589 4.993927 11.020528 3e-06 -1e-06 12.109056 -3.735716 -2.866785 0.0 -0.0 1e-06 1.291985 -1.92855 -1.498091 14.800134 0.567469 3.865609 14.242579 -1.341734 -6.660659 19.631975 0.143927 -0.648242 49.74205 -0.839705 -6.597449 0.353028 -1.51115 -0.031939 20.222801 3.684313 2.316633 18.787283 7e-06 2e-06 10.751631 -0.479868 1.397907 1e-06 0.0 -1e-06 3.273808 0.305948 -0.58011 21.48682 11.830382 2.266134 8.16293 4e-06 -0.0 18.399088 -3.798986 -4.940577 4e-06 -0.0 -1e-06 -3.891921 14.690986 -25.659176 -0.130119 -0.109824 24.027704 0.850498 0.642399 -2.181769 1.64678 -1.956303 -0.479695 -0.0 -0.0 2e-06 -11.108487 -7.877243 -6.041534 0.363631 0.466279 48.482708 1.175915 13.611856 13.453368 -1.37696 0.678509 -18.99806 -0.0 0.0 -4e-06 
0.0 0.0 0.0 0.0 -0.0 0.0 -12.330644 98.023674 378.283295 1.554528 -17.890303 2.232526 -4.198007 -0.251337 -0.170685 -1.244105 0.601731 -5.471092 -1.978574 -1.664787 12.801495 -7.327086 9.259304 25.059483 -0.605328 0.106083 -3.691466 -1.685025 0.763606 1.680549 7.7e-05 -2.2e-05 6e-06 -0.034228 0.144167 -0.080362 0.672239 -3.58004 -10.587439 -0.747997 3.867593 -10.608829 -21.718756 -6.435506 17.748579 -47.750023 -15.468448 29.04385 -0.411237 -45.925838 0.746307 2.39994 -1.628615 -3.271662 -5.882103 9.861282 0.702589 -10.936867 -0.360576 7.156202 0.0 8.774822 -1e-06 -16.141954 18.108694 6.201078 -1.844032 2.498505 -2.507276 -10.163595 4.678943 4.621105 -20.976013 -3e-06 2e-06 -21.226276 2.451696 -3.594 -2e-06 -5e-06 -1e-06 -1.362681 2.240796 -0.746323 -21.334904 0.584909 3.008321 -13.821206 -1e-06 2e-06 -23.887161 -0.249077 -0.839482 -59.901463 2.83328 -1.118655 -0.294026 1.679685 0.833256 -14.218203 0.093215 1.300582 -34.212036 -0.287564 0.967169 -20.033205 0.964537 1.212843 0.0 2e-06 -2e-06 -3.440386 0.788233 0.501656 -15.928177 -3.167309 2.999704 -6.338823 -2e-06 1e-06 -18.12344 3.64818 -4.90567 -5e-06 2e-06 -1e-06 16.102425 11.925754 20.512562 57.219528 21.421831 40.326103 0.006501 39.137218 0.451614 1.126072 -2.123022 -3.845993 2.24354 -5.255034 -3.180157 14.282887 -0.826595 6.952502 -3e-06 -12.6906 2e-06 16.359081 -17.467636 2.365331 1.665665 -1.95592 -2.8783 4.727798 -4.170586 4.993922 11.020524 3e-06 -1e-06 12.109048 -3.735714 -2.866781 0.0 -0.0 1e-06 1.291985 -1.928548 -1.498089 14.800125 0.567468 3.865609 14.242567 -1.341735 -6.660655 19.63196 0.143926 -0.648243 49.588882 -0.892187 -6.537082 0.353029 -1.51115 -0.031939 20.222788 3.684309 2.316633 18.78727 5e-06 -0.0 10.751625 -0.479869 1.397906 1e-06 -1e-06 0.0 3.273807 0.305946 -0.580112 21.486809 11.830371 2.266131 8.162927 2e-06 1e-06 18.39908 -3.798986 -4.940572 4e-06 -0.0 -1e-06 -4.634963 15.216904 -23.036655 -0.047241 -0.020626 24.031565 1.212433 0.42186 -4.510405 1.6353 -1.948691 -0.635289 0.0 -0.0 2e-06 -11.742308 -7.356254 -9.892315 0.360467 0.360933 55.682285 1.428393 10.977606 15.956282 -1.240169 0.771828 -8.44086 -0.0 0.0 -1e-06 
0.0 0.0 0.0 0.0 -0.0 0.0 -12.066236 98.293808 381.459412 1.685056 -17.542755 1.822744 -4.292904 -0.349354 -0.077305 -1.218498 0.496459 -5.482561 -1.972732 -1.743067 12.940631 -7.587871 9.719422 25.730024 -0.606541 -0.15059 -3.70107 -1.95959 0.904301 1.647301 7.7e-05 -2.2e-05 6e-06 -0.03436 0.144887 -0.085924 0.674639 -3.576887 -10.619255 -0.751088 3.867781 -10.641418 -21.965538 -6.181788 17.846222 -47.555347 -15.752137 29.525043 -0.358468 -45.082657 0.657358 2.335765 -1.781009 -2.551775 -5.882105 9.861288 0.702592 -10.936872 -0.360579 7.156208 2e-06 8.774831 0.0 -16.177845 18.227171 6.300344 -1.844032 2.498505 -2.50728 -10.163599 4.678945 4.621111 -20.976027 -9e-06 1e-06 -21.226284 2.451694 -3.594002 -1e-06 -6e-06 -1e-06 -1.362681 2.240797 -0.746323 -21.334913 0.584905 3.008322 -13.821213 -5e-06 2e-06 -23.887171 -0.249084 -0.83948 -59.944759 2.809849 -1.012585 -0.294024 1.679688 0.833256 -14.218208 0.093215 1.300579 -34.212051 -0.287573 0.967172 -20.033215 0.964532 1.212848 0.0 1e-06 -0.0 -3.440389 0.788235 0.501656 -15.928189 -3.167314 2.999707 -6.338826 -2e-06 2e-06 -18.123446 3.648182 -4.905669 -5e-06 1e-06 -2e-06 15.668659 11.969237 20.513756 57.436016 21.923414 40.975571 -0.125535 39.834206 0.26544 1.037234 -2.065509 -2.428469 2.243543 -5.255038 -3.180158 14.282904 -0.826593 6.952506 -6e-06 -12.690614 2e-06 16.379148 -17.498379 2.319274 1.665667 -1.955923 -2.878302 4.727801 -4.17059 4.993927 11.020536 6e-06 0.0 12.10906 -3.735717 -2.866783 0.0 1e-06 -0.0 1.291987 -1.92855 -1.498091 14.800144 0.567471 3.865612 14.242584 -1.341735 -6.66066 19.631985 0.143929 -0.64824 49.605675 -0.914771 -6.533699 0.353029 -1.511153 -0.031941 20.222811 3.684315 2.31663 18.787289 8e-06 2e-06 10.751639 -0.479868 1.397909 1e-06 -0.0 -0.0 3.27381 0.305948 -0.580112 21.486834 11.83039 2.266135 8.162936 4e-06 -1e-06 18.399097 -3.798988 -4.940577 3e-06 -1e-06 -0.0 -5.009605 15.48024 -20.194954 -0.01468 0.008245 23.357136 1.360135 0.073666 -6.356664 1.624794 -1.907922 -0.645028 0.0 -0.0 2e-06 -11.390221 -7.052368 -13.140056 0.336032 0.265862 60.158142 0.529831 8.647612 12.469826 -1.294281 0.838886 -5.074203 0.0 0.0 -1e-06 
0.0 0.0 0.0 0.0 -0.0 0.0 -11.862692 98.560181 384.598511 1.429239 -16.694719 1.663294 -4.149467 -0.433664 -0.007861 -1.136889 0.394596 -5.453506 -1.810767 -1.854118 13.008441 -7.472243 9.817237 26.377678 -0.618245 -0.234007 -3.686936 -1.912905 1.029218 1.802396 7.7e-05 -2.2e-05 5e-06 -0.037879 0.122892 -0.087825 0.672053 -3.610904 -10.660342 -0.754584 3.858561 -10.678537 -21.767265 -5.972539 17.967659 -48.046322 -15.79505 29.171003 -0.433435 -44.540585 0.648993 2.357662 -1.646271 -2.72543 -5.882108 9.86129 0.702591 -10.936874 -0.360574 7.156208 1e-06 8.774829 -1e-06 -16.198217 18.325893 6.333815 -1.844033 2.498506 -2.507278 -10.163602 4.678947 4.621111 -20.976028 -4e-06 3e-06 -21.226288 2.451698 -3.593999 -0.0 -6e-06 -1e-06 -1.362682 2.240799 -0.746324 -21.334919 0.584911 3.008324 -13.821218 -3e-06 3e-06 -23.887175 -0.249079 -0.839481 -60.038143 2.80104 -0.947836 -0.294025 1.679687 0.833256 -14.218212 0.093214 1.300581 -34.212063 -0.287563 0.967173 -20.033215 0.964538 1.212845 0.0 2e-06 -0.0 -3.440389 0.788232 0.501656 -15.928192 -3.167311 2.999709 -6.338828 0.0 2e-06 -18.123453 3.648183 -4.905672 -5e-06 0.0 -2e-06 15.379006 11.851378 20.583111 57.457348 22.077179 40.994972 -0.323349 40.965748 0.068877 0.765294 -1.750964 -1.804335 2.243543 -5.25504 -3.180158 14.282901 -0.826594 6.952506 -5e-06 -12.690614 0.0 16.483538 -17.618237 2.306299 1.665667 -1.955922 -2.878299 4.727801 -4.17059 4.993924 11.020535 5e-06 -1e-06 12.109059 -3.735715 -2.866787 1e-06 1e-06 -1e-06 1.291986 -1.92855 -1.49809 14.800139 0.56747 3.865608 14.242585 -1.341733 -6.660658 19.631979 0.14393 -0.648245 49.757603 -0.866049 -6.509542 0.35303 -1.511152 -0.03194 20.222805 3.684314 2.316631 18.787289 8e-06 -1e-06 10.751636 -0.479869 1.397908 2e-06 -1e-06 -1e-06 3.273809 0.305948 -0.580113 21.486834 11.830386 2.266133 8.162935 4e-06 -2e-06 18.399099 -3.798983 -4.940576 4e-06 -1e-06 -1e-06 -4.940975 15.600724 -17.386978 -0.044001 -0.027835 22.383158 1.432497 -0.606944 -7.993822 1.620385 -1.85683 -0.655054 0.0 0.0 2e-06 -10.08953 -7.082084 -15.966416 0.301757 0.15473 61.515648 -0.513684 6.608341 7.938336 -1.353296 0.855865 -4.145534 -0.0 0.0 -1e-06 
0.0 0.0 0.0 0.0 -0.0 0.0 -11.6965 98.793289 387.705933 1.084078 -15.476976 1.660055 -3.98965 -0.494449 0.072014 -1.03973 0.288731 -5.426095 -1.576064 -2.001008 12.996718 -7.022913 9.484941 26.81868 -0.580755 -0.121928 -3.685909 -1.626209 1.100497 1.978483 7.7e-05 -2.2e-05 7e-06 -0.04236 0.109065 -0.095031 0.664391 -3.634694 -10.679587 -0.754395 3.854992 -10.694737 -21.435896 -5.922648 18.08989 -48.665668 -15.616534 28.537342 -0.517021 -44.179653 0.650203 2.160064 -1.538874 -3.742381 -5.882108 9.861287 0.70259 -10.936873 -0.360574 7.156206 -0.0 8.774826 -0.0 -16.206648 18.405754 6.32115 -1.844032 2.498505 -2.507278 -10.163601 4.678944 4.621107 -20.976027 -3e-06 -1e-06 -21.226288 2.451696 -3.594003 1e-06 -7e-06 -0.0 -1.362682 2.2408 -0.746323 -21.334917 0.58491 3.008322 -13.821217 -3e-06 -0.0 -23.887178 -0.249081 -0.839485 -60.117508 2.807706 -0.927604 -0.294025 1.679688 0.833258 -14.21821 0.093213 1.300581 -34.212051 -0.287564 0.967168 -20.033215 0.964538 1.212843 0.0 1e-06 -0.0 -3.44039 0.788235 0.501656 -15.928187 -3.167309 2.999706 -6.338827 -2e-06 2e-06 -18.123451 3.648183 -4.905673 -5e-06 1e-06 -2e-06 15.344795 11.593883 20.580404 57.240761 21.900396 40.651794 -0.40004 42.335938 -0.040886 0.630714 -1.283427 -1.828606 2.243543 -5.255037 -3.180158 14.282896 -0.826595 6.952503 -2e-06 -12.690607 0.0 16.56076 -17.735483 2.29579 1.665667 -1.955922 -2.878299 4.727799 -4.170588 4.993925 11.020528 2e-06 -1e-06 12.109055 -3.735717 -2.866787 0.0 1e-06 -1e-06 1.291986 -1.92855 -1.49809 14.800132 0.567468 3.865606 14.242576 -1.341736 -6.660661 19.631969 0.143927 -0.648246 49.84436 -0.795001 -6.497335 0.353028 -1.511152 -0.031939 20.222795 3.68431 2.316627 18.787273 5e-06 -1e-06 10.751629 -0.479869 1.397903 1e-06 0.0 -0.0 3.273808 0.305946 -0.580111 21.486814 11.830376 2.26613 8.162928 2e-06 -2e-06 18.399086 -3.798985 -4.940578 4e-06 -1e-06 -1e-06 -4.726652 15.715611 -14.569767 -0.086973 -0.079304 21.039539 1.471906 -1.728315 -9.337675 1.619654 -1.807579 -0.643471 -0.0 -0.0 2e-06 -8.409922 -7.242772 -18.615976 0.250017 0.037058 60.283577 -0.886518 5.239375 4.171164 -1.378079 0.839503 -3.68948 0.0 0.0 -3e-06 
0.0 0.0 0.0 0.0 -0.0 0.0 -11.571417 98.945732 390.745483 0.899576 -13.974144 1.746799 -3.924768 -0.513575 0.12759 -0.97859 0.188325 -5.433537 -1.347653 -2.158418 12.972617 -6.324013 8.784046 27.067839 -0.509899 0.143213 -3.687742 -1.227968 1.07533 2.094017 7.7e-05 -2.3e-05 6e-06 -0.038268 0.102639 -0.101122 0.661707 -3.643157 -10.678037 -0.742091 3.851133 -10.689218 -21.264233 -6.016446 18.27187 -48.921173 -15.391661 28.003164 -0.61147 -43.858742 0.684823 1.605855 -1.473705 -4.833134 -5.882108 9.861292 0.702589 -10.936875 -0.360576 7.156205 1e-06 8.77483 0.0 -16.207445 18.480932 6.27558 -1.844035 2.498505 -2.507279 -10.163603 4.678945 4.621108 -20.976034 -7e-06 -1e-06 -21.226297 2.451693 -3.594003 1e-06 -7e-06 1e-06 -1.362682 2.240801 -0.746324 -21.334921 0.58491 3.008318 -13.821219 -5e-06 -0.0 -23.887182 -0.249082 -0.839486 -60.143929 2.812727 -0.967316 -0.294025 1.67969 0.833258 -14.218214 0.093214 1.300578 -34.212059 -0.287571 0.967166 -20.033218 0.964533 1.212842 0.0 1e-06 -0.0 -3.440389 0.788233 0.501654 -15.928191 -3.167314 2.999705 -6.338829 -2e-06 0.0 -18.123453 3.648185 -4.905675 -4e-06 0.0 -3e-06 15.624174 11.237431 20.476234 56.829754 21.575148 40.252113 -0.334832 43.521664 -0.061058 0.63044 -0.762412 -1.879515 2.243542 -5.255039 -3.180159 14.282896 -0.826596 6.952506 -3e-06 -12.690609 0.0 16.592476 -17.834728 2.292886 1.665667 -1.955922 -2.878301 4.727801 -4.170589 4.993926 11.020531 3e-06 -1e-06 12.109056 -3.735717 -2.866784 1e-06 0.0 0.0 1.291985 -1.928552 -1.49809 14.800136 0.567469 3.86561 14.242579 -1.341735 -6.660661 19.631975 0.143925 -0.648245 49.888359 -0.771143 -6.506176 0.35303 -1.511152 -0.03194 20.222801 3.684311 2.316629 18.787285 5e-06 -3e-06 10.751634 -0.47987 1.397907 1e-06 -0.0 -0.0 3.273808 0.305948 -0.58011 21.486824 11.83038 2.266135 8.16293 1e-06 -1e-06 18.39909 -3.798987 -4.940579 4e-06 -1e-06 -1e-06 -4.653696 15.822465 -11.763857 -0.115266 -0.11134 19.382574 1.564805 -3.226183 -10.434089 1.623049 -1.7569 -0.613971 -0.0 0.0 2e-06 -6.798173 -7.329426 -21.09236 0.170958 -0.066943 56.749557 -0.516648 4.46902 1.409617 -1.393916 0.822049 -3.477773 0.0 0.0 -4e-06 
0.0 0.0 0.0 0.0 -0.0 0.0 -11.506573 99.016983 393.695099 0.94204 -12.29526 1.900498 -3.9484 -0.500052 0.134412 -0.95258 0.091467 -5.469156 -1.169961 -2.279014 12.955046 -5.548383 7.90415 27.203104 -0.427793 0.459982 -3.690255 -0.790127 1.009773 2.218352 7.7e-05 -2.3e-05 5e-06 -0.028402 0.095905 -0.100583 0.6645 -3.655373 -10.683708 -0.723915 3.851223 -10.694829 -21.271893 -6.171398 18.46464 -48.82951 -15.203345 27.820238 -0.623199 -43.45948 0.682746 0.913716 -1.361957 -5.691595 -5.882111 9.861292 0.70259 -10.93688 -0.360575 7.156209 1e-06 8.774831 -1e-06 -16.176514 18.550236 6.240106 -1.844033 2.498505 -2.507281 -10.163606 4.678949 4.621112 -20.97604 -7e-06 2e-06 -21.226303 2.451695 -3.594003 1e-06 -6e-06 -0.0 -1.362682 2.2408 -0.746325 -21.33493 0.58491 3.008323 -13.821224 -5e-06 1e-06 -23.88719 -0.249084 -0.839484 -60.140747 2.813649 -1.026338 -0.294024 1.679689 0.833256 -14.218222 0.093216 1.300581 -34.212078 -0.287565 0.96717 -20.03323 0.964534 1.212844 2e-06 2e-06 1e-06 -3.440391 0.788234 0.501654 -15.928201 -3.167314 2.999707 -6.338831 -1e-06 1e-06 -18.123463 3.648183 -4.905675 -4e-06 0.0 -2e-06 16.068628 10.900764 20.31992 56.388248 21.231936 39.936413 -0.217648 44.320602 -0.025664 0.615751 -0.322604 -1.866153 2.243546 -5.255043 -3.180159 14.282905 -0.826599 6.952506 -1e-06 -12.690616 -2e-06 16.590771 -17.899832 2.299345 1.665668 -1.955923 -2.8783 4.727805 -4.170592 4.993927 11.020539 2e-06 -2e-06 12.109065 -3.73572 -2.866787 1e-06 0.0 -1e-06 1.291987 -1.928551 -1.49809 14.800142 0.567466 3.865608 14.242586 -1.341738 -6.660665 19.631987 0.143925 -0.648246 49.910847 -0.798161 -6.530245 0.35303 -1.511152 -0.031938 20.222815 3.68431 2.31663 18.787294 4e-06 -5e-06 10.751639 -0.47987 1.397904 1e-06 -0.0 -1e-06 3.27381 0.305947 -0.580112 21.486834 11.830381 2.266131 8.162937 2e-06 -3e-06 18.399107 -3.798988 -4.940585 3e-06 0.0 -1e-06 -4.590489 15.849674 -9.0829 -0.125632 -0.121854 17.51009 1.546266 -4.940134 -11.224137 1.631122 -1.724965 -0.615073 0.0 0.0 2e-06 -5.480685 -7.164762 -23.278175 0.080465 -0.134896 51.318367 0.184821 3.799762 -0.314375 -1.410897 0.831264 -3.505137 -0.0 0.0 -1e-06 
0.0 0.0 0.0 0.0 -0.0 0.0 -11.506065 99.022621 396.571289 1.166184 -10.539877 2.129852 -4.001489 -0.476077 0.071323 -0.943379 -0.014135 -5.504728 -1.079958 -2.325349 12.939548 -4.736224 7.010244 27.267187 -0.359257 0.683957 -3.684219 -0.377586 0.971485 2.397541 7.7e-05 -2.3e-05 6e-06 -0.023947 0.087466 -0.095852 0.662425 -3.676069 -10.703905 -0.711916 3.856116 -10.713644 -21.316435 -6.358423 18.584019 -48.635654 -15.012651 27.791466 -0.58914 -42.96505 0.66835 0.274268 -1.198667 -6.518004 -5.88211 9.86129 0.702591 -10.936876 -0.360576 7.156206 -0.0 8.774829 -2e-06 -16.147568 18.617439 6.203908 -1.844034 2.498506 -2.507279 -10.163605 4.678948 4.621109 -20.976034 -3e-06 2e-06 -21.226297 2.4517 -3.594002 -0.0 -7e-06 -1e-06 -1.362682 2.240797 -0.746323 -21.334921 0.584911 3.008323 -13.821218 -2e-06 2e-06 -23.887184 -0.249079 -0.839485 -60.154659 2.829584 -1.084012 -0.294025 1.679687 0.833256 -14.218215 0.093216 1.30058 -34.212067 -0.287563 0.967167 -20.033228 0.964536 1.212842 2e-06 0.0 0.0 -3.44039 0.788233 0.501655 -15.928192 -3.167308 2.999709 -6.338829 -1e-06 1e-06 -18.123457 3.648184 -4.905673 -3e-06 -1e-06 -2e-06 16.535904 10.658127 20.117146 56.075836 20.922054 39.78846 -0.141214 44.64716 0.017124 0.569994 -0.053396 -1.782459 2.243542 -5.255037 -3.180158 14.282895 -0.826595 6.952501 -2e-06 -12.690607 1e-06 16.559443 -17.931532 2.321148 1.665667 -1.955922 -2.8783 4.727799 -4.17059 4.993927 11.020529 4e-06 -2e-06 12.109055 -3.735717 -2.866787 1e-06 1e-06 0.0 1.291986 -1.92855 -1.49809 14.800132 0.567469 3.865609 14.242577 -1.341737 -6.660662 19.631971 0.143927 -0.648245 49.894657 -0.837733 -6.552026 0.353029 -1.511152 -0.03194 20.222797 3.684313 2.316629 18.787279 5e-06 -1e-06 10.751628 -0.479871 1.397906 -0.0 0.0 0.0 3.273808 0.305949 -0.580112 21.48682 11.830379 2.266131 8.16293 1e-06 -1e-06 18.399092 -3.798986 -4.940578 3e-06 1e-06 -1e-06 -4.61749 15.798537 -6.737794 -0.131298 -0.124729 16.042179 1.622776 -6.702932 -11.71288 1.639686 -1.720561 -0.723649 0.0 -0.0 2e-06 -4.542345 -6.710352 -25.053764 0.031807 -0.118744 44.532661 0.739262 2.867717 -0.812137 -1.426181 0.874531 -3.699677 -0.0 -0.0 -1e-06 
0.0 0.0 0.0 0.0 -0.0 0.0 -11.558146 98.973831 399.477539 1.44691 -8.70492 2.462797 -3.976236 -0.43945 -0.066254 -0.945116 -0.134477 -5.534556 -1.043414 -2.310875 12.928303 -3.935782 6.18167 27.278599 -0.299411 0.802352 -3.666231 0.041749 0.928754 2.682534 7.7e-05 -2.3e-05 4e-06 -0.029577 0.079424 -0.087442 0.653283 -3.697901 -10.735209 -0.713096 3.861835 -10.736864 -21.326818 -6.574572 18.702942 -48.489681 -14.855515 27.630472 -0.534814 -42.369232 0.637724 -0.26838 -1.025677 -7.332789 -5.88211 9.86129 0.70259 -10.936876 -0.360576 7.156207 1e-06 8.774829 -1e-06 -16.192532 18.656193 6.133208 -1.844034 2.498504 -2.507279 -10.163604 4.678945 4.621109 -20.976034 -6e-06 -0.0 -21.226295 2.451694 -3.594002 -0.0 -7e-06 0.0 -1.362684 2.240799 -0.746323 -21.334925 0.584906 3.00832 -13.821218 -3e-06 -0.0 -23.887178 -0.249082 -0.839486 -60.211765 2.872541 -1.129945 -0.294024 1.679689 0.833255 -14.218215 0.093215 1.300577 -34.212067 -0.287569 0.967166 -20.033222 0.964533 1.212842 1e-06 -1e-06 1e-06 -3.44039 0.788233 0.501657 -15.928192 -3.167311 2.999706 -6.338828 -1e-06 -0.0 -18.123457 3.64818 -4.905674 -5e-06 -0.0 -3e-06 16.929174 10.532924 19.873985 55.96677 20.64505 39.671738 -0.029946 44.525177 0.101342 0.555842 0.096565 -1.59934 2.243543 -5.25504 -3.18016 14.282902 -0.826596 6.952508 -2e-06 -12.690614 -1e-06 16.516293 -17.937998 2.355984 1.665668 -1.955923 -2.878301 4.727803 -4.170591 4.993927 11.020535 2e-06 -1e-06 12.10906 -3.735721 -2.866787 1e-06 0.0 -1e-06 1.291986 -1.928552 -1.49809 14.800139 0.567468 3.865608 14.242585 -1.341738 -6.660663 19.631985 0.143926 -0.648246 49.847084 -0.845401 -6.573537 0.353028 -1.511152 -0.03194 20.222805 3.684313 2.316631 18.787289 6e-06 -2e-06 10.751637 -0.479868 1.397905 0.0 0.0 -1e-06 3.273809 0.305948 -0.58011 21.486832 11.830382 2.266137 8.162935 1e-06 -1e-06 18.399099 -3.798991 -4.940579 2e-06 -0.0 -1e-06 -4.650099 15.757528 -4.406215 -0.141336 -0.144347 14.543161 1.832513 -8.508521 -12.025774 1.648855 -1.729925 -0.982754 0.0 -0.0 2e-06 -3.894485 -6.147407 -26.398991 0.037569 -0.048783 36.686989 1.052135 1.791401 0.098399 -1.4363 0.935336 -3.806004 0.0 -0.0 -1e-06 
0.0 0.0 0.0 0.0 -0.0 0.0 -11.66387 98.825417 402.465973 1.703448 -6.803126 2.896341 -3.840947 -0.398574 -0.254717 -0.93786 -0.238841 -5.575654 -0.976724 -2.272185 12.87864 -3.237307 5.449235 27.301401 -0.256002 0.870594 -3.638469 0.482757 0.822536 3.06217 7.7e-05 -2.3e-05 7e-06 -0.045995 0.081014 -0.078141 0.641464 -3.708545 -10.763489 -0.733491 3.874766 -10.759706 -21.333118 -6.784505 18.852491 -48.4151 -14.739118 27.435345 -0.436668 -41.763245 0.568601 -0.672007 -0.858857 -8.091331 -5.882111 9.861292 0.70259 -10.93688 -0.360576 7.15621 -0.0 8.774831 -1e-06 -16.293465 18.635313 6.043642 -1.844033 2.498506 -2.507278 -10.163609 4.678949 4.621112 -20.976038 -1e-06 2e-06 -21.226303 2.4517 -3.594002 -0.0 -6e-06 0.0 -1.362683 2.240799 -0.746323 -21.33493 0.584912 3.008325 -13.821223 1e-06 3e-06 -23.887184 -0.249077 -0.839483 -60.340492 2.942852 -1.185592 -0.294025 1.679689 0.833257 -14.218219 0.093216 1.300581 -34.212074 -0.287562 0.967171 -20.03323 0.96454 1.212845 2e-06 0.0 0.0 -3.440391 0.788233 0.501656 -15.928196 -3.167309 2.999711 -6.33883 0.0 2e-06 -18.123459 3.648188 -4.905674 -5e-06 2e-06 -2e-06 17.163139 10.518194 19.59067 56.074226 20.346617 39.578018 0.123654 44.094337 0.217502 0.652763 0.164315 -1.42657 2.243543 -5.255039 -3.180159 14.282895 -0.826595 6.952501 -3e-06 -12.690612 2e-06 16.481104 -17.927221 2.37435 1.665667 -1.955923 -2.878301 4.727799 -4.17059 4.993926 11.020531 4e-06 -3e-06 12.109056 -3.735717 -2.866787 0.0 0.0 0.0 1.291985 -1.92855 -1.49809 14.800132 0.56747 3.865607 14.242578 -1.341735 -6.660663 19.631973 0.14393 -0.648248 49.795353 -0.817956 -6.627673 0.35303 -1.511151 -0.03194 20.222801 3.684315 2.316627 18.787283 7e-06 -3e-06 10.751633 -0.479867 1.397905 0.0 0.0 -0.0 3.273808 0.305946 -0.580112 21.486822 11.830384 2.266132 8.16293 1e-06 -3e-06 18.399088 -3.798987 -4.940581 2e-06 -0.0 -1e-06 -4.464577 15.736327 -2.18061 -0.143296 -0.17298 13.187207 2.002334 -10.318395 -12.436999 1.660654 -1.741799 -1.396998 0.0 0.0 2e-06 -3.449046 -5.784817 -27.400284 0.083536 0.014994 28.244026 1.633156 1.305869 2.284669 -1.444055 1.00818 -3.794207 -0.0 0.0 -1e-06 
0.0 0.0 0.0 0.0 -0.0 0.0 -11.831462 98.546257 405.525696 1.933283 -4.941243 3.349486 -3.630983 -0.35299 -0.456988 -0.910125 -0.330245 -5.657974 -0.863911 -2.255402 12.805084 -2.638899 4.835005 27.351297 -0.306835 0.94427 -3.601042 0.90386 0.59176 3.536393 7.7e-05 -2.2e-05 6e-06 -0.066215 0.091496 -0.074347 0.634703 -3.704169 -10.772057 -0.76676 3.890082 -10.768292 -21.367247 -6.909118 18.972126 -48.400482 -14.658381 27.378742 -0.335205 -41.241661 0.506504 -0.953508 -0.77411 -8.678666 -5.882107 9.861284 0.702589 -10.936872 -0.360574 7.156205 0.0 8.774822 -1e-06 -16.400764 18.586359 5.972906 -1.844033 2.498505 -2.507279 -10.163601 4.678944 4.621106 -20.976027 -2e-06 2e-06 -21.226288 2.451697 -3.594002 1e-06 -5e-06 -0.0 -1.362682 2.240798 -0.746323 -21.334913 0.584911 3.008322 -13.821213 -1e-06 1e-06 -23.887167 -0.249078 -0.839484 -60.521439 3.010831 -1.306982 -0.294024 1.679687 0.833256 -14.218208 0.093216 1.300579 -34.212048 -0.287561 0.967166 -20.033211 0.964536 1.21284 1e-06 1e-06 1e-06 -3.440389 0.788234 0.501657 -15.928189 -3.167306 2.999708 -6.338828 -1e-06 1e-06 -18.123447 3.648184 -4.905673 -4e-06 1e-06 -2e-06 17.234333 10.583312 19.355331 56.337406 20.072908 39.412117 0.293658 43.53307 0.34136 0.837778 0.178502 -1.488162 2.243542 -5.255037 -3.180156 14.282887 -0.826597 6.952502 -1e-06 -12.690601 1e-06 16.460779 -17.913906 2.403692 1.665666 -1.95592 -2.878298 4.727799 -4.170587 4.993923 11.020524 3e-06 -1e-06 12.10905 -3.735715 -2.866783 1e-06 0.0 -1e-06 1.291986 -1.928548 -1.498091 14.800125 0.567466 3.865607 14.242568 -1.341738 -6.660656 19.631962 0.143924 -0.648247 49.822262 -0.766618 -6.665634 0.353029 -1.51115 -0.031939 20.222786 3.684308 2.316629 18.78727 3e-06 -3e-06 10.751625 -0.479869 1.397906 0.0 -1e-06 -0.0 3.273806 0.305948 -0.580109 21.486801 11.830367 2.266133 8.162924 -1e-06 -1e-06 18.399076 -3.798987 -4.940574 2e-06 -1e-06 -2e-06 -4.070388 15.771815 0.028841 -0.128598 -0.211581 11.99437 2.10213 -12.087418 -13.045857 1.67104 -1.742196 -1.917702 0.0 0.0 2e-06 -3.079843 -5.885888 -28.165104 0.152403 0.007503 20.219505 2.957571 1.642244 4.765551 -1.439078 1.085224 -3.894307 -0.0 0.0 -1e-06 
0.0 0.0 0.0 0.0 -0.0 0.0 -12.073035 98.160172 408.680634 2.136888 -3.185823 3.763411 -3.338831 -0.278199 -0.668443 -0.851334 -0.432127 -5.779311 -0.725643 -2.240978 12.740719 -2.075449 4.334459 27.450218 -0.438001 0.974833 -3.561276 1.228288 0.263121 4.12658 7.7e-05 -2.2e-05 6e-06 -0.089216 0.111292 -0.073809 0.630487 -3.683399 -10.76084 -0.808485 3.908571 -10.758257 -21.500599 -6.944906 19.00349 -48.361774 -14.56077 27.763792 -0.158876 -40.869694 0.399141 -1.145542 -0.845096 -9.168475 -5.88211 9.86129 0.702591 -10.936878 -0.360577 7.156208 2e-06 8.774831 0.0 -16.460606 18.535809 5.938933 -1.844033 2.498505 -2.50728 -10.163606 4.678946 4.621111 -20.97604 -9e-06 1e-06 -21.226301 2.451693 -3.594 1e-06 -5e-06 1e-06 -1.362682 2.2408 -0.746325 -21.33493 0.584907 3.008323 -13.821223 -4e-06 1e-06 -23.887188 -0.249083 -0.839481 -60.727432 3.015526 -1.51101 -0.294024 1.679688 0.833258 -14.218219 0.093214 1.300579 -34.212074 -0.287572 0.967167 -20.03323 0.964532 1.212845 1e-06 -0.0 1e-06 -3.440392 0.788233 0.501656 -15.928196 -3.167312 2.999705 -6.33883 -0.0 0.0 -18.123459 3.648183 -4.905674 -4e-06 1e-06 -3e-06 17.300774 10.668112 19.206951 56.564209 19.77758 38.961002 0.44851 43.011864 0.439805 1.023345 0.148518 -1.827496 2.243542 -5.25504 -3.180157 14.282896 -0.826594 6.952503 -3e-06 -12.690613 1e-06 16.439268 -17.902111 2.466698 1.665669 -1.955922 -2.878301 4.727801 -4.170588 4.993927 11.020532 3e-06 -3e-06 12.109058 -3.735716 -2.866787 1e-06 0.0 -0.0 1.291986 -1.928551 -1.498091 14.800136 0.567468 3.865607 14.242582 -1.341736 -6.660663 19.631977 0.143929 -0.648247 49.910301 -0.724697 -6.640617 0.353028 -1.51115 -0.031941 20.222801 3.684313 2.316628 18.787283 6e-06 -4e-06 10.751633 -0.479867 1.397905 -0.0 -1e-06 0.0 3.273808 0.305949 -0.580112 21.486822 11.830383 2.26613 8.16293 -0.0 -2e-06 18.399088 -3.798986 -4.940579 3e-06 -1e-06 -2e-06 -3.469551 15.736727 2.39556 -0.102734 -0.281998 10.747979 2.109111 -13.710253 -13.668996 1.680689 -1.719397 -2.559938 -0.0 0.0 2e-06 -2.635078 -6.315662 -28.8374 0.215641 -0.069022 13.284433 4.863395 1.827655 6.058793 -1.407186 1.153996 -4.059505 -0.0 0.0 -1e-06 
0.0 0.0 0.0 0.0 -0.0 0.0 -12.378049 97.768494 411.906281 2.163461 -1.599384 4.104592 -2.867527 -0.164637 -0.892891 -0.760044 -0.525963 -5.908717 -0.542299 -2.238069 12.731863 -1.575439 3.934544 27.565081 -0.531216 0.920037 -3.529375 1.344134 -0.02002 4.817403 7.7e-05 -2.2e-05 7e-06 -0.10087 0.124039 -0.075758 0.631802 -3.670095 -10.752489 -0.83388 3.922215 -10.751466 -21.782658 -6.942497 18.91853 -48.25317 -14.416899 28.591059 0.040336 -40.59016 0.240434 -1.364023 -1.053828 -9.466284 -5.882111 9.86129 0.702591 -10.936878 -0.360576 7.156207 1e-06 8.774829 0.0 -16.471651 18.503912 5.941986 -1.844034 2.498505 -2.507279 -10.163608 4.678947 4.621109 -20.97604 -4e-06 -2e-06 -21.226307 2.451695 -3.594006 1e-06 -6e-06 0.0 -1.362683 2.240799 -0.746324 -21.334929 0.584909 3.008318 -13.821223 -4e-06 1e-06 -23.887188 -0.249085 -0.839487 -60.903507 2.95831 -1.643204 -0.294024 1.67969 0.833256 -14.218219 0.093215 1.300577 -34.212074 -0.287569 0.967165 -20.03323 0.96453 1.21284 0.0 -0.0 1e-06 -3.440392 0.788233 0.501657 -15.928196 -3.167312 2.999704 -6.338831 -1e-06 1e-06 -18.123459 3.64818 -4.905676 -4e-06 0.0 -2e-06 17.572529 10.736447 19.190435 56.519821 19.449852 38.160988 0.466809 42.587315 0.472323 1.181866 0.127316 -2.368651 2.243543 -5.255039 -3.18016 14.282896 -0.826593 6.9525 -3e-06 -12.690612 -2e-06 16.373531 -17.87138 2.536009 1.665668 -1.955924 -2.878299 4.7278 -4.17059 4.993921 11.020532 5e-06 -5e-06 12.109058 -3.735718 -2.866788 1e-06 0.0 1e-06 1.291987 -1.92855 -1.49809 14.800136 0.56747 3.865605 14.24258 -1.341735 -6.660661 19.631977 0.14393 -0.648247 49.898705 -0.734241 -6.580188 0.35303 -1.511151 -0.03194 20.222801 3.684315 2.316625 18.787281 9e-06 -6e-06 10.751631 -0.479866 1.397904 1e-06 -1e-06 -1e-06 3.273808 0.305947 -0.580112 21.48682 11.830384 2.266131 8.16293 3e-06 -3e-06 18.399088 -3.798984 -4.940581 4e-06 0.0 -2e-06 -2.539471 15.552114 4.9486 -0.082072 -0.407999 9.387304 1.9665 -15.151805 -13.881908 1.69873 -1.678856 -3.428377 0.0 0.0 2e-06 -2.074324 -6.473476 -29.406889 0.215307 -0.13721 8.106524 6.323776 1.053775 5.261189 -1.360818 1.194555 -4.208667 -0.0 0.0 0.0 
0.0 0.0 0.0 0.0 -0.0 0.0 -12.758282 97.417603 415.165955 1.965196 -0.08095 4.308345 -2.176975 -0.074713 -1.114906 -0.633601 -0.666888 -5.994776 -0.315679 -2.289014 12.825784 -1.128043 3.680578 27.588371 -0.603881 0.800198 -3.478351 1.117618 -0.221297 5.370054 7.7e-05 -2.2e-05 8e-06 -0.080551 0.103811 -0.073024 0.658012 -3.690707 -10.735566 -0.821463 3.904902 -10.733994 -22.229443 -6.921727 18.788477 -48.068752 -14.302712 29.575594 0.158094 -40.179256 0.14936 -1.673932 -1.492703 -9.473056 -5.88211 9.861293 0.70259 -10.936878 -0.360574 7.156209 -0.0 8.774831 -1e-06 -16.418888 18.51811 5.979887 -1.844034 2.498506 -2.507279 -10.163606 4.678948 4.621109 -20.976038 -4e-06 1e-06 -21.226301 2.451699 -3.594004 2e-06 -6e-06 -1e-06 -1.362682 2.2408 -0.746324 -21.334929 0.584909 3.00832 -13.821221 -1e-06 1e-06 -23.887184 -0.249081 -0.839486 -61.060238 2.91324 -1.679089 -0.294025 1.679688 0.833258 -14.218218 0.093217 1.300579 -34.21207 -0.287564 0.967167 -20.03323 0.964536 1.21284 1e-06 1e-06 1e-06 -3.440391 0.788234 0.501656 -15.928196 -3.16731 2.999708 -6.338829 -0.0 0.0 -18.123457 3.648186 -4.905675 -4e-06 0.0 -1e-06 18.063299 10.721666 19.333605 56.138096 19.160965 37.021912 0.417881 42.409286 0.436141 1.239803 0.043979 -2.927057 2.243544 -5.255043 -3.18016 14.282902 -0.826596 6.952507 -2e-06 -12.690616 0.0 16.281725 -17.796608 2.539206 1.665668 -1.955924 -2.878301 4.727803 -4.170591 4.993929 11.020536 2e-06 -3e-06 12.109062 -3.73572 -2.866788 1e-06 0.0 1e-06 1.291987 -1.928551 -1.498089 14.80014 0.567467 3.86561 14.242585 -1.341738 -6.660665 19.631985 0.143927 -0.648247 49.699581 -0.918557 -6.659426 0.353029 -1.511151 -0.03194 20.222805 3.684313 2.316629 18.787289 4e-06 -4e-06 10.751635 -0.479872 1.397904 1e-06 -1e-06 -1e-06 3.273809 0.305947 -0.580113 21.486832 11.830385 2.266132 8.162932 1e-06 -2e-06 18.399099 -3.798988 -4.940585 4e-06 -0.0 -2e-06 -1.250671 15.089751 7.50387 -0.045774 -0.528177 8.273561 1.597259 -16.489239 -13.512218 1.757047 -1.651282 -4.255647 -0.0 0.0 2e-06 -1.439166 -6.276731 -30.213434 0.094975 -0.152344 6.247221 6.451379 -0.261458 2.780185 -1.326993 1.179282 -4.453603 -0.0 0.0 1e-06 
0.0 0.0 0.0 0.0 -0.0 0.0 -13.198526 97.127762 418.578156 1.647062 1.505201 4.363673 -1.400948 0.049233 -1.292534 -0.476396 -0.920765 -6.043384 0.025634 -2.363271 13.04915 -0.824339 3.471627 27.525242 -0.664998 0.663568 -3.501729 0.881524 -0.392434 5.77314 7.7e-05 -2.2e-05 7e-06 -0.072738 0.093697 -0.07177 0.663142 -3.699365 -10.734787 -0.812073 3.896197 -10.728815 -22.736767 -6.907456 18.883757 -47.918041 -14.455532 30.100586 -0.007918 -39.649208 0.151891 -1.869177 -1.789926 -8.909247 -5.882107 9.861286 0.702591 -10.936873 -0.360574 7.156209 0.0 8.774826 0.0 -16.458094 18.557606 6.038 -1.844032 2.498505 -2.507277 -10.163602 4.678946 4.62111 -20.976025 -2e-06 5e-06 -21.226288 2.451701 -3.593999 1e-06 -6e-06 -1e-06 -1.362682 2.240799 -0.746322 -21.334917 0.584911 3.008324 -13.821217 -2e-06 4e-06 -23.887175 -0.249076 -0.83948 -61.060226 2.882077 -1.497719 -0.294025 1.679687 0.833254 -14.218211 0.093214 1.300583 -34.212051 -0.287563 0.967173 -20.033215 0.964539 1.212844 1e-06 1e-06 0.0 -3.44039 0.788233 0.501658 -15.928189 -3.167311 2.999709 -6.338827 -0.0 3e-06 -18.123446 3.648182 -4.905669 -4e-06 1e-06 -1e-06 18.620163 10.539017 19.543728 55.409748 18.967825 35.98365 0.192149 42.623669 0.263503 1.354594 0.079359 -3.501919 2.243541 -5.255036 -3.180158 14.282896 -0.826594 6.952506 -5e-06 -12.690607 2e-06 16.140169 -17.682241 2.50528 1.665668 -1.955921 -2.878301 4.727799 -4.170589 4.993928 11.020531 4e-06 -2e-06 12.109056 -3.735716 -2.866784 1e-06 0.0 1e-06 1.291985 -1.928551 -1.498088 14.800138 0.567472 3.865608 14.242577 -1.341735 -6.66066 19.631975 0.143929 -0.648246 49.467995 -0.965075 -6.749974 0.35303 -1.51115 -0.031941 20.222801 3.684313 2.31663 18.787283 6e-06 -2e-06 10.751633 -0.479868 1.397907 1e-06 -1e-06 -1e-06 3.273808 0.305946 -0.580109 21.486824 11.830381 2.26613 8.16293 2e-06 -1e-06 18.39909 -3.798985 -4.940574 4e-06 -0.0 -2e-06 0.437471 14.730332 9.849403 -0.045513 -0.635348 8.067546 0.844963 -17.851799 -12.274755 1.789008 -1.662539 -6.491654 -0.0 0.0 2e-06 -1.016066 -5.894532 -30.527128 0.029856 -0.121171 7.259477 4.622165 -0.915329 1.532783 -1.341144 1.15286 -4.904646 0.0 -0.0 -1e-06 
0.0 0.0 0.0 0.0 -0.0 0.0 -13.717085 96.976128 422.076172 0.963129 3.152215 4.4928 -0.344065 0.147149 -1.513254 -0.277152 -1.116408 -6.11579 0.473147 -2.598566 13.312041 -0.587085 3.242558 27.364592 -0.764689 0.566215 -3.560123 0.586459 -0.459573 5.942261 7.7e-05 -2.3e-05 5e-06 -0.070145 0.081421 -0.07259 0.662933 -3.702797 -10.72171 -0.806548 3.877656 -10.715079 -23.233797 -7.020519 18.923054 -47.964123 -14.492637 30.332365 -0.101345 -39.073586 0.163846 -1.741782 -1.95935 -8.318902 -5.882104 9.861283 0.70259 -10.936872 -0.360575 7.156207 1e-06 8.774822 -0.0 -16.453377 18.585556 6.06975 -1.844032 2.498503 -2.507279 -10.163598 4.678944 4.62111 -20.976021 -2e-06 7e-06 -21.226282 2.451699 -3.593994 1e-06 -6e-06 -1e-06 -1.36268 2.240797 -0.746324 -21.334913 0.584909 3.008327 -13.821213 -0.0 5e-06 -23.887167 -0.249075 -0.83948 -61.002293 2.839156 -1.425502 -0.294024 1.679687 0.833257 -14.218207 0.093214 1.300584 -34.212048 -0.287561 0.967178 -20.033213 0.96454 1.212847 1e-06 1e-06 1e-06 -3.440388 0.788231 0.501655 -15.928185 -3.167309 2.999708 -6.338826 -2e-06 1e-06 -18.123442 3.648182 -4.905665 -5e-06 1e-06 -2e-06 19.317667 10.265568 19.646814 54.248848 18.700172 35.161701 -0.06348 43.145145 0.050868 1.568277 0.102785 -3.587179 2.243541 -5.255034 -3.180156 14.282887 -0.826594 6.952501 -3e-06 -12.6906 1e-06 16.039963 -17.653122 2.449528 1.665665 -1.95592 -2.878298 4.727798 -4.170585 4.993924 11.020524 4e-06 -1e-06 12.109048 -3.735713 -2.866782 0.0 -0.0 -0.0 1.291985 -1.928548 -1.498089 14.800125 0.567469 3.865607 14.242569 -1.341735 -6.660656 19.631962 0.143926 -0.648243 49.402214 -0.955943 -6.768832 0.353028 -1.51115 -0.031939 20.222788 3.684309 2.316631 18.78727 3e-06 1e-06 10.751626 -0.479868 1.397907 1e-06 -2e-06 -0.0 3.273807 0.305945 -0.58011 21.486809 11.830369 2.266132 8.162926 1e-06 -1e-06 18.399076 -3.798985 -4.94057 3e-06 -0.0 -1e-06 2.711837 14.351467 11.786724 -0.059272 -0.701235 8.639333 -0.229697 -19.299301 -9.785131 1.823591 -1.68465 -9.711932 -0.0 -0.0 2e-06 -0.466013 -5.387015 -30.490931 0.05059 -0.128019 10.020895 1.586432 -0.886854 3.467641 -1.381669 1.125767 -5.288692 0.0 0.0 0.0 
0.0 0.0 0.0 0.0 -0.0 0.0 -14.26709 96.951187 425.633423 -0.10096 4.791339 4.688596 0.920828 0.082473 -1.697469 -0.103767 -1.068546 -6.169374 1.182783 -3.114907 13.386381 -0.272217 3.135419 27.263794 -0.851155 0.478959 -3.628897 0.244851 -0.39565 5.70394 7.7e-05 -2.2e-05 6e-06 -0.068203 0.064313 -0.09959 0.666039 -3.693378 -10.702762 -0.802178 3.837442 -10.700587 -23.572502 -7.11714 18.789759 -48.381119 -14.4452 30.67288 -0.040787 -38.500656 0.066118 -1.30118 -1.775378 -8.340333 -5.882112 9.861292 0.70259 -10.936878 -0.360574 7.156206 -0.0 8.774831 -1e-06 -16.327869 18.537577 6.092363 -1.844034 2.498504 -2.507278 -10.163605 4.678948 4.62111 -20.976038 0.0 1e-06 -21.226303 2.4517 -3.594004 2e-06 -6e-06 -1e-06 -1.362682 2.2408 -0.746324 -21.334929 0.584911 3.008323 -13.821221 0.0 2e-06 -23.887184 -0.249076 -0.839487 -60.821491 2.785166 -1.401767 -0.294024 1.679687 0.833257 -14.218219 0.093215 1.30058 -34.212074 -0.287562 0.967169 -20.033226 0.964539 1.212842 1e-06 -0.0 1e-06 -3.44039 0.788234 0.501656 -15.928198 -3.16731 2.999707 -6.33883 0.0 1e-06 -18.123459 3.648186 -4.905675 -4e-06 1e-06 -2e-06 19.851427 10.093632 19.503119 53.059475 18.176374 34.177197 0.068325 43.752182 0.175554 1.739653 -0.099285 -3.302797 2.243542 -5.255037 -3.18016 14.282895 -0.826594 6.952499 -2e-06 -12.690606 -2e-06 15.935031 -17.78372 2.458677 1.665667 -1.955922 -2.878299 4.7278 -4.170588 4.993923 11.020528 1e-06 -5e-06 12.109056 -3.735715 -2.866788 1e-06 0.0 -0.0 1.291987 -1.92855 -1.498088 14.800129 0.567467 3.865604 14.242577 -1.341736 -6.660661 19.631973 0.14393 -0.64825 49.397587 -0.829226 -6.732413 0.353029 -1.511152 -0.03194 20.222797 3.68431 2.316626 18.787279 5e-06 -4e-06 10.75163 -0.479869 1.397904 1e-06 -1e-06 -1e-06 3.273808 0.305947 -0.58011 21.486816 11.830378 2.26613 8.162929 1e-06 -3e-06 18.399086 -3.798984 -4.940581 3e-06 -0.0 -2e-06 5.399626 13.890577 11.549128 -0.060396 -0.751575 12.539584 -1.182657 -21.156336 -6.917725 1.917886 -1.69278 -14.529183 0.0 0.0 2e-06 0.559196 -5.157519 -30.481007 0.022542 -0.180597 12.959496 0.199015 -1.142665 7.883479 -1.407924 1.072938 -4.872867 0.0 0.0 -1e-06 
0.0 0.0 0.0 0.0 -0.0 0.0 -14.830446 97.083275 428.956848 -1.265524 6.305029 4.654845 2.060438 -0.03842 -1.54787 0.191549 -1.293885 -6.165533 2.029967 -3.404528 13.34117 0.140733 2.870116 27.018595 -0.907175 0.544011 -3.741019 0.208098 -0.333712 5.160936 7.7e-05 -2.3e-05 6e-06 -0.070986 0.061574 -0.13593 0.633217 -3.669702 -10.680352 -0.771769 3.810802 -10.692214 -23.08433 -7.228063 18.752159 -49.674664 -14.664355 30.804602 0.131869 -38.004875 0.076082 -0.597384 -1.404869 -8.889367 -5.882109 9.861288 0.702589 -10.936873 -0.360573 7.156208 -0.0 8.774826 -0.0 -16.388884 18.471201 5.981754 -1.844033 2.498506 -2.507278 -10.163603 4.678947 4.62111 -20.97603 -0.0 -1e-06 -21.226297 2.451698 -3.594004 2e-06 -6e-06 0.0 -1.362682 2.240799 -0.746325 -21.334917 0.584912 3.008323 -13.821217 -1e-06 1e-06 -23.887175 -0.249077 -0.839488 -60.885391 2.704996 -1.459244 -0.294025 1.679688 0.833257 -14.218213 0.093216 1.300581 -34.212055 -0.287563 0.967167 -20.033222 0.964538 1.212841 2e-06 1e-06 1e-06 -3.44039 0.788233 0.501656 -15.928189 -3.167305 2.999709 -6.338828 0.0 0.0 -18.123455 3.648185 -4.905673 -4e-06 1e-06 -1e-06 19.630224 10.288623 19.40403 52.54211 17.72068 32.85553 0.476549 43.981724 0.33343 1.599952 -0.054427 -3.048957 2.243542 -5.255037 -3.180159 14.282898 -0.826595 6.952507 -1e-06 -12.690607 1e-06 15.966218 -17.972878 2.415988 1.665667 -1.955922 -2.878299 4.727802 -4.170589 4.993925 11.020531 1e-06 -0.0 12.109058 -3.735717 -2.866786 0.0 0.0 -0.0 1.291987 -1.928549 -1.498088 14.800136 0.567466 3.865609 14.242577 -1.341738 -6.660659 19.631973 0.143923 -0.648248 49.418907 -0.85349 -6.737748 0.353031 -1.511151 -0.03194 20.222801 3.684307 2.316631 18.787285 1e-06 -1e-06 10.751633 -0.479869 1.397906 1e-06 -1e-06 -1e-06 3.273808 0.305946 -0.580111 21.486824 11.830373 2.266134 8.16293 -1e-06 -1e-06 18.399092 -3.798989 -4.940578 3e-06 -0.0 -2e-06 7.954101 12.81604 9.478518 -0.094321 -0.783024 19.386217 -2.518553 -22.181402 -2.252542 2.061416 -1.703038 -20.096769 0.0 -0.0 2e-06 1.805813 -5.369424 -29.907295 -0.035893 -0.29783 15.539075 0.230031 -1.737943 9.530265 -1.384115 1.089926 -3.288505 -0.0 -0.0 -1e-06 
0.0 0.0 0.0 0.0 -0.0 0.0 -15.381754 97.406082 432.175964 -2.294719 7.56598 4.345037 2.965164 -0.156172 -1.20988 0.468188 -1.46095 -5.979428 2.754596 -3.636867 13.177355 0.879556 2.202174 27.001633 -0.746788 0.667013 -3.769013 0.178304 0.129165 4.425297 7.7e-05 -2.3e-05 7e-06 -0.075759 0.072884 -0.125096 0.628787 -3.650331 -10.667352 -0.773993 3.811776 -10.671964 -21.734262 -7.451937 18.770309 -51.579685 -15.078113 30.965555 0.354064 -37.780895 -0.050374 0.006191 -1.225546 -9.066265 -5.88211 9.86129 0.702591 -10.936878 -0.360575 7.156207 1e-06 8.77483 0.0 -16.410074 18.346367 5.875032 -1.844033 2.498505 -2.507278 -10.163606 4.678946 4.62111 -20.976038 -3e-06 4e-06 -21.226299 2.451698 -3.594002 2e-06 -6e-06 -0.0 -1.362682 2.2408 -0.746323 -21.334927 0.584909 3.008324 -13.821221 -3e-06 2e-06 -23.887184 -0.249081 -0.839482 -60.753685 2.631691 -1.574058 -0.294025 1.679688 0.833258 -14.218216 0.093216 1.300581 -34.21207 -0.287566 0.967172 -20.033226 0.964536 1.212845 1e-06 -0.0 0.0 -3.440391 0.788234 0.501656 -15.928196 -3.16731 2.999706 -6.33883 -1e-06 -1e-06 -18.123459 3.648183 -4.905672 -4e-06 1e-06 -1e-06 18.917789 10.596931 19.038004 52.68502 17.152945 31.763494 0.970663 43.996807 0.665744 1.46827 -0.100827 -3.450008 2.243541 -5.255037 -3.180159 14.282892 -0.826595 6.952505 -2e-06 -12.690605 0.0 16.140469 -18.052217 2.365928 1.665666 -1.955921 -2.878298 4.727798 -4.170586 4.993925 11.020524 3e-06 0.0 12.10905 -3.735713 -2.866784 0.0 1e-06 -0.0 1.291984 -1.928551 -1.498091 14.800125 0.567466 3.865607 14.242571 -1.341736 -6.660657 19.631968 0.143928 -0.648244 49.504421 -0.924878 -6.764216 0.353028 -1.51115 -0.031941 20.22279 3.68431 2.316632 18.78727 3e-06 0.0 10.751627 -0.479869 1.397906 1e-06 -1e-06 -1e-06 3.273806 0.305947 -0.580111 21.486811 11.830374 2.266134 8.162928 1e-06 -0.0 18.399082 -3.798987 -4.940573 3e-06 -0.0 -1e-06 10.106914 11.26372 5.959935 -0.156037 -0.860954 28.167877 -4.375733 -22.953854 4.436769 2.134122 -1.621178 -23.441214 0.0 0.0 3e-06 3.322937 -6.416443 -28.566298 -0.009917 -0.327504 17.82065 -0.027765 -2.11325 5.987367 -1.396306 1.115632 -2.175417 0.0 -0.0 -1e-06 
0.0 0.0 0.0 0.0 -0.0 0.0 -15.872934 97.737923 435.35849 -3.044639 8.729635 3.771296 3.655974 -0.236414 -0.815855 0.602217 -1.58053 -5.778748 3.268529 -3.775536 13.062779 1.916513 1.166268 27.144152 -0.530545 0.904648 -3.819829 0.415238 0.477861 4.070636 7.7e-05 -2.3e-05 5e-06 -0.088844 0.092021 -0.121089 0.622712 -3.628944 -10.684043 -0.792038 3.825125 -10.678545 -20.345032 -7.681686 18.762796 -53.022163 -15.469318 31.311831 0.486113 -38.168655 -0.183513 0.387608 -1.095799 -9.011523 -5.882113 9.861294 0.702591 -10.936881 -0.360574 7.156211 -2e-06 8.774831 -2e-06 -16.345333 18.274673 5.852267 -1.844034 2.498507 -2.50728 -10.163609 4.678949 4.621112 -20.976044 -1e-06 3e-06 -21.226309 2.451702 -3.594005 2e-06 -5e-06 -0.0 -1.362682 2.2408 -0.746323 -21.334936 0.584912 3.008326 -13.821229 -2e-06 1e-06 -23.887192 -0.249076 -0.839485 -60.674919 2.569836 -1.634981 -0.294025 1.679688 0.833256 -14.218223 0.093217 1.300581 -34.212078 -0.287561 0.96717 -20.033232 0.964537 1.212842 1e-06 1e-06 0.0 -3.440392 0.788234 0.501655 -15.928201 -3.167312 2.999709 -6.338832 -1e-06 0.0 -18.123465 3.648186 -4.905674 -5e-06 1e-06 -1e-06 18.439968 10.822911 18.659571 52.757454 16.469074 31.044638 1.229792 43.844563 0.87925 1.611004 -0.083259 -4.105676 2.243544 -5.255041 -3.18016 14.2829 -0.826595 6.952506 -3e-06 -12.690614 -0.0 16.293041 -18.120869 2.36045 1.665668 -1.955923 -2.878299 4.727802 -4.170592 4.993927 11.020536 5e-06 -3e-06 12.109062 -3.735716 -2.866789 0.0 -0.0 2e-06 1.291988 -1.928549 -1.49809 14.80014 0.567472 3.865608 14.242585 -1.341734 -6.660666 19.631985 0.14393 -0.648247 49.622585 -0.99321 -6.760834 0.353029 -1.511153 -0.031941 20.222805 3.684316 2.316627 18.787289 8e-06 -5e-06 10.751634 -0.479867 1.397907 1e-06 -2e-06 -0.0 3.273811 0.305948 -0.580112 21.486834 11.830386 2.266131 8.162935 2e-06 -3e-06 18.399099 -3.798985 -4.940582 3e-06 -0.0 -2e-06 11.721487 9.297712 1.831547 -0.176192 -0.87062 37.581242 -8.44241 -23.17351 12.31743 1.983337 -1.59568 -19.565411 0.0 0.0 1e-06 4.484307 -7.578831 -26.463556 0.020546 -0.337397 19.076143 -0.195257 -2.216204 2.965281 -1.412892 1.149905 -1.507041 -0.0 0.0 -1e-06 
0.0 0.0 0.0 0.0 -0.0 0.0 -16.269325 98.044495 438.556824 -3.421372 9.454718 3.059925 4.11609 -0.214896 -0.500278 0.623271 -1.57622 -5.626072 3.609362 -3.82375 13.04206 2.812063 0.139671 27.402721 -0.351908 1.259638 -3.848085 0.75883 0.664899 3.847293 7.7e-05 -2.2e-05 5e-06 -0.100756 0.090183 -0.112828 0.61828 -3.627329 -10.684378 -0.811622 3.81696 -10.667333 -19.61743 -7.686628 18.706877 -53.527451 -15.785249 31.571781 0.404504 -39.043419 -0.261083 0.860284 -1.228165 -8.776471 -5.882109 9.861287 0.70259 -10.936878 -0.360575 7.156208 0.0 8.774826 1e-06 -16.21744 18.268993 5.955521 -1.844034 2.498504 -2.507279 -10.163604 4.678946 4.621109 -20.976038 -3e-06 3e-06 -21.226295 2.451696 -3.593999 2e-06 -5e-06 -1e-06 -1.362683 2.240798 -0.746323 -21.334927 0.584908 3.008323 -13.82122 -3e-06 1e-06 -23.887182 -0.24908 -0.839482 -60.700478 2.531693 -1.648801 -0.294024 1.679687 0.833255 -14.218216 0.093214 1.30058 -34.212067 -0.287567 0.967167 -20.033222 0.964534 1.212844 2e-06 1e-06 -0.0 -3.440391 0.788234 0.501654 -15.928198 -3.167309 2.999704 -6.338829 -1e-06 -1e-06 -18.123459 3.648184 -4.90567 -3e-06 2e-06 -2e-06 18.45834 10.948746 18.555429 52.276012 15.890282 30.920778 1.03164 43.428883 0.699577 1.936257 -0.084042 -4.713304 2.243541 -5.255037 -3.180158 14.282891 -0.826593 6.952502 -3e-06 -12.690605 1e-06 16.297091 -18.153723 2.434199 1.665667 -1.955923 -2.878299 4.7278 -4.170586 4.993925 11.020526 4e-06 -1e-06 12.109053 -3.735715 -2.866785 0.0 0.0 -0.0 1.291986 -1.92855 -1.49809 14.800125 0.567469 3.865608 14.242571 -1.341736 -6.660659 19.631968 0.143927 -0.648243 49.766041 -0.973988 -6.673012 0.353028 -1.511149 -0.031941 20.22279 3.68431 2.316631 18.787273 6e-06 -2e-06 10.751628 -0.47987 1.397905 1e-06 -1e-06 -0.0 3.273806 0.305948 -0.580112 21.486813 11.830376 2.266132 8.162927 1e-06 -2e-06 18.399082 -3.798985 -4.940576 4e-06 0.0 -2e-06 12.493456 7.659365 -2.044462 -0.106741 -0.898696 46.083096 -12.164706 -21.84259 15.934357 1.661746 -1.715341 -9.496489 0.0 -0.0 2e-06 5.23359 -8.756312 -23.949596 -0.016888 -0.270544 19.832281 -0.098853 -1.837356 0.219378 -1.425969 1.153421 -1.393946 0.0 0.0 -1e-06 
0.0 0.0 0.0 0.0 -0.0 0.0 -16.535347 98.400436 441.742096 -3.348624 9.538472 2.39349 4.312133 -0.128254 -0.336353 0.576185 -1.512958 -5.509853 3.709903 -3.70592 13.064106 3.423378 -0.549384 27.806768 -0.216724 1.533691 -3.804519 1.069187 0.832993 3.710199 7.7e-05 -2.2e-05 4e-06 -0.095499 0.071645 -0.111026 0.623612 -3.645985 -10.6956 -0.807814 3.797972 -10.676384 -19.358538 -7.408257 18.717844 -53.614147 -16.10886 31.425468 0.144265 -39.822556 -0.18432 1.616328 -1.473042 -8.801175 -5.882107 9.861285 0.702589 -10.936872 -0.360574 7.156206 -0.0 8.774824 -1e-06 -16.063097 18.335365 6.051801 -1.844033 2.498505 -2.507279 -10.163599 4.678946 4.621106 -20.976025 -0.0 2e-06 -21.22629 2.451698 -3.594005 1e-06 -5e-06 0.0 -1.362682 2.240799 -0.746324 -21.334913 0.584912 3.008321 -13.821213 -0.0 -1e-06 -23.887167 -0.249076 -0.839486 -60.618385 2.587385 -1.746729 -0.294025 1.679686 0.833256 -14.218208 0.093218 1.300579 -34.212048 -0.287561 0.967167 -20.033211 0.964537 1.212843 0.0 1e-06 0.0 -3.440388 0.788233 0.501655 -15.928185 -3.167309 2.999706 -6.338824 0.0 1e-06 -18.123444 3.648183 -4.905672 -4e-06 1e-06 -1e-06 18.839903 11.000517 18.703909 51.488495 15.604997 31.107353 0.728505 42.527031 0.404276 2.240929 -0.092845 -5.145068 2.243542 -5.255036 -3.180159 14.282894 -0.826596 6.952503 -4e-06 -12.690601 3e-06 16.270761 -18.108116 2.539131 1.665667 -1.95592 -2.878298 4.727799 -4.170587 4.993925 11.020527 2e-06 -2e-06 12.109052 -3.735716 -2.866783 0.0 0.0 -0.0 1.291985 -1.928549 -1.49809 14.800129 0.567467 3.86561 14.242571 -1.341735 -6.660657 19.631969 0.143924 -0.648245 49.86692 -0.971777 -6.599152 0.35303 -1.511151 -0.031938 20.222794 3.684309 2.316631 18.787273 4e-06 -1e-06 10.751629 -0.479868 1.397907 0.0 -2e-06 -0.0 3.273806 0.305947 -0.58011 21.486813 11.830371 2.266131 8.162928 -0.0 -1e-06 18.399086 -3.798985 -4.940575 3e-06 1e-06 -2e-06 12.29219 7.499826 -5.188912 -0.145141 -0.85509 51.918831 -11.698567 -19.623177 12.667601 1.584823 -1.754353 -6.019646 0.0 -0.0 0.0 5.384526 -9.732652 -21.0264 -0.055719 -0.237742 19.76717 0.208593 -1.076786 -2.024553 -1.425217 1.134946 -1.497244 0.0 0.0 -1e-06 
0.0 0.0 0.0 0.0 -0.0 0.0 -16.73069 98.75798 444.94458 -3.004861 9.205934 1.883954 4.329228 -0.032066 -0.282349 0.49004 -1.427858 -5.452076 3.619502 -3.507871 13.062938 3.800655 -0.930905 28.268715 -0.131323 1.822951 -3.757232 1.357895 0.970627 3.699913 7.7e-05 -2.2e-05 5e-06 -0.087356 0.064102 -0.116781 0.622016 -3.653425 -10.704186 -0.791313 3.790142 -10.684615 -19.1374 -7.017775 18.705557 -53.778366 -16.317635 31.062346 -0.166738 -40.404915 0.003828 2.455632 -1.473587 -9.017083 -5.88211 9.861291 0.702592 -10.936877 -0.360574 7.156211 0.0 8.77483 -1e-06 -15.935968 18.399553 6.097423 -1.844033 2.498507 -2.50728 -10.163605 4.678948 4.621113 -20.976034 -0.0 1e-06 -21.226301 2.4517 -3.594006 2e-06 -5e-06 0.0 -1.362682 2.2408 -0.746324 -21.334925 0.584912 3.008325 -13.821218 1e-06 1e-06 -23.887182 -0.249077 -0.839486 -60.477577 2.670356 -1.819013 -0.294025 1.679688 0.833257 -14.218215 0.093217 1.30058 -34.212063 -0.287559 0.967169 -20.033222 0.964539 1.212842 -1e-06 1e-06 0.0 -3.44039 0.788234 0.501655 -15.928192 -3.167309 2.999708 -6.338829 -1e-06 0.0 -18.123457 3.648185 -4.905676 -4e-06 2e-06 -1e-06 19.250408 11.034769 18.912342 50.923771 15.531264 31.379938 0.489855 41.304779 0.255615 2.435951 -0.113018 -5.592763 2.243544 -5.255037 -3.180159 14.282896 -0.826594 6.9525 -3e-06 -12.690607 1e-06 16.287323 -18.028614 2.592121 1.665667 -1.955922 -2.878299 4.727799 -4.170589 4.993924 11.020532 2e-06 -3e-06 12.109056 -3.735717 -2.866787 1e-06 0.0 -0.0 1.291986 -1.928548 -1.498089 14.800132 0.567468 3.865605 14.242579 -1.341735 -6.660661 19.631975 0.143926 -0.648248 49.94289 -0.957354 -6.605154 0.353029 -1.511151 -0.03194 20.222801 3.684312 2.31663 18.787281 6e-06 -3e-06 10.751633 -0.479867 1.397905 0.0 -1e-06 -1e-06 3.273807 0.305946 -0.580113 21.48682 11.830376 2.26613 8.16293 -1e-06 -2e-06 18.399088 -3.798983 -4.940578 3e-06 1e-06 -3e-06 11.380724 8.782557 -7.991976 -0.227173 -0.703921 54.631649 -9.501188 -16.488256 7.64936 1.600245 -1.739547 -5.554502 0.0 -0.0 2e-06 5.098492 -10.325028 -17.932114 -0.039001 -0.23812 19.137033 0.553972 -0.264751 -3.913572 -1.420414 1.116636 -1.569824 0.0 -0.0 -1e-06 
0.0 0.0 0.0 0.0 -0.0 0.0 -16.900244 99.0299 448.162994 -2.637676 8.608839 1.547037 4.301219 0.055225 -0.257942 0.408358 -1.306684 -5.425085 3.430687 -3.309113 12.974121 3.98291 -1.065276 28.646563 -0.092395 2.110651 -3.738675 1.661915 1.078929 3.789059 7.7e-05 -2.2e-05 6e-06 -0.085071 0.07128 -0.124009 0.614794 -3.651245 -10.709049 -0.780514 3.801307 -10.687982 -18.876497 -6.673278 18.598047 -54.010986 -16.290237 30.93046 -0.304163 -40.99474 0.148014 3.066193 -1.351373 -9.28091 -5.882106 9.861288 0.702593 -10.936876 -0.360576 7.156209 2e-06 8.774829 -1e-06 -15.879529 18.43425 6.106285 -1.844033 2.498503 -2.507278 -10.163603 4.678946 4.621109 -20.97603 -7e-06 5e-06 -21.226292 2.451696 -3.593998 1e-06 -5e-06 -2e-06 -1.362682 2.240798 -0.746323 -21.334921 0.584908 3.008326 -13.821217 -2e-06 3e-06 -23.887178 -0.24908 -0.839482 -60.410114 2.726811 -1.849956 -0.294024 1.679687 0.833257 -14.218214 0.093213 1.300582 -34.212059 -0.287568 0.967174 -20.033222 0.964536 1.212846 -1e-06 1e-06 0.0 -3.440389 0.788232 0.501656 -15.928191 -3.167312 2.999709 -6.338827 -2e-06 1e-06 -18.123447 3.648183 -4.905668 -3e-06 2e-06 -2e-06 19.478748 11.120711 19.078625 50.737713 15.52919 31.603596 0.3868 40.182354 0.249302 2.615388 -0.130432 -6.180365 2.243542 -5.255037 -3.180161 14.282894 -0.826593 6.952503 -4e-06 -12.690605 0.0 16.341824 -17.952072 2.593589 1.665666 -1.95592 -2.8783 4.727799 -4.170588 4.993924 11.020528 6e-06 -3e-06 12.109054 -3.735713 -2.866783 1e-06 -1e-06 0.0 1.291986 -1.928549 -1.498089 14.800134 0.567471 3.865608 14.242573 -1.341733 -6.660656 19.631973 0.143931 -0.648243 49.966618 -0.930444 -6.64372 0.35303 -1.511151 -0.031941 20.222797 3.684313 2.316631 18.787279 7e-06 -0.0 10.751631 -0.479867 1.397906 0.0 -0.0 -2e-06 3.273808 0.305947 -0.580111 21.486818 11.830381 2.266133 8.162929 3e-06 -2e-06 18.399084 -3.798982 -4.940575 3e-06 1e-06 -2e-06 10.018946 10.883917 -10.747908 -0.275185 -0.521406 54.644848 -7.523521 -13.14761 3.15575 1.619955 -1.702881 -5.472495 -0.0 -0.0 1e-06 4.709706 -10.609076 -14.904332 0.009697 -0.25533 18.27737 0.856298 0.532965 -5.630106 -1.416889 1.096535 -1.626412 -0.0 -0.0 -1e-06 
0.0 0.0 0.0 0.0 -0.0 0.0 -17.046515 99.178925 451.339569 -2.347206 7.81806 1.389077 4.255342 0.113786 -0.228831 0.344971 -1.150725 -5.402495 3.210279 -3.133973 12.827872 4.003061 -1.026358 28.780434 -0.082382 2.321062 -3.732453 1.931509 1.168618 3.891201 7.7e-05 -2.3e-05 5e-06 -0.090748 0.086134 -0.125739 0.606037 -3.642802 -10.694548 -0.783805 3.820748 -10.670092 -18.701134 -6.434253 18.405668 -54.119865 -16.096426 31.13283 -0.297497 -41.651173 0.219737 3.373544 -1.264994 -9.48272 -5.882111 9.861292 0.702591 -10.936877 -0.360574 7.156209 -1e-06 8.774831 -2e-06 -15.879062 18.44005 6.115228 -1.844035 2.498506 -2.507279 -10.163605 4.678949 4.62111 -20.976038 -2e-06 0.0 -21.226303 2.451699 -3.594007 2e-06 -5e-06 -2e-06 -1.362682 2.240799 -0.746324 -21.334929 0.584912 3.008322 -13.821221 -2e-06 -1e-06 -23.887184 -0.249077 -0.839488 -60.452805 2.74142 -1.851682 -0.294025 1.679688 0.833257 -14.218217 0.093216 1.300581 -34.212067 -0.287562 0.967166 -20.033226 0.96454 1.212842 1e-06 -0.0 0.0 -3.440391 0.788234 0.501655 -15.928196 -3.16731 2.999707 -6.33883 -1e-06 -0.0 -18.123459 3.648184 -4.905676 -3e-06 1e-06 0.0 19.545746 11.234097 19.176237 50.793884 15.575813 31.87257 0.363098 39.45834 0.295586 2.854217 -0.068741 -6.731899 2.243546 -5.255043 -3.180161 14.282907 -0.826595 6.952505 -1e-06 -12.690616 1e-06 16.390524 -17.891798 2.594531 1.665668 -1.955924 -2.878302 4.727803 -4.170592 4.993926 11.020538 2e-06 -4e-06 12.109067 -3.735719 -2.86679 1e-06 -0.0 0.0 1.291987 -1.928551 -1.498091 14.80014 0.567467 3.865605 14.242588 -1.341738 -6.660667 19.631987 0.143925 -0.64825 49.953354 -0.896277 -6.654731 0.353029 -1.511151 -0.03194 20.222813 3.68431 2.316625 18.787294 5e-06 -8e-06 10.751639 -0.479867 1.397903 -0.0 -1e-06 -1e-06 3.273811 0.305947 -0.580111 21.486835 11.830385 2.266129 8.162937 2e-06 -4e-06 18.399103 -3.798984 -4.940584 3e-06 0.0 -2e-06 8.363562 13.251882 -13.555979 -0.253741 -0.312327 52.375729 -6.569087 -10.795263 -0.131552 1.640707 -1.670379 -5.371545 -1e-06 0.0 1e-06 4.362488 -10.708219 -12.10263 0.065749 -0.273344 17.373116 1.082683 1.343673 -7.240938 -1.418902 1.071217 -1.679028 -0.0 -0.0 -1e-06 
0.0 0.0 0.0 0.0 -0.0 0.0 -17.177206 99.208031 454.43634 -2.138882 6.886898 1.410258 4.179087 0.11754 -0.190645 0.299758 -0.962192 -5.384703 2.980063 -2.986177 12.674849 3.898407 -0.87607 28.64712 -0.09453 2.443409 -3.741391 2.133331 1.233918 3.935014 7.7e-05 -2.3e-05 6e-06 -0.097226 0.096202 -0.125987 0.599705 -3.638718 -10.672599 -0.791144 3.834444 -10.643811 -18.643368 -6.296672 18.166349 -54.067162 -15.821133 31.481441 -0.27017 -42.362896 0.257157 3.488141 -1.261882 -9.722281 -5.882107 9.861287 0.702592 -10.936874 -0.360576 7.156209 1e-06 8.774828 1e-06 -15.903875 18.424166 6.129078 -1.844033 2.498505 -2.507278 -10.163603 4.678947 4.621112 -20.976032 -4e-06 4e-06 -21.226295 2.451696 -3.594001 1e-06 -5e-06 0.0 -1.362682 2.240798 -0.746323 -21.334923 0.584908 3.008325 -13.821218 -1e-06 1e-06 -23.887177 -0.249078 -0.839482 -60.51413 2.699864 -1.78486 -0.294025 1.679688 0.833257 -14.218215 0.093214 1.30058 -34.212059 -0.287563 0.967172 -20.03322 0.964539 1.212843 1e-06 0.0 -0.0 -3.44039 0.788233 0.501656 -15.928192 -3.167312 2.999709 -6.338829 -1e-06 2e-06 -18.123453 3.648184 -4.905673 -3e-06 1e-06 0.0 19.532656 11.348815 19.239902 50.919346 15.704183 32.330456 0.360082 39.190296 0.343032 3.146623 0.072061 -7.197329 2.243541 -5.255035 -3.180157 14.282887 -0.826595 6.952502 -3e-06 -12.690601 0.0 16.421469 -17.860323 2.613683 1.665665 -1.955922 -2.878299 4.727798 -4.170586 4.993923 11.020525 3e-06 -1e-06 12.109051 -3.735716 -2.866784 0.0 -1e-06 0.0 1.291984 -1.928549 -1.498089 14.800125 0.567467 3.865607 14.24257 -1.341735 -6.660654 19.631966 0.143926 -0.648243 49.937328 -0.847888 -6.602997 0.353029 -1.511149 -0.031938 20.222786 3.684307 2.316629 18.78727 4e-06 -0.0 10.751627 -0.479869 1.397906 -0.0 -1e-06 -1e-06 3.273806 0.305947 -0.58011 21.486809 11.830373 2.266132 8.162926 2e-06 -1e-06 18.399078 -3.798984 -4.940572 3e-06 1e-06 -2e-06 6.453287 15.6205 -16.471748 -0.169675 -0.067228 48.234608 -6.368661 -9.489941 -2.204701 1.669398 -1.656357 -5.250746 0.0 1e-06 3e-06 4.109458 -10.755 -9.518044 0.107096 -0.2648 16.493149 1.169777 2.223296 -8.809885 -1.425599 1.044705 -1.724302 0.0 0.0 -1e-06 
0.0 0.0 0.0 0.0 -0.0 0.0 -17.269791 99.143913 457.460968 -1.97627 5.850393 1.621155 4.050896 0.072875 -0.151995 0.263191 -0.758219 -5.371813 2.752993 -2.858092 12.528612 3.662738 -0.657831 28.330887 -0.117382 2.502666 -3.756565 2.256324 1.2398 3.955113 7.7e-05 -2.2e-05 6e-06 -0.09839 0.09617 -0.128056 0.599478 -3.648698 -10.669372 -0.793763 3.841955 -10.635272 -18.710541 -6.221196 17.904354 -53.87616 -15.552934 31.847029 -0.266544 -43.046757 0.286165 3.511067 -1.296836 -9.984691 -5.882107 9.861288 0.702588 -10.936873 -0.360575 7.156207 2e-06 8.774828 1e-06 -15.907742 18.375765 6.1283 -1.844033 2.498505 -2.507277 -10.163601 4.678946 4.621109 -20.97603 -6e-06 -0.0 -21.226294 2.451695 -3.594003 1e-06 -5e-06 -2e-06 -1.362682 2.240798 -0.746324 -21.334921 0.584909 3.008323 -13.821217 -2e-06 -1e-06 -23.887178 -0.249082 -0.839485 -60.509514 2.615252 -1.675646 -0.294024 1.679687 0.833257 -14.218212 0.093215 1.30058 -34.212063 -0.287568 0.967167 -20.033216 0.964534 1.212843 -0.0 -1e-06 -0.0 -3.44039 0.788233 0.501656 -15.928189 -3.167311 2.999704 -6.338826 -1e-06 -2e-06 -18.123451 3.64818 -4.905674 -4e-06 1e-06 -1e-06 19.481663 11.481417 19.274748 51.013428 15.909638 33.043941 0.340991 39.292442 0.367633 3.420622 0.225915 -7.550757 2.243543 -5.25504 -3.18016 14.282898 -0.826595 6.952504 -2e-06 -12.690611 -1e-06 16.43754 -17.857555 2.641218 1.665668 -1.955922 -2.8783 4.727801 -4.170591 4.993926 11.020534 2e-06 -2e-06 12.109058 -3.735717 -2.866786 1e-06 -1e-06 0.0 1.291987 -1.928551 -1.498088 14.800136 0.567468 3.865608 14.24258 -1.341738 -6.660663 19.631975 0.143927 -0.648247 49.958233 -0.791899 -6.517943 0.353029 -1.511152 -0.031939 20.222801 3.68431 2.31663 18.787283 6e-06 -2e-06 10.751633 -0.479867 1.397906 -0.0 -1e-06 -1e-06 3.273808 0.305947 -0.580111 21.486828 11.830383 2.266132 8.162931 2e-06 -2e-06 18.399096 -3.798988 -4.94058 3e-06 1e-06 -2e-06 4.304134 17.696138 -19.410385 -0.056569 0.165727 42.651867 -6.674082 -8.771317 -2.91963 1.701955 -1.67681 -5.207184 0.0 0.0 2e-06 3.808271 -10.820322 -7.356329 0.123127 -0.22023 15.592077 1.262003 3.207228 -10.177885 -1.432738 1.016339 -1.733068 0.0 -0.0 -1e-06 
0.0 0.0 0.0 0.0 -0.0 0.0 -17.307638 99.00824 460.403534 -1.856941 4.708168 2.018272 3.871902 -0.001092 -0.138384 0.218635 -0.576829 -5.378454 2.548212 -2.732912 12.412245 3.284417 -0.391701 27.941031 -0.133365 2.509088 -3.75205 2.292047 1.182251 3.992476 7.7e-05 -2.2e-05 6e-06 -0.09569 0.095277 -0.130943 0.602732 -3.662608 -10.689193 -0.791765 3.85204 -10.653291 -18.87565 -6.174482 17.641254 -53.604889 -15.347387 32.242542 -0.224914 -43.597931 0.287773 3.461194 -1.329987 -10.132064 -5.88211 9.861292 0.702591 -10.936878 -0.360576 7.156209 1e-06 8.774831 -0.0 -15.887387 18.304932 6.108181 -1.844034 2.498505 -2.50728 -10.163607 4.678948 4.62111 -20.976044 -6e-06 1e-06 -21.226305 2.451696 -3.594003 1e-06 -5e-06 -1e-06 -1.362683 2.240799 -0.746326 -21.33493 0.584907 3.008322 -13.821224 -3e-06 2e-06 -23.88719 -0.249084 -0.839484 -60.436028 2.527021 -1.571907 -0.294026 1.679688 0.833256 -14.218221 0.093214 1.300579 -34.212074 -0.287567 0.96717 -20.033228 0.964536 1.212844 1e-06 0.0 -1e-06 -3.440391 0.788232 0.501657 -15.928201 -3.167313 2.999707 -6.338829 -2e-06 0.0 -18.123459 3.648181 -4.905674 -3e-06 1e-06 -1e-06 19.372465 11.634998 19.269737 51.128811 16.231649 33.982956 0.282566 39.536812 0.390333 3.656012 0.351447 -7.752052 2.243544 -5.255041 -3.180159 14.282903 -0.826594 6.952504 -3e-06 -12.690614 1e-06 16.439981 -17.8925 2.683436 1.665669 -1.955922 -2.878301 4.727801 -4.17059 4.993925 11.020535 4e-06 -3e-06 12.10906 -3.735718 -2.866788 1e-06 0.0 0.0 1.291987 -1.928551 -1.498088 14.80014 0.56747 3.865608 14.242585 -1.341735 -6.660664 19.631985 0.143928 -0.648248 50.006763 -0.763559 -6.438382 0.353029 -1.51115 -0.031939 20.222805 3.684311 2.316627 18.787289 7e-06 -5e-06 10.751637 -0.479866 1.397905 -0.0 -1e-06 -1e-06 3.27381 0.305947 -0.580113 21.486832 11.830384 2.26613 8.162934 1e-06 -2e-06 18.399099 -3.798985 -4.940581 3e-06 1e-06 -2e-06 1.992967 19.299852 -22.230455 0.044097 0.346855 35.728653 -7.545651 -8.082479 -2.205281 1.726409 -1.722352 -5.139945 -0.0 -0.0 2e-06 3.534955 -10.901529 -5.298349 0.109555 -0.145367 14.60079 1.296131 4.29028 -11.498712 -1.438414 0.995677 -1.716426 0.0 -0.0 -1e-06 
0.0 0.0 0.0 0.0 -0.0 0.0 -17.281553 98.819992 463.263 -1.774244 3.444501 2.576236 3.622563 -0.061043 -0.176882 0.162195 -0.466525 -5.409151 2.386914 -2.588463 12.367091 2.815228 -0.076851 27.522356 -0.127448 2.421509 -3.704943 2.261413 1.073087 4.061604 7.7e-05 -2.3e-05 5e-06 -0.077303 0.085441 -0.126973 0.626248 -3.68522 -10.706382 -0.778908 3.854205 -10.672074 -19.147474 -6.147298 17.391562 -53.276279 -15.234388 32.638504 -0.072827 -43.922352 0.212591 3.269105 -1.317145 -10.138741 -5.882108 9.861288 0.70259 -10.936873 -0.360574 7.156205 -1e-06 8.774826 -1e-06 -15.843447 18.245867 6.108919 -1.844033 2.498505 -2.507277 -10.1636 4.678946 4.62111 -20.976027 -2e-06 3e-06 -21.22629 2.451697 -3.594001 1e-06 -5e-06 -1e-06 -1.362681 2.240798 -0.746324 -21.334917 0.584912 3.008321 -13.821217 -0.0 1e-06 -23.887177 -0.249079 -0.839487 -60.347862 2.487957 -1.473593 -0.294026 1.679688 0.833256 -14.21821 0.093218 1.300579 -34.212055 -0.287561 0.967169 -20.033216 0.964537 1.212841 -0.0 1e-06 0.0 -3.440388 0.788234 0.501655 -15.928187 -3.167309 2.999707 -6.338825 -0.0 2e-06 -18.123446 3.648185 -4.905673 -3e-06 0.0 -1e-06 19.185698 11.823541 19.142633 51.347313 16.566849 34.951294 0.234162 39.783558 0.447349 3.809939 0.43775 -7.812476 2.243543 -5.255037 -3.180156 14.282891 -0.826595 6.9525 -1e-06 -12.690603 1e-06 16.439352 -17.962236 2.711905 1.665667 -1.95592 -2.878299 4.727798 -4.170588 4.993923 11.020526 3e-06 -3e-06 12.109054 -3.735716 -2.866783 1e-06 -0.0 0.0 1.291986 -1.92855 -1.498087 14.800129 0.567469 3.865604 14.242571 -1.341737 -6.660658 19.631969 0.143925 -0.648247 50.046013 -0.756248 -6.418972 0.353029 -1.51115 -0.031941 20.222788 3.684308 2.316627 18.78727 4e-06 -3e-06 10.751625 -0.47987 1.397903 -0.0 -1e-06 -1e-06 3.273807 0.305946 -0.580111 21.486811 11.830376 2.26613 8.162926 1e-06 -1e-06 18.39908 -3.798984 -4.940577 3e-06 0.0 -2e-06 -0.350758 20.412834 -24.732008 0.094345 0.453634 27.711348 -8.909689 -7.07328 -0.226112 1.747178 -1.765154 -4.835957 -0.0 -0.0 2e-06 3.200439 -10.979162 -3.427962 0.079823 -0.06763 13.444136 1.330611 5.483671 -12.621119 -1.442203 0.993575 -1.698983 0.0 -0.0 -1e-06 
0.0 0.0 0.0 0.0 -0.0 0.0 -17.194159 98.591286 466.069855 -1.795845 2.070626 3.180966 3.326328 -0.074035 -0.269952 0.105467 -0.414082 -5.465596 2.280682 -2.460656 12.42519 2.358359 0.261935 27.106623 -0.125081 2.181941 -3.656312 2.190466 0.977537 4.176336 7.7e-05 -2.2e-05 6e-06 -0.050399 0.066149 -0.121203 0.664905 -3.714323 -10.727144 -0.764126 3.844462 -10.695596 -19.435801 -6.118082 17.208794 -53.036293 -15.238784 32.898003 0.162249 -43.981014 0.068538 2.904857 -1.23533 -10.012497 -5.88211 9.861291 0.702589 -10.936875 -0.360574 7.156206 -1e-06 8.774828 -3e-06 -15.864477 18.216948 6.11863 -1.844033 2.498505 -2.507279 -10.163603 4.678948 4.621107 -20.97603 -2e-06 -1e-06 -21.226297 2.451696 -3.594006 0.0 -6e-06 -1e-06 -1.362682 2.240799 -0.746324 -21.334919 0.584911 3.00832 -13.821218 -2e-06 -0.0 -23.887178 -0.249082 -0.839487 -60.366905 2.473294 -1.35587 -0.294024 1.679688 0.833255 -14.218214 0.093217 1.300579 -34.212059 -0.287565 0.967163 -20.033222 0.964535 1.212837 0.0 1e-06 0.0 -3.440389 0.788234 0.501653 -15.928189 -3.167309 2.999704 -6.338827 0.0 -1e-06 -18.123453 3.648183 -4.905677 -4e-06 0.0 -1e-06 18.93548 12.035542 18.952576 51.699074 16.878975 35.838261 0.167802 39.975128 0.49375 3.96189 0.453386 -7.703518 2.243544 -5.255037 -3.180157 14.282896 -0.826597 6.9525 -1e-06 -12.690608 -1e-06 16.452827 -18.056969 2.730327 1.665667 -1.955922 -2.878299 4.727801 -4.170588 4.993924 11.020531 3e-06 -2e-06 12.109057 -3.735718 -2.866787 1e-06 -0.0 0.0 1.291987 -1.92855 -1.498088 14.800132 0.567468 3.865607 14.242579 -1.341737 -6.660661 19.631975 0.143927 -0.648249 50.093033 -0.791281 -6.436835 0.35303 -1.511152 -0.03194 20.222801 3.684308 2.316625 18.787283 4e-06 -4e-06 10.751633 -0.479868 1.397904 0.0 -1e-06 -1e-06 3.273808 0.305947 -0.58011 21.48682 11.830378 2.266129 8.16293 1e-06 -4e-06 18.399092 -3.798986 -4.94058 3e-06 1e-06 -2e-06 -2.373129 21.038786 -26.662823 0.050929 0.46927 19.046291 -10.657273 -5.901219 2.602733 1.7466 -1.806348 -4.465768 0.0 0.0 2e-06 2.858055 -10.946845 -1.433223 0.051139 -0.008036 11.825661 1.313349 6.745165 -13.456138 -1.445724 0.986906 -1.687153 -0.0 -0.0 -1e-06 
0.0 0.0 0.0 0.0 -0.0 0.0 -17.071047 98.319527 468.872162 -1.986813 0.620741 3.756503 3.012731 -0.070233 -0.438434 0.054558 -0.384735 -5.542514 2.237922 -2.386945 12.55138 1.97339 0.690486 26.827789 -0.16453 1.782208 -3.6494 2.127945 0.820384 4.319136 7.7e-05 -2.3e-05 5e-06 -0.027141 0.042754 -0.115015 0.703098 -3.743695 -10.752966 -0.756585 3.826974 -10.72644 -19.79607 -6.029103 17.136892 -52.756565 -15.311918 32.904133 0.356845 -43.834923 -0.087465 2.489694 -1.232752 -9.757554 -5.882108 9.861292 0.702589 -10.936873 -0.360575 7.156204 -1e-06 8.774828 0.0 -15.945984 18.211176 6.141818 -1.844033 2.498507 -2.507279 -10.163602 4.678947 4.621106 -20.97603 -3e-06 -1e-06 -21.226297 2.451696 -3.594006 0.0 -7e-06 -2e-06 -1.362683 2.2408 -0.746324 -21.334919 0.584911 3.008317 -13.821217 -3e-06 -1e-06 -23.887177 -0.249082 -0.839488 -60.467987 2.480435 -1.246753 -0.294024 1.679689 0.833255 -14.218212 0.093217 1.300579 -34.212063 -0.287566 0.967163 -20.033218 0.964534 1.21284 1e-06 -0.0 1e-06 -3.440389 0.788234 0.501655 -15.928189 -3.167311 2.999704 -6.338826 -0.0 1e-06 -18.123447 3.648183 -4.905676 -5e-06 1e-06 -1e-06 18.813219 12.195988 18.91116 52.002747 17.220304 36.461517 0.158372 40.114929 0.487348 4.230986 0.398741 -7.398448 2.243544 -5.25504 -3.180158 14.282896 -0.826595 6.952501 -2e-06 -12.69061 1e-06 16.437582 -18.146095 2.775784 1.665667 -1.955922 -2.878302 4.727799 -4.170588 4.993925 11.020531 4e-06 -3e-06 12.109058 -3.735715 -2.866787 1e-06 -0.0 0.0 1.291987 -1.928553 -1.49809 14.800138 0.567468 3.865606 14.242584 -1.341738 -6.660666 19.631979 0.143927 -0.648247 50.18726 -0.877929 -6.458948 0.353029 -1.511151 -0.031941 20.222801 3.684313 2.316628 18.787285 8e-06 -5e-06 10.751634 -0.479865 1.397904 -0.0 -1e-06 -1e-06 3.273808 0.305947 -0.58011 21.486826 11.830383 2.26613 8.16293 1e-06 -1e-06 18.39909 -3.798985 -4.940579 3e-06 1e-06 -2e-06 -3.625729 20.988586 -28.0163 -0.067913 0.366566 10.69753 -12.454371 -4.768999 5.293782 1.695244 -1.847504 -4.192245 1e-06 -2e-06 3e-06 2.583925 -10.706349 0.538565 0.034679 0.001402 10.297752 1.237027 7.99753 -13.973323 -1.449395 0.949769 -1.753051 0.0 0.0 -1e-06 
0.0 0.0 0.0 0.0 -0.0 0.0 -16.926767 97.982582 471.741547 -2.314196 -0.884179 4.223042 2.676865 -0.091959 -0.645427 0.003968 -0.356146 -5.630848 2.253875 -2.304471 12.703602 1.570051 1.155789 26.818207 -0.21706 1.393025 -3.681008 2.095303 0.584245 4.410224 7.7e-05 -2.2e-05 6e-06 -0.00726 0.017753 -0.104279 0.726113 -3.773387 -10.777356 -0.741474 3.807926 -10.751449 -20.329473 -5.917564 17.13699 -52.208363 -15.368262 32.578571 0.311448 -43.579502 -0.108634 2.206696 -1.393984 -9.41797 -5.882113 9.861292 0.70259 -10.936881 -0.360573 7.156208 -1e-06 8.77483 -1e-06 -16.016514 18.238703 6.173138 -1.844034 2.498505 -2.507278 -10.16361 4.678948 4.621112 -20.976044 -1e-06 1e-06 -21.226311 2.451698 -3.594005 -1e-06 -6e-06 -0.0 -1.362682 2.2408 -0.746326 -21.33493 0.584913 3.008322 -13.821226 -1e-06 -0.0 -23.887188 -0.249078 -0.839488 -60.508781 2.539155 -1.161946 -0.294024 1.679688 0.833254 -14.218221 0.093217 1.300577 -34.212082 -0.287564 0.967164 -20.033232 0.964536 1.21284 1e-06 -0.0 1e-06 -3.440392 0.788234 0.501657 -15.928201 -3.167309 2.999707 -6.338831 -1e-06 -1e-06 -18.123461 3.648185 -4.905674 -5e-06 1e-06 -2e-06 19.001114 12.17753 19.048794 52.08968 17.576214 36.899857 0.215222 40.165371 0.452338 4.635924 0.384854 -7.08568 2.243544 -5.255039 -3.18016 14.282897 -0.826596 6.952505 -1e-06 -12.690609 0.0 16.397184 -18.203657 2.813765 1.665668 -1.955923 -2.878299 4.727801 -4.170591 4.993926 11.020532 2e-06 -3e-06 12.109058 -3.735718 -2.866786 1e-06 -0.0 0.0 1.291986 -1.928549 -1.49809 14.800134 0.567467 3.865608 14.242577 -1.341738 -6.660663 19.631973 0.143926 -0.648247 50.232731 -0.901793 -6.476964 0.353029 -1.511152 -0.031941 20.222801 3.684308 2.31663 18.787283 3e-06 -4e-06 10.751634 -0.479867 1.397907 0.0 -0.0 0.0 3.273808 0.305947 -0.580111 21.48682 11.830379 2.26613 8.16293 1e-06 -2e-06 18.39909 -3.798987 -4.940577 3e-06 1e-06 -2e-06 -3.861447 20.258764 -29.036808 -0.15965 0.211317 4.528125 -13.79797 -3.842097 6.318755 1.622466 -1.905298 -4.096688 0.0 0.0 2e-06 2.355481 -10.156792 2.216084 0.023676 -0.043618 9.731708 1.132802 9.169557 -14.376855 -1.452743 0.919467 -2.02399 0.0 -0.0 -1e-06 
0.0 0.0 0.0 0.0 -0.0 0.0 -16.730381 97.670433 474.681458 -2.635548 -2.514682 4.438569 2.277755 -0.080733 -0.734714 -0.066135 -0.182497 -5.711739 2.222188 -2.241365 12.868399 1.079705 1.580405 26.956816 -0.222905 1.197097 -3.622671 2.0886 0.398422 4.261409 7.7e-05 -2.2e-05 6e-06 -0.038209 0.05011 -0.078193 0.696255 -3.747967 -10.777307 -0.773915 3.848632 -10.748793 -20.816719 -5.846888 17.101673 -51.576939 -15.38798 31.971395 0.223 -43.410591 -0.062448 1.966867 -1.404709 -8.849896 -5.882114 9.8613 0.70259 -10.936885 -0.360575 7.156212 -0.0 8.774835 -1e-06 -16.035048 18.190512 6.132612 -1.844036 2.498507 -2.507279 -10.163611 4.678951 4.621111 -20.976048 -1e-06 1e-06 -21.226316 2.451702 -3.594005 -0.0 -6e-06 1e-06 -1.362684 2.240802 -0.746323 -21.334942 0.584911 3.008322 -13.821231 -2e-06 -0.0 -23.887201 -0.249079 -0.839487 -60.369453 2.526658 -1.044364 -0.294025 1.67969 0.833257 -14.218225 0.093217 1.300579 -34.212086 -0.287565 0.967164 -20.033241 0.964537 1.21284 1e-06 1e-06 1e-06 -3.440393 0.788235 0.501656 -15.928206 -3.167312 2.999708 -6.338834 1e-06 -1e-06 -18.12347 3.648189 -4.90568 -5e-06 1e-06 -1e-06 19.278505 12.072028 19.322109 52.206551 17.843351 37.183994 0.143234 40.196331 0.359473 4.887754 0.20649 -6.876034 2.243543 -5.25504 -3.180159 14.282897 -0.826594 6.952503 -2e-06 -12.690609 -1e-06 16.309813 -18.23245 2.827562 1.665667 -1.955922 -2.878299 4.727801 -4.170589 4.993924 11.020532 3e-06 -4e-06 12.109057 -3.735716 -2.866787 1e-06 -0.0 0.0 1.291987 -1.92855 -1.49809 14.800136 0.567469 3.865606 14.242582 -1.341736 -6.660663 19.631975 0.143927 -0.648247 50.277111 -0.886548 -6.444301 0.35303 -1.511151 -0.031941 20.222801 3.684311 2.316628 18.787283 6e-06 -3e-06 10.751634 -0.479867 1.397906 1e-06 -1e-06 0.0 3.273808 0.305948 -0.580112 21.486822 11.830381 2.266131 8.16293 1e-06 -3e-06 18.39909 -3.798983 -4.94058 2e-06 1e-06 -1e-06 -3.287829 19.14463 -30.173376 -0.184875 0.030581 2.871102 -13.834933 -3.153229 5.859207 1.572943 -1.963989 -4.037552 -0.0 0.0 2e-06 1.995202 -9.321901 4.160007 -0.020295 -0.056238 9.273829 1.003629 10.165497 -14.262393 -1.459134 0.907681 -2.578105 -0.0 -0.0 -1e-06 
0.0 0.0 0.0 0.0 -0.0 0.0 -16.440308 97.450134 477.693604 -2.729876 -4.202641 4.390737 1.662883 -0.037475 -0.838311 -0.195768 0.028922 -5.716106 2.12597 -2.240277 13.116418 0.563437 2.075633 27.210337 -0.270087 1.083066 -3.63649 2.118854 0.443698 4.212585 7.7e-05 -2.2e-05 7e-06 -0.045316 0.052415 -0.073197 0.682538 -3.747147 -10.801128 -0.774118 3.852652 -10.777249 -21.074165 -5.655041 17.090618 -50.976467 -15.445683 31.117151 0.095218 -43.618458 0.016137 1.844086 -1.172859 -7.930092 -5.88211 9.86129 0.702589 -10.936877 -0.360575 7.156205 1e-06 8.774831 -0.0 -16.036964 18.267235 6.182457 -1.844035 2.498506 -2.507279 -10.163604 4.678948 4.621108 -20.976038 -7e-06 -1e-06 -21.226301 2.451693 -3.594006 -0.0 -7e-06 -0.0 -1.362683 2.2408 -0.746325 -21.334925 0.584907 3.008318 -13.821221 -5e-06 0.0 -23.887184 -0.249086 -0.839485 -60.244305 2.524384 -0.905659 -0.294024 1.679688 0.833255 -14.218217 0.093214 1.300577 -34.21207 -0.287574 0.967163 -20.033226 0.964531 1.212841 1e-06 0.0 1e-06 -3.440389 0.788233 0.501657 -15.928198 -3.167312 2.999703 -6.33883 -2e-06 -0.0 -18.123459 3.648179 -4.905676 -5e-06 1e-06 -2e-06 19.537241 11.99569 19.709948 52.423733 18.058159 37.197136 0.02056 40.032745 0.201493 5.002491 0.034918 -6.60823 2.243543 -5.255038 -3.180159 14.282896 -0.826596 6.952499 -2e-06 -12.69061 -1e-06 16.234537 -18.143818 2.804433 1.665668 -1.955923 -2.878301 4.727801 -4.170588 4.993925 11.020534 3e-06 -2e-06 12.109059 -3.735715 -2.866786 0.0 -1e-06 0.0 1.291986 -1.92855 -1.498091 14.800136 0.567469 3.865606 14.242579 -1.341736 -6.660663 19.631981 0.14393 -0.648247 50.16003 -0.748062 -6.415198 0.353028 -1.51115 -0.031942 20.222801 3.684311 2.316625 18.787283 5e-06 -4e-06 10.751633 -0.479868 1.397904 2e-06 -2e-06 -0.0 3.273809 0.305948 -0.58011 21.486824 11.83038 2.266128 8.16293 0.0 -2e-06 18.399096 -3.798986 -4.940582 3e-06 0.0 -1e-06 -2.337831 17.798336 -30.539406 -0.14922 -0.036775 4.668225 -12.280185 -3.327183 5.832042 1.607595 -1.984856 -3.999983 -0.0 0.0 3e-06 1.289598 -8.092943 6.027729 -0.046845 0.060813 9.629766 0.874157 10.909474 -13.506337 -1.459159 0.961543 -3.69669 -0.0 0.0 -1e-06 
0.0 0.0 0.0 0.0 -0.0 0.0 -16.078352 97.381195 480.904114 -2.384642 -5.940635 4.36323 0.749158 -0.054425 -1.043947 -0.361709 0.29052 -5.746898 1.9284 -2.175772 13.340237 0.091052 2.629165 27.468529 -0.266984 1.040822 -3.650401 2.078706 0.635038 4.347787 7.7e-05 -2.3e-05 8e-06 -0.039764 0.045027 -0.076894 0.68604 -3.758335 -10.841495 -0.765726 3.849449 -10.829853 -21.252499 -5.425047 16.963264 -50.347298 -15.352535 30.276794 -0.104367 -44.261719 0.092096 1.88355 -0.963937 -7.491651 -5.882108 9.861285 0.70259 -10.936873 -0.360574 7.156207 0.0 8.774825 -1e-06 -16.060837 18.418678 6.234785 -1.844033 2.498505 -2.50728 -10.163604 4.678947 4.621106 -20.97603 -1e-06 1e-06 -21.226295 2.451698 -3.594001 -0.0 -7e-06 0.0 -1.362682 2.240799 -0.746323 -21.334919 0.584909 3.008323 -13.821218 -2e-06 0.0 -23.887178 -0.249077 -0.839485 -60.066441 2.544288 -0.883418 -0.294025 1.679688 0.833255 -14.218213 0.093216 1.300579 -34.212063 -0.287563 0.96717 -20.033216 0.964538 1.212844 1e-06 0.0 1e-06 -3.440391 0.788234 0.501657 -15.928191 -3.167309 2.999707 -6.338828 1e-06 0.0 -18.123453 3.648183 -4.905673 -4e-06 -0.0 -1e-06 19.84136 11.960983 20.039944 52.546631 18.214375 37.23436 -0.099489 39.622738 0.087146 4.947149 -0.108103 -6.357018 2.243541 -5.255037 -3.180158 14.28289 -0.826594 6.952498 -3e-06 -12.690603 -1e-06 16.127792 -18.083578 2.816362 1.665667 -1.955922 -2.878298 4.727799 -4.170587 4.993921 11.020528 2e-06 -3e-06 12.109054 -3.735716 -2.866787 1e-06 -0.0 0.0 1.291985 -1.92855 -1.498089 14.800129 0.567468 3.865606 14.242573 -1.341738 -6.660658 19.631969 0.143927 -0.648247 50.140179 -0.709871 -6.375011 0.353029 -1.51115 -0.03194 20.222794 3.684309 2.316628 18.787279 6e-06 -4e-06 10.75163 -0.479867 1.397907 1e-06 -1e-06 -0.0 3.273807 0.305946 -0.580111 21.486813 11.830374 2.266128 8.162927 -0.0 -2e-06 18.399086 -3.798985 -4.94058 2e-06 0.0 -2e-06 -1.753016 16.449356 -30.346539 -0.135137 -0.061887 8.26659 -8.779021 -4.427596 7.703893 1.724494 -1.97535 -3.96052 0.0 -0.0 2e-06 -0.03293 -6.838 7.645641 -0.032337 0.183374 10.62073 0.809891 11.553629 -11.765336 -1.476359 1.017394 -5.797033 0.0 0.0 -1e-06 
0.0 0.0 0.0 0.0 -0.0 0.0 -15.619289 97.453621 484.251404 -1.585267 -7.749646 4.59308 -0.403364 -0.058262 -1.315085 -0.575279 0.498661 -5.865416 1.557889 -2.028574 13.444391 -0.344075 3.233195 27.54199 -0.101342 0.986867 -3.652856 1.937806 0.792097 4.674501 7.7e-05 -2.3e-05 5e-06 -0.023331 0.036061 -0.084495 0.695988 -3.772009 -10.84174 -0.741825 3.845739 -10.848722 -21.483812 -5.360779 16.674765 -49.533047 -15.044413 29.682756 -0.203676 -45.07708 0.123461 1.996344 -1.06986 -7.885726 -5.88211 9.861293 0.702592 -10.936881 -0.360577 7.156211 2e-06 8.774833 1e-06 -16.081736 18.521601 6.251427 -1.844035 2.498504 -2.507278 -10.16361 4.678949 4.621111 -20.976048 -7e-06 1e-06 -21.226309 2.451694 -3.594003 1e-06 -6e-06 0.0 -1.362682 2.240801 -0.746323 -21.334934 0.584908 3.008325 -13.821227 -2e-06 2e-06 -23.887196 -0.249083 -0.839484 -59.92828 2.648658 -0.889602 -0.294025 1.679688 0.833257 -14.218221 0.093213 1.30058 -34.212078 -0.287573 0.967173 -20.033232 0.964533 1.212847 0.0 0.0 1e-06 -3.440391 0.788235 0.501656 -15.928203 -3.167315 2.999708 -6.338833 -1e-06 1e-06 -18.123465 3.648184 -4.905674 -3e-06 1e-06 -1e-06 20.309965 11.957268 20.1796 52.388683 18.280176 37.230717 -0.053044 39.359093 0.125827 4.771114 -0.36644 -5.773189 2.243541 -5.255038 -3.18016 14.282894 -0.826594 6.952507 -4e-06 -12.690612 0.0 15.96698 -17.974096 2.803606 1.665665 -1.955923 -2.878299 4.7278 -4.17059 4.993927 11.020529 4e-06 0.0 12.109054 -3.735716 -2.866784 1e-06 0.0 0.0 1.291985 -1.928549 -1.498089 14.800132 0.56747 3.865611 14.242571 -1.341735 -6.660659 19.631969 0.143927 -0.64824 50.041862 -0.759643 -6.424202 0.353029 -1.511152 -0.031938 20.222801 3.684315 2.316635 18.787277 6e-06 3e-06 10.75163 -0.479868 1.39791 1e-06 -1e-06 -0.0 3.273808 0.305948 -0.58011 21.48682 11.830384 2.266138 8.16293 2e-06 1e-06 18.399084 -3.798985 -4.940572 3e-06 1e-06 -2e-06 -1.818346 15.096926 -30.056534 -0.09754 -0.011171 11.253722 -4.858986 -4.511499 11.083081 1.787201 -1.89203 -3.307535 0.0 -0.0 2e-06 -2.085189 -6.036164 8.395704 -0.065336 0.345578 12.825093 1.114274 12.374247 -8.742167 -1.514662 1.053038 -9.322895 -0.0 -0.0 -1e-06 
0.0 0.0 0.0 0.0 -0.0 0.0 -15.12014 97.527214 487.533722 -0.718178 -9.170351 4.815483 -1.418657 0.037079 -1.43154 -0.754232 0.61887 -5.888514 0.967056 -1.83705 13.19738 -0.732414 3.54943 27.494318 -0.029921 1.211818 -3.636629 1.980215 0.619428 4.470773 7.7e-05 -2.2e-05 6e-06 -0.030812 0.056758 -0.051052 0.686339 -3.759273 -10.815375 -0.747408 3.87117 -10.820846 -21.120996 -5.618706 16.795025 -49.294922 -15.008093 29.098782 -0.272852 -45.885288 0.035087 2.135219 -1.232808 -8.219 -5.882108 9.861287 0.702591 -10.936875 -0.360576 7.156206 2e-06 8.774828 0.0 -16.178629 18.375027 6.131318 -1.844033 2.498502 -2.507277 -10.163603 4.678944 4.621109 -20.97603 -6e-06 -0.0 -21.226295 2.451695 -3.594003 1e-06 -6e-06 0.0 -1.362682 2.2408 -0.746324 -21.334921 0.584909 3.008322 -13.821218 -3e-06 1e-06 -23.887182 -0.249083 -0.839483 -59.95911 2.670917 -0.972536 -0.294025 1.679687 0.833256 -14.218213 0.093214 1.300578 -34.212063 -0.287569 0.967169 -20.03322 0.964533 1.212844 1e-06 0.0 1e-06 -3.44039 0.788232 0.501654 -15.928192 -3.167313 2.999704 -6.338828 -1e-06 2e-06 -18.123457 3.64818 -4.905672 -4e-06 0.0 -1e-06 20.080139 11.958172 20.053625 53.006279 18.324541 37.840832 -0.494256 39.08374 -0.002918 4.543871 -0.336847 -6.121443 2.243542 -5.255037 -3.180158 14.282896 -0.826594 6.952506 -3e-06 -12.690606 -0.0 15.967698 -17.638712 2.654838 1.665667 -1.955922 -2.878299 4.7278 -4.170588 4.993927 11.020532 5e-06 -2e-06 12.109056 -3.735716 -2.866784 1e-06 0.0 1e-06 1.291985 -1.92855 -1.49809 14.800132 0.567469 3.865608 14.242577 -1.341734 -6.660659 19.631973 0.143929 -0.648243 49.707954 -0.715355 -6.373333 0.353029 -1.511152 -0.03194 20.222801 3.684312 2.316632 18.787277 6e-06 1e-06 10.751633 -0.47987 1.397907 1e-06 -1e-06 -0.0 3.273807 0.305947 -0.580112 21.486822 11.830379 2.266132 8.16293 2e-06 -1e-06 18.399088 -3.798984 -4.940576 3e-06 1e-06 -1e-06 -2.157458 13.927173 -29.794439 -0.136832 -0.012715 14.412256 -2.754506 -3.058089 10.357572 1.728402 -1.825253 -1.762478 0.0 0.0 2e-06 -4.223927 -5.558245 7.418467 0.014266 0.457486 17.424662 1.130424 13.289329 -4.815627 -1.558661 0.965421 -15.02478 0.0 -0.0 -1e-06 
0.0 0.0 0.0 0.0 -0.0 0.0 -14.546704 97.768318 490.681641 0.157016 -10.089221 4.863524 -2.229716 0.087654 -1.356325 -0.955608 0.649727 -5.86318 0.321529 -1.645024 12.834406 -1.005663 3.781075 27.345194 -0.117861 1.164362 -3.633622 2.021328 0.524353 4.160745 7.7e-05 -2.3e-05 5e-06 -0.015992 0.044121 -0.05559 0.694229 -3.775105 -10.777511 -0.724885 3.861044 -10.799489 -20.63139 -5.936801 16.748198 -49.235462 -14.942533 28.795452 -0.374992 -46.490612 0.180562 2.183471 -1.289161 -8.65056 -5.88211 9.861292 0.702591 -10.936875 -0.360573 7.156207 -1e-06 8.77483 -1e-06 -16.151934 18.394001 6.017901 -1.844033 2.498507 -2.507279 -10.163604 4.67895 4.621108 -20.976034 -1e-06 -2e-06 -21.226301 2.451698 -3.594006 1e-06 -6e-06 0.0 -1.362682 2.240801 -0.746325 -21.334921 0.584912 3.00832 -13.821219 2e-06 0.0 -23.887178 -0.24908 -0.839486 -59.866356 2.672461 -1.183869 -0.294026 1.679689 0.833257 -14.218215 0.093216 1.30058 -34.212055 -0.287561 0.967164 -20.03322 0.964537 1.21284 -0.0 0.0 -1e-06 -3.440391 0.788235 0.501656 -15.928192 -3.16731 2.999707 -6.338829 -1e-06 2e-06 -18.123457 3.648189 -4.905678 -3e-06 1e-06 -2e-06 19.44173 11.819921 20.015642 53.891018 18.602701 37.568378 -0.370875 38.973602 0.133095 4.225481 -0.478139 -5.657301 2.243545 -5.25504 -3.18016 14.282904 -0.826597 6.952507 -1e-06 -12.690612 -1e-06 16.133137 -17.71596 2.543938 1.665668 -1.955924 -2.878301 4.727805 -4.170591 4.993926 11.020538 1e-06 -1e-06 12.109068 -3.735719 -2.866786 1e-06 1e-06 0.0 1.291988 -1.928551 -1.498091 14.800142 0.567467 3.865608 14.242585 -1.341738 -6.660665 19.631985 0.143924 -0.648249 49.80505 -0.765207 -6.535985 0.35303 -1.511151 -0.03194 20.222811 3.684308 2.316629 18.787292 4e-06 -2e-06 10.751637 -0.479869 1.397907 1e-06 -1e-06 -0.0 3.273809 0.305947 -0.580112 21.486834 11.830383 2.266133 8.162937 1e-06 -3e-06 18.399103 -3.798985 -4.940583 3e-06 2e-06 -1e-06 -3.034665 13.508114 -29.248425 -0.088482 -0.035673 17.464521 -1.429779 -2.455578 6.44654 1.697272 -1.798244 -0.773137 0.0 0.0 2e-06 -6.409395 -5.944955 5.211028 0.040422 0.587589 24.024126 1.585112 13.885921 0.430047 -1.598711 0.910179 -20.244221 -0.0 0.0 -1e-06 
0.0 0.0 0.0 0.0 -0.0 0.0 -13.993578 98.011322 493.766022 1.026147 -10.632426 4.691355 -2.949495 0.074644 -1.21523 -1.086241 0.642725 -5.791011 -0.249109 -1.531946 12.50739 -1.450356 4.15585 27.053631 -0.168397 0.990501 -3.637388 2.126518 0.318368 3.939572 7.7e-05 -2.2e-05 5e-06 -0.018368 0.044532 -0.061788 0.687668 -3.774599 -10.773768 -0.72244 3.86052 -10.798416 -20.292599 -6.192736 16.73394 -49.192429 -14.933799 28.530781 -0.497747 -46.889507 0.348219 2.236791 -1.284101 -8.944593 -5.882106 9.861284 0.70259 -10.936873 -0.360575 7.156203 1e-06 8.774826 0.0 -16.186583 18.351089 5.94089 -1.844033 2.498505 -2.507277 -10.163601 4.678944 4.621107 -20.976028 -4e-06 1e-06 -21.226292 2.451696 -3.594002 -0.0 -5e-06 -1e-06 -1.362682 2.240799 -0.746323 -21.334917 0.58491 3.008322 -13.821218 -1e-06 3e-06 -23.887178 -0.249081 -0.839483 -59.890533 2.711319 -1.30568 -0.294023 1.679686 0.833255 -14.21821 0.093214 1.300578 -34.212051 -0.287567 0.967167 -20.033213 0.964535 1.212844 1e-06 0.0 -1e-06 -3.440389 0.788234 0.501656 -15.928189 -3.167309 2.999705 -6.338828 -1e-06 3e-06 -18.123451 3.648182 -4.905672 -3e-06 1e-06 -3e-06 18.707817 11.818717 20.070694 54.651028 18.874144 36.940773 -0.163166 39.131187 0.306311 3.834548 -0.593496 -5.206302 2.243542 -5.255037 -3.180158 14.282887 -0.826593 6.952498 -2e-06 -12.690603 -1e-06 16.3225 -17.771873 2.464786 1.665666 -1.955923 -2.878298 4.727797 -4.170587 4.993924 11.020526 4e-06 -3e-06 12.109051 -3.735714 -2.866787 -0.0 0.0 0.0 1.291985 -1.92855 -1.498089 14.800127 0.567468 3.865608 14.242571 -1.341736 -6.66066 19.631968 0.143929 -0.648245 49.828831 -0.768865 -6.659364 0.353029 -1.51115 -0.03194 20.222786 3.684309 2.31663 18.78727 6e-06 -1e-06 10.751625 -0.479867 1.397906 1e-06 -0.0 -0.0 3.273806 0.305946 -0.580112 21.486809 11.830374 2.26613 8.162926 2e-06 -2e-06 18.399076 -3.798983 -4.940576 3e-06 1e-06 -1e-06 -4.091069 13.485994 -27.819304 -0.113957 -0.071087 19.070738 -0.28908 -2.190288 3.248886 1.673264 -1.794996 -0.155218 -0.0 0.0 2e-06 -8.487011 -6.436897 2.25934 0.128019 0.663946 31.706511 2.726022 14.182306 6.489532 -1.60424 0.830142 -22.484465 0.0 -0.0 -1e-06 
0.0 0.0 0.0 0.0 -0.0 0.0 -13.4699 98.230705 496.759399 1.800108 -10.872005 4.318854 -3.55625 -0.012314 -1.032265 -1.17568 0.629071 -5.719838 -0.709918 -1.449539 12.284433 -1.989507 4.567509 26.770102 -0.158082 0.736873 -3.644691 2.122771 0.143772 3.7062 7.7e-05 -2.2e-05 5e-06 -0.025824 0.054177 -0.064979 0.680453 -3.761186 -10.778779 -0.730264 3.866237 -10.802308 -20.239994 -6.377735 16.800556 -48.987846 -14.943716 28.254887 -0.597748 -47.019318 0.470533 2.399587 -1.3956 -9.30359 -5.882111 9.861294 0.70259 -10.93688 -0.360577 7.156209 1e-06 8.774834 -1e-06 -16.201048 18.222879 5.912984 -1.844034 2.498506 -2.507281 -10.163607 4.678949 4.621111 -20.97604 -6e-06 -2e-06 -21.226307 2.451695 -3.594006 -1e-06 -6e-06 0.0 -1.362683 2.240801 -0.746324 -21.33493 0.584908 3.008319 -13.821225 -3e-06 -0.0 -23.887188 -0.249083 -0.839485 -59.922466 2.717785 -1.352845 -0.294025 1.679689 0.833257 -14.218222 0.093212 1.300578 -34.212078 -0.287572 0.967163 -20.033232 0.964532 1.212842 0.0 1e-06 -0.0 -3.440392 0.788235 0.501656 -15.928198 -3.167314 2.999706 -6.338831 -1e-06 0.0 -18.123463 3.648184 -4.905679 -3e-06 1e-06 -3e-06 18.197519 11.792912 20.121304 55.101555 19.130337 36.082443 0.142469 39.348366 0.460578 3.343742 -0.642883 -4.77739 2.243546 -5.255043 -3.180162 14.282907 -0.826597 6.952508 0.0 -12.690619 0.0 16.447266 -17.754765 2.403374 1.665669 -1.955925 -2.878301 4.727805 -4.170593 4.993928 11.020542 1e-06 -2e-06 12.109068 -3.735721 -2.866791 0.0 0.0 0.0 1.291989 -1.928552 -1.49809 14.800148 0.567468 3.865608 14.242593 -1.34174 -6.660669 19.631992 0.143927 -0.648252 49.798538 -0.743979 -6.681815 0.35303 -1.511153 -0.03194 20.222818 3.684313 2.316628 18.7873 4e-06 -5e-06 10.751643 -0.47987 1.397906 1e-06 -1e-06 -0.0 3.27381 0.305947 -0.580114 21.486837 11.830388 2.266133 8.162938 2e-06 -3e-06 18.399107 -3.798988 -4.940586 4e-06 1e-06 -1e-06 -5.126766 13.628201 -25.966978 -0.115041 -0.084917 19.847746 0.628862 -2.226923 0.803716 1.655548 -1.812707 0.000145 0.0 -0.0 2e-06 -10.160046 -6.731524 -1.07419 0.196624 0.685059 39.854317 4.137969 13.426147 12.483217 -1.506437 0.772306 -18.644073 -0.0 0.0 -4e-06 
0.0 0.0 0.0 0.0 -0.0 0.0 -13.032905 98.416611 499.640228 2.366497 -10.849747 3.815635 -3.98518 -0.158227 -0.826493 -1.223545 0.639157 -5.702737 -1.049493 -1.396726 12.219037 -2.485346 4.987484 26.623184 -0.097089 0.425266 -3.67063 2.013712 0.02678 3.381848 7.7e-05 -2.2e-05 5e-06 -0.036131 0.074319 -0.06501 0.674839 -3.731659 -10.778931 -0.746724 3.878662 -10.802532 -20.348217 -6.443988 16.946152 -48.734905 -15.038572 28.046652 -0.581767 -46.725945 0.49204 2.674291 -1.694056 -9.727312 -5.882107 9.861286 0.702591 -10.936872 -0.360574 7.156207 0.0 8.774826 -2e-06 -16.144676 18.091217 5.97368 -1.844032 2.498503 -2.507277 -10.163599 4.678945 4.621108 -20.976023 -2e-06 2e-06 -21.226288 2.451696 -3.594001 -0.0 -5e-06 -1e-06 -1.362681 2.240796 -0.746324 -21.334913 0.584909 3.008323 -13.821213 3e-06 1e-06 -23.887169 -0.249078 -0.839483 -59.919346 2.629147 -1.293219 -0.294023 1.679687 0.833255 -14.218207 0.093216 1.300581 -34.212048 -0.287563 0.967169 -20.033211 0.964539 1.212842 -0.0 1e-06 -0.0 -3.440387 0.788234 0.501656 -15.928185 -3.167308 2.999708 -6.338825 0.0 3e-06 -18.123444 3.648184 -4.905672 -4e-06 2e-06 -2e-06 17.885201 11.679572 20.161169 55.384754 19.508184 35.489071 0.362278 39.372242 0.514405 2.72776 -0.590148 -4.549945 2.243542 -5.255037 -3.180159 14.282896 -0.826595 6.952505 -1e-06 -12.690603 -2e-06 16.429295 -17.684015 2.37697 1.665667 -1.955922 -2.878298 4.727801 -4.170588 4.993924 11.020528 1e-06 -2e-06 12.109056 -3.735717 -2.866785 -0.0 0.0 -0.0 1.291985 -1.928549 -1.498089 14.800132 0.567467 3.865607 14.242577 -1.341737 -6.660659 19.631973 0.143923 -0.648246 49.704372 -0.738042 -6.60652 0.353029 -1.511151 -0.031939 20.222799 3.684309 2.316628 18.787283 6e-06 -2e-06 10.751633 -0.479869 1.397905 1e-06 -0.0 1e-06 3.273808 0.305947 -0.580111 21.48682 11.830376 2.266132 8.16293 1e-06 -2e-06 18.399088 -3.798982 -4.940578 4e-06 -1e-06 -1e-06 -5.88048 13.846532 -23.733927 -0.079255 -0.057774 20.16362 1.258566 -2.469437 -1.406314 1.652052 -1.83004 -0.13003 -0.0 -0.0 2e-06 -11.059298 -6.737793 -4.167406 0.214791 0.639988 47.09573 4.579101 11.195898 15.766808 -1.333021 0.807488 -9.67334 -0.0 0.0 -1e-06 
0.0 0.0 0.0 0.0 -0.0 0.0 -12.693983 98.640488 502.433594 2.62541 -10.554225 3.299058 -4.228471 -0.269806 -0.681866 -1.244089 0.61615 -5.707033 -1.182496 -1.43583 12.251735 -2.802768 5.358302 26.705326 -0.100055 0.125429 -3.672951 1.914284 -0.120519 3.084766 7.7e-05 -2.2e-05 5e-06 -0.04834 0.095886 -0.06478 0.662999 -3.6996 -10.784953 -0.760892 3.8919 -10.80456 -20.388737 -6.340015 17.112494 -48.693451 -15.205186 28.075403 -0.40911 -45.977249 0.373382 2.824473 -1.935112 -9.805538 -5.882109 9.861288 0.702589 -10.936878 -0.360574 7.156209 1e-06 8.774828 0.0 -16.095091 18.091227 6.084731 -1.844032 2.498503 -2.507279 -10.163606 4.678947 4.621112 -20.976038 -3e-06 4e-06 -21.226299 2.451697 -3.594 -1e-06 -6e-06 -1e-06 -1.362682 2.240799 -0.746322 -21.334929 0.584909 3.008327 -13.821221 -1e-06 3e-06 -23.887184 -0.249079 -0.839481 -59.943729 2.550209 -1.140081 -0.294025 1.679686 0.833256 -14.218217 0.093216 1.300583 -34.21207 -0.287564 0.967173 -20.033226 0.964538 1.212846 0.0 1e-06 -0.0 -3.440391 0.788233 0.501656 -15.928198 -3.16731 2.999709 -6.338829 1e-06 2e-06 -18.123457 3.648183 -4.905673 -4e-06 2e-06 -3e-06 17.659946 11.513024 20.234915 55.62027 19.950491 35.381786 0.359899 39.213982 0.430313 2.101456 -0.544671 -4.321598 2.243541 -5.255037 -3.180161 14.282896 -0.826594 6.952507 -4e-06 -12.690607 -0.0 16.359426 -17.661369 2.362667 1.665666 -1.955923 -2.878299 4.727801 -4.170589 4.993926 11.020528 3e-06 1e-06 12.109056 -3.735717 -2.866782 0.0 0.0 -0.0 1.291985 -1.92855 -1.49809 14.800134 0.56747 3.865611 14.242576 -1.341737 -6.660659 19.631971 0.143926 -0.648245 49.632298 -0.74993 -6.569623 0.35303 -1.511152 -0.031939 20.222801 3.684313 2.316633 18.787279 7e-06 2e-06 10.75163 -0.479869 1.397907 1e-06 -0.0 -0.0 3.273808 0.305947 -0.580111 21.486824 11.83038 2.266135 8.16293 3e-06 -0.0 18.39909 -3.798984 -4.940574 4e-06 0.0 -1e-06 -6.210202 14.018714 -21.152784 -0.066047 -0.060531 19.827072 1.615615 -2.792718 -3.226388 1.643436 -1.818921 -0.155043 -0.0 0.0 2e-06 -11.113159 -6.886623 -6.615428 0.214708 0.543437 52.195335 3.474844 8.756046 13.76693 -1.307691 0.859776 -5.324753 0.0 0.0 -1e-06 
0.0 0.0 0.0 0.0 -0.0 0.0 -12.448684 98.876366 505.253967 2.607709 -10.061101 2.805133 -4.298848 -0.341431 -0.5646 -1.227779 0.570159 -5.702811 -1.147382 -1.507922 12.27038 -2.954184 5.580597 26.920225 -0.175299 -0.09223 -3.648415 1.892001 -0.31098 2.97405 7.7e-05 -2.3e-05 6e-06 -0.05543 0.103411 -0.05962 0.654108 -3.686203 -10.790566 -0.766683 3.894967 -10.802275 -20.368498 -6.191982 17.340649 -48.854942 -15.354475 28.181337 -0.291137 -44.894554 0.268876 2.651586 -1.931394 -9.424582 -5.882111 9.861292 0.702589 -10.936881 -0.360574 7.156211 0.0 8.77483 -1e-06 -16.061935 18.133123 6.131787 -1.844034 2.498506 -2.507281 -10.163608 4.678948 4.621112 -20.976044 -3e-06 -1e-06 -21.226309 2.451694 -3.594003 -0.0 -6e-06 -1e-06 -1.362682 2.240798 -0.746323 -21.334934 0.584911 3.008326 -13.821226 1e-06 3e-06 -23.887194 -0.249079 -0.839484 -59.997715 2.498165 -1.022487 -0.294026 1.679687 0.833256 -14.218224 0.093213 1.30058 -34.212082 -0.287565 0.967168 -20.033239 0.964535 1.212843 0.0 1e-06 -0.0 -3.440391 0.788235 0.501654 -15.928203 -3.167312 2.999708 -6.338832 -1e-06 2e-06 -18.123466 3.648185 -4.905675 -4e-06 2e-06 -3e-06 17.531401 11.317451 20.346428 55.756401 20.257288 35.473289 0.257175 39.123699 0.307907 1.619327 -0.546939 -3.912798 2.243544 -5.255041 -3.180159 14.2829 -0.826597 6.952504 -0.0 -12.690612 -0.0 16.298655 -17.684055 2.366608 1.665668 -1.955922 -2.878301 4.727802 -4.17059 4.993924 11.020535 0.0 -2e-06 12.10906 -3.735719 -2.866785 0.0 -0.0 0.0 1.291987 -1.92855 -1.49809 14.800136 0.567467 3.865608 14.242584 -1.341738 -6.660665 19.631983 0.143927 -0.648248 49.623466 -0.75694 -6.557251 0.35303 -1.511152 -0.03194 20.222803 3.68431 2.316628 18.787287 3e-06 -4e-06 10.751634 -0.47987 1.397904 1e-06 -0.0 -0.0 3.27381 0.305945 -0.58011 21.48683 11.830382 2.266134 8.162935 2e-06 -2e-06 18.399099 -3.798986 -4.940582 4e-06 0.0 -1e-06 -6.125895 14.204634 -18.304913 -0.098986 -0.120764 19.097315 1.735239 -3.259906 -4.823936 1.637222 -1.781061 -0.124538 0.0 -0.0 2e-06 -10.513285 -7.407359 -8.611423 0.216827 0.426316 54.66256 2.174486 6.545369 9.820747 -1.348785 0.881185 -4.095723 -0.0 -0.0 -1e-06 
0.0 0.0 0.0 0.0 -0.0 0.0 -12.274047 99.066582 508.090363 2.553206 -9.439061 2.347238 -4.343905 -0.376858 -0.437653 -1.198475 0.506354 -5.685198 -1.065 -1.607561 12.242035 -2.950485 5.628382 27.029852 -0.235276 -0.274952 -3.625259 1.881818 -0.491304 2.97179 7.7e-05 -2.2e-05 6e-06 -0.05456 0.096739 -0.055865 0.654826 -3.68956 -10.786464 -0.765411 3.88579 -10.792062 -20.38571 -6.102366 17.606068 -49.043259 -15.380905 28.19158 -0.240056 -43.705826 0.198558 2.201957 -1.764112 -9.002404 -5.882108 9.861286 0.702589 -10.936872 -0.360574 7.156208 -0.0 8.774824 -1e-06 -16.051559 18.140745 6.111435 -1.844032 2.498505 -2.507277 -10.163602 4.678946 4.621109 -20.976027 0.0 4e-06 -21.226292 2.451699 -3.594 1e-06 -6e-06 0.0 -1.362682 2.240798 -0.746324 -21.334915 0.584911 3.008325 -13.821215 2e-06 3e-06 -23.887171 -0.249075 -0.839483 -60.024849 2.474024 -0.954133 -0.294025 1.679687 0.833257 -14.21821 0.093215 1.30058 -34.212051 -0.287559 0.967171 -20.033213 0.964538 1.212844 0.0 0.0 -1e-06 -3.440388 0.788234 0.501658 -15.928189 -3.167308 2.99971 -6.338827 -2e-06 2e-06 -18.123447 3.648184 -4.905672 -3e-06 1e-06 -1e-06 17.513653 11.096189 20.399506 55.759232 20.33996 35.562328 0.203464 39.286919 0.255188 1.264422 -0.439406 -3.493596 2.243543 -5.255038 -3.18016 14.282896 -0.826595 6.952504 -1e-06 -12.690601 0.0 16.249464 -17.702871 2.371209 1.665667 -1.955923 -2.8783 4.7278 -4.170587 4.993923 11.020529 2e-06 -0.0 12.109056 -3.735717 -2.866786 -0.0 1e-06 -0.0 1.291987 -1.92855 -1.49809 14.800132 0.567465 3.865608 14.242577 -1.341736 -6.660661 19.631973 0.143927 -0.648247 49.610199 -0.748601 -6.529743 0.353029 -1.511151 -0.031941 20.222797 3.684309 2.316628 18.787279 5e-06 -0.0 10.751631 -0.479868 1.397905 1e-06 -0.0 -0.0 3.273808 0.305946 -0.580112 21.486818 11.830372 2.26613 8.162931 3e-06 -1e-06 18.399088 -3.798985 -4.940576 4e-06 0.0 -0.0 -5.949599 14.487547 -15.345918 -0.145399 -0.193941 18.059481 1.757694 -3.901093 -6.182572 1.636617 -1.726677 -0.079839 -0.0 0.0 2e-06 -9.682305 -8.265319 -10.564864 0.213806 0.313809 54.918446 1.483168 4.744802 6.066605 -1.384326 0.878859 -3.569492 0.0 -0.0 -2e-06 
0.0 0.0 0.0 0.0 -0.0 0.0 -12.150301 99.190163 510.957581 2.578011 -8.680264 1.978303 -4.40813 -0.388456 -0.328122 -1.1743 0.407111 -5.663237 -0.995161 -1.714815 12.222795 -2.839848 5.475156 26.898958 -0.25851 -0.416535 -3.612087 1.820575 -0.656403 2.968893 7.7e-05 -2.2e-05 6e-06 -0.041618 0.075282 -0.058144 0.668106 -3.704524 -10.763344 -0.752259 3.858288 -10.767132 -20.547079 -6.116223 17.846828 -49.058323 -15.239868 27.967167 -0.330955 -42.579029 0.22098 1.639041 -1.592006 -8.705183 -5.882109 9.861288 0.702593 -10.936874 -0.360575 7.156205 1e-06 8.77483 0.0 -16.06624 18.120947 6.065435 -1.844033 2.498504 -2.507279 -10.163602 4.678948 4.621109 -20.97603 -4e-06 1e-06 -21.226294 2.451698 -3.594001 1e-06 -6e-06 1e-06 -1.362683 2.240798 -0.746322 -21.334921 0.584909 3.008323 -13.821217 -1e-06 1e-06 -23.887178 -0.249081 -0.839485 -60.050465 2.468615 -0.924543 -0.294024 1.679689 0.833257 -14.218212 0.093216 1.300579 -34.212063 -0.287563 0.967169 -20.03322 0.964537 1.212842 1e-06 -1e-06 0.0 -3.440387 0.788233 0.501654 -15.928192 -3.167311 2.999706 -6.338828 1e-06 2e-06 -18.123453 3.648184 -4.905673 -4e-06 0.0 -0.0 17.595991 10.840905 20.30691 55.635441 20.18198 35.617062 0.183175 39.732071 0.249487 0.971648 -0.216689 -3.207419 2.243544 -5.255037 -3.180161 14.282898 -0.826594 6.952505 -3e-06 -12.69061 1e-06 16.209972 -17.724924 2.370007 1.665667 -1.955922 -2.8783 4.727801 -4.170591 4.993928 11.020534 4e-06 -0.0 12.109058 -3.735717 -2.866788 0.0 -0.0 0.0 1.291987 -1.92855 -1.498089 14.800138 0.567471 3.86561 14.242579 -1.341735 -6.660661 19.631977 0.143927 -0.648246 49.588772 -0.722508 -6.509147 0.35303 -1.511152 -0.031939 20.222803 3.684314 2.31663 18.787287 7e-06 0.0 10.751634 -0.479869 1.397905 1e-06 -0.0 -0.0 3.27381 0.305948 -0.580109 21.486828 11.830383 2.266133 8.162931 2e-06 -2e-06 18.399092 -3.798985 -4.940579 4e-06 -1e-06 -0.0 -5.779926 14.846518 -12.296501 -0.177239 -0.245652 16.69186 1.681286 -4.698756 -7.527177 1.63943 -1.678683 -0.002567 0.0 -0.0 2e-06 -8.826923 -9.351441 -12.644732 0.19198 0.218259 53.240589 1.337004 3.329389 2.945676 -1.408781 0.863044 -3.27753 0.0 -0.0 -2e-06 
0.0 0.0 0.0 0.0 -0.0 0.0 -12.042044 99.239708 513.85968 2.687469 -7.831519 1.758123 -4.471252 -0.387812 -0.263962 -1.155785 0.274921 -5.65223 -0.942035 -1.792217 12.217002 -2.677528 5.197304 26.596348 -0.276608 -0.557841 -3.614307 1.705186 -0.835397 2.916209 7.7e-05 -2.3e-05 6e-06 -0.022423 0.046753 -0.063733 0.689306 -3.724262 -10.730458 -0.734702 3.82198 -10.742679 -20.845463 -6.215446 18.025887 -48.890278 -14.975461 27.697353 -0.482588 -41.476776 0.275778 1.131138 -1.43423 -8.393666 -5.882111 9.86129 0.702594 -10.936879 -0.360574 7.15621 1e-06 8.77483 0.0 -16.110115 18.116886 6.02734 -1.844034 2.498503 -2.50728 -10.163607 4.678948 4.621113 -20.976038 -4e-06 2e-06 -21.226301 2.451696 -3.593999 0.0 -6e-06 1e-06 -1.362682 2.2408 -0.746326 -21.33493 0.58491 3.008325 -13.821226 -3e-06 3e-06 -23.887192 -0.24908 -0.839483 -60.145779 2.511106 -0.937235 -0.294025 1.679688 0.833257 -14.21822 0.093215 1.300579 -34.212078 -0.287563 0.967171 -20.033232 0.964537 1.212845 1e-06 0.0 1e-06 -3.440392 0.788233 0.501656 -15.928196 -3.16731 2.999708 -6.338829 1e-06 2e-06 -18.123459 3.648184 -4.905673 -3e-06 -0.0 -1e-06 17.74152 10.602245 20.109165 55.393547 19.857424 35.786541 0.062558 40.382439 0.212888 0.721679 0.030791 -2.947083 2.243542 -5.255037 -3.180158 14.282894 -0.826595 6.952507 -3e-06 -12.690607 1e-06 16.169436 -17.744661 2.351245 1.665667 -1.955921 -2.878299 4.727798 -4.170588 4.993925 11.020528 3e-06 -0.0 12.109053 -3.735717 -2.866787 0.0 0.0 -1e-06 1.291986 -1.92855 -1.498089 14.800132 0.567469 3.865609 14.242573 -1.341735 -6.66066 19.631969 0.143926 -0.648244 49.542557 -0.702072 -6.550177 0.353029 -1.511151 -0.031937 20.222792 3.68431 2.316633 18.787273 4e-06 2e-06 10.751629 -0.47987 1.397907 1e-06 -0.0 0.0 3.273807 0.305946 -0.58011 21.486816 11.830376 2.266134 8.16293 1e-06 -1e-06 18.399084 -3.798987 -4.940575 4e-06 -1e-06 -1e-06 -5.661061 15.220933 -9.231904 -0.185425 -0.276694 14.992609 1.528181 -5.576628 -8.504136 1.646472 -1.655657 0.079353 0.0 0.0 2e-06 -7.985249 -10.382627 -14.868998 0.145895 0.122874 49.881477 1.387483 2.127918 0.572072 -1.419529 0.840023 -3.09093 0.0 0.0 -4e-06 
0.0 0.0 0.0 0.0 -0.0 0.0 -11.921779 99.217018 516.586426 2.861778 -6.979456 1.659666 -4.520878 -0.363515 -0.249332 -1.124938 0.150664 -5.653674 -0.921376 -1.869744 12.218272 -2.536327 4.922946 26.284966 -0.355522 -0.679505 -3.646727 1.653562 -1.074576 2.836983 7.7e-05 -2.2e-05 6e-06 -0.002084 0.016348 -0.071275 0.718122 -3.748915 -10.69371 -0.722663 3.78711 -10.72415 -21.228645 -6.315487 18.113567 -48.68808 -14.576746 27.484179 -0.574917 -40.350067 0.316482 0.724674 -1.24924 -7.844824 -5.882108 9.861289 0.702592 -10.936871 -0.360573 7.156203 -2e-06 8.774826 -2e-06 -16.168814 18.159891 6.023329 -1.844032 2.498505 -2.507279 -10.163601 4.678947 4.621106 -20.976021 2e-06 -1e-06 -21.226286 2.451701 -3.594004 -0.0 -6e-06 -0.0 -1.362682 2.240799 -0.746325 -21.334913 0.584914 3.00832 -13.821213 2e-06 1e-06 -23.887171 -0.249078 -0.839489 -60.34766 2.584285 -0.944951 -0.294025 1.679688 0.833254 -14.218208 0.093219 1.30058 -34.212048 -0.287559 0.967163 -20.033211 0.964536 1.212838 2e-06 -1e-06 0.0 -3.440388 0.788235 0.501655 -15.928185 -3.167307 2.999705 -6.338825 3e-06 1e-06 -18.123451 3.648186 -4.905676 -4e-06 2e-06 -2e-06 17.911945 10.48832 19.90192 55.122913 19.489594 36.224682 -0.243227 41.018635 0.101255 0.512145 0.13181 -2.929127 2.243542 -5.255036 -3.180158 14.282896 -0.826598 6.952506 -2e-06 -12.690604 1e-06 16.110847 -17.784124 2.315373 1.665667 -1.955923 -2.878301 4.727801 -4.170587 4.993924 11.020532 2e-06 -3e-06 12.109058 -3.735716 -2.866786 1e-06 1e-06 0.0 1.291986 -1.928549 -1.498091 14.800134 0.567467 3.865607 14.242581 -1.341735 -6.66066 19.631975 0.143924 -0.648249 49.461346 -0.707817 -6.640597 0.353029 -1.51115 -0.031939 20.222801 3.684307 2.316631 18.787283 4e-06 -3e-06 10.751633 -0.479869 1.397905 1e-06 0.0 -1e-06 3.273808 0.305946 -0.580111 21.48682 11.83037 2.266129 8.16293 2e-06 -3e-06 18.399088 -3.798986 -4.940576 3e-06 -1e-06 0.0 -5.603375 15.455231 -6.297935 -0.176124 -0.287159 13.032419 1.33106 -6.345578 -9.281964 1.657332 -1.668739 0.137183 -0.0 0.0 2e-06 -7.17375 -11.047368 -17.196751 0.104086 0.070884 45.241241 1.365366 1.057622 -0.898024 -1.425253 0.839029 -3.057615 -0.0 0.0 -1e-06 
0.0 0.0 0.0 0.0 -0.0 0.0 -11.796115 99.137627 518.83313 3.039779 -6.246079 1.626478 -4.544674 -0.270473 -0.280133 -1.068828 0.052497 -5.649828 -0.919659 -1.972422 12.235529 -2.447778 4.680035 26.003237 -0.465024 -0.715806 -3.681705 1.697278 -1.367116 2.820535 7.7e-05 -2.3e-05 6e-06 0.020597 -0.022583 -0.06545 0.755316 -3.782857 -10.649909 -0.71411 3.743554 -10.691364 -21.611822 -6.364016 18.046684 -48.645218 -13.941654 27.104626 -0.610464 -39.341957 0.350879 0.365786 -1.117442 -7.018973 -5.882111 9.861293 0.702591 -10.936881 -0.360574 7.156211 1e-06 8.774831 -1e-06 -16.274712 18.250603 5.992651 -1.844035 2.498505 -2.507279 -10.16361 4.678948 4.621111 -20.976042 -4e-06 2e-06 -21.226305 2.451699 -3.594004 1e-06 -6e-06 -0.0 -1.362683 2.240799 -0.746324 -21.334932 0.584909 3.008322 -13.821226 -1e-06 2e-06 -23.887196 -0.249079 -0.839484 -60.508224 2.576572 -0.910463 -0.294024 1.679689 0.833256 -14.218223 0.093215 1.30058 -34.212082 -0.287566 0.967169 -20.033232 0.964536 1.212845 1e-06 -0.0 1e-06 -3.440392 0.788235 0.501656 -15.928201 -3.16731 2.999709 -6.338831 1e-06 0.0 -18.123463 3.648185 -4.905674 -5e-06 1e-06 -1e-06 18.085543 10.56312 19.844604 54.91827 19.189505 36.750626 -0.710348 41.456181 -0.110042 0.403656 0.015778 -3.340878 2.243544 -5.255039 -3.180161 14.282898 -0.826597 6.952505 -2e-06 -12.69061 1e-06 16.005371 -17.859837 2.332807 1.665666 -1.955924 -2.8783 4.727802 -4.170591 4.993927 11.020535 3e-06 -2e-06 12.10906 -3.735718 -2.866786 1e-06 1e-06 0.0 1.291985 -1.928551 -1.498089 14.800139 0.567468 3.865611 14.242584 -1.341735 -6.660665 19.631985 0.143926 -0.648247 49.377789 -0.731265 -6.69505 0.353028 -1.511151 -0.03194 20.222803 3.68431 2.316633 18.787287 5e-06 -1e-06 10.751634 -0.479869 1.397907 1e-06 0.0 0.0 3.273808 0.305946 -0.580112 21.486828 11.830383 2.266133 8.162933 1e-06 -1e-06 18.399099 -3.798987 -4.940579 3e-06 -2e-06 0.0 -5.581107 15.498534 -3.81834 -0.168516 -0.283556 11.182662 1.199842 -6.949109 -9.792227 1.67075 -1.726428 0.147929 0.0 -0.0 2e-06 -6.378582 -11.2327 -19.391926 0.084623 0.093183 39.598392 1.216408 0.258726 -1.258174 -1.422844 0.862834 -3.280623 0.0 1e-06 -1e-06 
