HIERARCHY
ROOT Root
{
  OFFSET 0.0 0.0 0.0
  CHANNELS 6 Xposition Yposition Zposition Zrotation Yrotation Xrotation
  JOINT Hips
  {
    OFFSET 0.0 100.0 0.0
    CHANNELS 6 Xposition Yposition Zposition Zrotation Yrotation Xrotation
    JOINT Spine1
    {
      OFFSET -0.013727 5.003763 -0.053727
      CHANNELS 3 Zrotation Yrotation Xrotation
      JOINT Spine2
      {
        OFFSET -0.0 7.125301 -0.029825
        CHANNELS 3 Zrotation Yrotation Xrotation
        JOINT Chest
        {
          OFFSET -1e-06 7.550063 -0.815971
          CHANNELS 3 Zrotation Yrotation Xrotation
          JOINT Neck1
          {
            OFFSET -0.181677 26.311295 -0.553348
            CHANNELS 3 Zrotation Yrotation Xrotation
            JOINT Neck2
            {
              OFFSET -3e-06 7.709397 2.302585
              CHANNELS 3 Zrotation Yrotation Xrotation
              JOINT Head
              {
                OFFSET -5e-06 6.128916 1.953709
                CHANNELS 3 Zrotation Yrotation Xrotation
                JOINT HeadEnd
                {
                  OFFSET 0.003598 16.065403 -1.835379
                  CHANNELS 3 Zrotation Yrotation Xrotation
                }
                JOINT Jaw
                {
                  OFFSET 0.002637 0.475592 3.094941
                  CHANNELS 3 Zrotation Yrotation Xrotation
                }
                JOINT LeftEye
                {
                  OFFSET 3.206381 5.380205 7.586883
                  CHANNELS 3 Zrotation Yrotation Xrotation
                }
                JOINT RightEye
                {
                  OFFSET -3.22244 5.361869 7.558234
                  CHANNELS 3 Zrotation Yrotation Xrotation
                }
              }
            }
          }
          JOINT LeftShoulder
          {
            OFFSET 1.621652 23.237164 5.113413
            CHANNELS 3 Zrotation Yrotation Xrotation
            JOINT LeftArm
            {
              OFFSET 14.919846 2e-06 -5.502326
              CHANNELS 3 Zrotation Yrotation Xrotation
              JOINT LeftForeArm
              {
                OFFSET 28.739307 0.0 -0.002588
                CHANNELS 3 Zrotation Yrotation Xrotation
                JOINT LeftHand
                {
                  OFFSET 27.093981 -1e-06 0.002609
                  CHANNELS 3 Zrotation Yrotation Xrotation
                  JOINT LeftHandThumb1
                  {
                    OFFSET 2.276482 -1.392045 3.191413
                    CHANNELS 3 Zrotation Yrotation Xrotation
                    JOINT LeftHandThumb2
                    {
                      OFFSET 4.012836 -1.828127 1.641654
                      CHANNELS 3 Zrotation Yrotation Xrotation
                      JOINT LeftHandThumb3
                      {
                        OFFSET 2.798515 0.0 -3e-06
                        CHANNELS 3 Zrotation Yrotation Xrotation
                        JOINT LeftHandThumbEnd
                        {
                          OFFSET 3.180793 -4e-06 4e-06
                          CHANNELS 3 Zrotation Yrotation Xrotation
                        }
                      }
                    }
                  }
                  JOINT LeftHandIndex1
                  {
                    OFFSET 3.247555 -0.531998 2.296169
                    CHANNELS 3 Zrotation Yrotation Xrotation
                    JOINT LeftHandIndex2
                    {
                      OFFSET 6.364578 0.01206 0.1786
                      CHANNELS 3 Zrotation Yrotation Xrotation
                      JOINT LeftHandIndex3
                      {
                        OFFSET 3.662364 0.0 0.0
                        CHANNELS 3 Zrotation Yrotation Xrotation
                        JOINT LeftHandIndex4
                        {
                          OFFSET 2.329242 4e-06 4e-06
                          CHANNELS 3 Zrotation Yrotation Xrotation
                          JOINT LeftHandIndexEnd
                          {
                            OFFSET 2.759615 -0.180537 -0.113024
                            CHANNELS 3 Zrotation Yrotation Xrotation
                          }
                        }
                      }
                    }
                  }
                  JOINT LeftHandMiddle1
                  {
                    OFFSET 3.163495 0.240981 1.000332
                    CHANNELS 3 Zrotation Yrotation Xrotation
                    JOINT LeftHandMiddle2
                    {
                      OFFSET 6.19078 -0.259278 -1.002548
                      CHANNELS 3 Zrotation Yrotation Xrotation
                      JOINT LeftHandMiddle3
                      {
                        OFFSET 4.35652 -4e-06 -1e-06
                        CHANNELS 3 Zrotation Yrotation Xrotation
                        JOINT LeftHandMiddle4
                        {
                          OFFSET 2.996877 -8e-06 0.0
                          CHANNELS 3 Zrotation Yrotation Xrotation
                          JOINT LeftHandMiddleEnd
                          {
                            OFFSET 2.304287 -0.294569 -0.031741
                            CHANNELS 3 Zrotation Yrotation Xrotation
                          }
                        }
                      }
                    }
                  }
                  JOINT LeftHandRing1
                  {
                    OFFSET 2.882643 -0.053652 -0.322543
                    CHANNELS 3 Zrotation Yrotation Xrotation
                    JOINT LeftHandRing2
                    {
                      OFFSET 5.854541 -0.486202 -1.373841
                      CHANNELS 3 Zrotation Yrotation Xrotation
                      JOINT LeftHandRing3
                      {
                        OFFSET 4.350578 0.0 3e-06
                        CHANNELS 3 Zrotation Yrotation Xrotation
                        JOINT LeftHandRing4
                        {
                          OFFSET 2.651321 7e-06 2e-06
                          CHANNELS 3 Zrotation Yrotation Xrotation
                          JOINT LeftHandRingEnd
                          {
                            OFFSET 1.936105 0.077687 -7.1e-05
                            CHANNELS 3 Zrotation Yrotation Xrotation
                          }
                        }
                      }
                    }
                  }
                  JOINT LeftHandPinky1
                  {
                    OFFSET 2.8655 -0.310005 -1.600378
                    CHANNELS 3 Zrotation Yrotation Xrotation
                    JOINT LeftHandPinky2
                    {
                      OFFSET 5.087849 -1.331141 -1.77123
                      CHANNELS 3 Zrotation Yrotation Xrotation
                      JOINT LeftHandPinky3
                      {
                        OFFSET 3.070974 4e-06 0.0
                        CHANNELS 3 Zrotation Yrotation Xrotation
                        JOINT LeftHandPinky4
                        {
                          OFFSET 1.549672 0.0 1e-06
                          CHANNELS 3 Zrotation Yrotation Xrotation
                          JOINT LeftHandPinkyEnd
                          {
                            OFFSET 1.944893 -0.157802 0.057219
                            CHANNELS 3 Zrotation Yrotation Xrotation
                          }
                        }
                      }
                    }
                  }
                }
              }
            }
          }
          JOINT RightShoulder
          {
            OFFSET -1.380118 23.180309 5.214158
            CHANNELS 3 Zrotation Yrotation Xrotation
            JOINT RightArm
            {
              OFFSET -15.037196 1.2e-05 -5.545604
              CHANNELS 3 Zrotation Yrotation Xrotation
              JOINT RightForeArm
              {
                OFFSET -28.736639 2e-06 -0.002597
                CHANNELS 3 Zrotation Yrotation Xrotation
                JOINT RightHand
                {
                  OFFSET -27.133619 -0.0 0.002613
                  CHANNELS 3 Zrotation Yrotation Xrotation
                  JOINT RightHandThumb1
                  {
                    OFFSET -2.274032 -1.383988 3.163127
                    CHANNELS 3 Zrotation Yrotation Xrotation
                    JOINT RightHandThumb2
                    {
                      OFFSET -4.011429 -1.827466 1.640914
                      CHANNELS 3 Zrotation Yrotation Xrotation
                      JOINT RightHandThumb3
                      {
                        OFFSET -2.794935 -4e-06 -3e-06
                        CHANNELS 3 Zrotation Yrotation Xrotation
                        JOINT RightHandThumbEnd
                        {
                          OFFSET -3.183852 4e-06 1e-06
                          CHANNELS 3 Zrotation Yrotation Xrotation
                        }
                      }
                    }
                  }
                  JOINT RightHandIndex1
                  {
                    OFFSET -3.253266 -0.520057 2.282866
                    CHANNELS 3 Zrotation Yrotation Xrotation
                    JOINT RightHandIndex2
                    {
                      OFFSET -6.341917 0.012471 0.178266
                      CHANNELS 3 Zrotation Yrotation Xrotation
                      JOINT RightHandIndex3
                      {
                        OFFSET -3.654871 -8e-06 -0.0
                        CHANNELS 3 Zrotation Yrotation Xrotation
                        JOINT RightHandIndex4
                        {
                          OFFSET -2.327586 0.0 1e-06
                          CHANNELS 3 Zrotation Yrotation Xrotation
                          JOINT RightHandIndexEnd
                          {
                            OFFSET -2.76179 -0.180656 -0.113078
                            CHANNELS 3 Zrotation Yrotation Xrotation
                          }
                        }
                      }
                    }
                  }
                  JOINT RightHandMiddle1
                  {
                    OFFSET -3.168106 0.246593 1.00103
                    CHANNELS 3 Zrotation Yrotation Xrotation
                    JOINT RightHandMiddle2
                    {
                      OFFSET -6.180828 -0.258836 -1.000895
                      CHANNELS 3 Zrotation Yrotation Xrotation
                      JOINT RightHandMiddle3
                      {
                        OFFSET -4.348901 0.0 -0.0
                        CHANNELS 3 Zrotation Yrotation Xrotation
                        JOINT RightHandMiddle4
                        {
                          OFFSET -3.00024 -4e-06 -2e-06
                          CHANNELS 3 Zrotation Yrotation Xrotation
                          JOINT RightHandMiddleEnd
                          {
                            OFFSET -2.30252 -0.29437 -0.031706
                            CHANNELS 3 Zrotation Yrotation Xrotation
                          }
                        }
                      }
                    }
                  }
                  JOINT RightHandRing1
                  {
                    OFFSET -2.88569 -0.067952 -0.308858
                    CHANNELS 3 Zrotation Yrotation Xrotation
                    JOINT RightHandRing2
                    {
                      OFFSET -5.854198 -0.48613 -1.373731
                      CHANNELS 3 Zrotation Yrotation Xrotation
                      JOINT RightHandRing3
                      {
                        OFFSET -4.33881 -4e-06 -0.0
                        CHANNELS 3 Zrotation Yrotation Xrotation
                        JOINT RightHandRing4
                        {
                          OFFSET -2.654903 -4e-06 4e-06
                          CHANNELS 3 Zrotation Yrotation Xrotation
                          JOINT RightHandRingEnd
                          {
                            OFFSET -1.933568 0.077527 -5.2e-05
                            CHANNELS 3 Zrotation Yrotation Xrotation
                          }
                        }
                      }
                    }
                  }
                  JOINT RightHandPinky1
                  {
                    OFFSET -2.866425 -0.342796 -1.584145
                    CHANNELS 3 Zrotation Yrotation Xrotation
                    JOINT RightHandPinky2
                    {
                      OFFSET -5.091371 -1.332055 -1.772385
                      CHANNELS 3 Zrotation Yrotation Xrotation
                      JOINT RightHandPinky3
                      {
                        OFFSET -3.062664 -4e-06 1e-06
                        CHANNELS 3 Zrotation Yrotation Xrotation
                        JOINT RightHandPinky4
                        {
                          OFFSET -1.546529 4e-06 -2e-06
                          CHANNELS 3 Zrotation Yrotation Xrotation
                          JOINT RightHandPinkyEnd
                          {
                            OFFSET -1.945119 -0.157718 0.057211
                            CHANNELS 3 Zrotation Yrotation Xrotation
                          }
                        }
                      }
                    }
                  }
                }
              }
            }
          }
        }
      }
    }
    JOINT LeftLeg
    {
      OFFSET 10.043214 -8.434526 2.595655
      CHANNELS 3 Zrotation Yrotation Xrotation
      JOINT LeftShin
      {
        OFFSET -1e-06 -43.221752 -0.802913
        CHANNELS 3 Zrotation Yrotation Xrotation
        JOINT LeftFoot
        {
          OFFSET 1e-06 -42.155094 -3.481523
          CHANNELS 3 Zrotation Yrotation Xrotation
          JOINT LeftToeBase
          {
            OFFSET 0.0 -5.059472 13.231529
            CHANNELS 3 Zrotation Yrotation Xrotation
            JOINT LeftToeEnd
            {
              OFFSET -0.009607 -1.647619 6.513017
              CHANNELS 3 Zrotation Yrotation Xrotation
            }
          }
        }
      }
    }
    JOINT RightLeg
    {
      OFFSET -10.047278 -8.29526 2.620317
      CHANNELS 3 Zrotation Yrotation Xrotation
      JOINT RightShin
      {
        OFFSET 1e-06 -43.362206 -0.805556
        CHANNELS 3 Zrotation Yrotation Xrotation
        JOINT RightFoot
        {
          OFFSET 2e-06 -42.117393 -3.478398
          CHANNELS 3 Zrotation Yrotation Xrotation
          JOINT RightToeBase
          {
            OFFSET -0.0 -5.079609 13.284196
            CHANNELS 3 Zrotation Yrotation Xrotation
            JOINT RightToeEnd
            {
              OFFSET 0.009532 -1.634378 6.460591
              CHANNELS 3 Zrotation Yrotation Xrotation
            }
          }
        }
      }
    }
  }
}
MOTION
Frames: 180
Frame Time: 0.03333333333333333
0.0 0.0 0.0 0.0 -0.0 0.0 3.339333 98.632751 -5.205071 3.035054 0.376446 0.084317 -0.921151 0.216074 -0.728025 -0.366009 0.162635 -4.981996 -1.562017 -1.345683 12.204322 -1.95258 3.366587 7.193337 -0.732223 0.330001 -3.548539 -0.566037 0.268248 -13.21417 7.7e-05 -2.3e-05 6e-06 0.01375 -0.027913 0.092327 0.704786 -3.769474 -10.61102 -0.683585 3.724897 -10.618206 -20.467791 -9.612859 12.776423 -48.620842 -12.582963 20.970772 0.218764 -28.316973 -0.049856 -5.140997 3.066786 -14.40302 -5.882107 9.861284 0.702588 -10.936877 -0.360577 7.156207 3e-06 8.774824 0.0 -16.651978 18.438633 5.909147 -1.844034 2.498505 -2.507278 -10.163603 4.678943 4.621108 -20.976036 -9e-06 1e-06 -21.226295 2.451691 -3.594 1e-06 -6e-06 -1e-06 -1.362682 2.240798 -0.746324 -21.334925 0.584905 3.008322 -13.82122 -6e-06 1e-06 -23.887182 -0.249084 -0.83948 -60.848545 2.484877 -1.598863 -0.294024 1.679687 0.833257 -14.218215 0.093213 1.300581 -34.212067 -0.287573 0.967171 -20.033222 0.964533 1.212847 -1e-06 0.0 -1e-06 -3.440389 0.788233 0.501655 -15.928196 -3.167313 2.999708 -6.338829 -4e-06 -1e-06 -18.123455 3.648178 -4.905671 -2e-06 1e-06 -1e-06 17.19059 11.331944 14.187527 59.723885 2.540018 6.974924 0.386708 26.80168 0.200687 6.335494 0.001518 -2.003103 2.243542 -5.255037 -3.180156 14.282896 -0.826593 6.952503 -4e-06 -12.690605 -0.0 16.210197 -17.925016 2.687493 1.665667 -1.955922 -2.878299 4.727801 -4.170588 4.993926 11.020529 4e-06 -1e-06 12.109056 -3.735715 -2.866784 -0.0 -0.0 -1e-06 1.291986 -1.928549 -1.49809 14.800132 0.567469 3.865608 14.242577 -1.341735 -6.660658 19.631973 0.143928 -0.648243 49.677761 -0.647812 -6.555567 0.353029 -1.511151 -0.03194 20.222801 3.684311 2.31663 18.787281 8e-06 -1e-06 10.751633 -0.479866 1.397907 1e-06 0.0 1e-06 3.273808 0.305947 -0.580111 21.486824 11.830379 2.266131 8.16293 2e-06 -1e-06 18.399088 -3.798984 -4.940577 2e-06 1e-06 -2e-06 -7.573105 0.492024 7.395818 0.011454 0.410918 3.122823 1.504162 7.135054 -9.215828 1.670699 -1.863082 -1.220168 -0.0 0.0 2e-06 -5.134149 -1.679734 -25.240971 0.132574 -0.081214 10.532829 6.934112 -2.085267 6.12305 -1.337868 1.131408 -4.38195 0.0 -0.0 -1e-06 
0.0 0.0 0.0 0.0 -0.0 0.0 3.159047 98.349541 -2.884072 2.589452 1.23673 0.333917 -0.650466 0.226866 -0.973007 -0.284392 0.076517 -5.084712 -1.506327 -1.502184 12.230505 -1.645443 3.25715 7.293428 -0.783367 0.005477 -3.596227 -0.736383 -0.004992 -13.060322 7.7e-05 -2.3e-05 6e-06 0.015934 0.004953 0.056369 0.710104 -3.735453 -10.628443 -0.684181 3.756349 -10.63341 -20.528278 -9.706113 13.036001 -48.714859 -12.785393 20.366898 0.040613 -28.541382 -0.002545 -5.115956 3.174828 -14.582864 -5.882114 9.861299 0.702588 -10.936883 -0.360573 7.156209 -2e-06 8.774833 -0.0 -16.568768 18.257141 5.894086 -1.844035 2.498507 -2.50728 -10.163611 4.678952 4.62111 -20.976049 -0.0 0.0 -21.226315 2.4517 -3.594008 1e-06 -6e-06 0.0 -1.362683 2.2408 -0.746323 -21.334938 0.584914 3.008322 -13.821229 -0.0 -0.0 -23.887194 -0.249079 -0.839491 -60.626522 2.442402 -1.500856 -0.294025 1.67969 0.833256 -14.218225 0.093217 1.300579 -34.212086 -0.287561 0.967163 -20.033236 0.964537 1.21284 -0.0 -1e-06 0.0 -3.440392 0.788235 0.501655 -15.928203 -3.16731 2.999705 -6.338833 -1e-06 -2e-06 -18.123466 3.648188 -4.905679 -2e-06 1e-06 -2e-06 17.646744 10.970993 14.203004 59.76421 2.150903 6.208812 0.284535 26.570583 0.175284 6.177431 -0.038097 -3.079827 2.243543 -5.25504 -3.18016 14.282896 -0.826596 6.952502 -1e-06 -12.690613 3e-06 16.097834 -17.848186 2.686107 1.665667 -1.955923 -2.8783 4.727801 -4.170592 4.993926 11.020532 2e-06 -3e-06 12.109059 -3.735719 -2.866788 -0.0 -0.0 -0.0 1.291987 -1.928552 -1.498089 14.800136 0.567467 3.865609 14.24258 -1.341739 -6.660661 19.631975 0.143926 -0.648248 49.743259 -0.612357 -6.562551 0.353029 -1.511152 -0.03194 20.222803 3.684309 2.31663 18.787283 3e-06 -3e-06 10.751636 -0.479868 1.397905 -1e-06 1e-06 -0.0 3.273808 0.305946 -0.580111 21.486826 11.830383 2.266133 8.162934 1e-06 -0.0 18.399092 -3.798989 -4.940579 4e-06 1e-06 -1e-06 -6.8825 0.336085 8.615945 -0.02977 0.321956 3.302821 1.248813 6.979148 -10.36283 1.685529 -1.888063 -1.073965 0.0 -0.0 2e-06 -4.407408 -1.546366 -25.679733 0.104303 -0.182941 5.481266 6.958194 -2.504767 5.724419 -1.313899 1.112291 -4.368757 -0.0 -0.0 0.0 
0.0 0.0 0.0 0.0 -0.0 0.0 2.949811 98.025772 -0.5399 2.146344 2.039546 0.517173 -0.454914 0.234376 -1.245644 -0.234175 -0.112997 -5.200018 -1.351296 -1.645619 12.307817 -1.300867 3.160799 7.36444 -0.792724 -0.24404 -3.644912 -0.967954 -0.272607 -12.804983 7.7e-05 -2.3e-05 6e-06 0.020305 0.014527 0.044512 0.71023 -3.721 -10.63886 -0.675317 3.760568 -10.624786 -20.549452 -9.748638 13.149879 -48.992481 -12.58362 20.097664 -0.042177 -28.980564 -0.032852 -5.053663 3.369009 -14.982114 -5.882112 9.861294 0.702589 -10.93688 -0.360575 7.156209 1e-06 8.774833 0.0 -16.471813 18.208084 5.896513 -1.844035 2.498506 -2.507279 -10.163609 4.678949 4.62111 -20.976044 -5e-06 -1e-06 -21.226311 2.451695 -3.594007 1e-06 -6e-06 -1e-06 -1.362684 2.240801 -0.746325 -21.334934 0.584909 3.008321 -13.821228 -4e-06 -0.0 -23.887196 -0.249082 -0.839486 -60.570992 2.469921 -1.507418 -0.294025 1.67969 0.833256 -14.218224 0.093215 1.300579 -34.212082 -0.287569 0.967166 -20.033232 0.964534 1.212842 -1e-06 -1e-06 0.0 -3.440392 0.788233 0.501656 -15.928201 -3.167312 2.999706 -6.338833 -2e-06 -1e-06 -18.123465 3.648183 -4.905679 -2e-06 1e-06 -1e-06 18.140459 10.692427 14.25836 59.750633 1.90843 5.09938 0.233015 26.320726 0.170115 5.732342 -0.103063 -4.230928 2.243544 -5.255043 -3.180161 14.282907 -0.826596 6.95251 -2e-06 -12.690618 1e-06 16.039364 -17.777382 2.682707 1.665668 -1.955924 -2.878302 4.727804 -4.170592 4.993928 11.02054 3e-06 -1e-06 12.109067 -3.73572 -2.866786 -0.0 0.0 -0.0 1.291987 -1.928551 -1.498091 14.800146 0.567469 3.865611 14.242588 -1.341737 -6.660663 19.63199 0.143926 -0.648245 49.657318 -0.571806 -6.65543 0.353029 -1.511152 -0.031939 20.222815 3.684314 2.316633 18.787291 5e-06 -1e-06 10.751639 -0.47987 1.397908 -1e-06 0.0 0.0 3.27381 0.305947 -0.580111 21.486837 11.830389 2.266137 8.162937 1e-06 0.0 18.399103 -3.79899 -4.940581 5e-06 1e-06 0.0 -6.106114 0.217201 9.806049 -0.05941 0.243557 3.703837 0.948068 6.466205 -11.485094 1.713354 -1.889464 -1.009739 0.0 -0.0 2e-06 -3.816003 -1.205118 -26.281734 0.042955 -0.217877 3.40363 7.130009 -2.933225 5.092786 -1.312989 1.097816 -4.320555 -0.0 -0.0 1e-06 
0.0 0.0 0.0 0.0 -0.0 0.0 2.691278 97.670227 2.139863 1.692377 2.722323 0.585259 -0.25155 0.219378 -1.491331 -0.213628 -0.298543 -5.318135 -1.137809 -1.742025 12.374429 -0.962256 3.001453 7.359104 -0.841964 -0.342832 -3.612584 -1.245179 -0.473701 -12.698017 7.7e-05 -2.2e-05 6e-06 0.023257 -0.005191 0.044955 0.709563 -3.739258 -10.640207 -0.668985 3.738158 -10.612402 -20.368744 -9.736865 13.150664 -49.756695 -12.177134 20.103462 -0.033824 -29.106497 -0.014514 -4.952897 3.44268 -15.015956 -5.882108 9.861286 0.70259 -10.936873 -0.360573 7.156204 -1e-06 8.774824 -1e-06 -16.429922 18.16007 5.827819 -1.844032 2.498504 -2.507277 -10.163601 4.678946 4.621109 -20.976023 -1e-06 3e-06 -21.226286 2.4517 -3.594001 1e-06 -5e-06 1e-06 -1.362682 2.2408 -0.746324 -21.334913 0.584912 3.008324 -13.821213 -0.0 3e-06 -23.887167 -0.249076 -0.839483 -60.627922 2.521158 -1.626195 -0.294025 1.679688 0.833256 -14.218208 0.093216 1.30058 -34.212051 -0.28756 0.967173 -20.033213 0.964539 1.212843 -0.0 -1e-06 -1e-06 -3.440388 0.788233 0.501656 -15.928185 -3.167307 2.999708 -6.338827 -1e-06 1e-06 -18.123444 3.648185 -4.90567 -2e-06 1e-06 -0.0 18.454691 10.407222 14.336774 59.882065 1.846428 4.10703 0.128586 25.985373 0.162179 5.348493 -0.122778 -5.262406 2.243541 -5.255037 -3.180158 14.282888 -0.826595 6.9525 -2e-06 -12.690603 1e-06 16.092484 -17.818989 2.64487 1.665666 -1.955921 -2.878298 4.727798 -4.170588 4.993923 11.020526 3e-06 -1e-06 12.109051 -3.735715 -2.866784 -0.0 0.0 -2e-06 1.291985 -1.928549 -1.498088 14.800125 0.567468 3.865605 14.24257 -1.341735 -6.660657 19.631968 0.143928 -0.648245 49.525002 -0.567754 -6.726271 0.353029 -1.51115 -0.031939 20.222786 3.684309 2.316628 18.787271 5e-06 -3e-06 10.751626 -0.479869 1.397906 -1e-06 -1e-06 0.0 3.273806 0.305947 -0.580111 21.486809 11.830376 2.266133 8.162928 2e-06 1e-06 18.399076 -3.798984 -4.940575 4e-06 1e-06 -1e-06 -5.282612 -0.014744 11.597353 -0.063429 0.218349 3.493375 0.705692 5.955101 -12.109259 1.769937 -1.864935 -1.08881 0.0 -0.0 2e-06 -3.46119 -0.422578 -26.355438 0.011218 -0.170171 3.335526 6.672773 -3.150583 5.520697 -1.322335 1.127862 -4.2595 -0.0 -0.0 1e-06 
0.0 0.0 0.0 0.0 -0.0 0.0 2.368079 97.380882 4.914583 0.908092 3.272349 0.640923 0.143053 0.273335 -1.84993 -0.162981 -0.483832 -5.495124 -0.785029 -1.852188 12.463116 -0.746155 2.871561 7.424468 -0.85297 -0.422504 -3.590818 -1.424032 -0.611257 -12.431492 7.7e-05 -2.2e-05 6e-06 0.022605 -0.006704 0.05821 0.703022 -3.736257 -10.615448 -0.663283 3.731448 -10.579773 -20.460323 -9.588612 13.189442 -50.397701 -11.607936 20.4744 0.064623 -29.024401 -0.063395 -4.893579 3.595073 -14.904542 -5.88211 9.861293 0.702589 -10.936875 -0.360574 7.156207 -1e-06 8.77483 -1e-06 -16.415989 18.128237 5.855418 -1.844033 2.498505 -2.507279 -10.163603 4.678948 4.621109 -20.976032 -2e-06 -0.0 -21.226299 2.451698 -3.594005 1e-06 -5e-06 -1e-06 -1.362683 2.2408 -0.746325 -21.334925 0.584912 3.008323 -13.821221 -1e-06 1e-06 -23.887184 -0.249079 -0.839487 -60.619473 2.545515 -1.51433 -0.294025 1.679689 0.833257 -14.218216 0.093216 1.300581 -34.212067 -0.287564 0.967167 -20.03323 0.964536 1.21284 -1e-06 -1e-06 -1e-06 -3.440389 0.788234 0.501656 -15.928192 -3.167309 2.999707 -6.33883 -0.0 0.0 -18.123453 3.648186 -4.905676 -2e-06 1e-06 -1e-06 18.805056 10.175886 14.249341 59.859978 1.649076 3.486899 -0.001297 25.737495 0.135386 5.069133 -0.067473 -5.865403 2.243544 -5.255041 -3.180159 14.282903 -0.826596 6.952506 -1e-06 -12.690616 -0.0 16.092237 -17.80508 2.615311 1.665667 -1.955923 -2.878299 4.727802 -4.170591 4.993926 11.020535 3e-06 -3e-06 12.109061 -3.735719 -2.866786 1e-06 1e-06 1e-06 1.291987 -1.928551 -1.49809 14.800139 0.567468 3.865609 14.242584 -1.341738 -6.660663 19.631987 0.143926 -0.648246 49.513031 -0.481046 -6.683693 0.353029 -1.511152 -0.031941 20.222805 3.684312 2.316633 18.787291 5e-06 -3e-06 10.751634 -0.479869 1.397906 -0.0 -0.0 0.0 3.273809 0.305948 -0.580112 21.486832 11.830384 2.266134 8.162934 2e-06 -0.0 18.399096 -3.798988 -4.940578 4e-06 1e-06 -1e-06 -4.025203 -0.002628 13.019861 -0.038058 0.154922 4.087536 0.202613 5.50887 -12.564948 1.795094 -1.893316 -1.577126 0.0 -0.0 2e-06 -2.988264 1.104693 -25.746647 0.037266 -0.110219 4.029253 4.843169 -2.603956 7.561663 -1.372065 1.129685 -4.274469 0.0 -0.0 -1e-06 
0.0 0.0 0.0 0.0 -0.0 0.0 1.98734 97.280975 7.72066 -0.311577 3.667491 0.82189 0.805843 0.340549 -2.413504 -0.067434 -0.554667 -5.760357 -0.282927 -2.039325 12.587392 -0.631366 2.733449 7.484139 -0.8667 -0.305894 -3.609852 -1.560652 -0.71944 -11.835316 7.7e-05 -2.2e-05 6e-06 0.022843 -0.011837 0.04845 0.696473 -3.737643 -10.601297 -0.655286 3.722999 -10.571085 -21.127939 -9.252801 13.023393 -50.541897 -10.672318 20.888069 0.139409 -28.70985 -0.094462 -4.960156 3.689615 -14.540431 -5.882108 9.86129 0.70259 -10.936875 -0.360575 7.156207 1e-06 8.774828 -1e-06 -16.448883 18.064472 5.866347 -1.844033 2.498506 -2.507279 -10.163603 4.678946 4.621108 -20.976032 -5e-06 0.0 -21.226295 2.451694 -3.594004 1e-06 -5e-06 1e-06 -1.362682 2.240798 -0.746323 -21.334921 0.584907 3.008321 -13.821217 -4e-06 2e-06 -23.887182 -0.249083 -0.839485 -60.644466 2.483783 -1.302143 -0.294024 1.679687 0.833255 -14.218213 0.093213 1.300578 -34.212063 -0.28757 0.967168 -20.033218 0.964534 1.212844 -1e-06 -1e-06 -1e-06 -3.440389 0.788233 0.501657 -15.928189 -3.167312 2.999706 -6.338828 -2e-06 1e-06 -18.123447 3.648182 -4.905674 -1e-06 1e-06 -1e-06 19.602318 9.996747 14.136102 59.207077 1.285137 3.137161 -0.067094 25.578566 0.11004 4.725226 0.075577 -5.8859 2.243543 -5.255038 -3.180159 14.2829 -0.826595 6.952504 -2e-06 -12.690609 0.0 16.063992 -17.776003 2.610539 1.665668 -1.955922 -2.878299 4.727802 -4.17059 4.993923 11.020536 4e-06 -2e-06 12.10906 -3.735717 -2.866785 1e-06 0.0 1e-06 1.291987 -1.92855 -1.49809 14.800139 0.567468 3.865607 14.242584 -1.341735 -6.660661 19.631987 0.143928 -0.648246 49.603397 -0.412194 -6.591232 0.353029 -1.511151 -0.031938 20.222805 3.684312 2.316629 18.787287 7e-06 -3e-06 10.751634 -0.479868 1.397906 0.0 -0.0 0.0 3.273809 0.305948 -0.58011 21.486828 11.830379 2.26613 8.162934 2e-06 -2e-06 18.399096 -3.798983 -4.940577 4e-06 0.0 -1e-06 -2.170073 0.145009 14.088858 -0.024349 0.112665 5.144891 -0.559442 4.916443 -12.205344 1.817383 -1.914164 -2.584153 -0.0 -0.0 2e-06 -2.008563 2.967567 -24.824661 0.034596 -0.086293 4.364893 2.546766 -2.066283 11.573843 -1.399967 1.117347 -4.068752 -0.0 0.0 -1e-06 
0.0 0.0 0.0 0.0 -0.0 0.0 1.527281 97.316895 10.612258 -1.639481 3.837561 0.984859 1.460009 0.348967 -3.053083 0.02572 -0.604017 -6.0446 0.341434 -2.187016 12.605839 -0.542579 2.654095 7.669906 -0.841041 -0.067109 -3.658092 -1.668989 -0.569403 -11.059829 7.7e-05 -2.3e-05 6e-06 0.023886 -0.02163 0.031646 0.696553 -3.747396 -10.60688 -0.651794 3.714007 -10.578675 -21.793901 -8.765028 12.8009 -50.676891 -9.452818 21.365747 0.201493 -28.320045 -0.141786 -5.06314 3.760432 -14.337534 -5.882108 9.861286 0.70259 -10.936873 -0.360575 7.156204 1e-06 8.774828 -1e-06 -16.541286 17.944471 5.833438 -1.844033 2.498504 -2.507277 -10.163602 4.678944 4.621108 -20.976028 -5e-06 2e-06 -21.226292 2.451694 -3.594 1e-06 -6e-06 1e-06 -1.362682 2.240798 -0.746323 -21.334919 0.584908 3.00832 -13.821215 -3e-06 2e-06 -23.887175 -0.249083 -0.839483 -60.721142 2.374233 -1.090774 -0.294025 1.679687 0.833256 -14.218211 0.093215 1.300581 -34.212063 -0.287568 0.967166 -20.033218 0.964534 1.212842 -1e-06 -1e-06 -2e-06 -3.440389 0.788234 0.501655 -15.928189 -3.167312 2.999707 -6.338829 -2e-06 1e-06 -18.123451 3.648181 -4.905673 -2e-06 1e-06 -2e-06 20.498709 9.869246 14.037715 58.31776 0.815613 3.204155 -0.086476 25.471638 0.067647 4.524745 0.155493 -5.519783 2.243543 -5.255039 -3.180157 14.282896 -0.826594 6.952501 -4e-06 -12.690609 2e-06 16.027445 -17.749239 2.595422 1.665667 -1.955922 -2.8783 4.727798 -4.170588 4.993924 11.020529 4e-06 -2e-06 12.109056 -3.735716 -2.866785 0.0 -0.0 -1e-06 1.291986 -1.928549 -1.49809 14.800132 0.567469 3.865607 14.242577 -1.341735 -6.660661 19.631973 0.143929 -0.648246 49.663383 -0.368941 -6.497296 0.353029 -1.511151 -0.03194 20.222797 3.684313 2.316627 18.787275 7e-06 -3e-06 10.751629 -0.479869 1.397905 -1e-06 -1e-06 1e-06 3.273808 0.305946 -0.580112 21.486822 11.830381 2.266131 8.16293 3e-06 -1e-06 18.399088 -3.798984 -4.940578 5e-06 1e-06 -1e-06 -0.071408 0.504188 15.427758 -0.02158 0.055436 5.825929 -1.444384 4.092911 -10.501349 1.834948 -1.919515 -4.354288 0.0 -0.0 2e-06 -0.567575 4.182637 -23.590412 0.02078 -0.107741 4.216711 1.835048 -2.050523 15.784039 -1.406407 1.101553 -3.570117 -0.0 -0.0 -1e-06 
0.0 0.0 0.0 0.0 -0.0 0.0 1.021275 97.488716 13.612384 -3.023852 3.886037 1.003586 2.035012 0.334598 -3.555437 0.115268 -0.824921 -6.361717 1.146281 -2.222211 12.458708 -0.478711 2.625463 8.054492 -0.810308 0.128961 -3.702796 -1.754195 -0.279164 -10.153751 7.7e-05 -2.3e-05 6e-06 0.015405 -0.036186 0.006313 0.684421 -3.74884 -10.585902 -0.654891 3.68628 -10.55582 -22.145514 -8.111389 12.662691 -51.060661 -8.203391 22.048286 0.313797 -27.817822 -0.132264 -5.176105 3.673553 -14.417831 -5.88211 9.86129 0.702591 -10.936878 -0.360575 7.15621 1e-06 8.774831 0.0 -16.645262 17.949623 5.766966 -1.844034 2.498506 -2.507278 -10.163607 4.678947 4.621109 -20.976038 -4e-06 2e-06 -21.226301 2.451697 -3.594004 1e-06 -6e-06 0.0 -1.362683 2.2408 -0.746324 -21.334929 0.584909 3.008321 -13.821223 -3e-06 2e-06 -23.887184 -0.249082 -0.839483 -60.726883 2.320739 -1.08532 -0.294025 1.679688 0.833256 -14.218221 0.093215 1.300579 -34.212074 -0.287566 0.967169 -20.033232 0.964536 1.212844 -0.0 -0.0 -1e-06 -3.440391 0.788234 0.501656 -15.928198 -3.16731 2.999708 -6.33883 -2e-06 -0.0 -18.123463 3.648183 -4.905673 -2e-06 0.0 -2e-06 21.117022 9.834592 14.064527 57.54694 0.370619 3.585571 0.028334 25.575871 0.089558 4.450799 0.028019 -4.678157 2.243543 -5.25504 -3.18016 14.282902 -0.826596 6.952506 -2e-06 -12.690614 -1e-06 16.018055 -17.770163 2.577398 1.665668 -1.955923 -2.878301 4.727803 -4.17059 4.993927 11.020535 3e-06 -0.0 12.10906 -3.735719 -2.866786 -1e-06 -0.0 -1e-06 1.291987 -1.928551 -1.49809 14.800139 0.567468 3.865608 14.242582 -1.341738 -6.660661 19.631981 0.143926 -0.648247 49.743034 -0.403265 -6.502157 0.353029 -1.511152 -0.03194 20.222805 3.684312 2.31663 18.787287 4e-06 -1e-06 10.751637 -0.479869 1.397904 -1e-06 0.0 1e-06 3.273809 0.305948 -0.580111 21.486832 11.830382 2.266136 8.162934 2e-06 -1e-06 18.399099 -3.798986 -4.940581 4e-06 0.0 -1e-06 2.252895 1.191885 16.802738 0.019611 -0.060556 6.763405 -2.398921 3.230294 -7.381529 1.878629 -1.940647 -6.877539 -0.0 -0.0 2e-06 1.200086 4.837807 -21.990959 -0.02433 -0.157595 4.087439 2.683975 -1.643305 18.226219 -1.381415 1.115298 -2.769942 0.0 -0.0 -1e-06 
0.0 0.0 0.0 0.0 -0.0 0.0 0.494398 97.780678 16.78861 -4.40146 3.920374 0.880207 2.495704 0.26513 -3.927 0.16466 -0.926457 -6.54579 2.014578 -2.307618 12.150413 -0.349576 2.514532 8.564967 -0.735549 0.300759 -3.654803 -1.792248 0.139412 -9.632259 7.7e-05 -2.2e-05 6e-06 0.007648 -0.063577 0.006133 0.692357 -3.787983 -10.608666 -0.674844 3.670747 -10.574438 -21.916685 -7.601643 12.809981 -51.939861 -7.193752 22.280821 0.423096 -27.059767 -0.15929 -5.215455 3.262244 -14.333813 -5.88211 9.86129 0.70259 -10.936877 -0.360574 7.156208 -1e-06 8.774828 0.0 -16.631861 17.897501 5.760753 -1.844033 2.498506 -2.507279 -10.163604 4.678948 4.621111 -20.976032 -2e-06 1e-06 -21.226294 2.451699 -3.594002 1e-06 -4e-06 0.0 -1.362682 2.240799 -0.746323 -21.334925 0.584911 3.008322 -13.82122 -1e-06 0.0 -23.887182 -0.249078 -0.839484 -60.607788 2.309152 -1.076401 -0.294025 1.679687 0.833256 -14.218215 0.093215 1.30058 -34.212067 -0.287562 0.967169 -20.033226 0.964538 1.212843 -1e-06 -1e-06 -1e-06 -3.44039 0.788233 0.501657 -15.928192 -3.16731 2.999708 -6.338829 -1e-06 1e-06 -18.123453 3.648183 -4.905674 -2e-06 -0.0 -2e-06 21.324415 9.721314 13.980811 57.161186 0.176731 4.170344 -0.027863 25.574356 0.062186 5.07789 -0.009346 -3.938132 2.243541 -5.255037 -3.180157 14.28289 -0.826595 6.952505 -2e-06 -12.690605 0.0 16.009712 -17.813593 2.583598 1.665666 -1.955922 -2.878298 4.727798 -4.170588 4.993925 11.020524 2e-06 -2e-06 12.109052 -3.735717 -2.866785 -2e-06 -0.0 -0.0 1.291985 -1.928549 -1.498089 14.800127 0.567468 3.865609 14.24257 -1.341737 -6.660658 19.631968 0.143926 -0.648244 49.744148 -0.498093 -6.581053 0.353029 -1.511151 -0.03194 20.222788 3.68431 2.316632 18.78727 3e-06 -1e-06 10.751627 -0.479869 1.397906 -1e-06 -1e-06 1e-06 3.273807 0.305946 -0.580111 21.486816 11.830376 2.266135 8.162929 1e-06 -0.0 18.399088 -3.798988 -4.940576 4e-06 1e-06 -1e-06 4.600268 1.701218 17.724861 0.112656 -0.306296 8.632236 -3.272421 2.26268 -4.673068 1.940524 -1.947706 -9.84535 0.0 -0.0 1e-06 3.3603 4.803505 -20.405695 -0.033516 -0.136627 4.828918 2.671894 -1.504794 15.347465 -1.376271 1.111284 -2.377862 0.0 -0.0 -1e-06 
0.0 0.0 0.0 0.0 -0.0 0.0 -0.044968 98.040962 19.99184 -5.598335 4.262043 0.58106 2.820345 0.210372 -4.183772 0.226278 -1.173087 -6.671814 2.700138 -2.34618 11.974441 -0.106352 2.391739 9.005856 -0.707018 0.391485 -3.665739 -1.770093 0.315702 -9.027352 7.7e-05 -2.3e-05 6e-06 0.005584 -0.093148 0.002227 0.701847 -3.821116 -10.623428 -0.686799 3.644063 -10.586411 -21.311344 -7.477845 13.052326 -52.828835 -6.378108 22.289799 0.414996 -26.396421 -0.181331 -5.207307 2.998499 -13.906151 -5.882107 9.861287 0.702589 -10.936872 -0.360574 7.156206 -1e-06 8.774827 -1e-06 -16.677103 17.863317 5.697539 -1.844033 2.498506 -2.507278 -10.1636 4.678946 4.621109 -20.976027 -2e-06 3e-06 -21.226286 2.451699 -3.593999 1e-06 -6e-06 -1e-06 -1.362682 2.240798 -0.746323 -21.334913 0.584911 3.008324 -13.821213 -1e-06 4e-06 -23.887169 -0.249077 -0.839483 -60.505131 2.285865 -1.135732 -0.294025 1.679687 0.833257 -14.218208 0.093216 1.300581 -34.212048 -0.28756 0.96717 -20.033215 0.964539 1.212843 -0.0 -2e-06 -1e-06 -3.440389 0.788234 0.501655 -15.928185 -3.167309 2.999708 -6.338827 -0.0 2e-06 -18.123449 3.648185 -4.905671 -3e-06 -0.0 -3e-06 21.452768 9.60888 13.775726 56.849667 0.07961 4.639361 -0.058304 25.720005 0.013382 5.726115 0.149449 -3.434252 2.243542 -5.255037 -3.180157 14.282892 -0.826594 6.952501 -3e-06 -12.690605 -0.0 16.041782 -17.846666 2.619924 1.665666 -1.955922 -2.878299 4.727799 -4.170588 4.993925 11.020528 3e-06 -3e-06 12.109053 -3.735715 -2.866784 -1e-06 -0.0 -0.0 1.291986 -1.928549 -1.49809 14.800129 0.567468 3.865606 14.242576 -1.341735 -6.66066 19.631969 0.143927 -0.648245 49.725456 -0.550538 -6.588212 0.353029 -1.511151 -0.03194 20.222795 3.684311 2.316628 18.787273 5e-06 -1e-06 10.751629 -0.479868 1.397906 -1e-06 -1e-06 -1e-06 3.273807 0.305947 -0.580111 21.486813 11.830378 2.266131 8.162928 2e-06 -1e-06 18.39908 -3.798985 -4.940576 5e-06 1e-06 -2e-06 6.891756 1.906327 17.556303 0.115955 -0.462382 12.362897 -4.195621 1.478105 -1.821481 1.997429 -1.912599 -12.723904 -0.0 0.0 3e-06 5.249444 4.925296 -18.710752 -0.018143 -0.16695 5.743049 2.309748 -1.524731 12.532611 -1.37922 1.105002 -1.961891 -0.0 -1e-06 -1e-06 
0.0 0.0 0.0 0.0 -0.0 0.0 -0.572212 98.255608 23.136744 -6.64413 4.894299 0.065979 3.120815 0.175873 -4.236416 0.270197 -1.361424 -6.720745 3.18683 -2.369587 11.872559 0.232872 2.285378 9.227048 -0.761223 0.354343 -3.664204 -1.668384 0.206161 -8.53469 7.7e-05 -2.2e-05 6e-06 0.005965 -0.105389 0.003774 0.708176 -3.832416 -10.62727 -0.691396 3.630634 -10.588364 -20.637621 -7.544416 13.32418 -53.418312 -5.914922 22.549644 0.413022 -25.891861 -0.211019 -5.230342 2.888574 -13.736995 -5.882103 9.861283 0.702587 -10.936868 -0.360577 7.156202 1e-06 8.774822 -1e-06 -16.71751 17.853516 5.667281 -1.844032 2.498503 -2.507278 -10.163595 4.678942 4.621105 -20.976017 -6e-06 2e-06 -21.226276 2.451693 -3.593998 1e-06 -5e-06 0.0 -1.362681 2.240797 -0.746325 -21.334909 0.584906 3.008322 -13.821209 -4e-06 1e-06 -23.887167 -0.249081 -0.839482 -60.44128 2.222232 -1.125489 -0.294024 1.679686 0.833257 -14.218204 0.093213 1.30058 -34.212036 -0.287569 0.967171 -20.033209 0.964534 1.212845 1e-06 -1e-06 -1e-06 -3.440387 0.788233 0.501655 -15.928183 -3.167311 2.999705 -6.338824 -2e-06 2e-06 -18.123442 3.648179 -4.905669 -3e-06 1e-06 -1e-06 21.557102 9.481039 13.516285 56.543247 0.094111 5.010251 -0.070104 26.016737 -0.005068 5.930305 0.429554 -3.410344 2.243542 -5.255036 -3.180157 14.282896 -0.826594 6.952502 -3e-06 -12.690603 1e-06 16.030224 -17.841631 2.683693 1.665667 -1.955922 -2.878299 4.7278 -4.170586 4.993925 11.020529 4e-06 -2e-06 12.109056 -3.735714 -2.866784 -1e-06 -0.0 -0.0 1.291986 -1.928549 -1.49809 14.800132 0.567468 3.865608 14.242576 -1.341735 -6.660658 19.631973 0.143927 -0.648244 49.722958 -0.600347 -6.52722 0.353029 -1.511151 -0.031939 20.222797 3.684311 2.316629 18.787277 6e-06 -2e-06 10.751631 -0.479867 1.397906 -1e-06 0.0 1e-06 3.273808 0.305947 -0.580112 21.486818 11.830378 2.266131 8.16293 2e-06 -1e-06 18.399088 -3.798982 -4.940574 5e-06 1e-06 -1e-06 9.186409 2.046627 15.916836 0.081395 -0.617539 18.775364 -5.228783 0.723036 1.576072 2.055986 -1.846708 -15.68313 0.0 0.0 5e-06 6.955738 5.065022 -16.659819 -0.002119 -0.214018 6.579987 1.542691 -1.872932 9.624012 -1.387339 1.105968 -1.614257 -0.0 -0.0 -1e-06 
0.0 0.0 0.0 0.0 -0.0 0.0 -1.085464 98.358894 26.064295 -7.6568 5.667593 -0.737909 3.457832 0.175297 -4.000324 0.320694 -1.438383 -6.62356 3.562488 -2.398136 11.817221 0.577404 2.153103 9.216671 -0.813405 0.314227 -3.654057 -1.573396 -0.05953 -8.401686 7.7e-05 -2.3e-05 6e-06 0.007776 -0.082105 0.011416 0.716349 -3.808546 -10.632068 -0.695763 3.652433 -10.594793 -19.948431 -7.717087 13.577106 -53.782326 -5.831073 22.942308 0.355391 -25.635731 -0.214878 -5.303854 2.901224 -13.737858 -5.88211 9.861293 0.702591 -10.936878 -0.360575 7.156209 0.0 8.774831 -2e-06 -16.744028 17.831375 5.661442 -1.844033 2.498506 -2.50728 -10.163607 4.678948 4.62111 -20.976038 -4e-06 3e-06 -21.226301 2.451698 -3.594002 2e-06 -6e-06 0.0 -1.362682 2.240799 -0.746322 -21.334929 0.584909 3.008324 -13.821222 -3e-06 2e-06 -23.887184 -0.249079 -0.839483 -60.44165 2.142676 -1.080626 -0.294025 1.679688 0.833257 -14.218219 0.093215 1.300581 -34.212074 -0.287563 0.96717 -20.033232 0.964538 1.212844 -0.0 -0.0 -1e-06 -3.440391 0.788234 0.501656 -15.928196 -3.167311 2.999709 -6.338831 -1e-06 1e-06 -18.123459 3.648185 -4.905671 -3e-06 -0.0 -2e-06 21.608738 9.465133 13.352111 56.185131 0.384013 5.32259 -0.043393 26.284273 0.010454 5.683714 0.748434 -3.90739 2.243543 -5.255038 -3.18016 14.2829 -0.826593 6.952502 -4e-06 -12.690609 -1e-06 16.001738 -17.819937 2.749727 1.665668 -1.955922 -2.878301 4.727801 -4.170588 4.993923 11.020534 4e-06 -2e-06 12.109058 -3.735716 -2.866785 -1e-06 -0.0 0.0 1.291987 -1.92855 -1.49809 14.800139 0.56747 3.865606 14.242582 -1.341735 -6.660661 19.631981 0.143929 -0.648246 49.707787 -0.640328 -6.414041 0.353029 -1.511152 -0.031939 20.222803 3.684314 2.316627 18.787283 8e-06 -3e-06 10.751634 -0.479866 1.397905 -1e-06 0.0 -1e-06 3.273809 0.305946 -0.580112 21.486828 11.830383 2.266131 8.162933 4e-06 -2e-06 18.399092 -3.798983 -4.940579 5e-06 1e-06 -1e-06 11.489101 2.084405 12.923157 0.008764 -0.758544 27.627392 -6.57026 0.054809 5.772685 2.084999 -1.769404 -17.496363 0.0 0.0 3e-06 8.623631 5.237094 -14.526608 0.01396 -0.26892 7.627866 0.6551 -2.62516 6.857814 -1.39802 1.105893 -1.268155 0.0 -0.0 -1e-06 
0.0 0.0 0.0 0.0 -0.0 0.0 -1.540497 98.360374 28.759485 -8.561247 6.393173 -1.80106 3.756997 0.218065 -3.47755 0.376187 -1.411861 -6.382702 3.915287 -2.434607 11.845387 0.877671 2.026401 9.077003 -0.841353 0.234666 -3.634295 -1.58499 -0.321339 -8.746816 7.7e-05 -2.3e-05 6e-06 0.00996 -0.039218 0.016201 0.722186 -3.763958 -10.629839 -0.697704 3.692526 -10.600072 -19.329313 -7.898906 13.759006 -54.026608 -6.104848 23.292875 0.251835 -25.660351 -0.201654 -5.412683 2.917594 -13.849395 -5.882109 9.861288 0.702588 -10.936876 -0.360575 7.156209 0.0 8.774828 -1e-06 -16.729258 17.798 5.675052 -1.844033 2.498506 -2.507279 -10.163604 4.678946 4.62111 -20.97603 -3e-06 2e-06 -21.226295 2.451698 -3.594001 2e-06 -6e-06 -0.0 -1.362682 2.240799 -0.746323 -21.334925 0.584911 3.008324 -13.821218 -2e-06 1e-06 -23.887182 -0.249078 -0.839483 -60.489639 2.129208 -1.079443 -0.294025 1.679687 0.833256 -14.218215 0.093215 1.300582 -34.212059 -0.287561 0.967172 -20.033222 0.964537 1.212844 0.0 -0.0 -1e-06 -3.44039 0.788234 0.501657 -15.928192 -3.16731 2.999709 -6.33883 -2e-06 2e-06 -18.123459 3.648182 -4.905672 -3e-06 1e-06 -2e-06 21.597521 9.628348 13.373119 55.690178 0.999691 5.462971 0.012621 26.544497 0.067658 5.232485 0.971404 -4.566145 2.243542 -5.255037 -3.180159 14.282893 -0.826594 6.9525 -2e-06 -12.690601 0.0 15.966931 -17.778139 2.801058 1.665666 -1.955921 -2.878299 4.7278 -4.170587 4.993922 11.020528 3e-06 -2e-06 12.109053 -3.735717 -2.866783 -1e-06 -0.0 -1e-06 1.291986 -1.92855 -1.498089 14.800129 0.567468 3.865607 14.242574 -1.341736 -6.660658 19.631971 0.143927 -0.648246 49.68652 -0.662866 -6.30025 0.353029 -1.511151 -0.03194 20.222794 3.684311 2.316629 18.787279 6e-06 -2e-06 10.751629 -0.479868 1.397904 -1e-06 0.0 0.0 3.273807 0.305947 -0.580112 21.486816 11.830373 2.266133 8.162929 2e-06 -1e-06 18.399088 -3.798985 -4.940577 4e-06 1e-06 -0.0 13.410411 1.807923 9.143805 -0.069806 -0.814772 37.559292 -7.884443 0.147119 10.384658 2.024443 -1.73566 -15.306705 -0.0 0.0 1e-06 10.210322 5.15726 -12.418161 0.029281 -0.277922 8.970699 -0.088471 -3.328348 4.300404 -1.40669 1.098464 -1.035773 0.0 -0.0 -1e-06 
0.0 0.0 0.0 0.0 -0.0 0.0 -1.915005 98.287308 31.303236 -9.279655 7.016963 -2.984873 3.96844 0.305049 -2.790753 0.427294 -1.310378 -6.069617 4.246587 -2.49983 11.999832 1.149547 1.868194 8.933421 -0.874412 0.101059 -3.613685 -1.706172 -0.513207 -9.433532 7.7e-05 -2.2e-05 6e-06 0.010722 -0.020708 0.012997 0.72001 -3.742835 -10.613724 -0.6949 3.707856 -10.587559 -18.817263 -7.980556 13.809958 -54.245441 -6.631449 23.395227 0.135982 -25.982407 -0.179412 -5.392987 2.865283 -13.986263 -5.882111 9.861291 0.702591 -10.936877 -0.360574 7.156207 -1e-06 8.774827 -2e-06 -16.683138 17.778116 5.721725 -1.844034 2.498506 -2.507279 -10.163605 4.678948 4.621109 -20.976038 -0.0 1e-06 -21.226301 2.451702 -3.594004 1e-06 -6e-06 -1e-06 -1.362683 2.240799 -0.746324 -21.334929 0.584912 3.008322 -13.821221 -1e-06 -1e-06 -23.887184 -0.249076 -0.839485 -60.630375 2.172115 -1.102249 -0.294025 1.679688 0.833255 -14.218217 0.093217 1.30058 -34.21207 -0.287561 0.967166 -20.033226 0.964537 1.212841 -0.0 -0.0 -1e-06 -3.440391 0.788234 0.501656 -15.928198 -3.16731 2.999707 -6.33883 -0.0 3e-06 -18.123459 3.648185 -4.905674 -3e-06 1e-06 -2e-06 21.445845 9.951405 13.506388 55.119919 1.931917 5.374332 0.143265 26.746216 0.120614 4.786538 1.006973 -4.949202 2.243542 -5.25504 -3.180159 14.282894 -0.826594 6.952504 -2e-06 -12.690609 -3e-06 15.943922 -17.702539 2.83992 1.665667 -1.955923 -2.8783 4.727799 -4.170589 4.993924 11.020528 2e-06 -1e-06 12.109056 -3.735717 -2.866786 -1e-06 -0.0 -0.0 1.291986 -1.928551 -1.498091 14.800132 0.567469 3.865607 14.242576 -1.341737 -6.66066 19.631969 0.143926 -0.648246 49.708153 -0.654344 -6.18078 0.353029 -1.511152 -0.03194 20.222797 3.684311 2.31663 18.787279 7e-06 -1e-06 10.751633 -0.479867 1.397906 -2e-06 -1e-06 0.0 3.273807 0.305949 -0.58011 21.48682 11.83038 2.266134 8.16293 2e-06 -2e-06 18.399084 -3.798985 -4.940578 4e-06 0.0 -1e-06 14.648272 1.24827 5.028425 -0.096504 -0.794003 46.961601 -8.506238 1.119236 14.063386 1.900018 -1.818462 -9.165192 -0.0 0.0 2e-06 11.614718 4.699935 -10.18842 0.018005 -0.224763 10.148224 -0.656955 -3.747514 1.926577 -1.409724 1.080275 -0.924389 0.0 -0.0 -1e-06 
0.0 0.0 0.0 0.0 -0.0 0.0 -2.163453 98.228905 33.74157 -9.645405 7.553495 -4.076133 4.071392 0.402136 -2.113356 0.451556 -1.154431 -5.761909 4.404585 -2.508482 12.24513 1.446233 1.69602 8.930403 -0.940633 -0.15103 -3.59677 -1.826886 -0.66022 -10.204372 7.7e-05 -2.2e-05 6e-06 0.008488 -0.049665 0.007581 0.708751 -3.769985 -10.591797 -0.689146 3.677794 -10.562871 -18.434366 -7.933885 13.795779 -54.476379 -7.283038 23.141045 0.111364 -26.509417 -0.164549 -5.067934 2.639005 -14.006976 -5.88211 9.861288 0.702591 -10.936877 -0.360574 7.156209 -0.0 8.774829 -1e-06 -16.618166 17.823629 5.765124 -1.844033 2.498505 -2.507278 -10.163605 4.678947 4.62111 -20.976038 -3e-06 3e-06 -21.226299 2.451701 -3.594 2e-06 -6e-06 -0.0 -1.362682 2.240799 -0.746322 -21.334925 0.584912 3.008325 -13.82122 -2e-06 2e-06 -23.887182 -0.249076 -0.839483 -60.70063 2.251304 -1.159193 -0.294025 1.679688 0.833256 -14.218217 0.093216 1.300579 -34.212074 -0.287562 0.967171 -20.03323 0.964538 1.212845 1e-06 -0.0 -1e-06 -3.44039 0.788234 0.501657 -15.928194 -3.16731 2.999709 -6.338832 -0.0 3e-06 -18.123457 3.648187 -4.905669 -3e-06 1e-06 -1e-06 21.233521 10.302793 13.70013 54.521118 3.063304 5.097332 0.351041 26.967964 0.159957 4.447864 0.878196 -4.900495 2.243543 -5.255039 -3.180158 14.282894 -0.826596 6.952505 -1e-06 -12.690609 -2e-06 15.965547 -17.637522 2.855171 1.665667 -1.955922 -2.878301 4.7278 -4.170588 4.993925 11.020528 2e-06 1e-06 12.109054 -3.735717 -2.866786 -1e-06 -1e-06 -0.0 1.291986 -1.928551 -1.49809 14.800132 0.567466 3.865608 14.242576 -1.341739 -6.660661 19.631973 0.143925 -0.648246 49.750462 -0.631815 -6.114487 0.35303 -1.511151 -0.031939 20.222797 3.684308 2.31663 18.787279 3e-06 -1e-06 10.751633 -0.479869 1.397905 -1e-06 0.0 1e-06 3.273807 0.305947 -0.580112 21.486816 11.830377 2.266133 8.16293 0.0 -2e-06 18.399084 -3.798987 -4.940577 5e-06 1e-06 -2e-06 14.982531 0.603603 0.869126 -0.122903 -0.694827 54.556389 -7.875962 2.435158 14.242977 1.855258 -1.90684 -5.371399 0.0 0.0 2e-06 12.560509 3.973882 -7.843435 -0.016678 -0.181842 10.834503 -1.106226 -3.907792 -0.149271 -1.404672 1.084371 -0.785827 -0.0 -0.0 -1e-06 
0.0 0.0 0.0 0.0 -0.0 0.0 -2.268934 98.231407 36.102226 -9.614196 7.990518 -4.935585 4.086551 0.504631 -1.523207 0.427188 -0.955789 -5.486962 4.340882 -2.411376 12.470005 1.754317 1.546337 9.12734 -1.035751 -0.460589 -3.570999 -1.913582 -0.836675 -10.855688 7.7e-05 -2.2e-05 6e-06 0.006216 -0.081051 0.010243 0.693999 -3.801722 -10.566808 -0.679926 3.647694 -10.534794 -18.068876 -7.768824 13.765782 -54.854702 -7.935716 22.502146 0.212489 -27.121449 -0.185822 -4.398512 2.32379 -13.893884 -5.88211 9.86129 0.702591 -10.936876 -0.360573 7.156206 -0.0 8.77483 -0.0 -16.529779 17.909714 5.812678 -1.844034 2.498505 -2.507279 -10.163605 4.678948 4.621109 -20.976038 -2e-06 -0.0 -21.226301 2.451698 -3.594006 1e-06 -7e-06 -1e-06 -1.362683 2.240798 -0.746322 -21.334925 0.584912 3.00832 -13.821219 -2e-06 -1e-06 -23.887182 -0.24908 -0.839488 -60.613987 2.325909 -1.239072 -0.294025 1.679688 0.833257 -14.218215 0.093217 1.30058 -34.212067 -0.287564 0.967165 -20.033226 0.964537 1.212841 -0.0 -0.0 -2e-06 -3.44039 0.788233 0.501656 -15.928192 -3.167309 2.999707 -6.33883 -1e-06 2e-06 -18.123457 3.648183 -4.905675 -2e-06 0.0 -2e-06 20.936491 10.620028 13.915862 54.079636 4.183739 4.814157 0.518277 27.406483 0.201261 4.31378 0.637784 -4.639589 2.243541 -5.255038 -3.180157 14.282891 -0.826593 6.952502 -2e-06 -12.690605 -2e-06 15.999242 -17.635544 2.845548 1.665666 -1.955923 -2.878298 4.727798 -4.170587 4.993923 11.020526 4e-06 -0.0 12.109052 -3.735715 -2.866784 -1e-06 -0.0 -0.0 1.291986 -1.92855 -1.49809 14.800129 0.567469 3.865607 14.242569 -1.341735 -6.660657 19.631968 0.143927 -0.648242 49.784416 -0.624018 -6.150298 0.353029 -1.51115 -0.031939 20.22279 3.684313 2.316629 18.787273 7e-06 0.0 10.751629 -0.479868 1.397904 1e-06 0.0 0.0 3.273807 0.305946 -0.580111 21.486818 11.830376 2.266135 8.162928 2e-06 -1e-06 18.39908 -3.798984 -4.940575 5e-06 1e-06 -2e-06 14.563039 -0.011269 -3.273203 -0.158839 -0.513 59.659805 -7.001668 3.512439 11.527064 1.844908 -1.933983 -4.252738 -0.0 0.0 2e-06 12.938636 3.199524 -5.441077 -0.03034 -0.154623 10.932551 -1.489786 -3.905304 -1.878217 -1.399235 1.112251 -0.587586 0.0 -0.0 -1e-06 
0.0 0.0 0.0 0.0 -0.0 0.0 -2.261909 98.269417 38.426651 -9.315587 8.361814 -5.513455 4.066316 0.603588 -1.012527 0.380414 -0.707937 -5.238722 4.112403 -2.246495 12.572169 2.026557 1.462412 9.405538 -1.146497 -0.780731 -3.561887 -1.987768 -1.038479 -11.32686 7.7e-05 -2.2e-05 6e-06 0.004477 -0.095361 0.020929 0.685954 -3.817714 -10.551895 -0.676459 3.635041 -10.52074 -17.694086 -7.52028 13.683219 -55.337769 -8.443511 21.690613 0.402561 -27.79784 -0.235776 -3.511823 2.031233 -14.101538 -5.882112 9.861293 0.70259 -10.936882 -0.360575 7.156209 1e-06 8.774834 -0.0 -16.424494 17.959583 5.865853 -1.844034 2.498506 -2.507279 -10.163611 4.678949 4.621112 -20.976048 -4e-06 3e-06 -21.226307 2.451699 -3.594002 0.0 -5e-06 0.0 -1.362683 2.2408 -0.746324 -21.334938 0.584909 3.008323 -13.821228 -3e-06 2e-06 -23.887196 -0.249081 -0.839484 -60.473015 2.338433 -1.310133 -0.294025 1.679688 0.833257 -14.218225 0.093214 1.30058 -34.212086 -0.287567 0.967171 -20.033232 0.964535 1.212844 -0.0 -0.0 -0.0 -3.440392 0.788234 0.501656 -15.928203 -3.167313 2.999709 -6.338833 -2e-06 0.0 -18.123465 3.648184 -4.905676 -2e-06 0.0 -1e-06 20.463085 10.953337 14.022696 53.965408 5.075224 4.634697 0.623279 28.132668 0.245957 4.37443 0.41005 -4.473654 2.243544 -5.255041 -3.180161 14.2829 -0.826592 6.952503 -4e-06 -12.690614 -1e-06 16.023788 -17.670221 2.815165 1.665668 -1.955923 -2.878301 4.727802 -4.170591 4.993925 11.020536 4e-06 -2e-06 12.109064 -3.735716 -2.866788 1e-06 -0.0 -0.0 1.291987 -1.928551 -1.498091 14.80014 0.56747 3.865605 14.242585 -1.341735 -6.660662 19.631985 0.143929 -0.648246 49.807823 -0.666642 -6.251282 0.353029 -1.511153 -0.031939 20.222809 3.684316 2.316629 18.787291 9e-06 -2e-06 10.751636 -0.479866 1.397908 1e-06 0.0 0.0 3.27381 0.305948 -0.580112 21.486834 11.830388 2.266131 8.16293 2e-06 -1e-06 18.399097 -3.798984 -4.940578 5e-06 0.0 -1e-06 13.734501 -0.427235 -7.383722 -0.162276 -0.307496 61.966228 -6.490667 4.315944 8.202435 1.818667 -1.925423 -4.039328 0.0 0.0 3e-06 12.910268 2.464773 -3.093943 -0.029057 -0.124382 10.596557 -1.879684 -3.840925 -3.351629 -1.400351 1.134556 -0.393511 -0.0 -0.0 -1e-06 
0.0 0.0 0.0 0.0 -0.0 0.0 -2.183608 98.336266 40.646206 -8.777955 8.656603 -5.788919 3.975322 0.69018 -0.584564 0.33053 -0.399023 -5.01984 3.766295 -2.020403 12.57656 2.200878 1.46178 9.589046 -1.250838 -1.093291 -3.581459 -2.039055 -1.265688 -11.610968 7.7e-05 -2.3e-05 6e-06 0.003555 -0.106618 0.031917 0.6862 -3.829722 -10.550895 -0.679805 3.62392 -10.523272 -17.466497 -7.285648 13.613256 -55.672695 -8.845459 20.8734 0.582407 -28.367344 -0.278082 -2.695327 1.864978 -14.66346 -5.882114 9.861293 0.70259 -10.936883 -0.360574 7.156211 0.0 8.774832 0.0 -16.312576 17.938805 5.912225 -1.844035 2.498506 -2.507281 -10.163611 4.67895 4.621112 -20.976046 -3e-06 2e-06 -21.226311 2.451699 -3.594005 0.0 -6e-06 -0.0 -1.362683 2.240799 -0.746324 -21.33494 0.584911 3.008325 -13.821231 -2e-06 2e-06 -23.887201 -0.249079 -0.839485 -60.368694 2.317764 -1.34711 -0.294025 1.679689 0.833256 -14.218225 0.093214 1.300581 -34.212086 -0.287564 0.967167 -20.033236 0.964536 1.212844 1e-06 -1e-06 -1e-06 -3.440392 0.788235 0.501656 -15.928205 -3.167312 2.999708 -6.338833 1e-06 2e-06 -18.123466 3.648185 -4.905674 -2e-06 1e-06 -1e-06 19.909397 11.32412 13.995497 54.048695 5.784569 4.612623 0.692094 28.936342 0.293698 4.48966 0.319174 -4.455942 2.243543 -5.255039 -3.180159 14.282899 -0.826596 6.952506 -3e-06 -12.690612 2e-06 16.015093 -17.684193 2.783 1.665668 -1.955923 -2.878302 4.727802 -4.170589 4.993929 11.020534 3e-06 -3e-06 12.109059 -3.735717 -2.866785 -0.0 0.0 -1e-06 1.291986 -1.928549 -1.49809 14.800139 0.567468 3.86561 14.242582 -1.341736 -6.66066 19.631979 0.143924 -0.648245 49.788719 -0.725529 -6.334122 0.353029 -1.511152 -0.031942 20.222803 3.684312 2.316631 18.787287 5e-06 -1e-06 10.751634 -0.479871 1.397908 1e-06 0.0 1e-06 3.273808 0.305947 -0.58011 21.486824 11.83038 2.266131 8.162931 1e-06 -1e-06 18.399096 -3.798987 -4.940578 5e-06 0.0 -1e-06 12.645437 -0.581739 -11.360568 -0.120198 -0.106035 61.355167 -6.099698 5.034115 5.25555 1.786638 -1.899928 -4.071441 0.0 0.0 3e-06 12.501527 1.72719 -0.872113 -0.020104 -0.099482 9.902048 -2.21326 -3.607158 -4.600005 -1.40726 1.133497 -0.289803 0.0 -0.0 -1e-06 
0.0 0.0 0.0 0.0 -0.0 0.0 -2.05626 98.412979 42.770763 -8.045449 8.848689 -5.79015 3.795151 0.740434 -0.253442 0.277502 -0.036249 -4.831547 3.355628 -1.762772 12.556639 2.218305 1.52229 9.596579 -1.315541 -1.344216 -3.620522 -2.074493 -1.495251 -11.778275 7.7e-05 -2.2e-05 6e-06 0.003515 -0.114979 0.038748 0.688122 -3.839961 -10.556553 -0.68309 3.616333 -10.532544 -17.472719 -7.081448 13.61325 -55.705379 -9.280729 20.25078 0.738153 -28.639355 -0.310035 -2.170041 1.902259 -15.36982 -5.882102 9.861282 0.702589 -10.936861 -0.360575 7.156199 -1e-06 8.77482 -4e-06 -16.233385 17.909048 5.969909 -1.844031 2.498504 -2.507275 -10.16359 4.678944 4.621104 -20.976006 -1e-06 2e-06 -21.226269 2.451699 -3.594 1e-06 -5e-06 -0.0 -1.36268 2.240797 -0.746323 -21.334896 0.584909 3.008319 -13.821201 -2e-06 0.0 -23.887152 -0.249078 -0.839484 -60.387173 2.278503 -1.309038 -0.294025 1.679687 0.833256 -14.218197 0.093216 1.300579 -34.212017 -0.287561 0.967167 -20.033194 0.964537 1.212842 -0.0 -0.0 -1e-06 -3.440386 0.788234 0.501656 -15.928172 -3.167308 2.999704 -6.338821 -0.0 2e-06 -18.123428 3.648183 -4.905669 -4e-06 0.0 -2e-06 19.316891 11.761412 13.91037 54.28075 6.466349 4.821376 0.691738 29.593359 0.303575 4.556578 0.335838 -4.395233 2.243542 -5.255035 -3.180157 14.28289 -0.826594 6.952498 -2e-06 -12.690603 -0.0 15.995444 -17.665722 2.757618 1.665668 -1.955923 -2.878298 4.727799 -4.170588 4.993922 11.020528 2e-06 -4e-06 12.109053 -3.735715 -2.866785 0.0 -0.0 -0.0 1.291986 -1.92855 -1.498089 14.800127 0.567468 3.865606 14.242573 -1.341738 -6.660657 19.631968 0.143927 -0.648247 49.765022 -0.766335 -6.337377 0.353029 -1.51115 -0.03194 20.22279 3.684309 2.316627 18.787271 6e-06 -5e-06 10.751628 -0.479867 1.397903 1e-06 1e-06 -0.0 3.273807 0.305947 -0.580112 21.486811 11.830374 2.26613 8.162928 2e-06 -3e-06 18.399084 -3.798983 -4.940579 6e-06 0.0 -2e-06 11.447603 -0.499466 -14.964461 -0.046897 0.040297 57.73671 -5.873242 5.421066 3.309363 1.770458 -1.878954 -4.12225 -0.0 -0.0 4e-06 11.823163 0.984667 1.082273 -0.011437 -0.068438 8.999043 -2.512797 -3.213889 -5.621235 -1.415586 1.105857 -0.250816 -0.0 -0.0 -1e-06 
0.0 0.0 0.0 0.0 -0.0 0.0 -1.872855 98.475693 44.871342 -7.230629 8.926394 -5.512863 3.559919 0.742594 -0.0572 0.226462 0.357679 -4.69634 2.960239 -1.494732 12.552327 2.077451 1.628151 9.44037 -1.345741 -1.494056 -3.669037 -2.125093 -1.700654 -11.923121 7.7e-05 -2.2e-05 6e-06 0.004849 -0.111443 0.0399 0.685973 -3.838981 -10.558563 -0.679441 3.621082 -10.537571 -17.729298 -6.905269 13.604465 -55.477287 -9.719707 19.870638 0.881789 -28.556492 -0.342956 -1.911842 2.050271 -16.051996 -5.88211 9.861293 0.702591 -10.93688 -0.360575 7.15621 0.0 8.774834 -1e-06 -16.196955 17.894859 6.020079 -1.844034 2.498506 -2.507278 -10.163606 4.678948 4.621111 -20.976038 -3e-06 2e-06 -21.226301 2.451698 -3.594002 2e-06 -6e-06 -0.0 -1.362682 2.240799 -0.746324 -21.334929 0.58491 3.008325 -13.821225 -2e-06 2e-06 -23.887184 -0.249077 -0.839483 -60.449722 2.250809 -1.21616 -0.294025 1.679688 0.833256 -14.218217 0.093214 1.300581 -34.212074 -0.287563 0.96717 -20.03323 0.964537 1.212844 0.0 -0.0 -2e-06 -3.440391 0.788234 0.501656 -15.9282 -3.167313 2.99971 -6.338831 -1e-06 1e-06 -18.123459 3.648187 -4.905674 -3e-06 0.0 -1e-06 18.752895 12.26625 13.821254 54.561195 7.196849 5.305883 0.580603 30.050709 0.254241 4.575558 0.367834 -4.125829 2.243545 -5.255041 -3.180161 14.282902 -0.826596 6.952504 -2e-06 -12.690616 -1e-06 15.961375 -17.611927 2.732164 1.665668 -1.955923 -2.8783 4.727803 -4.170591 4.993925 11.020536 3e-06 -3e-06 12.109063 -3.73572 -2.86679 1e-06 0.0 -1e-06 1.291986 -1.928549 -1.49809 14.800139 0.56747 3.865605 14.242584 -1.341736 -6.660664 19.631985 0.143928 -0.648245 49.732082 -0.757629 -6.277186 0.353029 -1.511152 -0.03194 20.222805 3.684313 2.316629 18.787289 7e-06 -5e-06 10.751636 -0.479869 1.397905 0.0 1e-06 -1e-06 3.27381 0.305948 -0.580111 21.486832 11.830383 2.26613 8.162933 2e-06 -2e-06 18.399099 -3.798987 -4.940583 5e-06 0.0 -1e-06 10.323282 -0.282298 -18.05542 0.042697 0.125354 51.294815 -5.687665 5.601883 2.655331 1.775948 -1.887613 -4.169631 0.0 0.0 1e-06 10.97911 0.255901 2.850744 -0.014659 -0.007388 7.928216 -2.782609 -2.704688 -6.556105 -1.423768 1.06006 -0.21038 0.0 -0.0 -1e-06 
0.0 0.0 0.0 0.0 -0.0 0.0 -1.623878 98.482704 46.979221 -6.507367 8.902292 -5.010042 3.349607 0.695299 -0.014725 0.173593 0.709959 -4.629652 2.659441 -1.227956 12.566821 1.83564 1.775834 9.233234 -1.346832 -1.561367 -3.699584 -2.211129 -1.841318 -12.114006 7.7e-05 -2.3e-05 6e-06 0.007925 -0.086598 0.038804 0.676244 -3.817023 -10.54765 -0.664549 3.647669 -10.532675 -18.142469 -6.733024 13.557608 -55.164242 -10.071811 19.642298 0.994105 -28.198322 -0.358227 -1.811058 2.210196 -16.828901 -5.882108 9.861286 0.702591 -10.936873 -0.360574 7.156208 1e-06 8.774826 -1e-06 -16.157619 17.882004 6.029132 -1.844033 2.498505 -2.507278 -10.163603 4.678946 4.621109 -20.976027 -3e-06 0.0 -21.226286 2.451698 -3.594001 1e-06 -6e-06 -0.0 -1.362682 2.240799 -0.746324 -21.334919 0.584911 3.008324 -13.821216 -2e-06 0.0 -23.887175 -0.249079 -0.839484 -60.410442 2.223944 -1.148534 -0.294025 1.679687 0.833256 -14.218214 0.093215 1.30058 -34.212063 -0.287565 0.967169 -20.033216 0.964537 1.212843 -0.0 -1e-06 -1e-06 -3.440389 0.788233 0.501656 -15.928187 -3.167309 2.999708 -6.338828 -1e-06 1e-06 -18.123447 3.648183 -4.905672 -3e-06 0.0 -2e-06 18.292017 12.792342 13.739872 54.799713 7.929696 5.978275 0.451211 30.34927 0.205246 4.610159 0.389567 -3.628929 2.243541 -5.255037 -3.18016 14.282894 -0.826596 6.952503 -2e-06 -12.690609 1e-06 15.935363 -17.575756 2.703396 1.665666 -1.955922 -2.8783 4.727799 -4.170588 4.993925 11.020528 3e-06 -2e-06 12.109054 -3.735716 -2.866782 1e-06 0.0 -1e-06 1.291986 -1.92855 -1.498091 14.800132 0.567468 3.865609 14.242576 -1.341737 -6.660658 19.631973 0.143925 -0.648243 49.701221 -0.720884 -6.233234 0.353029 -1.511151 -0.031942 20.222797 3.68431 2.316632 18.787279 4e-06 -1e-06 10.751631 -0.479869 1.397908 1e-06 2e-06 -1e-06 3.273808 0.305947 -0.580111 21.486816 11.830379 2.266133 8.16293 2e-06 -2e-06 18.39909 -3.798985 -4.940577 5e-06 1e-06 -2e-06 9.471342 -0.121255 -20.397669 0.118449 0.173303 42.734226 -5.338387 5.92563 3.524047 1.777707 -1.924386 -4.299576 0.0 0.0 3e-06 10.169521 -0.436577 4.40004 -0.034663 0.075475 6.820488 -3.011853 -2.086108 -7.519088 -1.431907 1.016445 -0.122005 0.0 -0.0 -1e-06 
0.0 0.0 0.0 0.0 -0.0 0.0 -1.301349 98.424889 49.131256 -5.945465 8.790354 -4.380262 3.185786 0.608057 -0.113072 0.110599 0.956469 -4.639329 2.477432 -0.937719 12.602247 1.542015 1.918569 9.081463 -1.309232 -1.581123 -3.695741 -2.289912 -1.892035 -12.268912 7.7e-05 -2.2e-05 6e-06 0.01342 -0.050738 0.039067 0.669295 -3.78389 -10.541522 -0.647335 3.685417 -10.530525 -18.557985 -6.558144 13.505209 -54.917225 -10.288963 19.413393 0.981678 -27.689217 -0.337936 -1.808722 2.399671 -17.598337 -5.882108 9.861288 0.70259 -10.936874 -0.360575 7.156207 -1e-06 8.774828 -1e-06 -16.086687 17.876348 6.020065 -1.844033 2.498505 -2.507279 -10.163603 4.678947 4.621109 -20.97603 -3e-06 0.0 -21.226295 2.451698 -3.594003 1e-06 -6e-06 -1e-06 -1.362682 2.240798 -0.746323 -21.334921 0.584911 3.008324 -13.821219 -2e-06 1e-06 -23.887178 -0.249078 -0.839485 -60.312134 2.200321 -1.141254 -0.294025 1.679689 0.833256 -14.218214 0.093216 1.30058 -34.212059 -0.287563 0.96717 -20.033218 0.964537 1.212843 -1e-06 0.0 -1e-06 -3.440389 0.788233 0.501655 -15.928191 -3.16731 2.999708 -6.338828 -1e-06 1e-06 -18.123453 3.648183 -4.905674 -3e-06 -0.0 -1e-06 17.913391 13.23284 13.637739 55.058216 8.638124 6.773978 0.380945 30.518402 0.193303 4.751413 0.404345 -2.990485 2.243542 -5.255038 -3.180159 14.282892 -0.826595 6.952504 -2e-06 -12.690605 2e-06 15.939913 -17.60096 2.676339 1.665666 -1.955922 -2.878298 4.727798 -4.170588 4.993925 11.020527 2e-06 -1e-06 12.109054 -3.735717 -2.866785 1e-06 -0.0 1e-06 1.291985 -1.928549 -1.498088 14.800129 0.567468 3.865609 14.242574 -1.341736 -6.66066 19.631969 0.143926 -0.648246 49.708195 -0.699381 -6.234353 0.353029 -1.511151 -0.031938 20.222794 3.68431 2.316631 18.787273 5e-06 -2e-06 10.751631 -0.479869 1.397906 1e-06 1e-06 -1e-06 3.273806 0.305947 -0.580113 21.486816 11.830376 2.266134 8.16293 2e-06 -1e-06 18.399088 -3.798986 -4.940575 4e-06 1e-06 -1e-06 8.905667 0.132724 -21.783068 0.150944 0.22115 32.527088 -4.693055 6.415473 5.73379 1.764586 -1.95687 -4.339683 -0.0 0.0 2e-06 9.474615 -1.091285 5.923988 -0.057482 0.159256 5.516731 -3.196158 -1.387536 -8.264116 -1.437977 0.994764 -0.056094 0.0 -0.0 -1e-06 
0.0 0.0 0.0 0.0 -0.0 0.0 -0.899438 98.281494 51.381832 -5.565391 8.632607 -3.718618 3.045589 0.520927 -0.336354 0.041638 1.065207 -4.724161 2.423819 -0.667766 12.625904 1.257223 2.034224 9.035802 -1.255102 -1.559056 -3.671996 -2.314802 -1.865938 -12.26989 7.7e-05 -2.3e-05 6e-06 0.020091 -0.023506 0.044878 0.669934 -3.761369 -10.54998 -0.635243 3.71691 -10.536448 -18.834284 -6.336588 13.510297 -54.852661 -10.371351 19.168005 0.858011 -27.157915 -0.296865 -2.059757 2.629775 -17.972601 -5.882105 9.861283 0.70259 -10.936868 -0.360575 7.156203 -0.0 8.774822 -2e-06 -16.029133 17.892471 6.052908 -1.844032 2.498504 -2.507277 -10.163597 4.678944 4.621106 -20.976017 -2e-06 1e-06 -21.226282 2.451697 -3.594001 1e-06 -6e-06 -1e-06 -1.362681 2.240797 -0.746323 -21.334906 0.58491 3.008321 -13.821208 -2e-06 1e-06 -23.887159 -0.249078 -0.839484 -60.34124 2.221114 -1.126205 -0.294025 1.679688 0.833256 -14.218205 0.093216 1.30058 -34.212044 -0.287564 0.967168 -20.033209 0.964536 1.212842 -0.0 0.0 -0.0 -3.440387 0.788233 0.501656 -15.928181 -3.167308 2.999705 -6.338824 -0.0 1e-06 -18.12344 3.648183 -4.905669 -3e-06 0.0 -1e-06 17.608572 13.519101 13.497609 55.399376 9.216976 7.614222 0.35688 30.644302 0.193342 5.054506 0.382999 -2.305941 2.243541 -5.255035 -3.180156 14.282887 -0.826596 6.952498 -1e-06 -12.6906 1e-06 15.964999 -17.664469 2.685414 1.665665 -1.95592 -2.878299 4.727798 -4.170587 4.993922 11.020526 2e-06 -1e-06 12.10905 -3.735714 -2.866785 1e-06 -0.0 1e-06 1.291984 -1.928549 -1.498087 14.800125 0.567469 3.865606 14.242569 -1.341735 -6.660655 19.631962 0.143924 -0.648243 49.777195 -0.715933 -6.219703 0.353028 -1.511148 -0.03194 20.222786 3.684308 2.316629 18.78727 4e-06 -2e-06 10.751625 -0.47987 1.397905 0.0 0.0 -1e-06 3.273805 0.305947 -0.58011 21.486803 11.830368 2.26613 8.162925 2e-06 -2e-06 18.399076 -3.798983 -4.940573 4e-06 0.0 -1e-06 8.521273 0.701371 -22.167501 0.11289 0.247087 21.346872 -4.59774 6.342116 8.380417 1.744989 -1.957127 -4.16601 0.0 0.0 2e-06 8.898491 -1.746271 7.516637 -0.072144 0.205397 4.115522 -3.300254 -0.621708 -9.016762 -1.442543 0.994184 -0.032309 -0.0 -0.0 -1e-06 
0.0 0.0 0.0 0.0 -0.0 0.0 -0.404571 98.058907 53.759872 -5.301324 8.480446 -3.073015 2.867685 0.435946 -0.706339 -0.00124 1.081883 -4.877827 2.463408 -0.524517 12.63651 0.992242 2.143302 9.109444 -1.20822 -1.537802 -3.66605 -2.31128 -1.718034 -12.072501 7.7e-05 -2.2e-05 6e-06 0.023378 -0.018792 0.050872 0.674229 -3.762705 -10.573727 -0.63352 3.727193 -10.556001 -19.029583 -6.036958 13.567281 -54.897724 -10.210289 18.92115 0.699247 -26.740473 -0.243376 -2.636653 2.756172 -18.170866 -5.882107 9.86129 0.702591 -10.936873 -0.360576 7.156205 -0.0 8.77483 -1e-06 -15.990575 17.923933 6.125054 -1.844032 2.498505 -2.507278 -10.163601 4.678946 4.621109 -20.976025 -3e-06 2e-06 -21.22629 2.451698 -3.594001 1e-06 -6e-06 -0.0 -1.362682 2.2408 -0.746323 -21.334917 0.58491 3.008322 -13.821217 -3e-06 2e-06 -23.887171 -0.249078 -0.839483 -60.457603 2.268163 -1.07527 -0.294025 1.679687 0.833255 -14.218212 0.093215 1.30058 -34.212063 -0.287564 0.96717 -20.033218 0.964536 1.212844 -0.0 0.0 -0.0 -3.440389 0.788234 0.501655 -15.928189 -3.167312 2.999707 -6.338827 -1e-06 0.0 -18.123447 3.648184 -4.905673 -3e-06 -0.0 -2e-06 17.441854 13.645597 13.433098 55.744522 9.588061 8.465096 0.286859 30.91577 0.151237 5.578588 0.283574 -1.697114 2.243541 -5.255036 -3.180157 14.282895 -0.826594 6.952501 -3e-06 -12.690605 -1e-06 15.98128 -17.753241 2.733434 1.665667 -1.955922 -2.878297 4.727799 -4.170588 4.993925 11.020529 3e-06 -1e-06 12.109055 -3.735716 -2.866783 1e-06 -0.0 2e-06 1.291985 -1.928549 -1.498089 14.800132 0.567469 3.865608 14.242576 -1.341737 -6.660659 19.631969 0.143925 -0.648244 49.932739 -0.774439 -6.175915 0.35303 -1.51115 -0.03194 20.222797 3.684312 2.316632 18.787277 6e-06 1e-06 10.75163 -0.479867 1.397907 1e-06 0.0 -1e-06 3.273808 0.305948 -0.580111 21.486818 11.830379 2.266132 8.16293 3e-06 -2e-06 18.399088 -3.798985 -4.940577 4e-06 0.0 -1e-06 8.101333 1.516126 -21.835081 0.00953 0.193214 10.493361 -5.89252 5.637691 10.032228 1.719864 -1.940847 -3.960524 0.0 -0.0 2e-06 8.348018 -2.25237 9.080513 -0.0748 0.165281 3.00791 -3.246922 0.050474 -9.813866 -1.448079 0.994988 -0.133224 -0.0 -0.0 -1e-06 
0.0 0.0 0.0 0.0 -0.0 0.0 0.211625 97.753738 56.274651 -4.936596 8.295706 -2.433479 2.524906 0.339684 -1.193635 -0.016615 1.073494 -5.096839 2.543267 -0.517278 12.653223 0.697773 2.251376 9.270466 -1.163723 -1.439642 -3.659744 -2.319728 -1.54511 -11.673249 7.7e-05 -2.2e-05 6e-06 0.020719 -0.022794 0.054172 0.669956 -3.769145 -10.590046 -0.635213 3.725587 -10.575257 -19.403885 -5.70399 13.593184 -54.772083 -9.683401 18.670559 0.525457 -26.428564 -0.185072 -3.477679 2.606655 -18.481297 -5.88211 9.861292 0.70259 -10.936879 -0.360575 7.15621 1e-06 8.774831 1e-06 -15.973692 17.965948 6.142204 -1.844034 2.498506 -2.50728 -10.163607 4.678948 4.621112 -20.97604 -4e-06 1e-06 -21.226301 2.451698 -3.594002 1e-06 -6e-06 -1e-06 -1.362682 2.240799 -0.746324 -21.334929 0.58491 3.008323 -13.821223 -3e-06 1e-06 -23.887188 -0.24908 -0.839484 -60.527069 2.303455 -1.101735 -0.294025 1.679687 0.833256 -14.218219 0.093214 1.300581 -34.212074 -0.287565 0.967168 -20.033232 0.964536 1.212843 -0.0 0.0 -0.0 -3.440391 0.788233 0.501655 -15.928201 -3.167311 2.999708 -6.338832 -2e-06 1e-06 -18.123459 3.648183 -4.905674 -4e-06 -1e-06 -2e-06 17.582197 13.639347 13.516104 55.789326 9.705847 9.250838 0.25132 31.421684 0.118019 6.345712 0.211197 -1.349748 2.243543 -5.255039 -3.180156 14.282896 -0.826595 6.9525 -2e-06 -12.690609 -0.0 15.995917 -17.868959 2.75028 1.665666 -1.955921 -2.878298 4.727799 -4.170588 4.993924 11.020529 3e-06 -2e-06 12.109056 -3.735718 -2.866786 1e-06 1e-06 -0.0 1.291985 -1.928549 -1.498088 14.800131 0.567467 3.865606 14.242576 -1.341737 -6.660661 19.631971 0.143928 -0.648247 50.100487 -0.817469 -6.190933 0.353028 -1.511151 -0.031942 20.222795 3.684311 2.316629 18.787273 5e-06 -2e-06 10.751629 -0.479867 1.397904 0.0 0.0 0.0 3.273809 0.305946 -0.58011 21.48682 11.830379 2.266131 8.16293 2e-06 -2e-06 18.399088 -3.798986 -4.94058 4e-06 -1e-06 -1e-06 7.336111 2.177485 -21.234671 -0.094765 0.082447 1.479032 -8.008766 5.201878 10.193126 1.678222 -1.966637 -3.948935 0.0 0.0 4e-06 7.657632 -2.511054 10.200997 -0.067358 0.061788 3.040271 -3.085838 0.594149 -11.074463 -1.453566 0.969298 -0.355571 0.0 -0.0 -1e-06 
0.0 0.0 0.0 0.0 -0.0 0.0 0.933893 97.376884 58.882408 -4.365645 7.959237 -1.879286 2.039502 0.296565 -1.641137 -0.051193 1.088126 -5.306359 2.579965 -0.550797 12.647812 0.433399 2.320265 9.440642 -1.103164 -1.333154 -3.640756 -2.317783 -1.413344 -11.228015 7.7e-05 -2.3e-05 6e-06 0.01698 -0.024892 0.052782 0.656094 -3.766757 -10.579522 -0.629353 3.719821 -10.56888 -19.886211 -5.483665 13.526936 -54.487518 -8.87024 18.60976 0.399815 -26.159889 -0.147138 -4.389169 2.386033 -18.927914 -5.88211 9.861289 0.702588 -10.93688 -0.360577 7.156205 2e-06 8.774828 -3e-06 -16.019455 17.968344 6.078734 -1.844034 2.498505 -2.507278 -10.163607 4.678945 4.621106 -20.97604 -7e-06 -0.0 -21.226305 2.451694 -3.594002 1e-06 -6e-06 -1e-06 -1.362683 2.240799 -0.746324 -21.334936 0.584906 3.008319 -13.821225 -5e-06 -1e-06 -23.88719 -0.249084 -0.839484 -60.584843 2.268618 -1.161855 -0.294025 1.679688 0.833256 -14.218221 0.093213 1.300577 -34.212082 -0.287572 0.967166 -20.03323 0.964531 1.212842 -1e-06 -1e-06 -1e-06 -3.440391 0.788233 0.501654 -15.928201 -3.167313 2.999703 -6.338831 -2e-06 -1e-06 -18.123459 3.648181 -4.905675 -5e-06 -0.0 -2e-06 17.909058 13.552858 13.663454 55.627724 9.656544 9.75582 0.338985 31.87236 0.16398 7.032368 0.315929 -1.395314 2.243543 -5.255039 -3.180159 14.282902 -0.826592 6.952506 -5e-06 -12.690614 1e-06 16.021511 -17.955231 2.738431 1.665667 -1.955923 -2.878302 4.727801 -4.170589 4.993927 11.020536 5e-06 -2e-06 12.10906 -3.735716 -2.866785 1e-06 0.0 -0.0 1.291987 -1.928551 -1.49809 14.80014 0.567472 3.865607 14.242584 -1.341735 -6.660662 19.631985 0.14393 -0.648244 50.212944 -0.816099 -6.226898 0.353028 -1.511152 -0.031938 20.222809 3.684316 2.316629 18.787289 1e-05 -1e-06 10.751636 -0.479866 1.397908 1e-06 -0.0 -0.0 3.27381 0.305948 -0.580111 21.486832 11.830388 2.266133 8.162934 2e-06 -1e-06 18.399096 -3.798985 -4.940577 4e-06 -1e-06 -1e-06 6.21069 2.537004 -21.057646 -0.125214 -0.008982 -3.281351 -9.447727 5.47497 9.658419 1.649321 -2.013162 -3.995932 -0.0 1e-06 3e-06 6.722315 -2.417623 11.366962 -0.073191 0.021792 3.352393 -2.830148 0.972916 -12.522147 -1.454918 0.953533 -0.523109 0.0 -0.0 -1e-06 
0.0 0.0 0.0 0.0 -0.0 0.0 1.7322 97.032188 61.47979 -3.417267 7.553976 -1.395443 1.378592 0.302086 -1.999864 -0.126517 1.152721 -5.459849 2.377531 -0.571695 12.589747 0.272985 2.334119 9.525593 -1.069368 -1.271505 -3.614781 -2.207952 -1.316709 -10.767006 7.7e-05 -2.3e-05 6e-06 0.017539 -0.022535 0.051045 0.656305 -3.762963 -10.580079 -0.628488 3.721296 -10.568739 -20.384489 -5.373193 13.377561 -54.001389 -8.05082 18.794264 0.239901 -25.724167 -0.103187 -5.303391 2.444712 -18.825603 -5.88211 9.861293 0.702591 -10.936875 -0.360575 7.156207 0.0 8.774831 -0.0 -16.067286 18.016027 6.050339 -1.844034 2.498506 -2.507279 -10.163604 4.678949 4.62111 -20.976036 -4e-06 -1e-06 -21.226301 2.451698 -3.594003 0.0 -6e-06 -0.0 -1.362682 2.2408 -0.746324 -21.334929 0.58491 3.008323 -13.82122 -3e-06 1e-06 -23.887182 -0.249079 -0.839485 -60.630749 2.271147 -1.178209 -0.294025 1.679688 0.833256 -14.218215 0.093215 1.30058 -34.212067 -0.287566 0.967167 -20.033222 0.964536 1.212843 -1e-06 -0.0 -0.0 -3.44039 0.788235 0.501656 -15.928196 -3.167312 2.999707 -6.33883 -0.0 1e-06 -18.123459 3.648185 -4.905675 -5e-06 -0.0 -2e-06 18.318987 13.448187 13.806682 55.573635 9.516497 9.935676 0.353764 31.881651 0.176418 7.356122 0.476278 -1.500139 2.243541 -5.255038 -3.180157 14.282887 -0.826597 6.952502 1e-06 -12.690601 -1e-06 16.069273 -17.948248 2.721467 1.665666 -1.955922 -2.8783 4.727798 -4.170588 4.99392 11.020522 1e-06 -1e-06 12.109048 -3.735717 -2.866784 0.0 1e-06 -0.0 1.291985 -1.92855 -1.498091 14.800123 0.567465 3.865608 14.242565 -1.341738 -6.660657 19.631958 0.143921 -0.648244 50.235306 -0.770802 -6.253976 0.353029 -1.511151 -0.031939 20.222782 3.684305 2.316633 18.78727 1e-06 2e-06 10.751625 -0.47987 1.397904 0.0 -0.0 0.0 3.273805 0.305946 -0.580111 21.486801 11.830368 2.266132 8.162925 0.0 -1e-06 18.399076 -3.798988 -4.940576 5e-06 1e-06 -1e-06 4.654066 2.666353 -21.309206 -0.105293 -0.039457 -3.358079 -9.584141 5.690153 9.617521 1.67002 -2.021621 -4.049531 -0.0 -0.0 2e-06 5.34434 -2.161914 12.466082 -0.087483 0.065261 4.039634 -2.573421 1.218207 -13.880214 -1.453677 0.969652 -0.78329 -0.0 0.0 -1e-06 
0.0 0.0 0.0 0.0 -0.0 0.0 2.605143 96.834167 64.155212 -2.084332 7.048618 -0.842332 0.544792 0.314769 -2.401863 -0.222672 1.312039 -5.656751 1.955511 -0.540971 12.55528 0.184523 2.3876 9.523831 -1.082469 -1.183548 -3.526433 -2.056601 -1.336905 -10.22188 7.7e-05 -2.3e-05 6e-06 0.02399 0.033622 0.055884 0.666874 -3.716578 -10.605297 -0.625417 3.786833 -10.590973 -21.030167 -5.311696 13.074263 -53.33485 -7.23592 19.237347 0.129955 -24.993929 -0.047206 -6.126494 2.710246 -18.462671 -5.882111 9.861292 0.702591 -10.936877 -0.360573 7.15621 -0.0 8.774831 -2e-06 -16.117426 17.999454 6.021053 -1.844034 2.498507 -2.507279 -10.163607 4.678949 4.621112 -20.976034 -1e-06 1e-06 -21.226301 2.451701 -3.594003 0.0 -6e-06 -1e-06 -1.362682 2.2408 -0.746324 -21.334925 0.584913 3.008324 -13.821221 -1e-06 1e-06 -23.887182 -0.249076 -0.839486 -60.682392 2.238843 -1.164849 -0.294025 1.679688 0.833256 -14.218217 0.093216 1.30058 -34.21207 -0.28756 0.967169 -20.033222 0.964539 1.212842 -1e-06 -0.0 -0.0 -3.440391 0.788234 0.501656 -15.928198 -3.167309 2.999709 -6.338829 0.0 1e-06 -18.123459 3.648188 -4.905675 -5e-06 -0.0 -2e-06 18.83231 13.36946 13.873425 55.602764 9.200354 10.018145 0.222348 31.3307 0.15736 7.41865 0.580981 -1.621957 2.243542 -5.255038 -3.180159 14.282888 -0.826594 6.952504 -2e-06 -12.690603 -1e-06 16.004618 -17.891075 2.713217 1.665666 -1.955922 -2.878302 4.727798 -4.170588 4.993924 11.020525 3e-06 -2e-06 12.109052 -3.735717 -2.866787 0.0 1e-06 -0.0 1.291986 -1.928549 -1.498088 14.800127 0.567468 3.865607 14.242572 -1.341736 -6.660658 19.631969 0.143927 -0.648247 50.244083 -0.796125 -6.275059 0.353029 -1.511151 -0.031939 20.222788 3.684309 2.31663 18.78727 4e-06 -1e-06 10.751627 -0.479871 1.397906 0.0 0.0 0.0 3.273807 0.305947 -0.58011 21.486811 11.830373 2.266133 8.162928 2e-06 -1e-06 18.39908 -3.798988 -4.940573 4e-06 1e-06 -1e-06 2.750625 2.633364 -21.533331 -0.078214 -0.07088 -1.210452 -8.197438 5.433364 10.754388 1.714787 -2.008887 -4.053258 0.0 -0.0 3e-06 3.402948 -1.974809 13.495712 -0.069038 0.073385 4.919447 -2.278443 1.640687 -14.547523 -1.473173 0.987233 -1.406651 -0.0 -0.0 -1e-06 
0.0 0.0 0.0 0.0 -0.0 0.0 3.551808 96.780602 66.991409 -0.772289 6.528454 -0.214147 -0.200253 0.361929 -2.943376 -0.319983 1.446021 -5.901744 1.49597 -0.466924 12.583254 -0.017445 2.518892 9.39986 -1.082595 -1.205493 -3.576708 -1.835593 -1.359251 -9.499863 7.7e-05 -2.3e-05 6e-06 0.03253 0.000728 0.034616 0.675924 -3.75228 -10.630173 -0.616999 3.757833 -10.619114 -21.858833 -5.201006 12.782516 -52.574154 -6.501005 19.566149 0.100933 -24.143406 0.015659 -6.690479 2.976941 -18.234495 -5.882112 9.861299 0.702591 -10.93688 -0.360574 7.15621 -1e-06 8.774837 -2e-06 -16.159952 18.062576 6.080752 -1.844034 2.498508 -2.507279 -10.163609 4.678951 4.621112 -20.976038 -1e-06 0.0 -21.226305 2.451703 -3.594006 0.0 -7e-06 -1e-06 -1.362683 2.240801 -0.746323 -21.334929 0.584913 3.008325 -13.821224 -1e-06 0.0 -23.887184 -0.249076 -0.839487 -60.70488 2.225221 -1.110469 -0.294025 1.679689 0.833258 -14.218219 0.093217 1.30058 -34.212074 -0.287561 0.967168 -20.033232 0.964538 1.212842 -1e-06 -0.0 -0.0 -3.440391 0.788235 0.501656 -15.928198 -3.16731 2.999709 -6.338832 0.0 1e-06 -18.123463 3.64819 -4.905677 -5e-06 -0.0 -2e-06 19.471453 13.334479 13.860112 55.533989 8.565141 9.994166 0.082003 30.497971 0.113298 7.361817 0.561777 -1.398414 2.243544 -5.255041 -3.180161 14.2829 -0.826595 6.952507 -2e-06 -12.690612 -2e-06 15.981912 -17.887018 2.699909 1.665669 -1.955924 -2.878299 4.727801 -4.170589 4.993924 11.020535 2e-06 -1e-06 12.10906 -3.735719 -2.866788 0.0 -0.0 -0.0 1.291987 -1.928552 -1.498091 14.800139 0.567466 3.86561 14.242582 -1.341739 -6.660665 19.631983 0.143924 -0.648248 50.274101 -0.768875 -6.271605 0.353029 -1.511151 -0.031942 20.222803 3.684309 2.31663 18.787287 5e-06 -4e-06 10.751636 -0.479869 1.397905 0.0 -0.0 0.0 3.273809 0.305947 -0.580114 21.486828 11.830383 2.266132 8.162933 1e-06 -2e-06 18.399097 -3.798986 -4.940582 4e-06 1e-06 -1e-06 0.967922 2.345206 -22.182327 -0.034981 -0.010773 2.026846 -6.49733 5.027313 13.142049 1.766025 -1.945277 -4.007691 0.0 0.0 2e-06 1.38721 -1.931456 14.498566 -0.066923 0.15985 5.731816 -1.801711 2.277291 -14.044508 -1.478201 1.026959 -2.483571 -0.0 -0.0 -1e-06 
0.0 0.0 0.0 0.0 -0.0 0.0 4.522692 96.837341 69.86087 0.309383 6.106205 0.318708 -0.692901 0.366755 -3.371077 -0.423697 1.525666 -6.176451 1.038983 -0.28081 12.514747 -0.161351 2.731502 9.244069 -1.090645 -1.234607 -3.607911 -1.662676 -1.537179 -9.030776 7.7e-05 -2.2e-05 6e-06 0.037176 0.018509 0.024859 0.686392 -3.726814 -10.617577 -0.617601 3.769491 -10.604081 -22.568726 -5.046755 12.768402 -51.950184 -6.092685 19.947313 0.155445 -23.304029 0.043086 -6.984384 3.110547 -18.693737 -5.882108 9.861286 0.702591 -10.936874 -0.360574 7.156208 1e-06 8.774827 1e-06 -16.267864 18.206341 6.154962 -1.844033 2.498505 -2.507279 -10.163602 4.678946 4.621111 -20.976027 -3e-06 1e-06 -21.226288 2.451697 -3.594002 0.0 -6e-06 -0.0 -1.362682 2.240798 -0.746323 -21.334921 0.584911 3.008324 -13.821218 -2e-06 1e-06 -23.887177 -0.249079 -0.839483 -60.837307 2.135046 -0.985901 -0.294025 1.679687 0.833256 -14.218212 0.093216 1.300581 -34.212059 -0.287562 0.96717 -20.03322 0.964538 1.212843 0.0 -0.0 -0.0 -3.440389 0.788234 0.501656 -15.928192 -3.167309 2.999708 -6.338828 -1e-06 1e-06 -18.123453 3.648183 -4.905672 -5e-06 -0.0 -2e-06 19.923319 13.265606 13.759337 55.63924 7.690092 9.794124 0.115065 29.50585 0.122244 7.220773 0.393343 -1.268076 2.24354 -5.255035 -3.180157 14.282887 -0.826595 6.952499 -1e-06 -12.690598 -1e-06 15.948726 -17.766872 2.643917 1.665665 -1.95592 -2.878298 4.727798 -4.170587 4.993921 11.020522 1e-06 -0.0 12.109047 -3.735713 -2.866782 1e-06 -0.0 2e-06 1.291985 -1.928548 -1.498087 14.800122 0.567467 3.865607 14.242566 -1.341736 -6.660653 19.631956 0.143924 -0.648245 50.24398 -0.73083 -6.221434 0.353029 -1.511153 -0.031939 20.222784 3.684308 2.316633 18.78727 4e-06 0.0 10.751625 -0.479869 1.397906 1e-06 0.0 -1e-06 3.273805 0.305946 -0.580111 21.486803 11.830369 2.266135 8.162924 1e-06 -1e-06 18.399076 -3.798985 -4.940572 4e-06 0.0 0.0 -0.473567 1.894222 -23.268269 -0.066166 -0.083112 6.241394 -5.630646 5.054136 14.176594 1.735815 -1.87798 -3.6523 -0.0 -0.0 2e-06 -0.458364 -2.11273 15.343294 -0.054833 0.284501 6.945698 -1.381821 2.894351 -12.380748 -1.483739 0.979937 -4.371987 0.0 -0.0 -1e-06 
0.0 0.0 0.0 0.0 -0.0 0.0 5.523152 96.972336 72.70694 1.320232 5.94517 0.717564 -1.059522 0.383216 -3.726598 -0.475143 1.651765 -6.342796 0.393878 -0.213123 12.360823 -0.267316 2.762256 9.257182 -1.100422 -1.269058 -3.694837 -1.563546 -1.670007 -8.763815 7.7e-05 -2.2e-05 6e-06 0.050769 0.015336 0.033345 0.700231 -3.740188 -10.623479 -0.605528 3.773367 -10.617008 -22.74637 -4.992499 12.589654 -51.784588 -5.631132 20.065475 0.146447 -22.838764 0.052744 -7.041796 3.438217 -18.426294 -5.882107 9.861289 0.70259 -10.936872 -0.360575 7.156205 1e-06 8.774828 -2e-06 -16.281332 18.152622 6.067992 -1.844033 2.498505 -2.507278 -10.1636 4.678947 4.621109 -20.976025 -3e-06 1e-06 -21.226288 2.451698 -3.594002 0.0 -6e-06 -1e-06 -1.362682 2.240799 -0.746324 -21.334915 0.58491 3.008322 -13.821215 -2e-06 1e-06 -23.887171 -0.249078 -0.839484 -60.85622 2.027085 -1.152376 -0.294025 1.679688 0.833256 -14.21821 0.093216 1.300581 -34.212048 -0.287563 0.967169 -20.033213 0.964537 1.212842 -1e-06 -0.0 0.0 -3.440389 0.788233 0.501655 -15.928187 -3.16731 2.999707 -6.338827 -1e-06 0.0 -18.123447 3.648185 -4.905672 -5e-06 -0.0 -2e-06 20.082764 13.144504 13.70467 56.145988 6.842773 9.446742 0.058897 28.156916 0.067421 7.024852 0.38452 -1.22954 2.243541 -5.255037 -3.180159 14.282894 -0.826595 6.952503 -3e-06 -12.690605 1e-06 16.046398 -17.717672 2.546015 1.665666 -1.955922 -2.878299 4.727799 -4.170588 4.993926 11.020528 4e-06 -0.0 12.109055 -3.735716 -2.866783 1e-06 -0.0 1e-06 1.291986 -1.92855 -1.498088 14.800131 0.567469 3.86561 14.242576 -1.341734 -6.660658 19.631971 0.143928 -0.648243 50.250549 -0.730015 -6.25147 0.35303 -1.511151 -0.03194 20.222797 3.684311 2.316631 18.787279 7e-06 0.0 10.751631 -0.47987 1.397909 0.0 0.0 -1e-06 3.273808 0.305947 -0.580111 21.486816 11.830377 2.266133 8.16293 2e-06 0.0 18.399088 -3.798984 -4.940573 4e-06 1e-06 0.0 -2.031311 1.774536 -24.811865 -0.059292 0.014836 12.039407 -4.879611 4.368447 11.846098 1.699534 -1.875627 -2.69079 -0.0 -0.0 2e-06 -2.3604 -2.713726 15.979687 -0.083425 0.299773 8.80302 -0.886669 3.521775 -9.66057 -1.499308 0.981566 -6.781355 -0.0 -0.0 -1e-06 
0.0 0.0 0.0 0.0 -0.0 0.0 6.553382 97.167168 75.673523 2.28183 5.614006 0.807032 -1.377491 0.395873 -3.942343 -0.552212 1.870733 -6.438148 -0.14981 -0.030433 12.185412 -0.338715 2.838125 9.506433 -1.079901 -1.395314 -3.709771 -1.472092 -1.834538 -8.776909 7.7e-05 -2.2e-05 6e-06 0.048477 -0.013862 0.04117 0.70434 -3.759523 -10.587977 -0.614536 3.733655 -10.582067 -22.593468 -4.830156 12.918101 -51.95892 -5.740615 20.02272 0.295058 -22.748684 0.023758 -6.928405 3.602892 -18.502422 -5.882114 9.861295 0.70259 -10.936885 -0.360575 7.156212 0.0 8.774835 -1e-06 -16.290771 18.086147 6.033709 -1.844035 2.498507 -2.50728 -10.163611 4.678949 4.621112 -20.976053 -3e-06 1e-06 -21.226315 2.4517 -3.594005 -1e-06 -6e-06 -1e-06 -1.362683 2.2408 -0.746324 -21.334938 0.584911 3.008324 -13.821229 -3e-06 1e-06 -23.887201 -0.249079 -0.839485 -60.999622 2.004472 -1.115195 -0.294025 1.679689 0.833256 -14.218225 0.093215 1.300581 -34.212086 -0.287564 0.96717 -20.033236 0.964537 1.212844 -1e-06 -0.0 -0.0 -3.440392 0.788234 0.501656 -15.928203 -3.167312 2.999709 -6.338833 -1e-06 1e-06 -18.123468 3.648186 -4.905677 -5e-06 -0.0 -2e-06 19.807253 13.074791 13.768352 56.942886 6.049552 8.929799 0.042426 26.721498 0.046996 6.558546 0.152246 -1.358116 2.243544 -5.255041 -3.180161 14.282905 -0.826596 6.952506 -1e-06 -12.690616 1e-06 16.11421 -17.592068 2.409025 1.665669 -1.955924 -2.878299 4.727803 -4.170591 4.993929 11.020536 3e-06 -1e-06 12.109062 -3.735718 -2.866786 1e-06 -0.0 -1e-06 1.291986 -1.928551 -1.498091 14.800139 0.567467 3.86561 14.242585 -1.341738 -6.660665 19.631985 0.143926 -0.648248 50.02095 -0.662623 -6.238854 0.353029 -1.511152 -0.03194 20.222809 3.684312 2.316631 18.787292 7e-06 -4e-06 10.751637 -0.479869 1.397907 1e-06 1e-06 -1e-06 3.27381 0.305947 -0.580111 21.486832 11.830384 2.266134 8.162935 2e-06 -2e-06 18.399099 -3.798987 -4.940581 4e-06 0.0 -1e-06 -3.475569 2.041841 -24.4911 -0.08923 0.046797 15.643106 -4.331354 3.88467 7.919484 1.695937 -1.834538 -2.213764 0.0 -0.0 2e-06 -4.2985 -3.17102 15.778194 -0.064133 0.369827 12.5689 -0.596011 4.145133 -6.630022 -1.506399 0.932048 -10.342316 -0.0 -0.0 -1e-06 
0.0 0.0 0.0 0.0 -0.0 0.0 7.645485 97.368286 78.644272 3.320667 5.172525 0.527422 -1.755314 0.39555 -3.95469 -0.659813 2.036604 -6.469813 -0.585255 0.222948 12.06073 -0.545723 2.847371 9.907955 -1.065722 -1.358278 -3.696364 -1.232735 -1.897722 -8.785018 7.7e-05 -2.3e-05 6e-06 0.049226 -0.010633 0.049314 0.705999 -3.753085 -10.559188 -0.61481 3.733136 -10.552581 -22.363745 -4.650264 13.081547 -52.211285 -5.649194 19.948227 0.492855 -23.235525 -0.032312 -6.559256 3.59333 -18.570164 -5.88211 9.86129 0.702591 -10.93688 -0.360576 7.15621 1e-06 8.77483 -0.0 -16.266075 18.066196 5.999346 -1.844033 2.498505 -2.507279 -10.163605 4.678946 4.621112 -20.97604 -5e-06 3e-06 -21.226301 2.451697 -3.593999 0.0 -6e-06 -1e-06 -1.362682 2.240799 -0.746323 -21.334929 0.584908 3.008326 -13.821221 -3e-06 3e-06 -23.887182 -0.249079 -0.839481 -60.925289 2.001603 -1.169594 -0.294025 1.679687 0.833257 -14.218217 0.093213 1.300581 -34.212067 -0.287566 0.967175 -20.033222 0.964538 1.212846 -1e-06 -0.0 0.0 -3.440391 0.788233 0.501656 -15.928196 -3.167313 2.999711 -6.338829 -2e-06 1e-06 -18.123455 3.648183 -4.905672 -4e-06 0.0 -2e-06 19.168736 13.023325 13.859302 57.837761 5.386874 8.519127 0.112418 25.550034 0.06284 6.148136 -0.354617 -1.341054 2.243543 -5.255037 -3.180159 14.282896 -0.826596 6.952509 -3e-06 -12.690606 1e-06 16.203083 -17.623777 2.378965 1.665668 -1.955922 -2.878299 4.7278 -4.170588 4.993924 11.020531 3e-06 -0.0 12.109056 -3.735716 -2.866785 -0.0 -0.0 -1e-06 1.291986 -1.92855 -1.498089 14.800132 0.567467 3.865608 14.242578 -1.341735 -6.66066 19.631975 0.143927 -0.648245 50.032288 -0.689197 -6.258996 0.353029 -1.511151 -0.031941 20.222801 3.68431 2.316631 18.787283 6e-06 -1e-06 10.751632 -0.479869 1.397905 -1e-06 0.0 1e-06 3.273808 0.305948 -0.580111 21.48682 11.830378 2.266132 8.16293 1e-06 0.0 18.399088 -3.798985 -4.940575 5e-06 0.0 -2e-06 -5.030812 2.475927 -22.944881 -0.127471 0.049628 17.637333 -3.630481 3.491389 4.724035 1.688984 -1.837706 -1.632024 0.0 0.0 2e-06 -6.434138 -3.714411 14.628174 -0.067998 0.487215 18.498293 -0.464303 4.889863 -3.118586 -1.52846 0.903042 -14.211089 -0.0 -0.0 -1e-06 
0.0 0.0 0.0 0.0 -0.0 0.0 8.749481 97.541565 81.50898 4.617766 4.527308 -0.002221 -2.283908 0.436286 -3.795082 -0.775012 2.125794 -6.395007 -1.102324 0.490807 11.952319 -0.848313 2.98618 10.293593 -1.026929 -1.268941 -3.652704 -0.974031 -1.856714 -8.75276 7.7e-05 -2.3e-05 6e-06 0.047486 -0.013083 0.055176 0.701094 -3.750499 -10.523088 -0.613842 3.724538 -10.514966 -22.275166 -4.477615 13.180933 -52.22105 -5.552841 19.727272 0.602076 -23.886908 -0.093105 -5.989153 3.421967 -18.789074 -5.882108 9.861287 0.702589 -10.936875 -0.360575 7.156206 1e-06 8.774828 -1e-06 -16.246172 18.010565 5.946845 -1.844033 2.498505 -2.507277 -10.163603 4.678946 4.621108 -20.97603 -4e-06 1e-06 -21.226292 2.451697 -3.594002 1e-06 -6e-06 -1e-06 -1.362682 2.240798 -0.746324 -21.334923 0.584909 3.008322 -13.821218 -3e-06 1e-06 -23.887178 -0.249079 -0.839484 -60.759361 2.016102 -1.271187 -0.294025 1.679688 0.833255 -14.218212 0.093214 1.30058 -34.212063 -0.287566 0.967169 -20.033216 0.964535 1.212842 -1e-06 0.0 -0.0 -3.440389 0.788233 0.501655 -15.928191 -3.16731 2.999706 -6.338828 -1e-06 1e-06 -18.123455 3.648183 -4.905674 -4e-06 0.0 -2e-06 18.524342 13.002685 13.990423 58.542282 4.883089 8.335991 0.160807 24.832119 0.080936 5.80493 -0.708358 -1.442255 2.243541 -5.255037 -3.180157 14.28289 -0.826592 6.952498 -4e-06 -12.690603 -1e-06 16.303772 -17.646847 2.368475 1.665666 -1.955922 -2.878299 4.727798 -4.170587 4.993921 11.020526 4e-06 -2e-06 12.109053 -3.735714 -2.866786 -0.0 -0.0 -1e-06 1.291986 -1.92855 -1.498089 14.800132 0.56747 3.865608 14.242573 -1.341734 -6.660656 19.631971 0.143929 -0.648245 50.001816 -0.673843 -6.286506 0.353029 -1.511151 -0.031938 20.222794 3.684313 2.316631 18.787271 8e-06 -2e-06 10.751629 -0.479868 1.397905 -0.0 1e-06 -0.0 3.273808 0.305947 -0.580112 21.486818 11.830378 2.266134 8.162928 4e-06 -2e-06 18.399084 -3.79898 -4.940575 4e-06 2e-06 -2e-06 -6.825524 2.894063 -20.511961 -0.147659 0.024068 18.27599 -2.756128 3.499571 2.20208 1.675812 -1.867166 -1.09499 -0.0 0.0 2e-06 -8.91965 -4.120329 12.246402 -0.030357 0.575471 26.729395 -0.407789 5.575575 1.098586 -1.563175 0.874209 -17.318262 -0.0 -0.0 -1e-06 
0.0 0.0 0.0 0.0 -0.0 0.0 9.832966 97.682281 84.274963 5.983545 3.709769 -0.701833 -2.818401 0.488224 -3.482709 -0.876622 2.152461 -6.218966 -1.660875 0.692305 11.890939 -1.330984 3.282671 10.534647 -0.968615 -1.126046 -3.618764 -0.75942 -1.703761 -8.781265 7.7e-05 -2.2e-05 6e-06 0.045411 -0.008583 0.058197 0.696007 -3.74196 -10.488793 -0.613906 3.723635 -10.482659 -22.335018 -4.385308 13.126697 -51.985832 -5.561295 19.686739 0.631788 -24.334311 -0.145527 -5.547936 3.277667 -18.852625 -5.88211 9.861285 0.702591 -10.936877 -0.360575 7.156208 1e-06 8.774826 1e-06 -16.268902 17.973793 5.906384 -1.844033 2.498504 -2.507278 -10.163606 4.678946 4.62111 -20.976034 -4e-06 3e-06 -21.226299 2.451696 -3.594 1e-06 -6e-06 -1e-06 -1.362682 2.240798 -0.746324 -21.334925 0.584909 3.008324 -13.821222 -3e-06 2e-06 -23.887182 -0.249079 -0.839482 -60.61314 2.043523 -1.362074 -0.294025 1.679687 0.833256 -14.218215 0.093214 1.300581 -34.212067 -0.287564 0.967172 -20.033226 0.964536 1.212844 -1e-06 -0.0 1e-06 -3.44039 0.788234 0.501656 -15.928198 -3.16731 2.999707 -6.338829 -1e-06 1e-06 -18.123457 3.648181 -4.90567 -4e-06 -0.0 -2e-06 17.95376 13.022137 14.168779 58.902084 4.673777 8.452904 0.219523 24.541201 0.108979 5.648338 -0.750856 -1.7896 2.243543 -5.255041 -3.180159 14.282906 -0.826595 6.952508 -4e-06 -12.690616 1e-06 16.404139 -17.669266 2.35119 1.665668 -1.955923 -2.878301 4.727804 -4.170592 4.993927 11.020538 3e-06 -1e-06 12.109064 -3.735718 -2.866786 -0.0 -0.0 -1e-06 1.291987 -1.92855 -1.49809 14.800144 0.56747 3.865608 14.242587 -1.341735 -6.660665 19.63199 0.143928 -0.648245 49.94104 -0.645206 -6.30695 0.353029 -1.511152 -0.031939 20.222815 3.684315 2.316632 18.787291 8e-06 -1e-06 10.751638 -0.479868 1.397907 0.0 1e-06 -0.0 3.273811 0.305947 -0.580111 21.486837 11.830388 2.266133 8.162937 3e-06 -1e-06 18.399103 -3.798987 -4.94058 4e-06 1e-06 -2e-06 -8.67703 3.353364 -17.55405 -0.120947 0.003533 17.996473 -1.882149 3.844862 0.170211 1.656079 -1.914293 -0.726138 -0.0 0.0 2e-06 -11.410597 -4.246763 8.755058 0.038455 0.618142 36.478554 -0.354997 5.833871 5.912651 -1.567014 0.840534 -17.538918 0.0 -0.0 -4e-06 
0.0 0.0 0.0 0.0 -0.0 0.0 10.843579 97.783272 86.958069 7.013818 2.836383 -1.522592 -3.158774 0.498997 -3.016153 -0.946249 2.116331 -5.98372 -2.054055 0.762367 11.903837 -1.978698 3.684764 10.612105 -0.882509 -0.978432 -3.612146 -0.641977 -1.373882 -9.035344 7.7e-05 -2.3e-05 6e-06 0.0449 -0.004019 0.065002 0.699256 -3.736069 -10.460989 -0.619512 3.72728 -10.460054 -22.401648 -4.458704 13.016029 -51.693325 -5.879156 19.777042 0.568654 -24.374834 -0.168083 -5.415655 3.351175 -18.44146 -5.882107 9.861288 0.702589 -10.936875 -0.360576 7.156205 0.0 8.774828 -2e-06 -16.332844 17.9807 5.872476 -1.844033 2.498506 -2.507278 -10.163603 4.678946 4.621109 -20.97603 -5e-06 1e-06 -21.226294 2.451696 -3.594002 0.0 -6e-06 -0.0 -1.362682 2.240799 -0.746324 -21.334917 0.584908 3.008323 -13.821218 -4e-06 2e-06 -23.887177 -0.24908 -0.839483 -60.493027 2.045012 -1.393844 -0.294025 1.679688 0.833256 -14.218213 0.093214 1.300579 -34.212063 -0.287567 0.967171 -20.03322 0.964535 1.212844 -0.0 -0.0 -0.0 -3.440389 0.788234 0.501656 -15.928191 -3.167313 2.999707 -6.338829 -1e-06 0.0 -18.123453 3.648183 -4.905672 -5e-06 -0.0 -1e-06 17.464895 13.081913 14.341941 58.900261 4.805443 8.844518 0.267262 24.498234 0.129462 5.6363 -0.608977 -2.167209 2.243543 -5.255039 -3.18016 14.282898 -0.826595 6.952504 -4e-06 -12.690611 0.0 16.44919 -17.658974 2.341408 1.665667 -1.955922 -2.8783 4.727799 -4.170588 4.993925 11.020531 4e-06 -1e-06 12.109058 -3.735717 -2.866785 -1e-06 0.0 -0.0 1.291986 -1.92855 -1.49809 14.800136 0.567469 3.865606 14.242579 -1.341735 -6.660662 19.631975 0.143927 -0.648244 49.855904 -0.636036 -6.304195 0.353029 -1.511151 -0.031941 20.222801 3.684312 2.316628 18.787281 7e-06 -1e-06 10.751633 -0.479868 1.397906 0.0 1e-06 1e-06 3.273808 0.305947 -0.580111 21.486824 11.830381 2.266132 8.16293 3e-06 -1e-06 18.399092 -3.798983 -4.940578 4e-06 1e-06 -3e-06 -10.135642 3.878074 -14.501661 -0.058317 0.028118 17.48164 -1.150334 4.310009 -1.677786 1.642374 -1.969743 -0.634144 0.0 0.0 2e-06 -13.181396 -3.930187 4.616514 0.102776 0.572472 46.257057 -0.224923 5.055165 10.671078 -1.471475 0.830842 -12.589643 -0.0 -0.0 -3e-06 
0.0 0.0 0.0 0.0 -0.0 0.0 11.713156 97.836281 89.519699 7.511846 2.028378 -2.325854 -3.291789 0.460719 -2.477274 -0.976778 2.000742 -5.75083 -2.161296 0.671289 11.988647 -2.608091 4.070425 10.599852 -0.802321 -0.813619 -3.613841 -0.60459 -0.967414 -9.583194 7.7e-05 -2.3e-05 6e-06 0.045085 0.01287 0.076346 0.70976 -3.720935 -10.454364 -0.630728 3.74841 -10.458136 -22.28046 -4.696834 12.891393 -51.522419 -6.526584 19.862574 0.410923 -24.096577 -0.154707 -5.500834 3.565649 -17.813267 -5.882108 9.861288 0.70259 -10.936873 -0.360575 7.156206 0.0 8.774828 -2e-06 -16.408848 18.03356 5.851966 -1.844033 2.498504 -2.507278 -10.163603 4.678945 4.621108 -20.97603 -4e-06 2e-06 -21.226292 2.451696 -3.594 1e-06 -5e-06 -0.0 -1.362682 2.240799 -0.746324 -21.334921 0.584909 3.008322 -13.821218 -3e-06 1e-06 -23.887175 -0.249079 -0.839484 -60.432606 2.05519 -1.338525 -0.294025 1.679687 0.833255 -14.218212 0.093214 1.30058 -34.212063 -0.287566 0.96717 -20.033215 0.964536 1.212844 0.0 -0.0 -1e-06 -3.440389 0.788233 0.501656 -15.928192 -3.16731 2.999707 -6.338828 -2e-06 -0.0 -18.123451 3.648183 -4.905673 -4e-06 -0.0 -1e-06 17.03303 13.155857 14.449227 58.688988 5.210463 9.27098 0.318694 24.579597 0.154251 5.546261 -0.420188 -2.167484 2.243543 -5.255039 -3.180159 14.282896 -0.826594 6.952507 -3e-06 -12.69061 -2e-06 16.424744 -17.621286 2.353525 1.665667 -1.955921 -2.878299 4.7278 -4.170588 4.993924 11.020529 3e-06 -2e-06 12.109056 -3.735716 -2.866787 -1e-06 0.0 -0.0 1.291986 -1.92855 -1.498088 14.800134 0.567469 3.865609 14.242577 -1.341736 -6.660659 19.631973 0.143927 -0.648246 49.79739 -0.653401 -6.284535 0.353029 -1.511151 -0.03194 20.222801 3.684313 2.31663 18.787279 7e-06 1e-06 10.751633 -0.479868 1.397906 -1e-06 0.0 2e-06 3.273808 0.305948 -0.580112 21.486824 11.830381 2.266133 8.16293 2e-06 -0.0 18.39909 -3.798984 -4.940578 4e-06 1e-06 -1e-06 -10.95872 4.487029 -11.756481 0.009098 0.088327 17.218332 -0.628599 4.715633 -3.529494 1.633914 -2.008653 -0.659144 0.0 0.0 2e-06 -13.817857 -3.244758 0.391858 0.121835 0.431919 54.477718 -0.563109 3.780581 13.049459 -1.370914 0.876133 -6.453401 0.0 -0.0 -1e-06 
0.0 0.0 0.0 0.0 -0.0 0.0 12.433198 97.895935 91.927971 7.470164 1.438383 -3.024888 -3.251371 0.392737 -1.971808 -0.959925 1.78687 -5.542976 -2.029806 0.402702 12.124259 -3.05661 4.364376 10.682981 -0.772983 -0.618944 -3.602709 -0.590428 -0.606193 -10.29993 7.7e-05 -2.2e-05 6e-06 0.045353 0.036147 0.081647 0.720992 -3.699287 -10.473874 -0.64174 3.776129 -10.47875 -21.989687 -5.050309 12.744452 -51.377716 -7.351673 19.943392 0.225546 -23.794767 -0.117825 -5.669734 3.727768 -17.137884 -5.882106 9.861287 0.702591 -10.936869 -0.360574 7.156205 -2e-06 8.774825 -2e-06 -16.487221 18.090321 5.820302 -1.844032 2.498505 -2.507277 -10.163599 4.678946 4.621108 -20.976023 -1e-06 3e-06 -21.226286 2.4517 -3.594002 0.0 -5e-06 -1e-06 -1.362682 2.240799 -0.746324 -21.334911 0.584912 3.008323 -13.821213 -1e-06 2e-06 -23.887167 -0.249076 -0.839484 -60.415672 2.103901 -1.261007 -0.294025 1.679688 0.833256 -14.218207 0.093216 1.30058 -34.212048 -0.287558 0.96717 -20.033211 0.964539 1.212841 -1e-06 -1e-06 -1e-06 -3.440388 0.788233 0.501657 -15.928183 -3.167308 2.999707 -6.338824 0.0 1e-06 -18.123444 3.648185 -4.90567 -4e-06 0.0 -1e-06 16.707333 13.144835 14.513965 58.426708 5.706347 9.471789 0.302027 24.88633 0.14764 5.272466 -0.259903 -2.038802 2.243543 -5.255039 -3.180159 14.2829 -0.826596 6.952505 -2e-06 -12.69061 1e-06 16.401304 -17.618954 2.368118 1.665666 -1.955921 -2.8783 4.727802 -4.17059 4.993924 11.020534 2e-06 -1e-06 12.109059 -3.735718 -2.866784 -1e-06 -0.0 -0.0 1.291987 -1.928549 -1.498088 14.800139 0.567467 3.865608 14.24258 -1.341737 -6.660663 19.631975 0.143924 -0.648246 49.840591 -0.64598 -6.281689 0.353029 -1.511151 -0.031942 20.222803 3.684309 2.316632 18.787287 4e-06 -2e-06 10.751634 -0.479869 1.397907 -1e-06 1e-06 1e-06 3.273808 0.305947 -0.580112 21.486828 11.830379 2.266135 8.162933 3e-06 0.0 18.399096 -3.798986 -4.940577 4e-06 -0.0 -2e-06 -11.136024 5.029335 -9.278899 0.04615 0.101609 17.001657 -0.282395 5.062221 -5.244658 1.622792 -2.016713 -0.59775 0.0 -0.0 2e-06 -13.410484 -2.521168 -3.642422 0.110568 0.262794 60.409569 -1.171326 3.032711 10.92952 -1.367436 0.914855 -4.25247 0.0 -0.0 -2e-06 
0.0 0.0 0.0 0.0 -0.0 0.0 13.044603 97.968002 94.240173 7.073857 1.048931 -3.651193 -3.089774 0.290849 -1.502877 -0.888242 1.52438 -5.339874 -1.793727 0.05056 12.261117 -3.307902 4.554738 10.886456 -0.779495 -0.435052 -3.591274 -0.589223 -0.296517 -10.884417 7.7e-05 -2.2e-05 6e-06 0.043854 0.047893 0.078284 0.72527 -3.690171 -10.50835 -0.648606 3.792877 -10.512124 -21.649525 -5.447451 12.693267 -51.148308 -8.295808 19.948326 0.063698 -23.715532 -0.069961 -5.755541 3.768634 -16.542505 -5.882109 9.861288 0.702591 -10.936878 -0.360575 7.156209 2e-06 8.77483 -0.0 -16.53088 18.11772 5.79758 -1.844033 2.498505 -2.507279 -10.163606 4.678946 4.621111 -20.976038 -4e-06 4e-06 -21.226301 2.451697 -3.593999 -0.0 -6e-06 0.0 -1.362682 2.2408 -0.746323 -21.334927 0.584908 3.008325 -13.821221 -3e-06 3e-06 -23.887182 -0.249079 -0.839482 -60.453957 2.146329 -1.191896 -0.294025 1.679687 0.833256 -14.218217 0.093214 1.300582 -34.212074 -0.287565 0.967174 -20.033226 0.964537 1.212846 -1e-06 -1e-06 0.0 -3.44039 0.788234 0.501656 -15.928198 -3.167312 2.999709 -6.338831 -1e-06 2e-06 -18.123461 3.648182 -4.905673 -2e-06 1e-06 -3e-06 16.503855 13.000729 14.540461 58.215778 6.05778 9.303688 0.188538 25.609617 0.104458 4.926652 -0.02551 -2.050883 2.243542 -5.255038 -3.180159 14.2829 -0.826594 6.952504 -4e-06 -12.69061 0.0 16.395044 -17.638515 2.385336 1.665667 -1.95592 -2.878299 4.727801 -4.170589 4.993923 11.020534 4e-06 0.0 12.109059 -3.735716 -2.866782 0.0 -1e-06 -0.0 1.291987 -1.92855 -1.498087 14.800136 0.56747 3.865607 14.242582 -1.341735 -6.660658 19.631981 0.143928 -0.648245 49.925716 -0.618841 -6.292662 0.353029 -1.51115 -0.031942 20.222805 3.684313 2.316628 18.787287 8e-06 -1e-06 10.751634 -0.479866 1.397907 -0.0 1e-06 1e-06 3.273809 0.305948 -0.580111 21.486828 11.830383 2.266129 8.162933 3e-06 0.0 18.399094 -3.798984 -4.940577 5e-06 0.0 -1e-06 -10.878729 5.441353 -6.874825 0.057467 0.073246 16.651039 -0.085641 5.328233 -6.783638 1.621381 -2.007375 -0.49354 0.0 -0.0 2e-06 -12.352368 -1.865322 -7.440855 0.100882 0.119369 63.768852 -1.49408 2.688335 7.172007 -1.391704 0.933008 -3.725807 0.0 -0.0 -2e-06 
0.0 0.0 0.0 0.0 -0.0 0.0 13.588304 98.076683 96.530327 6.46605 0.818508 -4.190013 -2.846853 0.177479 -1.082772 -0.774393 1.237751 -5.145656 -1.505021 -0.345359 12.385812 -3.417635 4.679588 11.136481 -0.769026 -0.266344 -3.582359 -0.644794 -0.02908 -11.237264 7.7e-05 -2.3e-05 6e-06 0.041521 0.044889 0.074725 0.721299 -3.696189 -10.541263 -0.648427 3.793912 -10.542989 -21.365477 -5.874725 12.728099 -50.760925 -9.279676 19.707165 -0.079584 -23.948591 -0.010178 -5.686979 3.723462 -16.122742 -5.882107 9.861286 0.702591 -10.936872 -0.360573 7.156204 -1e-06 8.774824 -0.0 -16.505722 18.129295 5.810613 -1.844032 2.498504 -2.507277 -10.1636 4.678946 4.621109 -20.976023 0.0 3e-06 -21.226288 2.4517 -3.594003 -0.0 -7e-06 1e-06 -1.362682 2.240798 -0.746324 -21.334913 0.584913 3.008323 -13.821213 -1e-06 1e-06 -23.887171 -0.249077 -0.839484 -60.467972 2.17824 -1.140311 -0.294025 1.679688 0.833256 -14.218207 0.093217 1.30058 -34.212048 -0.28756 0.967167 -20.033211 0.96454 1.212842 -1e-06 -0.0 -1e-06 -3.440389 0.788234 0.501657 -15.928185 -3.167307 2.999708 -6.338827 1e-06 2e-06 -18.123449 3.648184 -4.905672 -2e-06 0.0 -2e-06 16.459953 12.731965 14.552493 58.024986 6.10913 8.664864 0.090895 26.81929 0.052167 4.70274 0.385261 -2.237331 2.243541 -5.255036 -3.180158 14.28289 -0.826595 6.952502 -2e-06 -12.690603 1e-06 16.389774 -17.674755 2.419522 1.665667 -1.955922 -2.878298 4.727798 -4.170588 4.993925 11.020526 2e-06 -1e-06 12.109052 -3.735717 -2.866786 -1e-06 -0.0 -0.0 1.291986 -1.92855 -1.498089 14.800125 0.567467 3.865605 14.242571 -1.341737 -6.660657 19.631969 0.143926 -0.648246 49.983643 -0.592848 -6.310997 0.353029 -1.51115 -0.031939 20.222788 3.684309 2.31663 18.78727 3e-06 -0.0 10.751624 -0.479869 1.397906 -1e-06 0.0 1e-06 3.273807 0.305948 -0.58011 21.486813 11.830374 2.266134 8.162926 1e-06 -0.0 18.399082 -3.798984 -4.940575 5e-06 0.0 0.0 -10.350925 5.761171 -4.331245 0.051305 0.044436 15.820682 0.040981 5.436269 -8.026436 1.627469 -1.971639 -0.362139 -0.0 -0.0 2e-06 -11.00251 -1.363694 -11.007155 0.084469 0.010228 64.43853 -1.379687 2.454067 3.699884 -1.420197 0.941556 -3.596832 0.0 0.0 -0.0 
0.0 0.0 0.0 0.0 -0.0 0.0 14.084843 98.195084 98.843872 5.771514 0.655928 -4.549272 -2.546304 0.084411 -0.74786 -0.654487 0.951668 -4.983528 -1.177771 -0.716548 12.45458 -3.478688 4.720136 11.325006 -0.724018 -0.085272 -3.570822 -0.733949 0.160233 -11.373583 7.7e-05 -2.3e-05 6e-06 0.039247 0.034932 0.071726 0.715438 -3.706662 -10.560925 -0.646196 3.784766 -10.559201 -21.180628 -6.297475 12.823109 -50.322159 -10.259496 19.097258 -0.143711 -24.38908 0.030682 -5.502302 3.778385 -15.813918 -5.88211 9.861294 0.702591 -10.93688 -0.360575 7.15621 1e-06 8.774833 -0.0 -16.448286 18.134367 5.850749 -1.844034 2.498507 -2.507278 -10.163607 4.678948 4.621111 -20.97604 -5e-06 1e-06 -21.226303 2.451697 -3.594002 -0.0 -6e-06 -1e-06 -1.362682 2.240799 -0.746322 -21.33493 0.584909 3.008322 -13.821227 -3e-06 2e-06 -23.88719 -0.24908 -0.839485 -60.488499 2.220604 -1.120057 -0.294025 1.679689 0.833255 -14.218221 0.093215 1.300581 -34.212074 -0.287565 0.967172 -20.03323 0.964536 1.212843 -1e-06 -1e-06 -1e-06 -3.440391 0.788235 0.501656 -15.928201 -3.167313 2.999708 -6.338831 -1e-06 0.0 -18.123461 3.648184 -4.905675 -2e-06 1e-06 -1e-06 16.539284 12.421198 14.537197 57.844273 5.856212 7.778172 0.131203 28.187685 0.041052 4.666916 0.941789 -2.347676 2.243544 -5.255042 -3.180161 14.282907 -0.826592 6.952504 -4e-06 -12.690614 0.0 16.348316 -17.693628 2.469692 1.665669 -1.955923 -2.878301 4.727803 -4.170591 4.993927 11.02054 5e-06 -2e-06 12.109065 -3.735717 -2.866787 -0.0 -0.0 -0.0 1.291988 -1.928551 -1.498091 14.800148 0.567472 3.865608 14.24259 -1.341735 -6.660665 19.63199 0.14393 -0.648247 49.961624 -0.586441 -6.330585 0.353029 -1.511152 -0.03194 20.222818 3.684317 2.316629 18.7873 9e-06 -2e-06 10.751641 -0.479866 1.397908 1e-06 0.0 1e-06 3.273811 0.305947 -0.580114 21.486843 11.830392 2.266132 8.162936 4e-06 0.0 18.399099 -3.798985 -4.940582 5e-06 0.0 -0.0 -9.647604 5.98298 -1.724253 0.035289 0.032152 14.528137 0.097797 5.467096 -9.043962 1.637799 -1.921969 -0.249666 0.0 -0.0 2e-06 -9.662647 -1.083204 -14.202684 0.050639 -0.083394 62.264435 -1.0161 2.122768 1.266586 -1.42966 0.936069 -3.547196 0.0 -0.0 -3e-06 
0.0 0.0 0.0 0.0 -0.0 0.0 14.521274 98.283646 101.127716 5.055852 0.48295 -4.654163 -2.196863 0.023061 -0.511992 -0.547949 0.694927 -4.87037 -0.825985 -1.026448 12.477046 -3.527782 4.682868 11.346043 -0.658662 0.100394 -3.571143 -0.835682 0.317474 -11.389818 7.7e-05 -2.3e-05 6e-06 0.038629 0.025907 0.068396 0.709542 -3.712455 -10.562961 -0.64081 3.772469 -10.554834 -21.069595 -6.688435 12.901292 -49.932697 -11.170764 18.22382 -0.144883 -25.032152 0.050545 -5.148273 3.930746 -15.753808 -5.882112 9.861294 0.702591 -10.936881 -0.360573 7.156211 0.0 8.774833 1e-06 -16.365757 18.115177 5.910047 -1.844034 2.498505 -2.50728 -10.163609 4.67895 4.621113 -20.97604 -1e-06 1e-06 -21.226307 2.451701 -3.594003 2e-06 -6e-06 -2e-06 -1.362682 2.240799 -0.746324 -21.33493 0.584913 3.008326 -13.821225 -2e-06 2e-06 -23.887188 -0.249077 -0.839485 -60.499855 2.252004 -1.115522 -0.294026 1.67969 0.833257 -14.218223 0.093218 1.300582 -34.212082 -0.287562 0.967168 -20.033232 0.964539 1.212842 -1e-06 -0.0 -0.0 -3.440392 0.788235 0.501657 -15.928201 -3.16731 2.999709 -6.338833 -1e-06 3e-06 -18.123463 3.648186 -4.905674 -2e-06 1e-06 -1e-06 16.695551 12.147469 14.469059 57.66375 5.441803 7.038029 0.257302 29.347958 0.069392 4.778031 1.487943 -2.397972 2.243543 -5.255039 -3.180159 14.282896 -0.826596 6.952503 -1e-06 -12.690608 1e-06 16.270462 -17.709095 2.536988 1.665666 -1.955921 -2.8783 4.7278 -4.170588 4.993925 11.020529 2e-06 -2e-06 12.109056 -3.735717 -2.866784 -0.0 -0.0 1e-06 1.291986 -1.92855 -1.49809 14.800132 0.567467 3.865608 14.242579 -1.341737 -6.660663 19.631973 0.143924 -0.648247 49.894699 -0.639605 -6.345492 0.353029 -1.511151 -0.031941 20.222801 3.684309 2.31663 18.787279 3e-06 -2e-06 10.751633 -0.479869 1.397906 1e-06 -1e-06 1e-06 3.273808 0.305948 -0.58011 21.48682 11.830376 2.266131 8.162932 2e-06 -1e-06 18.399088 -3.798986 -4.940577 5e-06 1e-06 -1e-06 -9.00246 6.11368 0.637463 0.016196 0.046401 13.033007 0.222553 5.553347 -9.849316 1.650036 -1.880876 -0.129571 -0.0 -0.0 2e-06 -8.43633 -1.00703 -17.012033 0.003427 -0.142318 57.455784 -0.449785 1.590118 -0.273826 -1.430178 0.936881 -3.50738 0.0 -0.0 -4e-06 
0.0 0.0 0.0 0.0 -0.0 0.0 14.900091 98.31588 103.354111 4.372149 0.273379 -4.451589 -1.829506 -0.003051 -0.412224 -0.457673 0.467481 -4.80678 -0.484219 -1.251648 12.47435 -3.53912 4.594201 11.147515 -0.608729 0.2386 -3.589857 -0.938754 0.464964 -11.329477 7.7e-05 -2.3e-05 6e-06 0.038563 0.00803 0.065594 0.701146 -3.725158 -10.549511 -0.632095 3.749714 -10.533502 -21.0133 -7.057998 12.884057 -49.557331 -11.934394 17.490421 -0.135738 -25.87402 0.068964 -4.672453 4.065938 -16.027449 -5.882109 9.86129 0.702591 -10.936875 -0.360576 7.156206 -0.0 8.77483 -1e-06 -16.261814 18.082237 5.974876 -1.844034 2.498506 -2.507279 -10.163604 4.678947 4.62111 -20.976032 -3e-06 2e-06 -21.226295 2.451698 -3.594002 2e-06 -5e-06 -1e-06 -1.362681 2.240798 -0.746324 -21.334925 0.58491 3.008324 -13.82122 -3e-06 3e-06 -23.887182 -0.249079 -0.839483 -60.470207 2.27605 -1.132948 -0.294025 1.679689 0.833255 -14.218214 0.093215 1.30058 -34.212067 -0.287564 0.96717 -20.033226 0.964537 1.212845 0.0 -0.0 -1e-06 -3.44039 0.788234 0.501656 -15.928192 -3.167311 2.999708 -6.338829 -0.0 2e-06 -18.123457 3.648183 -4.905673 -2e-06 1e-06 -1e-06 16.893635 11.93482 14.34773 57.505329 4.98814 6.571138 0.404231 30.097221 0.114807 4.96384 1.857578 -2.434968 2.243542 -5.255038 -3.180158 14.282895 -0.826595 6.952505 -1e-06 -12.690611 -1e-06 16.188982 -17.722025 2.596902 1.665667 -1.955923 -2.878298 4.7278 -4.170589 4.993925 11.020528 2e-06 -2e-06 12.109053 -3.735717 -2.866785 -0.0 -1e-06 1e-06 1.291986 -1.92855 -1.498091 14.800132 0.567467 3.86561 14.242577 -1.341738 -6.66066 19.631969 0.143924 -0.648245 49.829296 -0.71476 -6.362531 0.353029 -1.511152 -0.03194 20.222792 3.68431 2.316631 18.787279 3e-06 -2e-06 10.75163 -0.47987 1.397904 1e-06 -1e-06 0.0 3.273808 0.305947 -0.58011 21.486818 11.83038 2.266136 8.16293 2e-06 -1e-06 18.399082 -3.798987 -4.940579 5e-06 0.0 -0.0 -8.411366 6.191027 2.669346 3.9e-05 0.087857 11.56381 0.391996 5.671 -10.674231 1.659445 -1.859283 -0.029968 0.0 -0.0 2e-06 -7.330668 -1.10153 -19.443399 -0.013943 -0.103267 50.361477 0.326598 0.949267 -0.870166 -1.43242 0.973475 -3.552337 -0.0 0.0 -0.0 
0.0 0.0 0.0 0.0 -0.0 0.0 15.2418 98.266434 105.579628 3.797126 0.064093 -3.979391 -1.493192 -0.013807 -0.452178 -0.377046 0.279445 -4.787727 -0.239675 -1.386785 12.474961 -3.464185 4.440629 10.75179 -0.608023 0.314988 -3.613717 -1.025698 0.578489 -11.260512 7.7e-05 -2.2e-05 6e-06 0.03519 -0.015512 0.067502 0.690111 -3.745645 -10.532227 -0.62754 3.723379 -10.510202 -20.923914 -7.442512 12.775333 -49.209682 -12.581476 17.242371 -0.123124 -26.765629 0.085707 -4.318612 4.114877 -16.252115 -5.882107 9.861285 0.70259 -10.936875 -0.360577 7.156206 2e-06 8.774825 -2e-06 -16.21166 18.075256 5.990512 -1.844033 2.498505 -2.507278 -10.163603 4.678943 4.621109 -20.97603 -6e-06 4e-06 -21.226294 2.451694 -3.593998 1e-06 -6e-06 -1e-06 -1.362682 2.240799 -0.746324 -21.334921 0.584908 3.008326 -13.82122 -4e-06 2e-06 -23.88718 -0.249081 -0.839479 -60.397301 2.318911 -1.17603 -0.294024 1.679688 0.833255 -14.218213 0.093213 1.300579 -34.212063 -0.287567 0.967173 -20.033224 0.964536 1.212846 -0.0 0.0 -1e-06 -3.44039 0.788234 0.501656 -15.928192 -3.16731 2.999707 -6.338829 -2e-06 2e-06 -18.123453 3.64818 -4.905669 -2e-06 0.0 -2e-06 17.065012 11.781472 14.175713 57.486404 4.615885 6.415085 0.478679 30.289911 0.147267 5.191314 1.997071 -2.378047 2.243542 -5.255037 -3.180158 14.282894 -0.826596 6.952503 -3e-06 -12.690605 1e-06 16.152174 -17.71987 2.637878 1.665666 -1.955921 -2.878299 4.727801 -4.170589 4.993926 11.020529 3e-06 -1e-06 12.109056 -3.735716 -2.866783 -0.0 1e-06 -0.0 1.291986 -1.92855 -1.49809 14.800134 0.567469 3.865609 14.242577 -1.341736 -6.660659 19.631973 0.143926 -0.648245 49.779705 -0.760395 -6.365967 0.353029 -1.51115 -0.031939 20.222797 3.684312 2.316631 18.787279 5e-06 2e-06 10.751631 -0.479869 1.397907 -0.0 -0.0 0.0 3.273808 0.305947 -0.58011 21.48682 11.830378 2.266132 8.16293 2e-06 -1e-06 18.399088 -3.798984 -4.940574 5e-06 0.0 -0.0 -7.945168 6.215412 4.39506 -0.018465 0.140774 10.134148 0.601387 5.799944 -11.304794 1.665924 -1.865323 0.0406 0.0 0.0 2e-06 -6.390038 -1.335564 -21.338367 0.017382 0.003215 41.595707 1.062545 0.23112 -0.240052 -1.427878 1.022367 -3.638999 0.0 -0.0 -0.0 
0.0 0.0 0.0 0.0 -0.0 0.0 15.558839 98.148605 107.877472 3.301389 -0.046713 -3.353244 -1.165666 -0.019827 -0.569935 -0.300238 0.144893 -4.819272 -0.116463 -1.472801 12.492962 -3.310167 4.216451 10.230588 -0.633777 0.332582 -3.621556 -1.085267 0.619063 -11.192438 7.7e-05 -2.3e-05 6e-06 0.02747 -0.032466 0.073397 0.677593 -3.763482 -10.518857 -0.630165 3.707001 -10.495133 -20.8039 -7.856408 12.702605 -48.8736 -13.237595 17.460007 -0.103941 -27.505713 0.092953 -4.273325 4.131428 -16.108179 -5.882111 9.861293 0.702588 -10.936877 -0.360574 7.156206 -1e-06 8.774831 -2e-06 -16.225321 18.095089 5.968084 -1.844035 2.498507 -2.507279 -10.163605 4.678948 4.621109 -20.976038 -4e-06 -2e-06 -21.226301 2.451697 -3.594005 1e-06 -5e-06 -0.0 -1.362682 2.2408 -0.746323 -21.334925 0.584911 3.008322 -13.821221 -2e-06 -0.0 -23.887184 -0.249081 -0.839489 -60.373653 2.39677 -1.206533 -0.294024 1.679688 0.833257 -14.218215 0.093216 1.300579 -34.212067 -0.287565 0.967164 -20.033226 0.964534 1.212841 -0.0 0.0 0.0 -3.44039 0.788234 0.501654 -15.928192 -3.16731 2.999707 -6.33883 -1e-06 -0.0 -18.123457 3.648185 -4.905675 -2e-06 0.0 -1e-06 17.17687 11.663046 13.990831 57.691685 4.360963 6.447726 0.462718 29.912268 0.161009 5.415047 1.906044 -2.189817 2.243543 -5.255038 -3.180158 14.282893 -0.826596 6.9525 0.0 -12.690609 0.0 16.158213 -17.69866 2.654397 1.665667 -1.955922 -2.878298 4.7278 -4.17059 4.993925 11.020528 1e-06 -2e-06 12.109054 -3.73572 -2.866786 -1e-06 0.0 -0.0 1.291986 -1.928551 -1.498089 14.800131 0.567467 3.865605 14.242576 -1.34174 -6.660658 19.631969 0.143924 -0.648246 49.754227 -0.760852 -6.363508 0.353029 -1.511151 -0.03194 20.222795 3.684308 2.316628 18.787279 3e-06 -3e-06 10.751631 -0.47987 1.397904 -0.0 -0.0 0.0 3.273807 0.305947 -0.580111 21.486816 11.830379 2.266132 8.16293 1e-06 -2e-06 18.39909 -3.798988 -4.940579 4e-06 0.0 -2e-06 -7.536914 6.191826 6.178663 -0.03559 0.211028 8.303106 0.783785 5.853333 -12.042774 1.672999 -1.893881 0.07912 0.0 -1e-06 2e-06 -5.558514 -1.623536 -22.570711 0.073461 0.078955 31.586206 1.612925 -0.185864 1.720126 -1.422777 1.062438 -3.664883 -0.0 0.0 -1e-06 
0.0 0.0 0.0 0.0 -0.0 0.0 15.83165 97.963257 110.320869 2.823144 0.032139 -2.695671 -0.826662 0.025592 -0.72406 -0.242355 0.04418 -4.902811 -0.064724 -1.57322 12.536536 -3.094375 3.950842 9.690021 -0.657202 0.357197 -3.611559 -1.118417 0.5039 -11.147691 7.7e-05 -2.2e-05 6e-06 0.017096 -0.02383 0.080031 0.666528 -3.757228 -10.514534 -0.639584 3.717624 -10.492074 -20.68104 -8.293115 12.688393 -48.591232 -13.87597 17.905203 -0.085808 -27.995089 0.090816 -4.603289 4.196738 -15.717083 -5.882107 9.861286 0.702591 -10.93687 -0.360573 7.156207 -0.0 8.774825 1e-06 -16.255247 18.134132 5.951892 -1.844032 2.498505 -2.507277 -10.1636 4.678946 4.621111 -20.976021 -1e-06 2e-06 -21.226282 2.451701 -3.593999 1e-06 -6e-06 -0.0 -1.362682 2.240798 -0.746325 -21.334911 0.584912 3.008326 -13.821213 -1e-06 3e-06 -23.887167 -0.249075 -0.839483 -60.434738 2.483434 -1.2435 -0.294025 1.679687 0.833257 -14.218207 0.093216 1.300582 -34.212048 -0.287558 0.96717 -20.033209 0.964542 1.212844 -0.0 -0.0 0.0 -3.440388 0.788233 0.501656 -15.928185 -3.167308 2.99971 -6.338825 1e-06 0.0 -18.123444 3.648185 -4.905669 -2e-06 1e-06 -1e-06 17.281055 11.53604 13.862893 58.049328 4.191235 6.441016 0.434485 29.110252 0.176212 5.577289 1.61657 -2.026545 2.243541 -5.255034 -3.180157 14.282883 -0.826594 6.952501 -1e-06 -12.690597 -0.0 16.167316 -17.687237 2.664334 1.665666 -1.955921 -2.878297 4.727797 -4.170585 4.993921 11.02052 3e-06 1e-06 12.109046 -3.735714 -2.866783 -1e-06 0.0 -0.0 1.291986 -1.928549 -1.498089 14.80012 0.567467 3.865605 14.242565 -1.341736 -6.660655 19.631956 0.143926 -0.648244 49.777294 -0.714055 -6.363554 0.353029 -1.511149 -0.031939 20.222778 3.684307 2.31663 18.78726 5e-06 -0.0 10.751622 -0.479868 1.397907 -0.0 0.0 -0.0 3.273805 0.305947 -0.58011 21.486801 11.830368 2.26613 8.162922 1e-06 -0.0 18.399075 -3.798984 -4.940573 3e-06 0.0 -1e-06 -7.067805 6.125908 8.352348 -0.03714 0.272223 5.736613 0.894345 5.753085 -12.485612 1.675736 -1.935792 0.026426 0.0 -0.0 2e-06 -4.691843 -1.934827 -23.094511 0.128676 0.061155 21.079662 2.288632 -0.148558 4.169875 -1.414348 1.090959 -3.631404 -0.0 -0.0 -1e-06 
0.0 0.0 0.0 0.0 -0.0 0.0 16.018284 97.66523 112.936546 2.31422 0.293952 -2.036167 -0.463728 0.118732 -0.929989 -0.208705 -0.059237 -5.043348 -0.025524 -1.653889 12.59051 -2.788245 3.70573 9.194931 -0.685611 0.318017 -3.594498 -1.147207 0.29389 -11.084581 7.7e-05 -2.2e-05 6e-06 0.012104 0.011207 0.082202 0.666333 -3.722858 -10.519546 -0.649308 3.753888 -10.500367 -20.654879 -8.727705 12.651447 -48.310863 -14.352426 18.395266 -0.065748 -28.275461 0.092051 -5.205939 4.288513 -15.387153 -5.882107 9.861289 0.70259 -10.936872 -0.360575 7.156208 -0.0 8.774828 1e-06 -16.285891 18.153673 5.943766 -1.844032 2.498504 -2.507278 -10.163601 4.678946 4.621109 -20.976025 -4e-06 1e-06 -21.226288 2.451698 -3.594002 1e-06 -6e-06 -0.0 -1.362682 2.240799 -0.746324 -21.334915 0.58491 3.008324 -13.821216 -2e-06 3e-06 -23.887173 -0.249078 -0.839483 -60.474503 2.486882 -1.347694 -0.294025 1.679689 0.833256 -14.218211 0.093215 1.300582 -34.212051 -0.287562 0.96717 -20.033215 0.964537 1.212841 0.0 -0.0 -1e-06 -3.440389 0.788235 0.501655 -15.928189 -3.167311 2.999708 -6.338827 -1e-06 0.0 -18.123453 3.648184 -4.905672 -2e-06 0.0 -1e-06 17.509867 11.378824 13.758023 58.379013 3.933189 6.401007 0.432823 28.139076 0.194093 5.692073 1.242919 -1.930517 2.243541 -5.255037 -3.180159 14.282893 -0.826595 6.952505 -2e-06 -12.690607 1e-06 16.134047 -17.677748 2.678383 1.665666 -1.955922 -2.878299 4.727798 -4.170588 4.993925 11.020528 4e-06 -1e-06 12.109053 -3.735714 -2.866784 -1e-06 -0.0 0.0 1.291986 -1.92855 -1.49809 14.800131 0.56747 3.865608 14.242573 -1.341736 -6.660661 19.631969 0.143928 -0.648247 49.813854 -0.677692 -6.379104 0.353029 -1.511151 -0.031939 20.222794 3.68431 2.316631 18.787273 6e-06 -1e-06 10.75163 -0.479868 1.397906 -0.0 0.0 0.0 3.273807 0.305947 -0.580111 21.486816 11.830379 2.26613 8.16293 3e-06 -1e-06 18.399084 -3.798985 -4.940577 3e-06 1e-06 -1e-06 -6.478186 6.017447 10.49853 -0.028177 0.28384 3.547184 0.89742 5.511018 -13.067279 1.677448 -1.942739 -0.109747 0.0 -0.0 2e-06 -3.684128 -2.096852 -23.306929 0.179948 -0.028849 11.528677 3.393822 -0.163185 5.650593 -1.387056 1.126282 -3.638263 -0.0 0.0 -1e-06 
0.0 0.0 0.0 0.0 -0.0 0.0 16.072598 97.27887 115.6922 1.670778 0.681881 -1.367602 -0.041755 0.226296 -1.214603 -0.16531 -0.181443 -5.218769 0.054681 -1.675612 12.63392 -2.422112 3.453856 8.753421 -0.690513 0.233212 -3.587397 -1.22073 0.146258 -10.969114 7.7e-05 -2.2e-05 6e-06 0.014781 0.038285 0.075016 0.67282 -3.695988 -10.539168 -0.650175 3.782347 -10.520247 -20.796673 -9.074804 12.585711 -48.034374 -14.662439 18.587688 -0.127121 -28.319901 0.099613 -5.839974 4.475507 -14.998368 -5.882112 9.861295 0.702589 -10.936878 -0.360574 7.156208 -1e-06 8.774833 -0.0 -16.32889 18.145967 5.932651 -1.844034 2.498506 -2.507279 -10.163607 4.678948 4.621112 -20.97604 -4e-06 0.0 -21.226305 2.451696 -3.594006 1e-06 -5e-06 -1e-06 -1.362683 2.240801 -0.746325 -21.33493 0.58491 3.008322 -13.821225 -3e-06 0.0 -23.88719 -0.249081 -0.839487 -60.55035 2.447706 -1.435778 -0.294025 1.679689 0.833257 -14.218218 0.093215 1.300581 -34.212074 -0.287565 0.967166 -20.033228 0.964534 1.212839 0.0 0.0 0.0 -3.440391 0.788234 0.501654 -15.928196 -3.167312 2.999709 -6.33883 -1e-06 -0.0 -18.123463 3.648185 -4.905678 -2e-06 0.0 -1e-06 17.919598 11.237091 13.645922 58.603336 3.499379 6.369448 0.417124 27.144386 0.214303 5.853835 0.881145 -1.87045 2.243544 -5.255041 -3.180158 14.2829 -0.826595 6.952503 -2e-06 -12.690612 -1e-06 16.046093 -17.658175 2.689541 1.665668 -1.955923 -2.878299 4.727801 -4.170591 4.993925 11.020534 2e-06 -3e-06 12.109059 -3.735718 -2.866787 -0.0 -0.0 0.0 1.291987 -1.928551 -1.498088 14.800136 0.567469 3.865608 14.242584 -1.341737 -6.660662 19.631985 0.143927 -0.648247 49.768024 -0.683795 -6.433508 0.353029 -1.511152 -0.03194 20.222803 3.684312 2.316629 18.787287 5e-06 -2e-06 10.751634 -0.479868 1.397905 0.0 0.0 1e-06 3.27381 0.305947 -0.58011 21.486828 11.830384 2.266135 8.162933 3e-06 -2e-06 18.399096 -3.798986 -4.940581 3e-06 2e-06 -2e-06 -5.619313 5.865282 12.26713 -0.026375 0.224609 2.206573 0.763491 5.190923 -14.011127 1.685011 -1.886287 -0.256339 0.0 -0.0 2e-06 -2.487946 -1.877172 -23.615753 0.175304 -0.108717 4.249422 4.599314 -0.860712 5.763938 -1.347584 1.165517 -3.631675 -0.0 -0.0 -0.0 
0.0 0.0 0.0 0.0 -0.0 0.0 15.99982 96.856674 118.546532 0.947263 1.164797 -0.757314 0.387233 0.304547 -1.521989 -0.108048 -0.337499 -5.379146 0.194249 -1.691024 12.636157 -2.086385 3.227829 8.358067 -0.651983 0.201566 -3.578536 -1.329411 0.129351 -10.898471 7.7e-05 -2.2e-05 6e-06 0.01952 0.04281 0.06575 0.679926 -3.690102 -10.559262 -0.647331 3.786508 -10.531367 -21.010536 -9.275025 12.51157 -47.937027 -14.79553 18.330723 -0.258082 -28.090185 0.114805 -6.249679 4.661213 -14.689342 -5.882108 9.861286 0.702591 -10.936875 -0.360575 7.156206 0.0 8.774828 -1e-06 -16.351412 18.132931 5.912044 -1.844033 2.498504 -2.507277 -10.163603 4.678946 4.621107 -20.97603 -4e-06 1e-06 -21.226294 2.451697 -3.594001 2e-06 -6e-06 -1e-06 -1.362682 2.240798 -0.746324 -21.334921 0.584909 3.008323 -13.821218 -2e-06 1e-06 -23.887178 -0.249078 -0.839485 -60.64344 2.455832 -1.460542 -0.294024 1.679688 0.833256 -14.218213 0.093216 1.30058 -34.212059 -0.287562 0.967168 -20.03322 0.964537 1.212843 1e-06 -1e-06 -1e-06 -3.44039 0.788234 0.501655 -15.928189 -3.167311 2.999708 -6.338829 -2e-06 -0.0 -18.123453 3.648183 -4.905671 -2e-06 -0.0 -1e-06 18.336596 11.159922 13.62809 58.852913 3.04408 6.134198 0.376835 26.199064 0.245327 6.062158 0.592739 -1.797527 2.243541 -5.255037 -3.180157 14.282892 -0.826595 6.952503 -1e-06 -12.690604 -0.0 15.983661 -17.616674 2.662051 1.665666 -1.955921 -2.878299 4.727799 -4.170588 4.993925 11.020525 2e-06 -1e-06 12.109052 -3.735716 -2.866781 -0.0 -0.0 -1e-06 1.291986 -1.92855 -1.498089 14.800129 0.567468 3.865608 14.242571 -1.341738 -6.660655 19.631966 0.143925 -0.648244 49.616505 -0.678946 -6.55304 0.353029 -1.511151 -0.03194 20.222788 3.684309 2.316631 18.78727 4e-06 0.0 10.751627 -0.479869 1.397906 0.0 0.0 1e-06 3.273807 0.305947 -0.580111 21.486813 11.830376 2.266136 8.16293 2e-06 0.0 18.399086 -3.798985 -4.940574 3e-06 0.0 -2e-06 -4.540986 5.728732 13.579035 -0.025064 0.121488 2.008049 0.375035 4.805588 -15.204088 1.701536 -1.821641 -0.416127 -0.0 -1e-06 2e-06 -1.272396 -1.359099 -24.364882 0.097898 -0.14828 0.806231 5.317312 -1.674301 4.879766 -1.32366 1.167844 -3.603731 -0.0 0.0 -2e-06 
0.0 0.0 0.0 0.0 -0.0 0.0 15.845309 96.417465 121.530518 0.192569 1.749823 -0.232938 0.803312 0.360528 -1.838301 -0.029474 -0.533963 -5.531009 0.380037 -1.733121 12.613371 -1.82349 3.052276 8.013076 -0.611407 0.332708 -3.573939 -1.409779 0.06087 -10.918113 7.7e-05 -2.3e-05 6e-06 0.021617 0.043691 0.066791 0.694508 -3.689579 -10.568816 -0.657095 3.788519 -10.530108 -21.265989 -9.358506 12.58792 -48.090214 -14.749438 17.508615 -0.409951 -27.670794 0.129886 -6.294617 4.78539 -14.520933 -5.882109 9.861292 0.702591 -10.936873 -0.360571 7.15621 -2e-06 8.77483 -3e-06 -16.348946 18.163153 5.914013 -1.844033 2.498506 -2.50728 -10.163604 4.67895 4.621109 -20.976027 2e-06 -2e-06 -21.226292 2.451703 -3.594005 1e-06 -5e-06 -2e-06 -1.362682 2.2408 -0.746323 -21.334917 0.584914 3.008322 -13.821217 0.0 1e-06 -23.887175 -0.249074 -0.839488 -60.648312 2.479133 -1.473081 -0.294025 1.679688 0.833257 -14.218212 0.093219 1.300581 -34.212048 -0.287557 0.967163 -20.033215 0.964541 1.212838 0.0 -1e-06 0.0 -3.440389 0.788236 0.501654 -15.928189 -3.167307 2.999706 -6.338829 0.0 1e-06 -18.123453 3.64819 -4.905674 -2e-06 1e-06 -1e-06 18.720579 11.072127 13.718346 59.106102 2.705663 5.915992 0.250539 25.197168 0.27172 6.362585 0.427563 -1.722302 2.243543 -5.255039 -3.180158 14.282895 -0.826596 6.952504 -2e-06 -12.690608 -0.0 16.000797 -17.554686 2.583625 1.665667 -1.955921 -2.878298 4.7278 -4.170588 4.993925 11.020528 2e-06 -2e-06 12.109055 -3.735717 -2.866785 -0.0 -0.0 -1e-06 1.291986 -1.92855 -1.498088 14.800132 0.567467 3.865607 14.242576 -1.341738 -6.660658 19.631969 0.143926 -0.648247 49.507805 -0.616464 -6.644228 0.353029 -1.511151 -0.03194 20.222797 3.684311 2.31663 18.787275 3e-06 -0.0 10.751633 -0.479868 1.397906 -1e-06 0.0 2e-06 3.273808 0.305947 -0.580111 21.48682 11.830379 2.266134 8.16293 1e-06 -0.0 18.399088 -3.798986 -4.940577 4e-06 1e-06 -2e-06 -3.25702 5.783168 14.911387 -0.008509 0.010788 2.119707 -0.167619 4.146388 -16.159136 1.721185 -1.791989 -0.825421 0.0 -0.0 2e-06 -0.192171 -0.608369 -25.105083 0.067027 -0.115938 1.104885 4.379689 -1.901631 4.401505 -1.330942 1.174019 -3.725647 -0.0 0.0 -1e-06 
0.0 0.0 0.0 0.0 -0.0 0.0 15.638646 96.127434 124.797729 -0.983269 2.410869 0.352142 1.572262 0.406451 -2.415921 0.074096 -0.654018 -5.749553 0.613363 -1.893266 12.678917 -1.603031 2.91556 7.667548 -0.629032 0.504449 -3.526689 -1.473791 -0.076308 -10.642728 7.7e-05 -2.3e-05 6e-06 0.023861 0.022952 0.066735 0.70134 -3.707282 -10.555242 -0.658924 3.765462 -10.516359 -22.003685 -9.373451 12.563048 -48.014938 -14.111831 16.514368 -0.521551 -27.10788 0.206887 -6.111974 4.654234 -14.38864 -5.882109 9.861286 0.702591 -10.936876 -0.360574 7.156208 1e-06 8.774826 0.0 -16.347542 18.089743 5.955316 -1.844033 2.498504 -2.507277 -10.163604 4.678946 4.621109 -20.97603 -2e-06 2e-06 -21.226292 2.451698 -3.594 1e-06 -6e-06 -1e-06 -1.362682 2.240797 -0.746323 -21.334921 0.584911 3.008324 -13.821218 -1e-06 5e-06 -23.887177 -0.249077 -0.839482 -60.729664 2.433256 -1.427433 -0.294025 1.679687 0.833257 -14.218214 0.093216 1.30058 -34.212059 -0.287561 0.967172 -20.033224 0.964538 1.212843 0.0 1e-06 0.0 -3.44039 0.788233 0.501656 -15.928192 -3.167309 2.999708 -6.33883 -1e-06 1e-06 -18.123457 3.648185 -4.90567 -2e-06 0.0 -0.0 19.558306 10.866776 13.840211 58.776871 2.362506 5.864306 0.099113 24.110338 0.253347 6.75687 0.280765 -1.56477 2.243541 -5.255036 -3.180158 14.282887 -0.826594 6.952505 -3e-06 -12.690602 0.0 16.0273 -17.605259 2.560847 1.665666 -1.955921 -2.878299 4.727798 -4.170587 4.993924 11.020524 3e-06 -1e-06 12.109052 -3.735715 -2.866783 -0.0 0.0 -0.0 1.291985 -1.928549 -1.498089 14.800125 0.567468 3.865607 14.24257 -1.341737 -6.660657 19.631968 0.143925 -0.648245 49.487762 -0.614986 -6.669059 0.353029 -1.511151 -0.03194 20.222788 3.684309 2.316632 18.78727 3e-06 -0.0 10.751628 -0.479869 1.397905 0.0 1e-06 1e-06 3.273806 0.305947 -0.580111 21.486813 11.830376 2.266135 8.162928 2e-06 1e-06 18.399086 -3.798985 -4.940576 3e-06 0.0 -1e-06 -1.231307 6.169562 15.98802 -0.025793 -0.01782 2.691262 -0.802571 3.034401 -16.514111 1.77563 -1.791435 -1.589802 0.0 -0.0 2e-06 1.039405 0.591393 -25.483196 0.087857 -0.097035 3.49039 1.111407 -1.644302 7.044361 -1.366146 1.17594 -3.930782 -0.0 -0.0 -0.0 
0.0 0.0 0.0 0.0 -0.0 0.0 15.3859 96.010139 128.295731 -2.617346 2.876384 0.813884 2.481496 0.435914 -3.083125 0.233026 -0.756022 -6.058437 1.198659 -2.085673 12.783963 -1.500309 2.863153 7.503329 -0.617706 0.74939 -3.583463 -1.603361 -0.054749 -9.976763 7.7e-05 -2.3e-05 6e-06 0.026087 0.011664 0.039265 0.699667 -3.717371 -10.573503 -0.651367 3.753693 -10.53694 -23.26096 -9.166583 12.510257 -47.755505 -12.928428 15.506828 -0.535306 -26.494455 0.201454 -5.966582 4.614092 -14.420748 -5.882108 9.861288 0.70259 -10.936874 -0.360575 7.156208 1e-06 8.774828 -1e-06 -16.421974 17.981152 6.000998 -1.844033 2.498505 -2.507278 -10.163603 4.678946 4.621109 -20.976027 -4e-06 -0.0 -21.226292 2.451697 -3.594001 1e-06 -7e-06 -1e-06 -1.362682 2.240799 -0.746323 -21.334923 0.584908 3.008323 -13.821218 -3e-06 2e-06 -23.887178 -0.249079 -0.839484 -60.763481 2.357548 -1.157594 -0.294025 1.679689 0.833257 -14.218214 0.093214 1.300581 -34.212059 -0.287567 0.967169 -20.033218 0.964534 1.212843 -1e-06 -1e-06 -2e-06 -3.44039 0.788233 0.501657 -15.928191 -3.16731 2.999707 -6.338828 -1e-06 0.0 -18.123451 3.648183 -4.905673 -2e-06 0.0 -2e-06 20.604242 10.823547 13.743979 58.024567 1.649258 5.99212 0.021038 23.0832 0.1815 7.112622 -0.025061 -0.961432 2.243543 -5.255039 -3.180159 14.282896 -0.826596 6.952504 -2e-06 -12.690609 1e-06 15.923686 -17.626322 2.559807 1.665667 -1.955922 -2.878299 4.727801 -4.17059 4.993927 11.020529 2e-06 -2e-06 12.109057 -3.735718 -2.866786 -0.0 1e-06 -0.0 1.291986 -1.92855 -1.498089 14.800132 0.567467 3.865609 14.242578 -1.341737 -6.66066 19.631973 0.143924 -0.648245 49.579418 -0.505451 -6.631227 0.353029 -1.511151 -0.03194 20.222799 3.684309 2.316631 18.787279 3e-06 -2e-06 10.751631 -0.47987 1.397906 0.0 0.0 1e-06 3.273808 0.305947 -0.580111 21.48682 11.830378 2.266135 8.16293 1e-06 -1e-06 18.399088 -3.798989 -4.940577 3e-06 0.0 -1e-06 1.465158 6.875658 16.917126 -0.040776 -0.086822 4.001274 -1.780615 1.780529 -15.960571 1.805437 -1.800591 -3.266221 -0.0 0.0 2e-06 2.713605 1.962039 -25.811596 0.029811 -0.122799 6.538776 -1.420853 -1.901126 11.076534 -1.401078 1.149113 -3.695277 -0.0 0.0 -1e-06 
0.0 0.0 0.0 0.0 -0.0 0.0 15.123635 96.084694 131.959457 -4.132478 3.123396 0.917148 3.123734 0.364251 -3.545593 0.383378 -0.966455 -6.297828 2.018689 -2.189847 12.661544 -1.452824 2.926128 7.662195 -0.606411 0.848536 -3.658294 -1.666793 0.249919 -9.478683 7.7e-05 -2.2e-05 6e-06 0.016625 -0.017957 -0.001421 0.686709 -3.746309 -10.611521 -0.655616 3.72193 -10.56586 -23.806522 -8.721659 12.545194 -48.516151 -11.548392 14.961703 -0.387413 -25.622387 0.164307 -5.802705 4.547919 -14.502963 -5.882106 9.861285 0.70259 -10.936872 -0.360575 7.156205 1e-06 8.774826 1e-06 -16.546097 17.90011 5.98675 -1.844033 2.498505 -2.507277 -10.163601 4.678945 4.621109 -20.976027 -4e-06 2e-06 -21.226288 2.451697 -3.594001 0.0 -6e-06 1e-06 -1.362681 2.240797 -0.746322 -21.334913 0.584909 3.008321 -13.821213 -3e-06 0.0 -23.887167 -0.24908 -0.839484 -60.842896 2.292861 -1.035346 -0.294025 1.679688 0.833257 -14.21821 0.093214 1.30058 -34.212051 -0.287566 0.967169 -20.033215 0.964534 1.212843 -0.0 0.0 -1e-06 -3.440389 0.788234 0.501654 -15.928187 -3.16731 2.999707 -6.338827 -1e-06 1e-06 -18.123449 3.648182 -4.905671 -2e-06 1e-06 -1e-06 21.109104 10.926878 13.868796 57.603302 1.174108 5.970074 0.01903 22.041245 0.122742 7.71657 -0.758682 0.228621 2.243542 -5.255038 -3.180159 14.282896 -0.826595 6.952504 -4e-06 -12.690608 2e-06 15.892614 -17.730995 2.579154 1.665666 -1.955922 -2.8783 4.7278 -4.170589 4.993924 11.020529 3e-06 -1e-06 12.109055 -3.735717 -2.866785 -0.0 1e-06 -0.0 1.291986 -1.92855 -1.498091 14.800134 0.567468 3.865609 14.242578 -1.341737 -6.660659 19.631973 0.143926 -0.648246 49.666584 -0.405169 -6.688804 0.353029 -1.511151 -0.031939 20.222797 3.684311 2.31663 18.787279 4e-06 -1e-06 10.751629 -0.479869 1.397906 0.0 -1e-06 1e-06 3.273808 0.305948 -0.580109 21.486818 11.830379 2.266133 8.162929 2e-06 1e-06 18.399084 -3.798987 -4.940577 5e-06 2e-06 -2e-06 4.073542 7.441769 17.82798 -0.01707 -0.162035 6.236219 -2.90205 0.632459 -13.66398 1.849751 -1.756245 -6.24303 0.0 0.0 2e-06 4.525007 2.675875 -25.800768 -0.074392 -0.094023 10.24239 -1.770886 -2.361872 12.856255 -1.393039 1.117879 -3.001326 0.0 -0.0 -1e-06 
0.0 0.0 0.0 0.0 -0.0 0.0 14.774266 96.366188 135.616058 -5.398676 3.161251 0.734599 3.525316 0.300572 -3.722127 0.486952 -1.148018 -6.453861 2.786358 -2.281482 12.224281 -1.363534 2.839875 8.223954 -0.497779 1.224874 -3.660631 -1.699475 0.495396 -9.256359 7.7e-05 -2.3e-05 6e-06 0.014038 -0.036445 -0.005319 0.69034 -3.76599 -10.59186 -0.660808 3.707383 -10.548486 -23.442108 -8.166303 12.834395 -50.082115 -10.172276 14.761377 -0.309187 -24.739054 0.132345 -5.78688 4.469732 -14.272924 -5.882112 9.861293 0.702591 -10.936881 -0.360575 7.156209 1e-06 8.774833 -1e-06 -16.505959 18.02919 5.946155 -1.844034 2.498507 -2.507281 -10.16361 4.67895 4.621112 -20.976044 -3e-06 1e-06 -21.226307 2.451699 -3.594005 1e-06 -6e-06 -0.0 -1.362683 2.2408 -0.746323 -21.334932 0.584909 3.008323 -13.821227 -3e-06 1e-06 -23.887188 -0.249079 -0.839487 -60.506653 2.278687 -1.060018 -0.294025 1.679689 0.833257 -14.218223 0.093215 1.30058 -34.212082 -0.287567 0.967169 -20.033232 0.964535 1.212843 -1e-06 -0.0 -1e-06 -3.440392 0.788234 0.501655 -15.928201 -3.167313 2.999708 -6.338833 -1e-06 1e-06 -18.123463 3.648185 -4.905676 -2e-06 0.0 -2e-06 20.756374 10.820855 13.722523 57.966606 0.915345 6.030588 0.071087 21.178991 0.091021 8.287948 -1.79841 1.219276 2.243543 -5.25504 -3.18016 14.2829 -0.826595 6.952507 -2e-06 -12.690613 1e-06 15.892029 -17.887207 2.595937 1.665667 -1.955923 -2.8783 4.727802 -4.17059 4.993927 11.020534 3e-06 -2e-06 12.109058 -3.735717 -2.866786 -1e-06 -1e-06 0.0 1.291986 -1.92855 -1.498092 14.800139 0.567469 3.86561 14.242579 -1.341737 -6.660661 19.631979 0.143927 -0.648246 49.74678 -0.480102 -6.676853 0.353029 -1.511152 -0.031943 20.222805 3.684312 2.316633 18.787287 5e-06 -2e-06 10.751636 -0.479868 1.397907 -1e-06 0.0 -0.0 3.273809 0.305947 -0.58011 21.486828 11.830384 2.266135 8.162933 2e-06 -1e-06 18.399096 -3.798987 -4.940579 4e-06 1e-06 -1e-06 6.323014 7.679248 18.146502 0.10429 -0.391446 10.090271 -3.627772 -0.486389 -10.678061 1.955401 -1.887398 -10.348367 0.0 -0.0 2e-06 6.402489 2.644766 -25.364864 -0.104999 -0.189405 14.606966 -2.162834 -2.35283 9.810945 -1.392283 1.123868 -1.83958 0.0 -0.0 -1e-06 
0.0 0.0 0.0 0.0 -0.0 0.0 14.352043 96.671265 139.22168 -6.442012 3.430015 0.341229 3.844528 0.234216 -3.829427 0.588955 -1.334825 -6.50031 3.207877 -2.29088 11.86451 -0.926913 2.753015 8.635806 -0.509151 1.180251 -3.669179 -1.663904 0.712312 -9.14979 7.7e-05 -2.3e-05 6e-06 0.009418 -0.064403 0.000455 0.700418 -3.803452 -10.594704 -0.678381 3.687727 -10.542517 -22.523952 -7.916383 13.087625 -51.636059 -8.716142 15.396024 -0.178682 -24.268284 0.104366 -6.214151 4.53688 -13.230708 -5.88211 9.861292 0.702589 -10.93688 -0.360577 7.156209 2e-06 8.774832 -1e-06 -16.60438 17.977322 5.795026 -1.844033 2.498505 -2.507279 -10.163608 4.678946 4.621111 -20.97604 -6e-06 5e-06 -21.226305 2.451697 -3.593999 0.0 -6e-06 1e-06 -1.362682 2.2408 -0.746324 -21.33493 0.584907 3.008324 -13.821225 -5e-06 3e-06 -23.887186 -0.24908 -0.839481 -60.352215 2.24439 -1.104951 -0.294025 1.679688 0.833255 -14.218221 0.093213 1.30058 -34.212082 -0.287568 0.967171 -20.033232 0.964535 1.212846 -0.0 -1e-06 -1e-06 -3.440392 0.788234 0.501655 -15.928203 -3.167314 2.999708 -6.338832 -2e-06 2e-06 -18.123459 3.648182 -4.905671 -2e-06 0.0 -2e-06 20.515821 10.639462 13.667903 58.311749 0.731931 5.787669 -0.038621 21.168339 0.02597 8.513323 -2.367723 1.53816 2.243541 -5.255037 -3.180157 14.282896 -0.826592 6.952504 -6e-06 -12.690604 0.0 15.986456 -17.921835 2.601237 1.665666 -1.955922 -2.878299 4.727799 -4.170587 4.993925 11.020529 5e-06 -1e-06 12.109056 -3.735714 -2.866785 0.0 -1e-06 -0.0 1.291986 -1.928549 -1.49809 14.800134 0.567471 3.865607 14.242576 -1.341734 -6.660659 19.631975 0.143929 -0.648244 49.710171 -0.509982 -6.676038 0.353029 -1.51115 -0.031941 20.222801 3.684312 2.316631 18.787279 8e-06 -0.0 10.751633 -0.479867 1.397907 -1e-06 -0.0 -0.0 3.273808 0.305948 -0.58011 21.486822 11.830379 2.266135 8.16293 2e-06 1e-06 18.399088 -3.798982 -4.940574 4e-06 0.0 -1e-06 8.479867 7.537394 17.374683 0.093979 -0.570523 15.822727 -4.409521 -1.557506 -6.904225 2.03614 -1.856438 -14.479091 0.0 0.0 2e-06 8.016837 2.590758 -23.725807 -0.11133 -0.234942 16.982239 -2.742564 -2.855724 6.133885 -1.39657 1.106603 -1.018882 0.0 -0.0 -1e-06 
0.0 0.0 0.0 0.0 -0.0 0.0 13.939236 96.992653 142.722717 -7.344817 3.882847 -0.201871 4.176693 0.177706 -3.798067 0.642612 -1.393028 -6.502223 3.445707 -2.291424 11.631678 -0.46192 2.614472 8.795349 -0.580791 1.01123 -3.686453 -1.569806 0.692126 -9.196786 7.7e-05 -2.3e-05 6e-06 0.008796 -0.071957 0.002833 0.710462 -3.816921 -10.606517 -0.688681 3.684633 -10.552406 -21.612387 -7.680013 13.298428 -52.661613 -7.507904 16.71858 -0.044427 -24.350008 0.069757 -6.673958 4.468075 -12.364159 -5.882106 9.861284 0.702589 -10.936871 -0.360575 7.156207 0.0 8.774824 0.0 -16.688419 17.923723 5.681222 -1.844032 2.498503 -2.507277 -10.163599 4.678944 4.62111 -20.976021 -4e-06 0.0 -21.226288 2.451695 -3.594 2e-06 -5e-06 -0.0 -1.362682 2.240798 -0.746324 -21.334911 0.58491 3.008325 -13.82121 -2e-06 1e-06 -23.887167 -0.24908 -0.839484 -60.242317 2.134094 -1.024965 -0.294025 1.679687 0.833257 -14.218207 0.093215 1.30058 -34.212048 -0.287563 0.967167 -20.033211 0.964536 1.212842 1e-06 -0.0 0.0 -3.440388 0.788234 0.501655 -15.928185 -3.167309 2.999706 -6.338827 -1e-06 2e-06 -18.123444 3.648183 -4.905671 -4e-06 1e-06 -2e-06 20.29278 10.361135 13.515772 58.494507 0.500681 5.244838 -0.004737 22.087612 0.031025 8.015059 -2.28971 1.051636 2.243541 -5.255036 -3.180158 14.282887 -0.826595 6.952504 -1e-06 -12.690601 -0.0 16.040691 -17.908329 2.662208 1.665666 -1.955922 -2.878298 4.727797 -4.170587 4.993923 11.020522 1e-06 -0.0 12.109048 -3.735717 -2.866785 -0.0 0.0 -0.0 1.291985 -1.928549 -1.498089 14.800122 0.567466 3.865607 14.242568 -1.341738 -6.660657 19.631958 0.143924 -0.648245 49.753746 -0.572106 -6.563186 0.353029 -1.511151 -0.03194 20.222786 3.684308 2.31663 18.787266 2e-06 -1e-06 10.751624 -0.47987 1.397906 0.0 0.0 1e-06 3.273805 0.305947 -0.580111 21.486805 11.830371 2.266133 8.162925 1e-06 1e-06 18.399076 -3.798986 -4.940574 3e-06 0.0 -1e-06 10.570776 7.251946 15.164385 0.026018 -0.706534 23.747774 -5.515924 -2.817511 -2.146381 2.087027 -1.756566 -17.730553 0.0 0.0 3e-06 9.419838 2.432306 -21.222754 -0.100169 -0.304836 17.917046 -3.29184 -3.495347 3.082116 -1.40194 1.096684 -0.357906 0.0 0.0 -1e-06 
0.0 0.0 0.0 0.0 -0.0 0.0 13.564115 97.257111 146.035263 -8.162586 4.504245 -0.934455 4.512233 0.136679 -3.564181 0.672992 -1.329157 -6.398949 3.590835 -2.296428 11.502025 -0.024004 2.4696 8.779598 -0.635124 0.788356 -3.68298 -1.510985 0.500795 -9.486935 7.7e-05 -2.3e-05 6e-06 0.013588 -0.042493 0.009633 0.721148 -3.792733 -10.616488 -0.689829 3.716866 -10.568933 -20.789904 -7.498863 13.378577 -53.311619 -6.627824 18.051403 0.022393 -24.742916 0.022462 -6.91229 4.332767 -11.841146 -5.88211 9.861291 0.702593 -10.936878 -0.360573 7.156208 -1e-06 8.77483 -0.0 -16.707247 17.857496 5.631994 -1.844034 2.498506 -2.507278 -10.163605 4.678948 4.62111 -20.976038 -2e-06 1e-06 -21.226301 2.4517 -3.594003 1e-06 -6e-06 -1e-06 -1.362682 2.2408 -0.746323 -21.334929 0.584912 3.008322 -13.821221 -1e-06 1e-06 -23.887184 -0.249077 -0.839484 -60.205967 2.025049 -0.936245 -0.294025 1.679689 0.833256 -14.218218 0.093218 1.30058 -34.212074 -0.28756 0.967169 -20.033226 0.964537 1.212843 -0.0 -0.0 0.0 -3.44039 0.788234 0.501656 -15.928194 -3.167309 2.999706 -6.33883 -0.0 2e-06 -18.123459 3.648185 -4.905674 -4e-06 1e-06 -2e-06 20.07177 10.210131 13.365483 58.492306 0.413749 4.819304 0.099287 23.395563 0.061363 7.108174 -1.667792 -0.295187 2.243543 -5.255038 -3.180156 14.282894 -0.826596 6.952499 -0.0 -12.690606 -1e-06 16.061077 -17.866175 2.751694 1.665667 -1.955922 -2.878299 4.727799 -4.170588 4.993923 11.020527 1e-06 -2e-06 12.109053 -3.735718 -2.866786 -0.0 -0.0 -0.0 1.291986 -1.92855 -1.49809 14.800129 0.567467 3.865607 14.242576 -1.341738 -6.660659 19.631969 0.143924 -0.648245 49.825211 -0.627476 -6.435426 0.353029 -1.511151 -0.03194 20.222794 3.684308 2.31663 18.787273 3e-06 -4e-06 10.751629 -0.479868 1.397904 1e-06 0.0 1e-06 3.273807 0.305946 -0.580111 21.486813 11.830376 2.266131 8.16293 2e-06 -3e-06 18.39908 -3.798986 -4.940578 2e-06 1e-06 -1e-06 12.506421 6.717237 11.773891 -0.066898 -0.769665 33.19096 -7.040968 -4.009579 3.81437 2.036262 -1.641703 -18.105856 0.0 -0.0 3e-06 10.752565 2.036484 -18.421926 -0.060485 -0.359661 18.030085 -3.805883 -4.22659 0.862388 -1.41162 1.101055 0.108655 0.0 0.0 -1e-06 
0.0 0.0 0.0 0.0 -0.0 0.0 13.248216 97.446053 149.063873 -8.827145 5.082673 -1.836578 4.775849 0.12652 -3.101654 0.68077 -1.168704 -6.188557 3.720788 -2.278661 11.452888 0.316317 2.361483 8.730555 -0.659949 0.54948 -3.672102 -1.501517 0.291361 -9.996766 7.7e-05 -2.3e-05 6e-06 0.017586 -0.012791 0.0197 0.723528 -3.765402 -10.611583 -0.684855 3.746517 -10.572658 -20.127789 -7.328331 13.418916 -53.778587 -6.269446 18.89332 0.019348 -25.074278 -0.016116 -7.015239 4.291029 -11.621753 -5.882106 9.861283 0.702591 -10.936873 -0.360575 7.156205 2e-06 8.774824 -1e-06 -16.686529 17.822212 5.637205 -1.844033 2.498503 -2.507278 -10.163601 4.678944 4.621107 -20.976028 -6e-06 3e-06 -21.226292 2.451696 -3.593998 1e-06 -7e-06 -2e-06 -1.362682 2.240798 -0.746323 -21.334917 0.584908 3.008324 -13.821214 -4e-06 2e-06 -23.887173 -0.249081 -0.839482 -60.260178 1.993291 -0.899931 -0.294025 1.679687 0.833255 -14.218211 0.093214 1.30058 -34.212051 -0.287565 0.967172 -20.033213 0.964535 1.212845 -0.0 -0.0 -1e-06 -3.440389 0.788233 0.501656 -15.928189 -3.167311 2.999707 -6.338828 -2e-06 2e-06 -18.123449 3.64818 -4.90567 -4e-06 0.0 -2e-06 19.761646 10.299233 13.34603 58.279018 0.772996 4.743206 0.223101 24.563181 0.084145 6.227463 -0.97431 -1.852015 2.243541 -5.255034 -3.180157 14.28289 -0.826592 6.952498 -4e-06 -12.690598 -1e-06 16.053291 -17.8004 2.81781 1.665666 -1.955921 -2.878298 4.727798 -4.170586 4.993919 11.020527 4e-06 -3e-06 12.109052 -3.735712 -2.866783 -1e-06 0.0 -1e-06 1.291985 -1.928548 -1.498089 14.800127 0.56747 3.865604 14.242572 -1.341734 -6.660656 19.631968 0.143928 -0.648245 49.899315 -0.640867 -6.301441 0.353029 -1.51115 -0.03194 20.222792 3.684311 2.316628 18.78727 8e-06 -2e-06 10.751626 -0.479866 1.397905 -0.0 -0.0 0.0 3.273807 0.305947 -0.58011 21.486818 11.830373 2.266129 8.16293 3e-06 -3e-06 18.39908 -3.79898 -4.940575 4e-06 0.0 -2e-06 13.834276 5.752377 7.947363 -0.10715 -0.741921 42.597221 -8.14011 -3.904979 8.792068 1.850116 -1.643906 -12.794453 -0.0 -0.0 -0.0 11.881494 1.304886 -15.350269 -0.022806 -0.335774 17.626471 -4.080323 -4.654134 -1.137575 -1.421006 1.093411 0.291732 0.0 0.0 -1e-06 
0.0 0.0 0.0 0.0 -0.0 0.0 13.013156 97.611877 151.890594 -9.255542 5.534376 -2.819009 4.923879 0.185516 -2.519816 0.67767 -0.960919 -5.931551 3.754113 -2.206595 11.484085 0.615666 2.234379 8.822105 -0.675475 0.346325 -3.667094 -1.497843 0.156256 -10.613093 7.7e-05 -2.2e-05 6e-06 0.015218 -0.025994 0.028045 0.712931 -3.7767 -10.598006 -0.679917 3.731001 -10.56213 -19.645842 -7.140224 13.488294 -54.17828 -6.39654 19.05414 -0.052647 -25.127707 -0.01728 -6.897256 4.351133 -11.657937 -5.882108 9.861288 0.702591 -10.936872 -0.360574 7.156205 -2e-06 8.774826 -2e-06 -16.678164 17.861725 5.670813 -1.844032 2.498505 -2.507277 -10.1636 4.678946 4.621109 -20.976027 -1e-06 3e-06 -21.22629 2.4517 -3.594002 0.0 -7e-06 -1e-06 -1.362682 2.240798 -0.746324 -21.334913 0.584911 3.008325 -13.821214 -2e-06 1e-06 -23.887171 -0.249077 -0.839483 -60.356438 2.071594 -0.96384 -0.294025 1.679688 0.833256 -14.21821 0.093216 1.300582 -34.212051 -0.287559 0.96717 -20.033211 0.964539 1.212841 -0.0 -0.0 -1e-06 -3.440389 0.788234 0.501656 -15.928189 -3.167308 2.999709 -6.338828 -0.0 2e-06 -18.123447 3.648186 -4.90567 -3e-06 1e-06 -1e-06 19.45178 10.55324 13.462612 57.742214 1.651083 5.086465 0.359542 25.394388 0.09997 5.606376 -0.470124 -2.936332 2.243542 -5.255038 -3.180157 14.282894 -0.826594 6.952505 -3e-06 -12.690607 -1e-06 16.056238 -17.738045 2.836632 1.665666 -1.955922 -2.878299 4.727799 -4.170588 4.993924 11.020528 3e-06 -1e-06 12.109055 -3.735717 -2.866786 0.0 -1e-06 0.0 1.291986 -1.928549 -1.49809 14.800132 0.567469 3.865608 14.242572 -1.341737 -6.660659 19.631971 0.143927 -0.648245 49.940006 -0.64034 -6.190246 0.353029 -1.511151 -0.031939 20.222795 3.684311 2.31663 18.787273 5e-06 0.0 10.75163 -0.479867 1.397907 1e-06 0.0 1e-06 3.273808 0.305947 -0.580111 21.486816 11.830379 2.266132 8.16293 2e-06 -1e-06 18.39908 -3.798985 -4.940575 3e-06 1e-06 -2e-06 14.365047 4.538726 4.172453 -0.099349 -0.684448 50.79245 -7.515217 -2.157005 10.286341 1.726997 -1.75913 -6.964326 0.0 0.0 2e-06 12.679004 0.437203 -12.017817 -0.02096 -0.271582 16.702291 -4.168157 -4.800823 -2.630191 -1.422187 1.076615 0.341495 0.0 0.0 -1e-06 
0.0 0.0 0.0 0.0 -0.0 0.0 12.864749 97.800018 154.604874 -9.275226 5.864448 -3.684025 4.873691 0.28567 -1.988983 0.644335 -0.703197 -5.702675 3.572372 -2.067887 11.576457 0.96083 2.089904 9.073165 -0.712422 0.160191 -3.644857 -1.454549 0.013525 -11.170425 7.7e-05 -2.2e-05 6e-06 0.00936 -0.063377 0.037982 0.700769 -3.809209 -10.576063 -0.680392 3.689428 -10.542743 -19.267689 -6.942627 13.483651 -54.586506 -6.723179 18.746798 -0.128731 -24.954918 0.013461 -6.504785 4.429193 -11.966446 -5.88211 9.86129 0.702591 -10.936878 -0.360576 7.156207 1e-06 8.774831 -2e-06 -16.639641 17.91556 5.716529 -1.844034 2.498505 -2.507278 -10.163606 4.678946 4.62111 -20.976038 -6e-06 3e-06 -21.226299 2.451695 -3.594002 1e-06 -5e-06 -0.0 -1.362682 2.240799 -0.746323 -21.33493 0.584907 3.008323 -13.821223 -4e-06 1e-06 -23.887188 -0.249083 -0.839483 -60.401337 2.191958 -1.074357 -0.294025 1.679689 0.833256 -14.218219 0.093214 1.30058 -34.212074 -0.287568 0.967169 -20.03323 0.964534 1.212844 -0.0 -0.0 -1e-06 -3.440391 0.788233 0.501655 -15.9282 -3.167313 2.999707 -6.33883 -2e-06 2e-06 -18.123459 3.648183 -4.905672 -3e-06 0.0 -3e-06 19.239645 10.881516 13.640814 56.97628 2.906539 5.581671 0.530673 25.851854 0.149455 5.188704 -0.227707 -3.288499 2.243543 -5.255037 -3.18016 14.282896 -0.826594 6.952505 -5e-06 -12.690607 3e-06 16.089205 -17.674936 2.803453 1.665667 -1.955921 -2.8783 4.7278 -4.170588 4.993926 11.020531 4e-06 -1e-06 12.109058 -3.735715 -2.866785 -0.0 -0.0 1e-06 1.291987 -1.928551 -1.498091 14.800134 0.567469 3.865609 14.242579 -1.341734 -6.66066 19.631975 0.143927 -0.648245 49.936516 -0.631859 -6.145959 0.353029 -1.511152 -0.03194 20.222801 3.684312 2.316629 18.787279 7e-06 1e-06 10.751631 -0.479868 1.397907 -0.0 0.0 2e-06 3.273808 0.305948 -0.580112 21.48682 11.830379 2.266133 8.16293 2e-06 -0.0 18.39909 -3.798983 -4.940574 4e-06 0.0 -2e-06 14.083086 3.253184 0.538232 -0.098209 -0.559505 56.895691 -5.842585 -0.147151 8.349289 1.733643 -1.842729 -4.885787 0.0 0.0 4e-06 13.005119 -0.139959 -8.572457 -0.035462 -0.226692 15.371855 -4.230448 -5.017437 -4.060033 -1.416541 1.075832 0.461287 0.0 0.0 -1e-06 
0.0 0.0 0.0 0.0 -0.0 0.0 12.814452 98.006531 157.192963 -8.846026 6.129447 -4.335019 4.627666 0.390786 -1.546229 0.544191 -0.399113 -5.505557 3.157469 -1.877153 11.645804 1.361544 1.918738 9.442333 -0.757969 0.045911 -3.608701 -1.356052 -0.215112 -11.480874 7.7e-05 -2.2e-05 6e-06 0.006433 -0.081329 0.050292 0.692899 -3.822997 -10.555097 -0.679305 3.667821 -10.521688 -18.840418 -6.786891 13.437715 -55.052059 -7.071302 18.311373 -0.165933 -24.891832 0.043352 -6.113036 4.483949 -12.157497 -5.882109 9.86129 0.70259 -10.936873 -0.360574 7.156205 -2e-06 8.774828 -2e-06 -16.568623 17.96788 5.773326 -1.844033 2.498506 -2.507277 -10.163602 4.678948 4.621108 -20.976027 -1e-06 1e-06 -21.226292 2.451702 -3.594003 1e-06 -6e-06 -0.0 -1.362682 2.2408 -0.746323 -21.334917 0.584913 3.008322 -13.821215 -1e-06 -0.0 -23.887171 -0.249076 -0.839486 -60.38905 2.300033 -1.149935 -0.294025 1.679689 0.833256 -14.21821 0.093217 1.300581 -34.212051 -0.287559 0.967165 -20.033218 0.964538 1.21284 -0.0 -1e-06 -0.0 -3.440389 0.788235 0.501655 -15.928189 -3.167309 2.999707 -6.338828 0.0 1e-06 -18.123449 3.648187 -4.905674 -3e-06 0.0 -2e-06 19.016109 11.24453 13.792222 56.335526 4.327856 5.930039 0.730676 26.026789 0.226141 4.805047 -0.247802 -3.094608 2.243541 -5.255038 -3.180159 14.282889 -0.826596 6.952503 -2e-06 -12.690607 -1e-06 16.121872 -17.627808 2.751263 1.665666 -1.955922 -2.8783 4.727798 -4.170588 4.993925 11.020527 2e-06 -1e-06 12.109053 -3.735718 -2.866786 -1e-06 -0.0 1e-06 1.291986 -1.92855 -1.49809 14.800129 0.567467 3.865609 14.242575 -1.341739 -6.660662 19.631969 0.143925 -0.648247 49.919281 -0.609112 -6.151478 0.353029 -1.511152 -0.031941 20.222788 3.684309 2.316629 18.78727 3e-06 -1e-06 10.751627 -0.479871 1.397904 -0.0 0.0 1e-06 3.273807 0.305947 -0.580112 21.486813 11.830376 2.266132 8.162926 0.0 -3e-06 18.399082 -3.798988 -4.940577 4e-06 0.0 -1e-06 13.132823 1.932639 -2.977224 -0.097415 -0.398362 60.499561 -4.528549 1.297833 5.24577 1.777051 -1.882424 -4.4176 0.0 0.0 2e-06 12.746516 -0.448037 -5.361496 -0.030735 -0.191012 13.853563 -4.275053 -5.29434 -5.120952 -1.411523 1.072922 0.639998 0.0 -0.0 -1e-06 
0.0 0.0 0.0 0.0 -0.0 0.0 12.847707 98.194733 159.673172 -8.121943 6.34574 -4.769375 4.295467 0.503572 -1.131995 0.400236 -0.06331 -5.320417 2.59349 -1.624017 11.628974 1.719997 1.7708 9.790706 -0.796557 -0.052384 -3.584138 -1.206389 -0.478119 -11.613086 7.7e-05 -2.2e-05 6e-06 0.004193 -0.088678 0.064756 0.688794 -3.830201 -10.553616 -0.680817 3.660403 -10.517428 -18.38854 -6.684125 13.347347 -55.48209 -7.334819 18.010284 -0.156397 -25.193027 0.063309 -5.853752 4.444601 -12.315746 -5.882109 9.86129 0.702591 -10.936877 -0.360575 7.156209 0.0 8.774829 -2e-06 -16.491915 18.014103 5.814238 -1.844033 2.498505 -2.507279 -10.163604 4.678946 4.62111 -20.976034 -3e-06 4e-06 -21.226295 2.451698 -3.594 1e-06 -6e-06 -1e-06 -1.362682 2.240798 -0.746324 -21.334921 0.58491 3.008324 -13.821218 -3e-06 2e-06 -23.88718 -0.24908 -0.839484 -60.352993 2.380159 -1.231444 -0.294025 1.679688 0.833255 -14.218215 0.093215 1.300581 -34.212067 -0.287563 0.967171 -20.033222 0.964538 1.212843 1e-06 -2e-06 -1e-06 -3.44039 0.788234 0.501654 -15.928194 -3.16731 2.999707 -6.33883 -1e-06 1e-06 -18.123453 3.648185 -4.905673 -3e-06 -0.0 -2e-06 18.597452 11.68672 13.797456 56.018562 5.696719 6.202846 0.859169 26.146641 0.284675 4.453389 -0.432686 -2.659877 2.243543 -5.255038 -3.180157 14.282898 -0.826596 6.952507 -2e-06 -12.690611 1e-06 16.169815 -17.622183 2.692786 1.665666 -1.955922 -2.8783 4.727801 -4.170589 4.993926 11.020531 2e-06 -0.0 12.109058 -3.735717 -2.866785 0.0 -0.0 0.0 1.291986 -1.92855 -1.49809 14.800136 0.567467 3.865611 14.242579 -1.341738 -6.660659 19.631981 0.143926 -0.648243 49.931221 -0.632983 -6.207885 0.353029 -1.511151 -0.031938 20.222801 3.68431 2.316631 18.787283 4e-06 -1e-06 10.751635 -0.47987 1.397907 -0.0 1e-06 1e-06 3.273808 0.305948 -0.580112 21.486824 11.830379 2.266133 8.16293 1e-06 -0.0 18.399092 -3.798987 -4.940577 4e-06 0.0 -0.0 11.821985 0.751142 -6.569968 -0.084995 -0.251143 61.806347 -3.759523 2.257832 2.087263 1.802294 -1.899569 -4.312539 0.0 0.0 1e-06 12.125587 -0.561751 -2.387118 -0.021927 -0.161883 12.295462 -4.328881 -5.618252 -6.052008 -1.41039 1.059876 0.791342 0.0 -0.0 -1e-06 
0.0 0.0 0.0 0.0 -0.0 0.0 12.952672 98.330894 162.065063 -7.212148 6.504831 -4.964028 3.925483 0.61423 -0.745977 0.259117 0.312534 -5.130323 1.952529 -1.325286 11.541914 1.931678 1.672346 9.949731 -0.841279 -0.187946 -3.590397 -1.019777 -0.761622 -11.618651 7.7e-05 -2.2e-05 6e-06 0.000896 -0.09642 0.07776 0.687468 -3.839951 -10.562368 -0.687436 3.654193 -10.527 -18.119673 -6.589607 13.173271 -55.629738 -7.480212 17.897951 -0.098161 -25.907171 0.05912 -5.652269 4.270535 -12.592721 -5.88211 9.861287 0.70259 -10.936878 -0.360575 7.156209 1e-06 8.774828 -0.0 -16.429836 18.035378 5.83522 -1.844034 2.498505 -2.507279 -10.163606 4.678946 4.621109 -20.976038 -4e-06 3e-06 -21.226299 2.451696 -3.594 1e-06 -6e-06 -1e-06 -1.362682 2.240799 -0.746324 -21.334929 0.584909 3.008323 -13.821221 -4e-06 1e-06 -23.887184 -0.24908 -0.839482 -60.360512 2.409027 -1.281367 -0.294025 1.679688 0.833255 -14.218217 0.093215 1.30058 -34.212074 -0.287565 0.967171 -20.033226 0.964536 1.212843 -0.0 -0.0 -0.0 -3.440391 0.788234 0.501656 -15.928201 -3.16731 2.999707 -6.33883 -1e-06 1e-06 -18.123459 3.648183 -4.905672 -4e-06 0.0 -2e-06 18.038805 12.206446 13.652921 55.945904 6.883909 6.320544 0.884156 26.428118 0.300921 4.127771 -0.575424 -2.285949 2.243543 -5.255039 -3.18016 14.282896 -0.826596 6.952503 -3e-06 -12.690609 1e-06 16.21616 -17.646746 2.648937 1.665667 -1.955922 -2.8783 4.7278 -4.170588 4.993925 11.02053 3e-06 -1e-06 12.109057 -3.735716 -2.866787 -1e-06 -0.0 -0.0 1.291986 -1.92855 -1.49809 14.800132 0.567469 3.865608 14.242577 -1.341735 -6.660661 19.631973 0.143927 -0.648244 49.964169 -0.6887 -6.268156 0.353029 -1.511151 -0.031939 20.222801 3.68431 2.316631 18.787283 6e-06 -1e-06 10.751632 -0.47987 1.397907 -0.0 1e-06 1e-06 3.273808 0.305947 -0.580111 21.48682 11.830377 2.266135 8.16293 2e-06 -0.0 18.39909 -3.798984 -4.940576 4e-06 1e-06 -1e-06 10.374859 -0.125908 -10.218158 -0.057159 -0.120887 60.592072 -3.456587 2.692228 -0.445386 1.797112 -1.896649 -4.27629 -0.0 -0.0 0.0 11.245585 -0.585074 0.191532 -0.020376 -0.140706 10.936763 -4.294292 -5.88442 -7.006291 -1.412059 1.03259 0.849975 0.0 -0.0 -1e-06 
0.0 0.0 0.0 0.0 -0.0 0.0 13.121505 98.4049 164.407364 -6.274592 6.612686 -4.900579 3.555433 0.68977 -0.455784 0.155056 0.707147 -4.950545 1.328259 -1.013819 11.468502 1.960797 1.654947 9.834753 -0.891976 -0.335407 -3.628253 -0.839557 -1.068924 -11.533752 7.7e-05 -2.3e-05 6e-06 -0.002168 -0.099787 0.081691 0.685273 -3.844599 -10.571071 -0.692781 3.651125 -10.541289 -18.149719 -6.469847 12.943624 -55.421814 -7.561471 17.875885 0.038628 -26.857052 0.017356 -5.34824 3.992152 -13.126658 -5.882108 9.861287 0.702591 -10.936876 -0.360574 7.156207 0.0 8.774826 -1e-06 -16.381168 18.025499 5.867239 -1.844033 2.498506 -2.507278 -10.163603 4.678946 4.62111 -20.976028 -3e-06 2e-06 -21.22629 2.451698 -3.594 2e-06 -6e-06 -1e-06 -1.362682 2.240798 -0.746323 -21.334921 0.584909 3.008323 -13.821218 -2e-06 2e-06 -23.887178 -0.24908 -0.839484 -60.442101 2.395971 -1.257331 -0.294025 1.679688 0.833257 -14.218213 0.093216 1.300581 -34.212063 -0.287564 0.967169 -20.033224 0.964536 1.212844 1e-06 -1e-06 -1e-06 -3.44039 0.788233 0.501656 -15.928192 -3.16731 2.999708 -6.338829 -2e-06 1e-06 -18.123457 3.648184 -4.90567 -4e-06 0.0 -2e-06 17.539246 12.738867 13.443911 55.922138 7.82899 6.222736 0.835717 27.039263 0.290985 3.768052 -0.504599 -2.210567 2.243543 -5.25504 -3.18016 14.282904 -0.826595 6.952507 -4e-06 -12.690612 1e-06 16.217052 -17.668245 2.636119 1.665668 -1.955922 -2.8783 4.727803 -4.17059 4.993928 11.020538 4e-06 -1e-06 12.109062 -3.735717 -2.866788 0.0 -0.0 -1e-06 1.291987 -1.92855 -1.498092 14.800144 0.567469 3.865609 14.242588 -1.341737 -6.660665 19.63199 0.143926 -0.648247 49.986599 -0.721614 -6.296549 0.353031 -1.511153 -0.031939 20.222815 3.684313 2.316628 18.787292 6e-06 -4e-06 10.751639 -0.479868 1.397906 2e-06 2e-06 -2e-06 3.273811 0.305947 -0.58011 21.486837 11.830384 2.266131 8.162937 2e-06 -1e-06 18.399103 -3.798985 -4.940583 5e-06 0.0 -1e-06 9.031551 -0.677275 -13.675073 -0.004019 -0.013259 56.790779 -3.588403 2.544407 -2.155782 1.786774 -1.886916 -4.227884 0.0 0.0 0.0 10.330402 -0.636683 2.464862 -0.02756 -0.108716 9.66178 -4.239362 -5.981802 -7.966528 -1.41549 1.000985 0.803618 0.0 -0.0 -1e-06 
0.0 0.0 0.0 0.0 -0.0 0.0 13.344776 98.416397 166.721436 -5.39491 6.684268 -4.594128 3.193708 0.708764 -0.270488 0.071334 1.113786 -4.798744 0.777609 -0.729881 11.425656 1.890672 1.710026 9.478959 -0.941381 -0.486993 -3.670175 -0.724574 -1.365603 -11.465918 7.7e-05 -2.3e-05 6e-06 -0.0022 -0.09033 0.078722 0.681383 -3.835027 -10.571076 -0.690352 3.658974 -10.551008 -18.361889 -6.355758 12.707325 -55.03252 -7.641877 17.747663 0.218152 -27.807682 -0.049156 -4.909244 3.69379 -14.002698 -5.882105 9.861284 0.702589 -10.936868 -0.360575 7.156202 -1e-06 8.774823 -2e-06 -16.321199 18.0123 5.90129 -1.844032 2.498504 -2.507277 -10.163596 4.678944 4.621105 -20.976019 -4e-06 -0.0 -21.226284 2.451696 -3.594002 2e-06 -6e-06 -0.0 -1.362681 2.240798 -0.746324 -21.334911 0.584908 3.00832 -13.821213 -3e-06 0.0 -23.887167 -0.24908 -0.839485 -60.512409 2.341665 -1.187244 -0.294025 1.679687 0.833255 -14.218205 0.093215 1.300578 -34.212036 -0.287565 0.967168 -20.033207 0.964535 1.212842 1e-06 -0.0 -1e-06 -3.440388 0.788233 0.501655 -15.928181 -3.167309 2.999706 -6.338825 -1e-06 -0.0 -18.123444 3.64818 -4.905671 -3e-06 0.0 -1e-06 17.161278 13.245036 13.206785 55.878777 8.614748 6.004138 0.77441 27.91679 0.264468 3.396868 -0.251991 -2.442891 2.243545 -5.255043 -3.18016 14.282902 -0.826598 6.952506 -0.0 -12.690616 -2e-06 16.159203 -17.650217 2.626488 1.665668 -1.955923 -2.878301 4.727803 -4.170592 4.993928 11.020535 1e-06 -3e-06 12.109062 -3.735721 -2.866788 0.0 0.0 1e-06 1.291987 -1.928552 -1.49809 14.800139 0.567466 3.86561 14.242583 -1.341741 -6.660664 19.631979 0.143925 -0.648249 49.937042 -0.712319 -6.293274 0.353029 -1.511152 -0.031941 20.222803 3.684309 2.316631 18.787289 2e-06 -4e-06 10.751637 -0.479871 1.397904 2e-06 3e-06 -2e-06 3.273809 0.305947 -0.580111 21.48683 11.830384 2.266134 8.162935 2e-06 -2e-06 18.399099 -3.79899 -4.940581 3e-06 0.0 0.0 7.893917 -0.980383 -16.791616 0.064945 0.051233 50.622265 -4.054276 2.120924 -2.567569 1.784295 -1.894272 -4.183065 0.0 0.0 3e-06 9.420732 -0.765853 4.487505 -0.042673 -0.04293 8.289226 -4.162799 -5.916405 -8.86344 -1.4195 0.982609 0.756998 0.0 0.0 -1e-06 
0.0 0.0 0.0 0.0 -0.0 0.0 13.614132 98.365768 168.985062 -4.665504 6.706191 -4.074066 2.883412 0.653794 -0.190111 -0.02024 1.487087 -4.702395 0.360947 -0.446039 11.386937 1.772766 1.796142 9.032581 -0.979116 -0.615404 -3.699552 -0.696401 -1.611946 -11.448433 7.7e-05 -2.2e-05 6e-06 0.001807 -0.063353 0.071429 0.675098 -3.807389 -10.56898 -0.677296 3.683887 -10.559658 -18.638144 -6.291936 12.513549 -54.632988 -7.742807 17.50864 0.398104 -28.51564 -0.114482 -4.40471 3.463268 -15.043922 -5.882107 9.861286 0.70259 -10.936875 -0.360576 7.156206 1e-06 8.774828 0.0 -16.254681 17.990702 5.906373 -1.844033 2.498505 -2.507278 -10.163604 4.678945 4.621109 -20.97603 -6e-06 1e-06 -21.226295 2.451694 -3.594001 2e-06 -6e-06 -0.0 -1.362682 2.240798 -0.746324 -21.334923 0.584908 3.008322 -13.821218 -4e-06 1e-06 -23.887178 -0.249082 -0.839483 -60.507015 2.280952 -1.17157 -0.294025 1.679686 0.833257 -14.218214 0.093213 1.300579 -34.212063 -0.287568 0.967169 -20.033218 0.964534 1.212843 -1e-06 0.0 -1e-06 -3.44039 0.788235 0.501655 -15.928194 -3.167311 2.999707 -6.338829 -2e-06 0.0 -18.123457 3.648181 -4.905674 -3e-06 -0.0 -1e-06 16.872578 13.689427 12.957745 55.870525 9.331617 5.812218 0.699731 28.855066 0.238101 3.030856 0.091987 -2.791547 2.243543 -5.25504 -3.180159 14.282896 -0.826593 6.952507 -3e-06 -12.690611 -1e-06 16.065653 -17.629293 2.613752 1.665667 -1.955922 -2.878303 4.7278 -4.170589 4.993925 11.020532 3e-06 -2e-06 12.109058 -3.735715 -2.866787 0.0 -0.0 -0.0 1.291986 -1.92855 -1.498089 14.800138 0.567471 3.865608 14.24258 -1.341736 -6.660661 19.631977 0.143929 -0.648244 49.842632 -0.688456 -6.295998 0.353029 -1.511152 -0.031941 20.222801 3.684313 2.316632 18.787281 7e-06 -3e-06 10.751634 -0.479867 1.397908 2e-06 3e-06 -3e-06 3.273808 0.305947 -0.580111 21.486822 11.830383 2.266133 8.16293 4e-06 -2e-06 18.399088 -3.798985 -4.940577 3e-06 0.0 -1e-06 7.050102 -1.026153 -19.425533 0.133436 0.096887 42.731308 -4.592505 1.840736 -1.615625 1.777604 -1.917037 -4.15891 -0.0 -0.0 2e-06 8.620353 -0.964673 6.392954 -0.063059 0.035278 6.620842 -4.112367 -5.681304 -9.58129 -1.424741 0.980262 0.744777 0.0 -0.0 -1e-06 
0.0 0.0 0.0 0.0 -0.0 0.0 13.929165 98.246803 171.185837 -4.138112 6.679005 -3.40881 2.642292 0.551541 -0.204662 -0.125133 1.753623 -4.666349 0.097279 -0.167181 11.318928 1.623164 1.882869 8.629768 -0.994628 -0.737758 -3.701305 -0.703154 -1.757667 -11.42018 7.7e-05 -2.3e-05 6e-06 0.008147 -0.032923 0.068322 0.672753 -3.77859 -10.575689 -0.663448 3.7155 -10.573103 -18.861193 -6.278646 12.393991 -54.33947 -7.887846 17.275028 0.53616 -28.78986 -0.157525 -3.98791 3.404898 -15.832177 -5.882111 9.861295 0.702591 -10.936878 -0.360574 7.15621 0.0 8.774834 0.0 -16.192757 17.968658 5.887262 -1.844034 2.498507 -2.507279 -10.163606 4.67895 4.621111 -20.976038 -2e-06 1e-06 -21.226303 2.451701 -3.594003 2e-06 -6e-06 -1e-06 -1.362683 2.2408 -0.746324 -21.334929 0.584911 3.008323 -13.821223 -2e-06 0.0 -23.887184 -0.249078 -0.839485 -60.458778 2.259756 -1.230191 -0.294025 1.679689 0.833257 -14.21822 0.093217 1.30058 -34.212078 -0.287563 0.967168 -20.033226 0.964537 1.212842 -1e-06 0.0 -1e-06 -3.440391 0.788235 0.501656 -15.9282 -3.167311 2.999707 -6.338831 -1e-06 1e-06 -18.123459 3.648187 -4.905675 -3e-06 -0.0 -1e-06 16.609875 14.03376 12.70752 56.025841 10.022963 5.744015 0.622414 29.650208 0.218635 2.735138 0.449033 -3.101469 2.243543 -5.255041 -3.180159 14.282898 -0.826596 6.952506 -2e-06 -12.690616 -1e-06 15.995604 -17.643072 2.612188 1.665667 -1.955923 -2.8783 4.727801 -4.170592 4.993927 11.020531 2e-06 -1e-06 12.109058 -3.735718 -2.866786 0.0 -1e-06 -0.0 1.291986 -1.92855 -1.49809 14.800136 0.567468 3.865608 14.24258 -1.341737 -6.660663 19.631979 0.143925 -0.648245 49.770878 -0.682861 -6.312001 0.353029 -1.51115 -0.03194 20.222801 3.684309 2.316631 18.787283 4e-06 -3e-06 10.751634 -0.479869 1.397905 1e-06 2e-06 -2e-06 3.273809 0.305948 -0.580108 21.486824 11.830382 2.266136 8.16293 -1e-06 -2e-06 18.399097 -3.798991 -4.940581 4e-06 0.0 0.0 6.462406 -0.70452 -21.446327 0.177145 0.158069 33.756779 -4.970777 1.803534 0.44143 1.759429 -1.92055 -4.051541 0.0 -0.0 2e-06 7.976828 -1.282354 8.219428 -0.092193 0.09035 4.739511 -4.057467 -5.332911 -10.090203 -1.428998 0.989222 0.696406 0.0 -0.0 -1e-06 
0.0 0.0 0.0 0.0 -0.0 0.0 14.302047 98.06263 173.459885 -3.765246 6.579793 -2.680924 2.427392 0.479108 -0.321037 -0.223272 1.867715 -4.68178 -0.044588 0.080385 11.253089 1.489577 1.965531 8.305449 -0.991598 -0.868321 -3.709148 -0.725832 -1.750046 -11.299787 7.7e-05 -2.3e-05 6e-06 0.014131 -0.019994 0.068016 0.676925 -3.768153 -10.597463 -0.656743 3.730884 -10.59319 -19.013325 -6.2872 12.331152 -54.135353 -8.062023 17.128519 0.566572 -28.608866 -0.169074 -3.775281 3.582455 -16.08437 -5.882107 9.861284 0.70259 -10.936873 -0.360575 7.156206 1e-06 8.774825 -1e-06 -16.15819 17.943583 5.876814 -1.844032 2.498505 -2.507277 -10.163601 4.678944 4.621109 -20.976025 -3e-06 2e-06 -21.226286 2.451697 -3.593999 2e-06 -6e-06 -0.0 -1.362682 2.240797 -0.746324 -21.334915 0.584909 3.008324 -13.821217 -3e-06 2e-06 -23.887171 -0.249079 -0.839481 -60.426376 2.279994 -1.279762 -0.294025 1.679686 0.833256 -14.218209 0.093214 1.300581 -34.212051 -0.287565 0.967172 -20.033218 0.964536 1.212843 -1e-06 0.0 -0.0 -3.440389 0.788233 0.501656 -15.928189 -3.167311 2.999708 -6.338828 -1e-06 1e-06 -18.123444 3.648183 -4.905668 -3e-06 -0.0 -2e-06 16.377457 14.290949 12.430134 56.356422 10.599892 5.884698 0.525806 30.260546 0.195117 2.560115 0.772197 -3.386423 2.243542 -5.255036 -3.180157 14.282887 -0.826593 6.952498 -3e-06 -12.6906 0.0 15.96036 -17.679512 2.645655 1.665666 -1.95592 -2.878298 4.727798 -4.170587 4.993923 11.02052 3e-06 -3e-06 12.109048 -3.735713 -2.866785 0.0 -0.0 -0.0 1.291986 -1.928548 -1.498089 14.800125 0.56747 3.865602 14.242568 -1.341736 -6.660659 19.631962 0.143927 -0.648249 49.762524 -0.702102 -6.312592 0.353028 -1.511149 -0.03194 20.222786 3.684311 2.316628 18.787268 8e-06 -4e-06 10.751624 -0.479868 1.397905 0.0 2e-06 0.0 3.273806 0.305947 -0.58011 21.486805 11.830373 2.26613 8.162926 2e-06 -3e-06 18.399076 -3.798983 -4.940575 3e-06 1e-06 -1e-06 5.958464 -0.037299 -22.788328 0.178491 0.22336 24.404827 -5.018651 2.106789 2.535454 1.744908 -1.894885 -3.793318 0.0 0.0 2e-06 7.365282 -1.712765 9.783658 -0.122932 0.11708 3.213382 -3.864923 -4.870118 -10.585813 -1.432345 1.000493 0.58456 0.0 -0.0 -1e-06 
0.0 0.0 0.0 0.0 -0.0 0.0 14.742491 97.833809 175.915558 -3.367444 6.365321 -1.917305 2.113836 0.455022 -0.553428 -0.296926 1.889867 -4.760969 -0.138765 0.25094 11.247934 1.366854 2.052471 8.016717 -0.983419 -0.954296 -3.733368 -0.781142 -1.619675 -11.092805 7.7e-05 -2.3e-05 6e-06 0.018254 -0.017086 0.066616 0.686548 -3.76711 -10.629268 -0.659247 3.735325 -10.620508 -19.205967 -6.236863 12.309324 -53.887218 -8.230379 17.055668 0.485917 -28.041027 -0.166401 -3.835834 3.846618 -15.889088 -5.882111 9.861292 0.70259 -10.936878 -0.360575 7.156209 -0.0 8.774831 -1e-06 -16.111448 17.900063 5.907479 -1.844034 2.498505 -2.507279 -10.163605 4.678948 4.621111 -20.976038 -3e-06 0.0 -21.226299 2.451697 -3.594004 1e-06 -6e-06 -0.0 -1.362682 2.2408 -0.746323 -21.334929 0.584911 3.008323 -13.821221 -2e-06 1e-06 -23.887186 -0.249079 -0.839485 -60.417225 2.315391 -1.272802 -0.294025 1.679688 0.833256 -14.218219 0.093216 1.300581 -34.212074 -0.287563 0.967168 -20.033228 0.964537 1.212843 -1e-06 -0.0 -0.0 -3.440391 0.788235 0.501656 -15.928196 -3.16731 2.999709 -6.338832 -1e-06 0.0 -18.123459 3.648185 -4.905676 -3e-06 0.0 -2e-06 16.266388 14.470353 12.213742 56.768028 11.052517 6.157545 0.479167 30.740349 0.149399 2.460819 1.040643 -3.632875 2.243542 -5.255038 -3.180156 14.282889 -0.826594 6.9525 -2e-06 -12.690609 -1e-06 15.922679 -17.690096 2.703846 1.665667 -1.955923 -2.8783 4.727799 -4.170588 4.993922 11.020528 2e-06 0.0 12.109053 -3.735717 -2.866785 -1e-06 -0.0 -0.0 1.291986 -1.92855 -1.498089 14.800131 0.56747 3.865608 14.242575 -1.341737 -6.660659 19.631969 0.143924 -0.648244 49.804562 -0.727756 -6.26459 0.353029 -1.511152 -0.03194 20.222794 3.684311 2.31663 18.787273 5e-06 -4e-06 10.751629 -0.479868 1.397906 1e-06 3e-06 1e-06 3.273808 0.305948 -0.580111 21.486818 11.830379 2.266131 8.162928 2e-06 -3e-06 18.399084 -3.798984 -4.940577 4e-06 1e-06 -1e-06 5.324467 0.81643 -23.477028 0.114834 0.214299 15.101131 -5.045728 2.585611 3.940871 1.735584 -1.863454 -3.619485 0.0 -0.0 3e-06 6.652214 -2.206762 11.005322 -0.142717 0.102745 2.535738 -3.488933 -4.281859 -11.254043 -1.436573 1.005194 0.357259 0.0 -0.0 -1e-06 
0.0 0.0 0.0 0.0 -0.0 0.0 15.272777 97.526947 178.520218 -2.880668 5.960723 -1.163627 1.688248 0.425474 -0.897282 -0.346156 1.888794 -4.903528 -0.177284 0.344978 11.293801 1.146921 2.170668 7.791195 -0.968478 -0.921761 -3.73938 -0.87254 -1.389424 -10.807172 7.7e-05 -2.3e-05 6e-06 0.017043 -0.018043 0.064991 0.692494 -3.767378 -10.654425 -0.6687 3.732891 -10.642517 -19.501913 -6.05797 12.319624 -53.558517 -8.30644 17.158911 0.39581 -27.225456 -0.161027 -4.226738 3.972573 -15.474731 -5.882107 9.861284 0.70259 -10.936873 -0.360575 7.156206 1e-06 8.774824 -1e-06 -16.056316 17.867304 5.951708 -1.844033 2.498504 -2.507278 -10.163602 4.678943 4.621109 -20.976027 -5e-06 2e-06 -21.226288 2.451696 -3.593999 1e-06 -6e-06 -1e-06 -1.362682 2.240798 -0.746324 -21.334917 0.584909 3.008323 -13.821215 -3e-06 2e-06 -23.887178 -0.249081 -0.839483 -60.422928 2.348491 -1.245972 -0.294025 1.679687 0.833256 -14.218211 0.093213 1.30058 -34.212051 -0.287565 0.967172 -20.033215 0.964536 1.212845 -1e-06 -1e-06 -0.0 -3.440389 0.788234 0.501656 -15.928189 -3.167311 2.999707 -6.338828 -2e-06 1e-06 -18.123451 3.64818 -4.905671 -4e-06 -0.0 -3e-06 16.220671 14.608934 12.148032 57.238705 11.366447 6.686249 0.453299 31.10408 0.080706 2.565278 1.269251 -3.83253 2.243542 -5.255037 -3.180157 14.282891 -0.826594 6.952503 -3e-06 -12.690605 -0.0 15.899192 -17.712 2.755747 1.665666 -1.955921 -2.878299 4.727798 -4.170588 4.993925 11.020526 4e-06 -4e-06 12.109052 -3.735713 -2.866785 0.0 -1e-06 1e-06 1.291986 -1.928549 -1.498088 14.800129 0.567468 3.865605 14.242572 -1.341735 -6.66066 19.631969 0.143929 -0.648246 49.884586 -0.720103 -6.200971 0.353029 -1.511151 -0.031939 20.222788 3.684311 2.316629 18.78727 7e-06 -4e-06 10.751627 -0.479868 1.397905 1e-06 2e-06 0.0 3.273806 0.305947 -0.580112 21.486814 11.830376 2.266131 8.162928 1e-06 -2e-06 18.399082 -3.798986 -4.940577 3e-06 -1e-06 0.0 4.470693 1.769761 -23.610865 0.018837 0.131829 6.67767 -5.456914 3.197535 4.434768 1.720101 -1.874757 -3.718381 0.0 0.0 3e-06 5.675622 -2.722166 12.17 -0.141857 0.038431 2.199711 -2.819274 -3.411899 -12.141351 -1.441349 0.979438 -0.028146 -0.0 0.0 -1e-06 
0.0 0.0 0.0 0.0 -0.0 0.0 15.924878 97.129425 181.288574 -2.297071 5.304823 -0.563606 1.221982 0.408636 -1.243667 -0.402707 1.91097 -5.077343 -0.166679 0.401379 11.330064 0.761207 2.30056 7.718797 -0.916214 -0.793416 -3.720075 -0.93914 -1.062746 -10.422922 7.7e-05 -2.3e-05 6e-06 0.009897 -0.02684 0.063914 0.681573 -3.774141 -10.657577 -0.672805 3.72174 -10.640894 -19.861849 -5.825556 12.378771 -53.228214 -8.203452 17.392416 0.340082 -26.340281 -0.177437 -4.90016 3.956409 -15.073763 -5.882107 9.861284 0.702591 -10.936872 -0.360574 7.156202 -1e-06 8.774825 -0.0 -16.092693 17.874353 5.915963 -1.844033 2.498505 -2.507277 -10.1636 4.678946 4.621106 -20.976025 -2e-06 1e-06 -21.22629 2.451699 -3.594002 1e-06 -5e-06 -0.0 -1.362682 2.240798 -0.746323 -21.334913 0.584911 3.008322 -13.821213 -1e-06 0.0 -23.887167 -0.249077 -0.839484 -60.399632 2.351788 -1.245373 -0.294025 1.679687 0.833256 -14.218207 0.093216 1.30058 -34.212048 -0.287562 0.967166 -20.033211 0.964537 1.212842 -1e-06 -0.0 -1e-06 -3.440388 0.788233 0.501655 -15.928185 -3.167308 2.999706 -6.338827 0.0 0.0 -18.123446 3.648185 -4.905671 -4e-06 -0.0 -2e-06 16.163982 14.664224 12.19115 57.772289 11.520601 7.495285 0.392746 31.215151 0.048545 2.982752 1.521139 -4.024692 2.243542 -5.255036 -3.180159 14.282887 -0.826595 6.952498 -2e-06 -12.690601 -0.0 15.919245 -17.725866 2.775885 1.665666 -1.955921 -2.878298 4.727797 -4.170586 4.993922 11.020524 3e-06 -2e-06 12.10905 -3.735715 -2.866785 0.0 -1e-06 1e-06 1.291986 -1.928549 -1.49809 14.800123 0.567469 3.865606 14.242569 -1.341734 -6.660657 19.631962 0.143926 -0.648247 49.938961 -0.691554 -6.199235 0.35303 -1.511151 -0.03194 20.222788 3.684307 2.316627 18.78727 5e-06 -6e-06 10.751625 -0.47987 1.397905 -0.0 2e-06 0.0 3.273806 0.305947 -0.58011 21.486809 11.830368 2.266132 8.162926 2e-06 -2e-06 18.399076 -3.798984 -4.940575 3e-06 0.0 -1e-06 3.382238 2.819745 -23.403299 -0.024577 0.070434 0.961827 -6.121012 4.078355 4.481234 1.692732 -1.92993 -3.912209 0.0 0.0 2e-06 4.428802 -3.154638 13.209333 -0.14225 0.012096 2.651531 -1.952115 -2.342404 -13.353459 -1.446812 0.948147 -0.455743 -0.0 0.0 -1e-06 
0.0 0.0 0.0 0.0 -0.0 0.0 16.706661 96.755638 184.215897 -1.536537 4.506413 -0.096373 0.661196 0.450933 -1.548232 -0.479695 1.976333 -5.242141 -0.182486 0.342839 11.330961 0.350027 2.46682 7.699683 -0.86816 -0.594762 -3.60008 -0.973248 -0.778677 -10.017501 7.7e-05 -2.3e-05 6e-06 0.00953 0.036658 0.076622 0.681185 -3.711898 -10.639999 -0.673038 3.786645 -10.62105 -20.426086 -5.67809 12.243858 -52.774593 -7.701692 17.591139 0.322522 -25.437538 -0.176558 -5.586806 4.100692 -14.632576 -5.882113 9.861293 0.702592 -10.936881 -0.360574 7.156209 0.0 8.774831 -0.0 -16.202971 17.856724 5.815454 -1.844034 2.498506 -2.507279 -10.16361 4.67895 4.621112 -20.976044 -2e-06 2e-06 -21.226311 2.4517 -3.594004 1e-06 -5e-06 -0.0 -1.362683 2.240799 -0.746324 -21.334934 0.584912 3.008323 -13.821226 -2e-06 0.0 -23.887196 -0.249078 -0.839485 -60.461048 2.352943 -1.307654 -0.294025 1.679688 0.833257 -14.218223 0.093216 1.300581 -34.212082 -0.287563 0.96717 -20.033234 0.964537 1.212842 -0.0 -1e-06 -0.0 -3.440392 0.788235 0.501656 -15.928203 -3.167311 2.999709 -6.338832 -0.0 -0.0 -18.123463 3.648187 -4.905676 -4e-06 0.0 -1e-06 16.41186 14.621873 12.281551 58.109398 11.438569 8.282532 0.253049 30.958252 0.084959 3.362762 1.762079 -4.12961 2.243543 -5.255039 -3.180161 14.282902 -0.826594 6.952504 -4e-06 -12.69061 -1e-06 15.897397 -17.715342 2.767986 1.665668 -1.955922 -2.878302 4.727801 -4.170591 4.993926 11.020535 4e-06 -2e-06 12.10906 -3.735717 -2.866786 0.0 -1e-06 1e-06 1.291986 -1.92855 -1.498091 14.800138 0.56747 3.865606 14.242583 -1.341735 -6.660666 19.631983 0.143929 -0.648247 49.954708 -0.789015 -6.265253 0.35303 -1.511152 -0.031941 20.222803 3.684313 2.316627 18.787287 7e-06 -6e-06 10.751633 -0.479868 1.397906 2e-06 1e-06 -1e-06 3.273809 0.305947 -0.580112 21.486828 11.830386 2.266129 8.162934 1e-06 -3e-06 18.399099 -3.798982 -4.94058 2e-06 0.0 -1e-06 2.154013 3.618481 -23.570442 -0.029888 0.014476 0.012072 -5.834627 4.721054 5.311546 1.68599 -1.968577 -3.99512 0.0 0.0 2e-06 2.837348 -3.509102 13.995227 -0.119102 0.026082 3.962373 -1.171189 -1.282569 -14.424964 -1.468104 0.914201 -0.973395 0.0 -0.0 -1e-06 
0.0 0.0 0.0 0.0 -0.0 0.0 17.633356 96.607063 187.201553 -0.401187 3.734786 0.416264 -0.154902 0.444535 -2.05704 -0.578635 2.008546 -5.448102 -0.314943 0.257336 11.426871 -0.022142 2.621338 7.631663 -0.794829 -0.29104 -3.600013 -0.91892 -0.536587 -9.309204 7.7e-05 -2.3e-05 6e-06 0.015953 0.016347 0.068249 0.674759 -3.737819 -10.641603 -0.653637 3.772836 -10.620544 -21.448887 -5.454703 11.880759 -51.836113 -6.794456 17.784985 0.286638 -24.547127 -0.15729 -6.183206 4.250505 -14.190479 -5.882112 9.861297 0.702591 -10.93688 -0.360574 7.156211 -1e-06 8.774835 -0.0 -16.223148 17.965059 5.985327 -1.844034 2.498507 -2.507279 -10.163607 4.678952 4.621113 -20.97604 -0.0 1e-06 -21.226303 2.451701 -3.594006 0.0 -6e-06 -1e-06 -1.362683 2.2408 -0.746324 -21.334929 0.584913 3.008326 -13.821225 -0.0 -0.0 -23.887188 -0.249076 -0.839485 -60.540829 2.431872 -1.148619 -0.294025 1.679689 0.833257 -14.218219 0.093217 1.300582 -34.212074 -0.28756 0.967167 -20.033226 0.96454 1.212842 -0.0 0.0 -1e-06 -3.440391 0.788234 0.501656 -15.9282 -3.167311 2.999709 -6.338831 -0.0 0.0 -18.123463 3.648188 -4.905676 -4e-06 0.0 -2e-06 17.536049 14.415568 12.419332 57.746731 10.900011 8.859931 0.003131 30.311459 -0.017996 3.448216 1.988365 -3.69573 2.243543 -5.255041 -3.180159 14.282899 -0.826597 6.952503 0.0 -12.690614 -1e-06 15.865372 -17.734571 2.787222 1.665669 -1.955925 -2.878299 4.727802 -4.170592 4.993925 11.020535 1e-06 -3e-06 12.109063 -3.735721 -2.866789 0.0 0.0 2e-06 1.291987 -1.92855 -1.498088 14.800136 0.567466 3.865605 14.242582 -1.341738 -6.660666 19.631979 0.143928 -0.648249 49.919392 -0.761988 -6.254533 0.35303 -1.511152 -0.031944 20.222803 3.684308 2.316627 18.787287 4e-06 -6e-06 10.751634 -0.479869 1.397904 2e-06 2e-06 -2e-06 3.273808 0.305946 -0.580113 21.486828 11.830383 2.266131 8.162935 1e-06 -3e-06 18.399099 -3.798988 -4.940585 3e-06 0.0 -1e-06 0.718177 3.874002 -23.985804 0.00496 0.037996 2.411191 -4.693886 4.61509 8.592118 1.726948 -1.948821 -4.019519 0.0 -0.0 4e-06 0.690103 -3.927798 14.378088 -0.100174 0.150798 6.001294 -0.428202 -0.107507 -14.494853 -1.469264 0.924386 -1.856533 0.0 0.0 -1e-06 
0.0 0.0 0.0 0.0 -0.0 0.0 18.630156 96.621933 190.269745 0.97248 3.081124 0.852394 -0.992157 0.403311 -2.63529 -0.679653 2.066789 -5.70531 -0.721636 0.174829 11.597074 -0.277843 2.753859 7.534069 -0.727266 -0.024802 -3.617859 -0.761323 -0.28507 -8.694223 7.7e-05 -2.2e-05 6e-06 0.027483 -0.008006 0.046641 0.677815 -3.768273 -10.659341 -0.633443 3.755672 -10.642443 -22.48786 -5.217947 11.595452 -50.817017 -5.884111 17.95742 0.264533 -23.626671 -0.098772 -6.790357 4.181177 -14.187556 -5.882111 9.861295 0.702592 -10.93688 -0.360574 7.156211 0.0 8.774834 1e-06 -16.212683 18.00938 6.0844 -1.844034 2.498505 -2.50728 -10.163608 4.678949 4.621112 -20.97604 -3e-06 2e-06 -21.226301 2.451699 -3.594003 0.0 -6e-06 -1e-06 -1.362683 2.2408 -0.746324 -21.33493 0.584911 3.008324 -13.821226 -2e-06 2e-06 -23.887192 -0.249079 -0.839485 -60.576813 2.397252 -0.953662 -0.294025 1.679689 0.833257 -14.21822 0.093216 1.30058 -34.212078 -0.287564 0.96717 -20.033228 0.964538 1.212844 -0.0 0.0 -1e-06 -3.440391 0.788234 0.501656 -15.9282 -3.167311 2.999708 -6.338832 -1e-06 -0.0 -18.123459 3.648187 -4.905676 -4e-06 0.0 -1e-06 18.97385 14.047591 12.665175 57.293976 10.055759 8.536273 -0.087688 29.34664 -0.046691 3.195604 2.17901 -2.773539 2.243544 -5.255038 -3.180157 14.282899 -0.826593 6.952504 -2e-06 -12.69061 -2e-06 15.82928 -17.740034 2.763493 1.665668 -1.955923 -2.878298 4.727801 -4.170591 4.993926 11.020534 3e-06 -3e-06 12.109059 -3.735719 -2.866787 -1e-06 0.0 -0.0 1.291987 -1.928551 -1.498092 14.800138 0.567469 3.865605 14.242582 -1.341737 -6.660661 19.631981 0.143927 -0.648248 49.883659 -0.729265 -6.205847 0.353029 -1.511152 -0.031942 20.222803 3.684313 2.316631 18.787285 7e-06 -3e-06 10.751634 -0.47987 1.397906 2e-06 3e-06 -2e-06 3.273809 0.305946 -0.580112 21.486828 11.830384 2.266131 8.162931 2e-06 -2e-06 18.399092 -3.798985 -4.940579 3e-06 1e-06 -1e-06 -0.861752 3.569839 -24.45989 0.051707 0.04787 5.722882 -3.736827 4.367444 11.783664 1.738743 -1.948056 -3.514114 0.0 0.0 2e-06 -1.824252 -4.395351 14.573161 -0.121888 0.245016 8.607384 0.466045 1.009223 -13.427846 -1.464826 0.947138 -3.548051 -0.0 -0.0 -1e-06 
0.0 0.0 0.0 0.0 -0.0 0.0 19.648521 96.759102 193.311829 2.277236 2.645386 1.030487 -1.572214 0.349943 -2.988505 -0.788506 2.083478 -5.966594 -1.274499 0.248297 11.603755 -0.338684 2.825896 7.585506 -0.768243 0.135345 -3.618361 -0.563164 -0.224788 -8.497589 7.7e-05 -2.2e-05 6e-06 0.033112 0.022287 0.040816 0.692491 -3.732979 -10.643512 -0.636097 3.782623 -10.626021 -22.781712 -5.038602 11.757663 -50.566822 -5.457786 18.250706 0.156025 -22.813921 -0.028152 -7.394625 4.030405 -14.715073 -5.882108 9.86129 0.70259 -10.936873 -0.360575 7.156206 -0.0 8.774829 -0.0 -16.308607 18.091509 6.08474 -1.844033 2.498505 -2.507277 -10.163601 4.678946 4.621109 -20.976028 -2e-06 3e-06 -21.22629 2.451699 -3.594002 0.0 -6e-06 -1e-06 -1.362682 2.240799 -0.746323 -21.334917 0.584911 3.008323 -13.821218 -2e-06 2e-06 -23.887173 -0.249077 -0.839484 -60.682056 2.241493 -0.806474 -0.294025 1.679688 0.833256 -14.21821 0.093215 1.300581 -34.212048 -0.287561 0.967171 -20.033215 0.964539 1.212843 1e-06 0.0 -0.0 -3.440389 0.788233 0.501656 -15.928187 -3.16731 2.999707 -6.338826 -1e-06 0.0 -18.123447 3.648185 -4.905671 -5e-06 0.0 -2e-06 19.473019 13.573477 12.718369 57.844799 8.75425 7.694317 -0.033669 28.330248 -0.00381 2.792344 1.945264 -2.179884 2.243542 -5.255037 -3.180159 14.282892 -0.826595 6.952503 -2e-06 -12.690607 1e-06 15.774339 -17.622149 2.692432 1.665667 -1.955923 -2.8783 4.727799 -4.170588 4.993924 11.020528 3e-06 -2e-06 12.109056 -3.735717 -2.866787 0.0 0.0 -0.0 1.291986 -1.928551 -1.498089 14.800129 0.567469 3.865605 14.242576 -1.341736 -6.660661 19.631971 0.143929 -0.648247 49.927448 -0.703572 -6.125587 0.353029 -1.511151 -0.03194 20.222795 3.68431 2.316629 18.787273 5e-06 -4e-06 10.751631 -0.479868 1.397906 3e-06 2e-06 -2e-06 3.273807 0.305946 -0.58011 21.486816 11.830379 2.266133 8.162928 1e-06 -1e-06 18.399086 -3.798983 -4.940578 3e-06 1e-06 0.0 -2.278281 2.532649 -24.600229 0.022304 -0.071795 9.533981 -3.243465 4.965615 11.899827 1.718217 -1.920651 -2.882739 0.0 -0.0 2e-06 -4.266585 -4.679171 14.626167 -0.123091 0.353927 11.992802 1.262919 1.669447 -10.728762 -1.464516 0.904197 -6.543257 -0.0 -0.0 -1e-06 
0.0 0.0 0.0 0.0 -0.0 0.0 20.650129 96.914162 196.365845 3.505747 2.361782 1.008625 -2.046422 0.370059 -3.188775 -0.841909 2.21894 -6.066888 -1.941865 0.163389 11.433301 -0.409448 2.912658 7.736857 -0.713984 0.128994 -3.68034 -0.422561 -0.297741 -8.478562 7.7e-05 -2.3e-05 6e-06 0.039043 0.029754 0.043092 0.704336 -3.723245 -10.632648 -0.637501 3.785658 -10.620804 -22.14279 -5.02454 11.999218 -51.281197 -5.214398 18.060617 0.007527 -22.530643 0.033634 -7.840061 4.345808 -14.860223 -5.882109 9.861291 0.70259 -10.936876 -0.360575 7.156208 0.0 8.774831 -1e-06 -16.300268 17.960583 5.989888 -1.844033 2.498506 -2.507279 -10.163605 4.678948 4.62111 -20.976034 -3e-06 1e-06 -21.226301 2.451698 -3.594003 -1e-06 -6e-06 -1e-06 -1.362682 2.2408 -0.746324 -21.334925 0.58491 3.008323 -13.82122 -2e-06 1e-06 -23.887178 -0.249078 -0.839484 -60.782207 2.166259 -0.935595 -0.294025 1.679689 0.833256 -14.218217 0.093215 1.30058 -34.212067 -0.287563 0.96717 -20.033224 0.964536 1.212843 1e-06 0.0 0.0 -3.44039 0.788234 0.501656 -15.928192 -3.167312 2.999709 -6.338828 -1e-06 0.0 -18.123457 3.648186 -4.905672 -5e-06 -0.0 -2e-06 19.102036 13.236153 13.056989 59.13089 7.547664 6.823983 -0.231902 27.057268 -0.067915 2.930593 1.986243 -2.378201 2.243545 -5.25504 -3.180158 14.282899 -0.826596 6.952503 -2e-06 -12.690612 -1e-06 16.065929 -17.645735 2.500781 1.665668 -1.955924 -2.878299 4.727802 -4.170592 4.993925 11.020535 2e-06 -2e-06 12.10906 -3.735719 -2.866786 -0.0 -0.0 -0.0 1.291987 -1.928551 -1.498089 14.800136 0.567467 3.865606 14.242581 -1.341738 -6.660664 19.631979 0.143926 -0.648246 50.102295 -0.647423 -6.161059 0.353029 -1.511151 -0.031941 20.222801 3.684309 2.316629 18.787287 4e-06 -4e-06 10.751636 -0.479869 1.397905 2e-06 1e-06 -0.0 3.273808 0.305945 -0.580113 21.486826 11.830379 2.266133 8.162931 2e-06 -3e-06 18.399094 -3.798986 -4.940579 5e-06 0.0 -1e-06 -3.786285 1.668839 -24.657907 -0.022445 0.038379 14.080948 -2.172665 5.243042 9.421262 1.691668 -1.86249 -1.657362 0.0 0.0 2e-06 -6.620327 -4.795337 13.867497 -0.063562 0.362414 17.101 1.716895 2.153881 -7.136633 -1.481979 0.871089 -11.391911 -0.0 0.0 -0.0 
0.0 0.0 0.0 0.0 -0.0 0.0 21.66058 97.197113 199.395401 4.516328 1.984928 0.743476 -2.406402 0.356183 -3.184265 -0.940347 2.33917 -6.064545 -2.328724 0.272525 11.264045 -0.542272 2.841659 7.72263 -0.743046 0.153607 -3.655375 -0.189577 -0.365795 -8.565704 7.7e-05 -2.3e-05 6e-06 0.043904 0.040275 0.04568 0.716958 -3.708616 -10.595869 -0.640479 3.790946 -10.590322 -21.667696 -5.021436 12.173819 -51.771816 -5.050255 18.305559 0.130806 -23.003342 0.036984 -8.256125 4.306553 -15.150416 -5.882109 9.861289 0.70259 -10.936876 -0.360575 7.156206 0.0 8.774828 -1e-06 -16.33639 17.974302 5.890255 -1.844033 2.498505 -2.507278 -10.163603 4.678946 4.621109 -20.976034 -3e-06 1e-06 -21.226295 2.451696 -3.594002 0.0 -6e-06 -1e-06 -1.362682 2.240798 -0.746323 -21.334921 0.58491 3.008324 -13.821218 -3e-06 -0.0 -23.887177 -0.249078 -0.839484 -60.741066 2.112734 -1.086084 -0.294025 1.679688 0.833256 -14.218215 0.093215 1.300581 -34.212063 -0.287564 0.967168 -20.033224 0.964536 1.212843 0.0 0.0 -0.0 -3.44039 0.788234 0.501657 -15.928192 -3.16731 2.999707 -6.338829 -1e-06 1e-06 -18.123453 3.648184 -4.905673 -5e-06 0.0 -2e-06 18.335938 13.050698 13.244867 60.211033 6.315231 6.310286 -0.025211 25.800112 0.016301 3.498271 1.560064 -2.193187 2.243542 -5.255035 -3.180156 14.282889 -0.826595 6.952498 -2e-06 -12.690602 0.0 16.230207 -17.789145 2.445422 1.665666 -1.955921 -2.878297 4.727798 -4.170586 4.993922 11.020524 2e-06 -2e-06 12.10905 -3.735715 -2.866786 -0.0 -0.0 0.0 1.291985 -1.92855 -1.498088 14.800125 0.567467 3.865605 14.242571 -1.341739 -6.660657 19.631966 0.143924 -0.648248 50.312656 -0.675961 -6.273317 0.353029 -1.511151 -0.031941 20.222786 3.684309 2.316628 18.78727 4e-06 -2e-06 10.751627 -0.479869 1.397905 1e-06 0.0 -0.0 3.273807 0.305946 -0.58011 21.486809 11.830371 2.266131 8.162927 1e-06 1e-06 18.39908 -3.798985 -4.940576 5e-06 0.0 0.0 -5.181255 1.017089 -23.156816 -0.063884 0.009199 16.014938 -1.342516 5.811704 6.262338 1.683167 -1.865391 -0.923897 0.0 0.0 2e-06 -8.747464 -5.125909 11.959854 -0.062242 0.503846 24.130505 1.492641 2.7481 -2.641201 -1.519319 0.857804 -16.254946 0.0 -0.0 -1e-06 
0.0 0.0 0.0 0.0 -0.0 0.0 22.638678 97.444 202.287872 5.483876 1.480739 0.267547 -2.792241 0.409984 -2.986599 -1.021591 2.413695 -5.946318 -2.695522 0.445985 11.150666 -0.640933 2.810827 7.52114 -0.75376 0.223981 -3.617874 0.078234 -0.451126 -8.657798 7.7e-05 -2.3e-05 6e-06 0.044873 0.032687 0.053013 0.718473 -3.707502 -10.544999 -0.640438 3.773013 -10.538084 -21.505119 -5.006317 12.257953 -51.7542 -5.012228 18.249094 0.218926 -23.915113 0.013792 -8.313044 4.193461 -15.184593 -5.882107 9.861284 0.70259 -10.936875 -0.360576 7.156206 1e-06 8.774826 -2e-06 -16.418539 17.985683 5.786937 -1.844033 2.498504 -2.507278 -10.163602 4.678944 4.621109 -20.976027 -4e-06 3e-06 -21.22629 2.451697 -3.593999 -1e-06 -6e-06 -1e-06 -1.362682 2.240798 -0.746324 -21.334917 0.584908 3.008323 -13.821217 -4e-06 2e-06 -23.887175 -0.249079 -0.839481 -60.753647 2.154911 -1.25395 -0.294025 1.679688 0.833256 -14.218212 0.093214 1.300581 -34.212063 -0.287565 0.967172 -20.033218 0.964536 1.212845 0.0 -0.0 -1e-06 -3.440389 0.788234 0.501656 -15.928192 -3.167311 2.999707 -6.338827 -1e-06 1e-06 -18.123453 3.648182 -4.905672 -5e-06 0.0 -1e-06 17.753679 13.076248 13.464492 60.731441 5.399941 6.547748 0.185354 24.333792 0.092801 4.406956 1.178863 -1.753669 2.243541 -5.255036 -3.180156 14.28289 -0.826594 6.952501 -2e-06 -12.690601 -0.0 16.40658 -17.866566 2.407067 1.665666 -1.955922 -2.878298 4.727798 -4.170587 4.993924 11.020525 3e-06 -1e-06 12.109052 -3.735716 -2.866785 -1e-06 0.0 1e-06 1.291985 -1.928549 -1.498088 14.800129 0.567469 3.865607 14.242573 -1.341736 -6.660656 19.631968 0.143927 -0.648244 50.319546 -0.619271 -6.329864 0.353029 -1.511151 -0.03194 20.22279 3.684309 2.316631 18.787275 5e-06 1e-06 10.751631 -0.479869 1.397907 -1e-06 1e-06 2e-06 3.273807 0.305946 -0.58011 21.486813 11.830376 2.266133 8.162927 2e-06 -1e-06 18.39908 -3.798985 -4.940573 5e-06 0.0 0.0 -6.630394 0.737484 -21.036623 -0.088065 -0.031205 16.932968 -0.65682 6.332766 3.682837 1.666379 -1.90767 -0.576922 -0.0 -0.0 2e-06 -10.782977 -5.503465 9.002299 -0.017359 0.59463 32.72543 0.770818 3.127876 2.620472 -1.553592 0.818856 -19.337906 -0.0 0.0 -1e-06 
0.0 0.0 0.0 0.0 -0.0 0.0 23.563238 97.628807 205.036926 6.453623 0.861555 -0.415649 -3.191581 0.474195 -2.590599 -1.107126 2.466875 -5.733095 -3.087619 0.650272 11.112988 -0.72824 2.849888 7.268526 -0.734635 0.370011 -3.601221 0.273611 -0.462232 -8.804107 7.7e-05 -2.2e-05 6e-06 0.047041 0.034875 0.058813 0.722703 -3.70131 -10.51125 -0.641209 3.770861 -10.506905 -21.597132 -4.998544 12.28301 -51.310371 -5.279475 17.968197 0.267279 -24.725798 -0.025396 -8.028763 4.093175 -15.213279 -5.88211 9.861291 0.70259 -10.936878 -0.360575 7.156206 -0.0 8.774831 -2e-06 -16.497969 17.98188 5.738128 -1.844034 2.498506 -2.507278 -10.163606 4.678947 4.621109 -20.976038 -3e-06 1e-06 -21.226301 2.451699 -3.594003 1e-06 -6e-06 -1e-06 -1.362682 2.240799 -0.746323 -21.334929 0.58491 3.008323 -13.821221 -3e-06 -1e-06 -23.887184 -0.249079 -0.839486 -60.754295 2.174101 -1.307428 -0.294025 1.679688 0.833256 -14.218218 0.093215 1.300581 -34.212074 -0.287565 0.967167 -20.033226 0.964536 1.212842 1e-06 -0.0 -1e-06 -3.44039 0.788234 0.501655 -15.928198 -3.16731 2.999707 -6.33883 -1e-06 -0.0 -18.123459 3.648185 -4.905675 -5e-06 -1e-06 -1e-06 17.384457 13.244241 13.685505 60.851898 4.901221 7.376653 0.314634 22.785461 0.1357 5.475136 0.705745 -0.881405 2.243542 -5.255038 -3.180159 14.282897 -0.826594 6.952502 -3e-06 -12.690609 -2e-06 16.500172 -17.857553 2.390456 1.665667 -1.955922 -2.878299 4.727799 -4.170588 4.993923 11.020529 3e-06 -1e-06 12.109056 -3.735717 -2.866785 -0.0 -0.0 1e-06 1.291986 -1.928551 -1.49809 14.800134 0.567469 3.865606 14.24258 -1.341737 -6.660661 19.631979 0.143928 -0.648246 50.205086 -0.562303 -6.30959 0.353029 -1.51115 -0.03194 20.222801 3.684313 2.316629 18.787281 7e-06 -3e-06 10.751633 -0.479867 1.397906 1e-06 0.0 -0.0 3.273808 0.305948 -0.58011 21.486824 11.830383 2.266131 8.16293 3e-06 -1e-06 18.39909 -3.798985 -4.940577 4e-06 1e-06 -1e-06 -8.148769 0.909866 -18.4895 -0.068896 -0.044381 17.175138 -0.045304 6.671424 1.520546 1.646836 -1.967663 -0.634846 0.0 -0.0 2e-06 -12.666387 -5.772935 5.170556 0.062972 0.58648 42.362606 -0.331877 2.584915 7.971516 -1.516798 0.779585 -17.140169 0.0 -0.0 -4e-06 
0.0 0.0 0.0 0.0 -0.0 0.0 24.41152 97.757011 207.676666 7.348295 0.156135 -1.184071 -3.54571 0.48782 -2.056778 -1.198405 2.507998 -5.498894 -3.462242 0.843047 11.193244 -0.892699 3.010936 7.060881 -0.654611 0.509569 -3.612831 0.419252 -0.277768 -9.242456 7.7e-05 -2.3e-05 6e-06 0.049688 0.034742 0.066596 0.729067 -3.702832 -10.489373 -0.643349 3.774776 -10.492209 -21.812536 -5.083694 12.276686 -50.589966 -5.924799 17.472122 0.269495 -25.150297 -0.072351 -7.484427 4.040809 -15.439662 -5.882106 9.861284 0.702588 -10.936872 -0.360576 7.156203 -0.0 8.774824 -3e-06 -16.511784 17.9842 5.781135 -1.844033 2.498505 -2.507278 -10.163601 4.678943 4.621105 -20.976025 -4e-06 1e-06 -21.226288 2.451696 -3.594 -0.0 -6e-06 -1e-06 -1.362682 2.240798 -0.746323 -21.334913 0.584908 3.008321 -13.821214 -4e-06 1e-06 -23.887167 -0.249081 -0.839484 -60.705048 2.115793 -1.207006 -0.294025 1.679687 0.833256 -14.218208 0.093214 1.30058 -34.212051 -0.287568 0.967169 -20.033215 0.964534 1.212843 1e-06 -1e-06 -0.0 -3.440389 0.788233 0.501654 -15.928187 -3.167311 2.999707 -6.338826 -2e-06 0.0 -18.123446 3.648181 -4.905672 -4e-06 0.0 -1e-06 17.12443 13.48568 13.868881 60.773113 4.813515 8.404103 0.354306 21.438524 0.15098 6.419425 0.227666 0.268664 2.243542 -5.255039 -3.180158 14.282896 -0.826595 6.952504 -2e-06 -12.690609 -0.0 16.512777 -17.754917 2.386147 1.665667 -1.955922 -2.8783 4.727801 -4.17059 4.993927 11.020532 3e-06 -0.0 12.109058 -3.735717 -2.866786 -1e-06 -0.0 -0.0 1.291986 -1.928549 -1.49809 14.800132 0.567468 3.865608 14.24258 -1.341736 -6.660659 19.631973 0.143925 -0.648246 50.003761 -0.545248 -6.245302 0.353029 -1.511151 -0.031942 20.222801 3.684312 2.316633 18.787279 5e-06 -0.0 10.751633 -0.479869 1.397905 0.0 1e-06 -0.0 3.273808 0.305948 -0.580111 21.486824 11.83038 2.266133 8.16293 1e-06 -2e-06 18.399088 -3.798986 -4.940577 2e-06 -0.0 0.0 -9.58553 1.448508 -15.762105 0.004202 0.009674 16.989016 0.520897 6.852443 -0.357467 1.636513 -2.026695 -0.93597 0.0 0.0 2e-06 -14.082717 -5.821125 0.727905 0.132046 0.447343 51.799126 -2.026016 0.795538 12.315698 -1.409154 0.827574 -8.428799 0.0 0.0 -1e-06 
0.0 0.0 0.0 0.0 -0.0 0.0 25.120678 97.885117 210.237762 7.908283 -0.371939 -1.841442 -3.759987 0.460486 -1.57231 -1.265606 2.445357 -5.285036 -3.69556 0.860234 11.379304 -1.095176 3.196488 7.019965 -0.589907 0.685032 -3.610657 0.563805 0.009553 -10.075293 7.7e-05 -2.3e-05 6e-06 0.049271 0.042896 0.069982 0.734346 -3.696994 -10.496062 -0.650061 3.788557 -10.500922 -21.958012 -5.286559 12.180538 -49.787407 -6.910205 17.070883 0.199689 -25.009682 -0.090862 -6.656286 3.924382 -15.297834 -5.882109 9.861288 0.70259 -10.936877 -0.360575 7.156206 1e-06 8.774828 -1e-06 -16.468048 18.04734 5.860756 -1.844033 2.498505 -2.507278 -10.163604 4.678945 4.62111 -20.97603 -3e-06 4e-06 -21.226292 2.451698 -3.594 -0.0 -6e-06 -0.0 -1.362682 2.240798 -0.746324 -21.334923 0.58491 3.008324 -13.82122 -3e-06 2e-06 -23.887178 -0.249078 -0.839483 -60.634819 2.126281 -1.121995 -0.294024 1.679688 0.833256 -14.218214 0.093215 1.30058 -34.212067 -0.287565 0.96717 -20.033226 0.964536 1.212843 -0.0 -1e-06 -0.0 -3.44039 0.788233 0.501656 -15.928192 -3.16731 2.999707 -6.338829 -1e-06 1e-06 -18.123453 3.648183 -4.905671 -4e-06 -0.0 -2e-06 16.742903 13.678657 13.981131 60.855598 5.01702 8.941817 0.349516 20.587635 0.146093 6.517367 -0.156107 1.039872 2.243544 -5.255042 -3.18016 14.282912 -0.826593 6.952507 -5e-06 -12.690618 -1e-06 16.480387 -17.648567 2.347059 1.665668 -1.955923 -2.8783 4.727805 -4.170591 4.993926 11.020542 5e-06 -1e-06 12.109068 -3.735718 -2.866788 0.0 -0.0 1e-06 1.291987 -1.928551 -1.498092 14.800151 0.567471 3.865609 14.242593 -1.341735 -6.660664 19.631998 0.143929 -0.648244 49.872616 -0.527668 -6.232927 0.353029 -1.511152 -0.031941 20.22282 3.684317 2.316632 18.7873 9e-06 -1e-06 10.751643 -0.479866 1.397908 0.0 1e-06 -0.0 3.273812 0.305948 -0.580113 21.486847 11.830391 2.266134 8.16294 4e-06 -2e-06 18.399109 -3.798983 -4.940581 3e-06 1e-06 0.0 -10.589556 2.036015 -13.080048 0.07269 0.063984 16.479525 0.940763 6.973545 -1.98583 1.622224 -2.0602 -0.972816 -0.0 -0.0 2e-06 -14.608289 -5.699076 -3.647237 0.143715 0.273316 59.267723 -3.161759 0.005315 11.732812 -1.417353 0.895369 -4.334865 -0.0 0.0 0.0 
0.0 0.0 0.0 0.0 -0.0 0.0 25.71069 98.065903 212.719772 7.866323 -0.652648 -2.392077 -3.676134 0.386751 -1.153556 -1.250966 2.293607 -5.087234 -3.711849 0.686554 11.59592 -1.314704 3.40722 7.237412 -0.559642 0.878473 -3.587024 0.709843 0.316847 -10.862998 7.7e-05 -2.3e-05 6e-06 0.046627 0.048751 0.068772 0.733632 -3.695881 -10.529294 -0.654348 3.801863 -10.53556 -21.98197 -5.592703 12.134615 -49.078831 -8.208876 16.643091 0.002678 -24.381258 -0.051089 -5.722559 3.837827 -14.165532 -5.882108 9.861287 0.702592 -10.936875 -0.360575 7.156207 1e-06 8.774828 0.0 -16.42358 18.123959 5.914083 -1.844033 2.498504 -2.507278 -10.163603 4.678945 4.62111 -20.97603 -4e-06 5e-06 -21.22629 2.451697 -3.593998 -0.0 -6e-06 0.0 -1.362682 2.240798 -0.746324 -21.334921 0.584909 3.008324 -13.821218 -3e-06 3e-06 -23.887178 -0.249078 -0.839482 -60.545303 2.162443 -1.060842 -0.294025 1.679688 0.833256 -14.218213 0.093215 1.300581 -34.212063 -0.287563 0.967172 -20.033216 0.964538 1.212845 -0.0 -1e-06 -1e-06 -3.440389 0.788233 0.501655 -15.928191 -3.16731 2.999709 -6.33883 -0.0 1e-06 -18.123453 3.648183 -4.905669 -2e-06 1e-06 -2e-06 16.175119 13.731902 14.131357 61.199192 5.339201 8.537429 0.322565 20.56848 0.117867 5.716113 -0.56954 1.239227 2.243542 -5.255038 -3.180157 14.282896 -0.826594 6.952504 -4e-06 -12.690607 0.0 16.459265 -17.591429 2.306798 1.665667 -1.955922 -2.878298 4.727801 -4.170589 4.993925 11.020532 3e-06 -2e-06 12.109058 -3.735716 -2.866784 -1e-06 0.0 1e-06 1.291986 -1.92855 -1.498088 14.800136 0.567468 3.865608 14.242579 -1.341736 -6.660659 19.631975 0.143925 -0.648245 49.836269 -0.495029 -6.243688 0.353029 -1.511151 -0.031942 20.222801 3.684311 2.316629 18.787283 6e-06 -2e-06 10.751633 -0.479867 1.397906 -1e-06 1e-06 -1e-06 3.273808 0.305947 -0.580111 21.486824 11.830378 2.266135 8.16293 3e-06 -0.0 18.399092 -3.798985 -4.940578 1e-06 -0.0 -1e-06 -10.860245 2.518706 -10.455149 0.083207 0.062668 15.753519 1.172516 7.048344 -3.416159 1.617359 -2.067076 -0.863186 0.0 -0.0 2e-06 -13.967936 -5.472558 -7.813334 0.135222 0.116815 64.145935 -3.038547 0.363744 8.341879 -1.440693 0.925818 -3.489731 0.0 0.0 -1e-06 
0.0 0.0 0.0 0.0 -0.0 0.0 26.190821 98.30098 215.124542 7.302173 -0.713412 -2.925539 -3.398815 0.28698 -0.701402 -1.139579 2.063534 -4.873926 -3.499438 0.38074 11.752732 -1.483314 3.580572 7.572206 -0.522477 1.092767 -3.547357 0.762704 0.615755 -11.301779 7.7e-05 -2.2e-05 6e-06 0.041704 0.049232 0.068127 0.727719 -3.701142 -10.559855 -0.657284 3.809378 -10.570861 -21.740089 -5.978354 12.203661 -48.699871 -9.558577 16.036127 -0.193547 -23.885769 0.006196 -4.983083 3.807876 -12.911412 -5.882113 9.861295 0.702591 -10.936883 -0.360574 7.156211 -0.0 8.774834 0.0 -16.361158 18.144619 5.947484 -1.844034 2.498508 -2.507281 -10.16361 4.67895 4.621112 -20.976044 -1e-06 -0.0 -21.226311 2.451701 -3.594006 -0.0 -6e-06 1e-06 -1.362683 2.2408 -0.746324 -21.334938 0.584912 3.008326 -13.821227 -1e-06 1e-06 -23.887201 -0.249078 -0.839485 -60.444225 2.2151 -1.019333 -0.294025 1.679689 0.833256 -14.218224 0.093216 1.300582 -34.212082 -0.287561 0.967168 -20.033236 0.964537 1.212843 0.0 -1e-06 -1e-06 -3.440392 0.788234 0.501656 -15.928203 -3.16731 2.99971 -6.338834 0.0 1e-06 -18.123466 3.648188 -4.905677 -2e-06 1e-06 -1e-06 15.600521 13.595547 14.262895 61.519482 5.389188 7.564302 0.302905 21.792707 0.109127 4.916385 -0.746486 0.982402 2.243544 -5.25504 -3.180159 14.282904 -0.826597 6.952507 -2e-06 -12.690614 1e-06 16.456886 -17.586781 2.309592 1.665668 -1.955923 -2.8783 4.727805 -4.170591 4.993928 11.020538 2e-06 -0.0 12.109064 -3.735719 -2.866788 -0.0 0.0 -0.0 1.291987 -1.928551 -1.498089 14.800142 0.567466 3.865609 14.242585 -1.341739 -6.660662 19.631987 0.143923 -0.648246 49.854076 -0.482413 -6.269327 0.353029 -1.511152 -0.031939 20.222811 3.68431 2.316631 18.787292 3e-06 0.0 10.751639 -0.47987 1.397907 1e-06 1e-06 -0.0 3.27381 0.305946 -0.580112 21.486834 11.83038 2.266134 8.162937 1e-06 -2e-06 18.399105 -3.798988 -4.940581 2e-06 1e-06 -1e-06 -10.481387 2.859416 -7.735836 0.04968 0.01215 14.736652 1.182908 7.099462 -4.630092 1.620983 -2.041746 -0.745648 0.0 -0.0 2e-06 -12.399458 -5.340278 -11.594026 0.117824 -0.031258 66.093651 -2.350406 0.92233 5.419531 -1.42484 0.917844 -3.29546 0.0 -0.0 -0.0 
0.0 0.0 0.0 0.0 -0.0 0.0 26.595943 98.522995 217.469543 6.497751 -0.676746 -3.416909 -3.081965 0.206367 -0.263751 -0.986138 1.80007 -4.678343 -3.180228 0.047494 11.930242 -1.517165 3.641637 7.832016 -0.460724 1.303573 -3.516796 0.713455 0.857392 -11.48171 7.7e-05 -2.2e-05 6e-06 0.038894 0.05187 0.066085 0.7232 -3.700031 -10.577387 -0.657077 3.813656 -10.592071 -21.447298 -6.362079 12.388571 -48.371506 -10.698549 15.1278 -0.27049 -24.152353 0.042394 -4.483365 3.701382 -12.370851 -5.882111 9.861295 0.702591 -10.936879 -0.360575 7.156209 -0.0 8.774833 -2e-06 -16.251717 18.109262 5.978275 -1.844034 2.498507 -2.50728 -10.163609 4.67895 4.621113 -20.97604 -2e-06 1e-06 -21.226305 2.451699 -3.594005 -0.0 -6e-06 -1e-06 -1.362682 2.240801 -0.746325 -21.33493 0.58491 3.008323 -13.821223 -3e-06 1e-06 -23.887186 -0.249079 -0.839486 -60.352795 2.262522 -1.01486 -0.294025 1.67969 0.833256 -14.21822 0.093215 1.300581 -34.212074 -0.287564 0.96717 -20.03323 0.964535 1.212843 -0.0 -1e-06 -2e-06 -3.440391 0.788234 0.501655 -15.9282 -3.167312 2.999708 -6.338832 -2e-06 1e-06 -18.123463 3.648183 -4.905676 -2e-06 1e-06 -1e-06 15.456833 13.268279 14.314189 61.350208 5.074911 6.693971 0.302141 24.058193 0.121535 4.723385 -0.42587 0.437309 2.243545 -5.255042 -3.180161 14.282907 -0.826596 6.95251 -3e-06 -12.690616 -0.0 16.426167 -17.628464 2.372727 1.665668 -1.955923 -2.878302 4.727804 -4.170592 4.993927 11.020538 3e-06 -0.0 12.109062 -3.735719 -2.866787 0.0 -0.0 -0.0 1.291987 -1.928551 -1.498092 14.800144 0.567468 3.865611 14.242586 -1.341737 -6.660662 19.631992 0.143927 -0.648245 49.890266 -0.511431 -6.299829 0.353029 -1.511152 -0.031939 20.222815 3.684312 2.316633 18.787296 4e-06 1e-06 10.751639 -0.47987 1.397905 -1e-06 -0.0 -1e-06 3.27381 0.305947 -0.580111 21.486837 11.830385 2.266135 8.162937 2e-06 -2e-06 18.399101 -3.798988 -4.94058 2e-06 -0.0 -1e-06 -9.814741 3.093511 -4.978089 0.014812 -0.029481 13.583122 1.07277 7.081151 -5.750563 1.628416 -1.994444 -0.65123 0.0 0.0 2e-06 -10.469617 -5.379903 -14.928968 0.071746 -0.185125 65.227539 -1.463429 1.490837 3.528911 -1.395122 0.888518 -3.308334 0.0 -0.0 -3e-06 
0.0 0.0 0.0 0.0 -0.0 0.0 26.946291 98.681602 219.816589 5.649611 -0.643669 -3.753665 -2.768815 0.160071 0.085647 -0.845591 1.54955 -4.533161 -2.840871 -0.250933 12.164586 -1.425887 3.605539 7.917676 -0.385952 1.482365 -3.511285 0.633001 1.034473 -11.526414 7.7e-05 -2.2e-05 6e-06 0.038355 0.039737 0.063907 0.723328 -3.707644 -10.584175 -0.657032 3.797038 -10.597725 -21.262527 -6.713813 12.572801 -47.916904 -11.558094 14.124534 -0.304346 -25.117569 0.080392 -4.011017 3.461442 -12.542518 -5.882105 9.861283 0.702589 -10.93687 -0.360576 7.156202 1e-06 8.774822 -3e-06 -16.117996 18.068707 6.022505 -1.844032 2.498503 -2.507277 -10.163598 4.678942 4.621107 -20.976023 -5e-06 4e-06 -21.226286 2.451694 -3.593998 -0.0 -5e-06 0.0 -1.362682 2.240798 -0.746323 -21.334911 0.584906 3.008321 -13.821213 -4e-06 1e-06 -23.887167 -0.24908 -0.839483 -60.285683 2.297297 -1.054987 -0.294024 1.679687 0.833256 -14.218207 0.093213 1.300579 -34.212048 -0.287567 0.967171 -20.033209 0.964535 1.212845 1e-06 -0.0 -1e-06 -3.440388 0.788233 0.501655 -15.928183 -3.16731 2.999706 -6.338825 -1e-06 1e-06 -18.123444 3.64818 -4.905669 -2e-06 1e-06 -0.0 15.770357 12.827366 14.276989 60.729343 4.565848 6.043919 0.306847 26.774948 0.139265 4.886382 0.304842 -0.466342 2.243542 -5.255036 -3.180156 14.282894 -0.826594 6.952503 -3e-06 -12.690603 -0.0 16.383234 -17.705795 2.484325 1.665667 -1.955921 -2.878298 4.7278 -4.170588 4.993922 11.020529 3e-06 -0.0 12.109055 -3.735715 -2.866783 0.0 -0.0 -1e-06 1.291986 -1.928549 -1.498089 14.800132 0.567469 3.865606 14.242576 -1.341736 -6.660656 19.631969 0.143926 -0.648245 49.94928 -0.577189 -6.333726 0.353029 -1.511151 -0.031941 20.222797 3.684311 2.316629 18.787273 5e-06 0.0 10.75163 -0.479868 1.397904 -1e-06 1e-06 2e-06 3.273808 0.305947 -0.580112 21.486818 11.830376 2.266131 8.16293 2e-06 -0.0 18.399084 -3.798984 -4.940575 5e-06 1e-06 -2e-06 -8.992325 3.315127 -2.486431 -0.006822 -0.0208 12.473098 0.838919 6.931552 -6.830429 1.640218 -1.930903 -0.562248 -0.0 0.0 2e-06 -8.513242 -5.491356 -17.842611 -0.001569 -0.293552 61.694798 -0.355058 2.15612 2.50007 -1.389379 0.876844 -3.411984 0.0 0.0 -5e-06 
0.0 0.0 0.0 0.0 -0.0 0.0 27.245956 98.746643 222.17395 4.892042 -0.679123 -3.852807 -2.482089 0.151808 0.316078 -0.739456 1.337361 -4.455899 -2.526787 -0.478627 12.409155 -1.285813 3.481597 7.812209 -0.311818 1.660344 -3.531541 0.57475 1.153156 -11.505999 7.7e-05 -2.3e-05 6e-06 0.03886 0.010622 0.061872 0.720948 -3.73118 -10.584249 -0.652757 3.763118 -10.590621 -21.156292 -7.061326 12.663636 -47.44265 -12.221648 13.347055 -0.347713 -26.283106 0.123259 -3.565364 3.224452 -13.084989 -5.882109 9.861286 0.702589 -10.936876 -0.360576 7.156208 1e-06 8.774827 -2e-06 -15.999894 18.055338 6.0743 -1.844033 2.498505 -2.507278 -10.163603 4.678944 4.621107 -20.97603 -5e-06 1e-06 -21.226295 2.451695 -3.593999 0.0 -6e-06 -0.0 -1.362682 2.240798 -0.746324 -21.334921 0.584908 3.008322 -13.82122 -5e-06 0.0 -23.887177 -0.24908 -0.839483 -60.273121 2.357517 -1.113419 -0.294025 1.679688 0.833257 -14.218214 0.093213 1.300578 -34.212063 -0.287567 0.967169 -20.033224 0.964534 1.212845 1e-06 -0.0 -1e-06 -3.440389 0.788231 0.501655 -15.928192 -3.167311 2.999707 -6.338829 -1e-06 2e-06 -18.123453 3.64818 -4.905671 -2e-06 0.0 -2e-06 16.258694 12.39492 14.202774 59.993492 4.172439 5.452939 0.365367 29.136688 0.166548 4.949743 1.093609 -1.615964 2.243541 -5.255037 -3.18016 14.282892 -0.826597 6.952506 -2e-06 -12.690604 3e-06 16.333086 -17.770058 2.600077 1.665666 -1.955921 -2.878299 4.727799 -4.170588 4.993927 11.020528 2e-06 0.0 12.109053 -3.735717 -2.866782 -1e-06 0.0 -0.0 1.291985 -1.92855 -1.49809 14.800129 0.567467 3.86561 14.242573 -1.341737 -6.660659 19.631969 0.143924 -0.648246 49.994133 -0.65157 -6.34228 0.353029 -1.51115 -0.031939 20.222794 3.684309 2.316631 18.787271 5e-06 1e-06 10.751628 -0.479869 1.397906 -0.0 -1e-06 1e-06 3.273807 0.305947 -0.58011 21.486813 11.830371 2.266132 8.16293 1e-06 -1e-06 18.39908 -3.798988 -4.940576 4e-06 0.0 -1e-06 -8.238053 3.571584 -0.340213 -0.017936 0.024162 11.520575 0.610591 6.684883 -7.977366 1.651186 -1.878201 -0.45326 -0.0 0.0 2e-06 -6.74985 -5.475022 -20.268311 -0.063015 -0.307291 55.827873 0.702542 2.469013 2.140535 -1.406994 0.902666 -3.517952 -0.0 0.0 -3e-06 
0.0 0.0 0.0 0.0 -0.0 0.0 27.502724 98.687309 224.549576 4.34298 -0.786444 -3.70303 -2.257357 0.161175 0.416974 -0.66025 1.143254 -4.43459 -2.298538 -0.61741 12.605145 -1.132325 3.300223 7.594279 -0.265916 1.811629 -3.556875 0.519806 1.273963 -11.505008 7.7e-05 -2.3e-05 6e-06 0.037039 -0.014541 0.062148 0.711697 -3.75326 -10.578202 -0.646723 3.736069 -10.57627 -21.081783 -7.412514 12.688203 -47.077244 -12.808167 12.874562 -0.386202 -27.22847 0.159984 -3.214738 3.101856 -13.59116 -5.882105 9.861283 0.70259 -10.93687 -0.360576 7.156205 1e-06 8.774824 -1e-06 -15.918231 18.071079 6.11623 -1.844032 2.498504 -2.507276 -10.163599 4.678944 4.621108 -20.976023 -4e-06 3e-06 -21.226286 2.451696 -3.593998 0.0 -6e-06 -0.0 -1.362682 2.240798 -0.746323 -21.334913 0.584909 3.00832 -13.821216 -4e-06 2e-06 -23.887169 -0.24908 -0.839484 -60.272163 2.430984 -1.164296 -0.294025 1.679687 0.833255 -14.218208 0.093213 1.30058 -34.212051 -0.287568 0.96717 -20.033215 0.964535 1.212845 0.0 0.0 0.0 -3.440388 0.788232 0.501654 -15.928185 -3.16731 2.999708 -6.338826 -1e-06 2e-06 -18.123444 3.648181 -4.905669 -4e-06 -0.0 -2e-06 16.675426 12.06729 14.15186 59.416683 4.058815 4.93856 0.438153 30.69912 0.183628 4.822471 1.592863 -2.521032 2.243541 -5.255035 -3.180158 14.282894 -0.826595 6.952503 -3e-06 -12.690605 0.0 16.287201 -17.789307 2.663793 1.665666 -1.955921 -2.878299 4.727799 -4.170588 4.993923 11.020528 4e-06 -1e-06 12.109054 -3.735714 -2.866784 -1e-06 -1e-06 1e-06 1.291986 -1.928549 -1.49809 14.800129 0.567469 3.865607 14.242576 -1.341735 -6.660657 19.631969 0.143928 -0.648246 50.028431 -0.712969 -6.321636 0.353029 -1.51115 -0.031939 20.222794 3.684309 2.316629 18.787277 7e-06 -1e-06 10.751628 -0.479868 1.397906 -1e-06 1e-06 -2e-06 3.273808 0.305947 -0.580112 21.486816 11.830376 2.266131 8.162928 1e-06 -2e-06 18.399082 -3.798984 -4.940578 4e-06 1e-06 -1e-06 -7.702064 3.867116 1.406841 -0.026561 0.079777 10.838366 0.461021 6.425774 -9.261739 1.658089 -1.865282 -0.326496 0.0 0.0 2e-06 -5.392574 -5.189938 -22.106424 -0.059724 -0.211889 48.028572 1.405072 2.179934 2.393671 -1.425749 0.953408 -3.589879 0.0 -0.0 -2e-06 
0.0 0.0 0.0 0.0 -0.0 0.0 27.737326 98.537567 226.970917 3.949848 -0.918175 -3.315451 -2.042348 0.158154 0.354972 -0.582028 0.982501 -4.461058 -2.191909 -0.696238 12.761102 -0.988151 3.092585 7.31773 -0.25641 1.894768 -3.563056 0.454532 1.421366 -11.511343 7.7e-05 -2.3e-05 6e-06 0.031541 -0.021995 0.070434 0.697177 -3.761247 -10.566122 -0.643042 3.729504 -10.561404 -21.063627 -7.749864 12.672754 -46.83633 -13.324303 12.672149 -0.375118 -27.812132 0.177072 -3.048744 3.096802 -13.899677 -5.88211 9.861293 0.702591 -10.936878 -0.360574 7.156211 0.0 8.774831 -2e-06 -15.909958 18.099653 6.108818 -1.844034 2.498506 -2.507279 -10.163605 4.678948 4.621112 -20.976038 -3e-06 1e-06 -21.226301 2.451698 -3.594006 1e-06 -6e-06 -1e-06 -1.362683 2.240799 -0.746326 -21.334929 0.584911 3.008324 -13.821224 -4e-06 1e-06 -23.887184 -0.249079 -0.839485 -60.257008 2.477538 -1.205033 -0.294025 1.67969 0.833257 -14.218218 0.093216 1.300579 -34.212074 -0.287564 0.967169 -20.033228 0.964538 1.212843 -0.0 -1e-06 0.0 -3.440391 0.788234 0.501656 -15.928194 -3.167311 2.999707 -6.33883 -1e-06 1e-06 -18.123459 3.648185 -4.905674 -4e-06 0.0 -2e-06 16.987099 11.834147 14.091835 59.029755 4.120465 4.589576 0.470114 31.479492 0.182739 4.671731 1.761873 -2.99766 2.243543 -5.25504 -3.180158 14.282894 -0.826597 6.952503 0.0 -12.690611 0.0 16.255383 -17.774117 2.674857 1.665667 -1.955923 -2.878298 4.7278 -4.170591 4.993925 11.020528 2e-06 -2e-06 12.109056 -3.735719 -2.866786 0.0 -1e-06 -1e-06 1.291986 -1.92855 -1.498089 14.800132 0.567467 3.865607 14.242576 -1.34174 -6.660658 19.631969 0.143924 -0.648248 50.068489 -0.736625 -6.284904 0.353029 -1.51115 -0.03194 20.222797 3.684311 2.316629 18.787279 4e-06 0.0 10.751631 -0.479869 1.397903 -1e-06 -0.0 -1e-06 3.273808 0.305947 -0.580112 21.48682 11.830379 2.266135 8.16293 2e-06 -2e-06 18.399088 -3.798988 -4.94058 5e-06 1e-06 -1e-06 -7.357017 4.136809 3.057354 -0.033619 0.143375 10.136411 0.406439 6.236298 -10.576212 1.661029 -1.890341 -0.214695 0.0 0.0 2e-06 -4.460432 -4.640438 -23.189371 0.00414 -0.079138 38.412159 1.541657 1.352238 3.687847 -1.437373 1.013519 -3.685752 -0.0 -0.0 -0.0 
0.0 0.0 0.0 0.0 -0.0 0.0 27.931213 98.35321 229.433441 3.577919 -1.005696 -2.762279 -1.75494 0.159219 0.151008 -0.500055 0.872749 -4.536568 -2.144289 -0.777614 12.890223 -0.891237 2.910355 7.0235 -0.263616 1.925457 -3.562474 0.398327 1.507928 -11.477137 7.7e-05 -2.3e-05 6e-06 0.021647 -0.019233 0.080429 0.685472 -3.760417 -10.566448 -0.650998 3.733503 -10.563358 -21.109531 -8.072979 12.644596 -46.765102 -13.735528 12.60637 -0.319175 -28.091415 0.175263 -3.065116 3.198922 -13.921329 -5.882113 9.861297 0.70259 -10.936881 -0.360574 7.156208 0.0 8.774833 0.0 -15.957427 18.126965 6.062581 -1.844035 2.498507 -2.507281 -10.16361 4.67895 4.621112 -20.97604 -2e-06 -1e-06 -21.226311 2.451698 -3.594006 1e-06 -7e-06 -1e-06 -1.362683 2.240801 -0.746325 -21.334932 0.584913 3.008323 -13.821226 -3e-06 -2e-06 -23.887192 -0.249081 -0.839489 -60.275478 2.495531 -1.242297 -0.294026 1.67969 0.833257 -14.218223 0.093216 1.300581 -34.212078 -0.287562 0.967165 -20.033232 0.964536 1.212841 -0.0 0.0 0.0 -3.440392 0.788236 0.501656 -15.928201 -3.16731 2.999706 -6.338833 1e-06 0.0 -18.123463 3.648188 -4.905678 -4e-06 0.0 -1e-06 17.202705 11.645921 13.983364 58.796249 4.213706 4.489926 0.399528 31.566502 0.156804 4.581569 1.682239 -3.163453 2.243544 -5.255042 -3.180161 14.282905 -0.826594 6.952509 -3e-06 -12.690616 -1e-06 16.252224 -17.748049 2.668657 1.665668 -1.955924 -2.878302 4.727803 -4.170591 4.993928 11.020538 4e-06 -1e-06 12.109063 -3.735717 -2.866787 0.0 -1e-06 -1e-06 1.291987 -1.928551 -1.498089 14.800142 0.567469 3.86561 14.242586 -1.341735 -6.660665 19.631989 0.143927 -0.648246 50.155231 -0.711417 -6.221349 0.353029 -1.511151 -0.03194 20.222815 3.684314 2.316629 18.787291 5e-06 -0.0 10.751639 -0.479868 1.397906 -1e-06 -0.0 0.0 3.27381 0.305946 -0.580111 21.486837 11.83039 2.266135 8.162935 2e-06 -2e-06 18.399099 -3.798987 -4.940582 5e-06 1e-06 -1e-06 -7.001143 4.354084 4.727717 -0.022054 0.225859 8.931563 0.367961 6.109133 -11.667312 1.658944 -1.943628 -0.123999 0.0 -0.0 2e-06 -3.822999 -3.87337 -23.356817 0.083911 0.010197 26.911711 1.376857 0.624982 6.242465 -1.437435 1.08581 -3.710946 0.0 -0.0 -1e-06 
0.0 0.0 0.0 0.0 -0.0 0.0 28.075081 98.119644 232.019333 3.18601 -0.974187 -2.115718 -1.401898 0.202705 -0.153418 -0.446835 0.785963 -4.669309 -2.08124 -0.909741 12.967407 -0.790416 2.799172 6.749588 -0.281435 1.913646 -3.566901 0.344498 1.407642 -11.35752 7.7e-05 -2.3e-05 6e-06 0.012489 -0.000996 0.087061 0.6826 -3.742419 -10.582624 -0.666389 3.751817 -10.581285 -21.167179 -8.392811 12.566798 -46.935787 -13.931186 12.670107 -0.240111 -28.168175 0.164935 -3.287641 3.423495 -13.654286 -5.882104 9.861283 0.702591 -10.936869 -0.360576 7.156202 1e-06 8.774823 1e-06 -16.002163 18.161438 6.033422 -1.844032 2.498504 -2.507277 -10.163597 4.678944 4.621107 -20.976021 -6e-06 2e-06 -21.226284 2.451694 -3.593998 2e-06 -7e-06 -1e-06 -1.362681 2.240798 -0.746324 -21.334909 0.584909 3.008322 -13.821213 -5e-06 3e-06 -23.887167 -0.24908 -0.839483 -60.290867 2.487855 -1.315116 -0.294025 1.679688 0.833255 -14.218208 0.093214 1.30058 -34.212048 -0.287566 0.967171 -20.033211 0.964534 1.212844 0.0 -1e-06 -1e-06 -3.440388 0.788234 0.501656 -15.928183 -3.167312 2.999707 -6.338826 -1e-06 4e-06 -18.123444 3.648181 -4.905669 -4e-06 0.0 -1e-06 17.372412 11.448405 13.876716 58.689125 4.247188 4.340172 0.360119 31.095461 0.155296 4.471897 1.41238 -2.999074 2.243543 -5.255038 -3.180157 14.282895 -0.826596 6.952503 -2e-06 -12.690607 1e-06 16.25861 -17.736475 2.671624 1.665667 -1.955922 -2.878299 4.727799 -4.170588 4.993924 11.020528 3e-06 -2e-06 12.109055 -3.735717 -2.866785 -1e-06 -0.0 0.0 1.291986 -1.92855 -1.498089 14.800132 0.567467 3.865604 14.242577 -1.341738 -6.660658 19.631973 0.143927 -0.648245 50.301456 -0.652481 -6.171373 0.353029 -1.51115 -0.03194 20.222797 3.68431 2.316628 18.787275 5e-06 -2e-06 10.751631 -0.479868 1.397906 -1e-06 -0.0 -1e-06 3.273808 0.305946 -0.58011 21.48682 11.830378 2.26613 8.16293 2e-06 -2e-06 18.399088 -3.798984 -4.940578 5e-06 1e-06 -1e-06 -6.554791 4.664389 6.732352 -0.000698 0.290348 7.012154 0.33975 5.855998 -12.520863 1.656018 -1.985614 -0.096777 0.0 -0.0 2e-06 -3.325285 -3.089122 -22.753284 0.164226 -0.008376 14.654171 1.701084 0.553727 9.013394 -1.408766 1.154116 -3.602839 -0.0 0.0 -1e-06 
0.0 0.0 0.0 0.0 -0.0 0.0 28.129292 97.821236 234.767654 2.709927 -0.847512 -1.40196 -1.001875 0.296842 -0.533216 -0.414355 0.661058 -4.856886 -1.940594 -1.017111 12.927745 -0.631396 2.728152 6.515711 -0.286949 1.791942 -3.578711 0.235842 1.230598 -11.057328 7.7e-05 -2.3e-05 6e-06 0.013183 0.033353 0.080315 0.688389 -3.706851 -10.605153 -0.67064 3.785938 -10.60147 -21.231535 -8.662764 12.424748 -47.294388 -13.902992 12.974595 -0.191272 -28.013916 0.152642 -3.711097 3.768839 -13.090031 -5.882108 9.861286 0.702592 -10.936876 -0.360576 7.156208 2e-06 8.774827 -0.0 -16.052719 18.166573 6.015131 -1.844033 2.498505 -2.507279 -10.163604 4.678946 4.621109 -20.976034 -6e-06 2e-06 -21.226299 2.451695 -3.594 2e-06 -6e-06 -1e-06 -1.362682 2.240798 -0.746324 -21.334925 0.584908 3.008326 -13.821221 -4e-06 2e-06 -23.887184 -0.249082 -0.839481 -60.273079 2.407152 -1.385069 -0.294025 1.679688 0.833256 -14.218217 0.093213 1.300581 -34.21207 -0.287569 0.967171 -20.033226 0.964535 1.212844 1e-06 0.0 0.0 -3.44039 0.788232 0.501655 -15.928192 -3.167313 2.999708 -6.338829 -2e-06 1e-06 -18.123453 3.648182 -4.905672 -4e-06 -0.0 -1e-06 17.653925 11.246893 13.732522 58.588852 3.993778 4.019991 0.407351 30.341019 0.174521 4.240252 1.052371 -2.732004 2.243543 -5.255039 -3.180159 14.282901 -0.826594 6.952502 -4e-06 -12.690612 1e-06 16.212063 -17.683702 2.677159 1.665668 -1.955922 -2.8783 4.727801 -4.17059 4.993925 11.020535 4e-06 -4e-06 12.109062 -3.735715 -2.866787 -1e-06 0.0 0.0 1.291987 -1.928551 -1.498091 14.800139 0.567469 3.865607 14.242585 -1.341735 -6.660662 19.631985 0.143928 -0.648245 50.343075 -0.638874 -6.177094 0.353029 -1.511152 -0.031941 20.222807 3.684314 2.316627 18.787291 9e-06 -2e-06 10.751637 -0.479866 1.397907 -3e-06 -1e-06 1e-06 3.27381 0.305947 -0.580112 21.486832 11.830384 2.26613 8.162933 2e-06 -2e-06 18.399096 -3.798986 -4.940581 5e-06 1e-06 -0.0 -5.903617 5.035753 9.065032 -0.006516 0.273444 4.513139 0.382123 5.484831 -13.123701 1.664098 -1.947377 -0.103894 0.0 -0.0 2e-06 -2.761016 -2.207969 -22.205534 0.212174 -0.08065 4.413672 2.767114 0.474623 10.27548 -1.353569 1.2086 -3.471891 -0.0 -0.0 -1e-06 
0.0 0.0 0.0 0.0 -0.0 0.0 28.057999 97.480064 237.633331 2.097493 -0.602578 -0.734221 -0.603334 0.370434 -0.926844 -0.351425 0.446847 -5.051107 -1.720268 -1.1195 12.801568 -0.440135 2.616122 6.329884 -0.249082 1.749944 -3.590325 0.076026 1.14019 -10.679285 7.7e-05 -2.3e-05 6e-06 0.018803 0.060569 0.063841 0.691469 -3.676107 -10.611622 -0.661909 3.810915 -10.59614 -21.273781 -8.821512 12.326766 -47.749458 -13.747053 13.274322 -0.225698 -27.59845 0.124167 -4.227147 4.112871 -12.182154 -5.882106 9.861284 0.70259 -10.93687 -0.360574 7.156202 0.0 8.774824 0.0 -16.121552 18.142727 5.977293 -1.844032 2.498504 -2.507277 -10.163599 4.678944 4.621107 -20.976023 -5e-06 -0.0 -21.226286 2.451694 -3.594002 2e-06 -6e-06 -1e-06 -1.362682 2.240798 -0.746322 -21.334913 0.58491 3.00832 -13.821213 -2e-06 3e-06 -23.887169 -0.249078 -0.839485 -60.322823 2.370629 -1.366342 -0.294025 1.679688 0.833256 -14.218207 0.093215 1.300579 -34.212048 -0.287564 0.967165 -20.033211 0.964535 1.212842 0.0 1e-06 0.0 -3.440388 0.788234 0.501656 -15.928185 -3.167309 2.999707 -6.338825 -2e-06 1e-06 -18.123444 3.648184 -4.90567 -2e-06 0.0 -1e-06 18.075623 11.07605 13.681362 58.534546 3.543654 3.437121 0.376696 29.561701 0.166269 3.930504 0.779347 -2.872989 2.243542 -5.255038 -3.180157 14.282892 -0.826595 6.9525 -2e-06 -12.690607 1e-06 16.137152 -17.604179 2.667752 1.665666 -1.955922 -2.878299 4.727798 -4.170588 4.993923 11.020526 2e-06 -2e-06 12.109053 -3.735716 -2.866784 -1e-06 -0.0 0.0 1.291985 -1.928549 -1.498089 14.800127 0.567468 3.865606 14.242569 -1.341737 -6.660657 19.631968 0.143925 -0.648245 50.179474 -0.675198 -6.277514 0.353029 -1.511151 -0.03194 20.222794 3.68431 2.316631 18.787273 4e-06 -2e-06 10.751628 -0.479867 1.397907 -1e-06 -1e-06 1e-06 3.273807 0.305947 -0.58011 21.486813 11.830376 2.266134 8.162926 2e-06 -1e-06 18.39908 -3.798987 -4.940577 5e-06 0.0 -1e-06 -5.011611 5.287313 11.512999 -0.034702 0.180366 1.9898 0.304113 5.113288 -13.467082 1.685719 -1.866174 -0.132567 -0.0 -0.0 2e-06 -1.981255 -1.356627 -22.476339 0.147529 -0.121919 -1.052777 4.032993 0.252617 9.649776 -1.319895 1.201262 -3.403649 -0.0 -0.0 0.0 
0.0 0.0 0.0 0.0 -0.0 0.0 27.875801 97.09008 240.595871 1.498845 -0.113997 -0.268554 -0.307425 0.387086 -1.225035 -0.285425 0.113057 -5.214733 -1.46943 -1.291173 12.627418 -0.202619 2.470302 6.202532 -0.218906 1.84393 -3.583886 -0.101461 1.087041 -10.470233 7.7e-05 -2.3e-05 6e-06 0.020769 0.076005 0.060287 0.70535 -3.659823 -10.605669 -0.671035 3.825672 -10.572495 -21.082764 -8.901217 12.469744 -48.436729 -13.555896 13.524945 -0.257637 -27.018383 0.06118 -4.632627 4.314435 -11.349801 -5.882108 9.861288 0.70259 -10.936875 -0.360574 7.156207 0.0 8.774829 -1e-06 -16.209936 18.158352 5.946921 -1.844033 2.498505 -2.507277 -10.163603 4.678946 4.621109 -20.976028 -5e-06 1e-06 -21.226292 2.451696 -3.594002 1e-06 -6e-06 0.0 -1.362682 2.240799 -0.746324 -21.334921 0.584909 3.008321 -13.821218 -2e-06 2e-06 -23.887178 -0.24908 -0.839483 -60.398407 2.378447 -1.324171 -0.294025 1.679688 0.833256 -14.218212 0.093214 1.300579 -34.212063 -0.287567 0.967168 -20.033215 0.964534 1.212843 0.0 0.0 0.0 -3.440389 0.788234 0.501655 -15.928189 -3.16731 2.999706 -6.338828 -2e-06 -0.0 -18.123453 3.648182 -4.905672 -2e-06 0.0 -0.0 18.460268 10.855467 13.800992 58.682232 3.144706 2.73157 0.22993 28.791084 0.147443 3.680014 0.690336 -3.510854 2.243542 -5.255039 -3.18016 14.282896 -0.826595 6.952507 -2e-06 -12.690612 0.0 16.136999 -17.520462 2.613158 1.665666 -1.955922 -2.878299 4.7278 -4.17059 4.993927 11.02053 3e-06 -2e-06 12.109058 -3.735717 -2.866785 0.0 0.0 1e-06 1.291986 -1.928551 -1.498091 14.800132 0.567468 3.865607 14.242577 -1.341737 -6.660661 19.631973 0.143927 -0.648245 50.014526 -0.623438 -6.349641 0.353029 -1.511151 -0.031939 20.222801 3.684313 2.316632 18.787275 4e-06 -1e-06 10.751631 -0.479868 1.397905 -1e-06 -0.0 1e-06 3.273808 0.305948 -0.580112 21.48682 11.830382 2.266135 8.16293 3e-06 0.0 18.39909 -3.798987 -4.940577 5e-06 1e-06 -1e-06 -3.999745 5.326672 13.221055 -0.04176 0.059274 1.678011 -0.0833 4.684161 -14.204717 1.706742 -1.82091 -0.43669 0.0 -0.0 2e-06 -1.213822 -0.727417 -23.129284 0.089942 -0.097268 -1.619597 4.089528 0.198123 8.62511 -1.32903 1.159715 -3.523214 -0.0 -0.0 0.0 
0.0 0.0 0.0 0.0 -0.0 0.0 27.608807 96.747192 243.794586 0.639983 0.614117 0.202555 0.251401 0.391605 -1.678033 -0.237445 -0.187556 -5.398184 -1.265512 -1.560138 12.534863 0.113439 2.265528 5.953536 -0.283368 1.864341 -3.51652 -0.264381 1.009123 -10.161271 7.7e-05 -2.3e-05 6e-06 0.022273 0.044292 0.065425 0.713646 -3.691937 -10.571307 -0.675719 3.794229 -10.531542 -21.006853 -9.074008 12.566946 -48.967037 -12.975273 14.016665 -0.194478 -26.428072 0.026029 -4.939829 4.206392 -10.766105 -5.88211 9.861292 0.702591 -10.93688 -0.360574 7.156209 0.0 8.774831 -1e-06 -16.289179 18.109163 5.981125 -1.844034 2.498505 -2.507279 -10.163606 4.678948 4.621109 -20.97604 -4e-06 1e-06 -21.226301 2.451697 -3.594 1e-06 -6e-06 -1e-06 -1.362682 2.240799 -0.746324 -21.33493 0.584911 3.008324 -13.821225 -3e-06 2e-06 -23.88719 -0.24908 -0.839486 -60.543617 2.363767 -1.267522 -0.294025 1.679689 0.833256 -14.21822 0.093215 1.30058 -34.212078 -0.287566 0.967168 -20.03323 0.964536 1.212843 1e-06 -1e-06 0.0 -3.440391 0.788233 0.501656 -15.928196 -3.16731 2.999709 -6.338831 -1e-06 -1e-06 -18.123459 3.648185 -4.905673 -2e-06 1e-06 -0.0 19.124403 10.416561 13.905225 58.582787 2.754129 2.390112 -0.032271 27.939308 0.09987 3.65255 0.666176 -4.211667 2.243543 -5.255041 -3.18016 14.282899 -0.826593 6.952507 -3e-06 -12.69061 -1e-06 16.15856 -17.509649 2.582894 1.665667 -1.955922 -2.878301 4.727801 -4.170589 4.993927 11.020534 4e-06 -1e-06 12.109058 -3.735717 -2.866786 0.0 0.0 1e-06 1.291986 -1.92855 -1.49809 14.800138 0.56747 3.865611 14.242579 -1.341736 -6.660662 19.631983 0.143928 -0.648243 49.889996 -0.606561 -6.358912 0.353029 -1.511151 -0.031939 20.222803 3.684314 2.316632 18.787283 5e-06 -0.0 10.751634 -0.479868 1.397907 0.0 -1e-06 1e-06 3.273809 0.305948 -0.580111 21.486828 11.830384 2.266135 8.16293 2e-06 0.0 18.399094 -3.798985 -4.940578 5e-06 0.0 -2e-06 -2.59407 5.155076 14.655178 -0.05192 0.04878 2.026652 -0.52647 4.125682 -14.687588 1.747581 -1.817955 -1.059434 0.0 -0.0 2e-06 -0.374203 0.033332 -23.353094 0.130477 -0.068538 0.295846 1.827806 0.519845 10.304046 -1.361183 1.157282 -3.689409 -0.0 -0.0 0.0 
0.0 0.0 0.0 0.0 -0.0 0.0 27.263584 96.531631 247.136993 -0.775343 1.235188 0.690534 1.079807 0.382395 -2.307437 -0.145033 -0.360615 -5.66534 -0.79289 -1.831322 12.547645 0.381576 2.211566 5.713035 -0.287602 1.872025 -3.530777 -0.494466 1.03365 -9.539257 7.7e-05 -2.3e-05 6e-06 0.020237 0.01113 0.039963 0.709996 -3.724505 -10.581976 -0.674594 3.760927 -10.540117 -21.77092 -9.125146 12.572409 -48.70282 -11.904938 14.295904 -0.213622 -26.02441 -0.019167 -5.156639 4.180459 -10.285767 -5.882111 9.861293 0.70259 -10.936878 -0.360574 7.156208 -1e-06 8.77483 -2e-06 -16.426067 18.019079 5.998517 -1.844034 2.498507 -2.507281 -10.163608 4.67895 4.621109 -20.97604 -2e-06 -0.0 -21.226303 2.451699 -3.594006 2e-06 -5e-06 -1e-06 -1.362683 2.2408 -0.746325 -21.334929 0.584911 3.008322 -13.821221 -1e-06 0.0 -23.887184 -0.249079 -0.839487 -60.654682 2.323589 -1.031615 -0.294025 1.679688 0.833257 -14.218219 0.093217 1.300581 -34.212074 -0.287562 0.967168 -20.033226 0.964537 1.212841 -0.0 -1e-06 -1e-06 -3.44039 0.788234 0.501656 -15.928198 -3.167309 2.999709 -6.338831 -1e-06 1e-06 -18.123459 3.648185 -4.905675 -2e-06 1e-06 -0.0 20.325027 10.053802 13.814532 57.842552 2.012717 2.414023 -0.193279 26.999676 0.028329 3.77043 0.661673 -4.502622 2.243543 -5.25504 -3.180158 14.282896 -0.826596 6.952502 -1e-06 -12.690612 -2e-06 16.153431 -17.471941 2.55575 1.665667 -1.955924 -2.8783 4.727801 -4.17059 4.993924 11.020531 2e-06 -2e-06 12.109057 -3.735719 -2.866787 0.0 -0.0 -1e-06 1.291986 -1.928551 -1.498088 14.800132 0.567467 3.865607 14.242578 -1.34174 -6.660661 19.631973 0.143925 -0.648246 49.947964 -0.488852 -6.30265 0.353029 -1.511151 -0.031941 20.222801 3.684311 2.31663 18.787283 3e-06 -1e-06 10.751632 -0.47987 1.397904 0.0 -1e-06 0.0 3.273808 0.305947 -0.580111 21.48682 11.83038 2.266134 8.16293 1e-06 -1e-06 18.39909 -3.798988 -4.940581 5e-06 0.0 -2e-06 -0.443793 5.199798 15.589883 -0.049268 0.008278 3.397006 -1.384629 3.475053 -14.832922 1.772517 -1.852866 -2.336083 -0.0 -0.0 2e-06 0.993394 1.262118 -24.092196 0.095765 -0.072566 3.748424 -0.346499 0.249365 14.71209 -1.412351 1.093636 -3.331139 0.0 0.0 -1e-06 
0.0 0.0 0.0 0.0 -0.0 0.0 26.89893 96.536926 250.598877 -2.402448 1.693671 0.797102 1.748636 0.356521 -2.731107 0.026763 -0.730269 -5.934627 0.191045 -1.945198 12.533669 0.347466 2.27835 5.649924 -0.338389 1.95197 -3.591016 -0.604843 0.991287 -9.062462 7.7e-05 -2.2e-05 6e-06 0.01709 0.003066 -0.00169 0.696573 -3.720924 -10.587038 -0.665903 3.741802 -10.543968 -22.398901 -8.808989 12.68334 -48.935005 -10.839775 14.444397 -0.202885 -25.580793 5.2e-05 -5.26596 3.992603 -10.214495 -5.882109 9.861288 0.702591 -10.936877 -0.360575 7.156209 1e-06 8.774829 -1e-06 -16.602415 18.088768 5.95022 -1.844033 2.498506 -2.507279 -10.163604 4.678946 4.621111 -20.976034 -5e-06 2e-06 -21.226295 2.451696 -3.593999 2e-06 -6e-06 -1e-06 -1.362682 2.240799 -0.746323 -21.334927 0.584908 3.008322 -13.821221 -4e-06 2e-06 -23.887184 -0.249082 -0.839484 -60.684101 2.277226 -0.943304 -0.294025 1.679688 0.833257 -14.218216 0.093214 1.300581 -34.212067 -0.287567 0.96717 -20.033226 0.964536 1.212844 -0.0 -0.0 -1e-06 -3.44039 0.788233 0.501655 -15.928194 -3.167311 2.999705 -6.338831 -2e-06 2e-06 -18.123459 3.648183 -4.905673 -2e-06 0.0 -2e-06 20.998392 9.932671 13.890719 57.357189 1.413434 2.624251 -0.172984 25.836235 -0.015021 3.952458 0.395554 -4.208874 2.243542 -5.255037 -3.180157 14.282892 -0.826594 6.9525 -2e-06 -12.690603 -1e-06 16.086386 -17.559202 2.551509 1.665667 -1.955922 -2.878298 4.727799 -4.170588 4.993922 11.020528 3e-06 -2e-06 12.109054 -3.735716 -2.866785 0.0 -0.0 -0.0 1.291986 -1.928549 -1.49809 14.800129 0.567468 3.865604 14.242574 -1.341737 -6.660657 19.631973 0.143928 -0.648247 50.027428 -0.449244 -6.338935 0.353029 -1.51115 -0.031941 20.22279 3.68431 2.316627 18.787271 6e-06 -3e-06 10.751625 -0.479868 1.397904 0.0 -1e-06 1e-06 3.273807 0.305947 -0.58011 21.486813 11.830376 2.26613 8.162928 2e-06 -2e-06 18.399086 -3.798982 -4.940578 5e-06 1e-06 -1e-06 1.998331 5.124677 16.323851 0.0211 -0.10403 6.198567 -2.50946 3.040709 -13.480165 1.831921 -1.924979 -4.88177 0.0 0.0 2e-06 2.677642 2.454515 -24.628265 -0.040419 -0.137425 8.32911 -0.835056 -0.383417 15.473576 -1.409145 1.120578 -2.379008 0.0 -0.0 -1e-06 
0.0 0.0 0.0 0.0 -0.0 0.0 26.427546 96.697746 254.168823 -3.927941 2.039449 0.520829 2.260987 0.301562 -2.905247 0.167601 -0.936804 -6.042705 1.212413 -2.120291 12.323932 0.380181 2.282751 5.956282 -0.359158 1.890266 -3.584886 -0.740951 1.184441 -9.236876 7.7e-05 -2.2e-05 6e-06 0.010079 -0.03343 -0.011168 0.704333 -3.768328 -10.609275 -0.684154 3.716411 -10.561455 -22.129719 -8.42254 12.976107 -50.103588 -9.881824 14.831204 -0.058005 -25.274157 -0.041324 -5.30487 3.867529 -9.924428 -5.882106 9.861284 0.702591 -10.936874 -0.360576 7.156208 3e-06 8.774824 -1e-06 -16.662142 18.112671 5.893785 -1.844033 2.498504 -2.507278 -10.163602 4.678944 4.621109 -20.97603 -7e-06 2e-06 -21.226292 2.451693 -3.593999 2e-06 -6e-06 -1e-06 -1.362682 2.240798 -0.746323 -21.334921 0.584906 3.008322 -13.821217 -5e-06 3e-06 -23.887178 -0.249083 -0.839483 -60.550877 2.244288 -0.906012 -0.294024 1.679686 0.833256 -14.218212 0.093212 1.300579 -34.212063 -0.287569 0.967173 -20.033218 0.964534 1.212847 -1e-06 -1e-06 -2e-06 -3.440389 0.788233 0.501655 -15.928192 -3.167312 2.999707 -6.33883 -4e-06 1e-06 -18.123447 3.648179 -4.90567 -2e-06 0.0 -2e-06 20.934292 9.796935 13.840161 57.64772 1.116779 3.287156 -0.273472 24.361166 -0.034059 4.595414 -0.040763 -3.863167 2.243544 -5.255039 -3.180161 14.282905 -0.826596 6.952506 -2e-06 -12.690611 2e-06 16.056387 -17.67737 2.576546 1.665668 -1.955923 -2.878302 4.727804 -4.170591 4.993926 11.020539 3e-06 -3e-06 12.109065 -3.735718 -2.866786 -1e-06 -0.0 -1e-06 1.291987 -1.92855 -1.498091 14.800142 0.567468 3.865609 14.242586 -1.341736 -6.660664 19.631989 0.143928 -0.648246 50.043636 -0.499068 -6.402202 0.353029 -1.511151 -0.03194 20.222815 3.684313 2.316631 18.787292 6e-06 -4e-06 10.751638 -0.479868 1.397906 0.0 -0.0 2e-06 3.27381 0.305946 -0.580111 21.486834 11.830382 2.266131 8.162937 2e-06 -1e-06 18.399099 -3.798986 -4.94058 4e-06 1e-06 0.0 4.31437 4.89623 16.24383 0.141077 -0.353003 11.049345 -3.447858 2.501387 -11.432666 1.932708 -1.988539 -8.723513 0.0 -0.0 2e-06 4.631074 3.047831 -24.65333 -0.089657 -0.113859 13.711576 -1.446948 -1.449781 10.334641 -1.41339 1.11478 -1.666074 -0.0 -0.0 -1e-06 
0.0 0.0 0.0 0.0 -0.0 0.0 25.913658 96.912125 257.657867 -5.21597 2.464648 0.019664 2.701708 0.288705 -2.863832 0.308666 -1.176762 -6.0591 1.964677 -2.209135 12.053899 0.495705 2.308475 6.276265 -0.42369 1.721984 -3.603598 -0.82072 1.18177 -9.43153 7.7e-05 -2.2e-05 6e-06 0.006311 -0.061874 -0.013526 0.723824 -3.802526 -10.622724 -0.709723 3.692686 -10.568717 -21.167294 -8.220356 13.250374 -51.630524 -8.954599 15.422658 0.060849 -25.315128 -0.058826 -5.578167 3.842483 -9.041698 -5.88211 9.861292 0.70259 -10.936877 -0.360574 7.156207 -1e-06 8.774831 -1e-06 -16.756046 18.083588 5.738538 -1.844034 2.498506 -2.507278 -10.163605 4.678949 4.621109 -20.976036 -1e-06 2e-06 -21.226297 2.451701 -3.594003 2e-06 -6e-06 -1e-06 -1.362682 2.240799 -0.746322 -21.334925 0.584912 3.008322 -13.821218 -1e-06 2e-06 -23.88718 -0.249076 -0.839485 -60.417694 2.204893 -0.987535 -0.294025 1.679688 0.833256 -14.218217 0.093217 1.300581 -34.212067 -0.287561 0.967168 -20.033222 0.964537 1.212842 -0.0 -0.0 -2e-06 -3.44039 0.788234 0.501656 -15.928192 -3.16731 2.999706 -6.338831 -1e-06 2e-06 -18.123457 3.648186 -4.905675 -2e-06 1e-06 -1e-06 20.483597 9.747896 13.828052 58.347103 0.97481 3.86801 -0.305341 23.427397 -0.051405 5.23041 -0.548144 -3.396881 2.243544 -5.25504 -3.18016 14.282902 -0.826596 6.952505 -2e-06 -12.690612 1e-06 16.066076 -17.752947 2.586322 1.665668 -1.955923 -2.8783 4.727802 -4.17059 4.993926 11.020535 3e-06 -1e-06 12.10906 -3.735718 -2.866787 0.0 0.0 -0.0 1.291987 -1.92855 -1.49809 14.800139 0.567468 3.865609 14.242582 -1.341738 -6.660663 19.631985 0.143926 -0.648247 49.967144 -0.543119 -6.467474 0.353029 -1.511152 -0.03194 20.222805 3.68431 2.316629 18.787289 5e-06 -2e-06 10.751634 -0.479869 1.397905 -1e-06 0.0 0.0 3.27381 0.305946 -0.580111 21.486832 11.830382 2.266134 8.162935 2e-06 -2e-06 18.399097 -3.798985 -4.940581 5e-06 1e-06 -1e-06 6.510216 4.792756 14.824335 0.160676 -0.565689 18.292917 -4.082921 2.05796 -8.184914 2.04146 -1.97258 -13.149519 -0.0 -0.0 2e-06 6.420227 3.400617 -23.11301 -0.08132 -0.161136 16.468822 -2.084638 -2.274999 6.416327 -1.4175 1.073952 -0.862876 -0.0 0.0 -1e-06 
0.0 0.0 0.0 0.0 -0.0 0.0 25.388632 97.161026 260.990875 -6.428777 3.089804 -0.654335 3.201182 0.248576 -2.603105 0.425428 -1.258231 -5.99378 2.53091 -2.317097 11.797903 0.666587 2.288841 6.477029 -0.505185 1.434086 -3.615012 -0.888564 1.071315 -9.790971 7.7e-05 -2.2e-05 6e-06 0.006088 -0.063558 -0.008423 0.738222 -3.808935 -10.635229 -0.723942 3.694338 -10.580848 -20.062664 -8.110638 13.464997 -52.881474 -8.299123 16.272429 0.147287 -25.608946 -0.075208 -5.911693 3.824191 -8.389492 -5.882116 9.8613 0.702592 -10.936889 -0.360573 7.156211 -1e-06 8.774838 1e-06 -16.795908 18.004299 5.611073 -1.844036 2.498508 -2.507279 -10.163616 4.678953 4.621113 -20.976057 -2e-06 0.0 -21.226322 2.451701 -3.594007 2e-06 -6e-06 -1e-06 -1.362684 2.240802 -0.746325 -21.334948 0.584913 3.008325 -13.821238 -1e-06 1e-06 -23.887205 -0.249078 -0.839488 -60.319511 2.110318 -1.017468 -0.294026 1.679689 0.833256 -14.21823 0.093217 1.300579 -34.212105 -0.287563 0.967165 -20.033245 0.964538 1.212841 0.0 -1e-06 -2e-06 -3.440393 0.788235 0.501655 -15.928209 -3.167311 2.99971 -6.338839 -1e-06 1e-06 -18.123474 3.648189 -4.905681 -2e-06 1e-06 -1e-06 19.957737 9.711812 13.781472 59.06559 0.830417 4.254316 -0.300829 23.360855 -0.031226 5.384314 -0.77146 -3.410792 2.243545 -5.255043 -3.180159 14.282908 -0.826597 6.952508 -1e-06 -12.69062 1e-06 16.054562 -17.76499 2.656345 1.665669 -1.955924 -2.878303 4.727805 -4.170593 4.993929 11.020542 3e-06 -2e-06 12.109069 -3.735721 -2.866787 -1e-06 0.0 -1e-06 1.291987 -1.928551 -1.498092 14.800149 0.567468 3.86561 14.24259 -1.341739 -6.660666 19.631992 0.143925 -0.648247 49.922367 -0.604312 -6.447014 0.35303 -1.511153 -0.03194 20.222818 3.684314 2.316631 18.787298 4e-06 -4e-06 10.751641 -0.479869 1.397907 0.0 0.0 0.0 3.273811 0.305947 -0.580111 21.486843 11.83039 2.266134 8.162938 2e-06 -1e-06 18.399111 -3.798989 -4.940583 4e-06 1e-06 -1e-06 8.800837 4.984671 11.76803 0.093829 -0.752392 28.114721 -4.278392 1.896024 -3.494512 2.121855 -1.855334 -16.936249 -0.0 1e-06 2e-06 8.214386 3.394508 -20.720329 -0.045384 -0.221719 17.423168 -2.795124 -3.223568 3.788097 -1.419318 1.051043 -0.237473 0.0 -0.0 -1e-06 
0.0 0.0 0.0 0.0 -0.0 0.0 24.871422 97.376877 264.106445 -7.564792 3.924797 -1.482251 3.692399 0.207195 -2.182916 0.520963 -1.269227 -5.821811 2.964158 -2.429935 11.660685 0.910751 2.18993 6.52409 -0.537105 1.211542 -3.615123 -1.010558 0.888212 -10.181558 7.7e-05 -2.2e-05 6e-06 0.011934 -0.040125 -0.000428 0.745653 -3.787644 -10.634384 -0.719943 3.717838 -10.58667 -19.188316 -8.156099 13.575828 -53.518303 -8.024196 16.947844 0.130162 -25.838739 -0.074297 -6.047557 3.782569 -7.894442 -5.88211 9.861291 0.70259 -10.936878 -0.360576 7.156207 1e-06 8.774831 -2e-06 -16.779716 17.91592 5.556707 -1.844034 2.498506 -2.507279 -10.163606 4.678946 4.621109 -20.976038 -5e-06 2e-06 -21.226301 2.451696 -3.594004 2e-06 -6e-06 -0.0 -1.362682 2.240799 -0.746324 -21.334929 0.584908 3.008323 -13.821222 -4e-06 1e-06 -23.887188 -0.249083 -0.839482 -60.285854 2.094879 -1.068824 -0.294025 1.679688 0.833256 -14.218217 0.093214 1.300579 -34.212067 -0.287567 0.967169 -20.033226 0.964535 1.212844 -0.0 -2e-06 -1e-06 -3.440391 0.788234 0.501655 -15.9282 -3.167312 2.999708 -6.338831 -2e-06 0.0 -18.123459 3.648183 -4.905674 -2e-06 1e-06 -2e-06 19.645647 9.666167 13.748801 59.393692 0.822127 4.594977 -0.270308 23.978006 0.005133 5.059641 -0.579924 -3.986481 2.243541 -5.255037 -3.180158 14.282892 -0.826594 6.952503 -2e-06 -12.690606 1e-06 16.052629 -17.747984 2.745739 1.665666 -1.955922 -2.878298 4.727799 -4.170588 4.993923 11.020528 3e-06 -2e-06 12.109053 -3.735717 -2.866785 -1e-06 1e-06 -0.0 1.291986 -1.928549 -1.498089 14.800129 0.567469 3.865608 14.242572 -1.341737 -6.660658 19.631968 0.143926 -0.648246 49.958046 -0.618179 -6.343842 0.353029 -1.511151 -0.031939 20.22279 3.684309 2.316629 18.787273 4e-06 -3e-06 10.751629 -0.479868 1.397905 0.0 -1e-06 1e-06 3.273807 0.305948 -0.58011 21.486813 11.830376 2.266133 8.162928 2e-06 -1e-06 18.39908 -3.798985 -4.940578 4e-06 0.0 -1e-06 11.001649 5.263275 7.53306 -0.036843 -0.816656 39.151058 -3.894211 2.55762 2.301165 2.070304 -1.723349 -16.425703 -0.0 -0.0 2e-06 9.911736 2.971694 -17.759302 -0.00235 -0.2729 17.37455 -3.331804 -4.153202 1.514207 -1.423807 1.054523 0.075183 0.0 -0.0 -1e-06 
0.0 0.0 0.0 0.0 -0.0 0.0 24.397053 97.523079 267.011353 -8.462875 4.796188 -2.437083 4.050574 0.21485 -1.657522 0.579496 -1.24941 -5.580185 3.289474 -2.521328 11.680171 1.207337 2.051554 6.592662 -0.547748 1.04425 -3.635121 -1.181427 0.752323 -10.59305 7.7e-05 -2.2e-05 6e-06 0.015343 -0.034615 -0.003253 0.741682 -3.780909 -10.627995 -0.709851 3.720587 -10.584826 -18.65975 -8.208807 13.669329 -53.614666 -8.255445 17.186394 0.05811 -25.845886 -0.053972 -5.911681 3.809638 -7.587069 -5.882107 9.861291 0.702592 -10.936875 -0.360574 7.156209 -1e-06 8.774828 -3e-06 -16.748339 17.849316 5.595466 -1.844033 2.498505 -2.507278 -10.163602 4.678948 4.621109 -20.976028 -1e-06 4e-06 -21.226292 2.451699 -3.594002 1e-06 -6e-06 -2e-06 -1.362681 2.240799 -0.746324 -21.334917 0.584911 3.008324 -13.821216 -1e-06 3e-06 -23.887175 -0.249076 -0.839483 -60.396973 2.198286 -1.097892 -0.294025 1.679688 0.833256 -14.21821 0.093216 1.300582 -34.212059 -0.28756 0.967171 -20.033218 0.964539 1.212843 -0.0 -1e-06 -1e-06 -3.440389 0.788234 0.501656 -15.928189 -3.16731 2.999708 -6.338829 -1e-06 1e-06 -18.123449 3.648187 -4.905671 -2e-06 1e-06 -2e-06 19.399441 9.687088 13.782104 59.360512 1.172076 5.064922 -0.179273 24.917095 0.011122 4.524819 -0.144939 -4.64017 2.243541 -5.255037 -3.180157 14.282892 -0.826594 6.952504 -2e-06 -12.690604 -1e-06 16.054298 -17.687603 2.791863 1.665666 -1.955922 -2.878298 4.727799 -4.170587 4.993925 11.020526 3e-06 -2e-06 12.109053 -3.735716 -2.866784 -1e-06 0.0 -0.0 1.291986 -1.92855 -1.498089 14.800129 0.567468 3.865607 14.242574 -1.341737 -6.660659 19.631969 0.143926 -0.648245 50.015976 -0.575579 -6.18852 0.353029 -1.511151 -0.03194 20.222794 3.68431 2.316629 18.787273 5e-06 -1e-06 10.75163 -0.479868 1.397905 0.0 -1e-06 1e-06 3.273807 0.305947 -0.58011 21.486818 11.830376 2.266133 8.162928 1e-06 -0.0 18.399084 -3.798984 -4.940575 4e-06 1e-06 0.0 12.580335 5.354877 2.91759 -0.113061 -0.746201 49.456436 -2.462581 4.663805 6.897266 1.901251 -1.784696 -9.605135 0.0 -1e-06 2e-06 11.399758 2.16679 -14.712137 -0.004243 -0.256677 16.991302 -3.665247 -4.755201 -0.410888 -1.42362 1.076188 0.08381 0.0 0.0 -1e-06 
0.0 0.0 0.0 0.0 -0.0 0.0 24.040197 97.666321 269.781555 -8.896676 5.495385 -3.397385 4.203479 0.271671 -1.174002 0.571732 -1.155908 -5.356538 3.385175 -2.510093 11.863717 1.561448 1.887583 6.920854 -0.586138 0.927723 -3.636442 -1.303579 0.575814 -11.065991 7.7e-05 -2.2e-05 6e-06 0.012995 -0.054132 -0.00264 0.730799 -3.79782 -10.620663 -0.704502 3.697938 -10.576923 -18.394333 -8.161321 13.766008 -53.384933 -8.800574 16.881346 -0.029845 -25.71953 -0.01642 -5.525563 3.7729 -7.565194 -5.882111 9.861292 0.702592 -10.936878 -0.360573 7.15621 -1e-06 8.774831 -2e-06 -16.758085 17.841274 5.63389 -1.844034 2.498507 -2.507279 -10.163607 4.678949 4.621113 -20.976034 -0.0 4e-06 -21.226301 2.451702 -3.594003 1e-06 -6e-06 -1e-06 -1.362682 2.240799 -0.746324 -21.334929 0.584912 3.008327 -13.821222 -2e-06 3e-06 -23.887184 -0.249076 -0.839482 -60.529137 2.284132 -1.157783 -0.294025 1.679688 0.833256 -14.218218 0.093216 1.300582 -34.21207 -0.28756 0.967171 -20.033224 0.964541 1.212843 -1e-06 -1e-06 -1e-06 -3.44039 0.788234 0.501657 -15.928194 -3.167308 2.99971 -6.338831 -1e-06 2e-06 -18.123459 3.648187 -4.905674 -2e-06 0.0 -2e-06 19.148443 9.777956 13.880162 59.040489 1.997015 5.913915 0.01509 25.72426 0.0176 4.063739 0.339509 -4.732916 2.243543 -5.255039 -3.180159 14.282902 -0.826595 6.952504 -3e-06 -12.690612 2e-06 16.094633 -17.637484 2.755263 1.665668 -1.955923 -2.878302 4.727802 -4.170592 4.993926 11.020535 2e-06 -4e-06 12.109062 -3.735718 -2.866788 -1e-06 -0.0 -0.0 1.291987 -1.92855 -1.498091 14.800139 0.567469 3.865607 14.242584 -1.341737 -6.660662 19.631979 0.143927 -0.648246 50.007122 -0.574489 -6.118763 0.353029 -1.511152 -0.031941 20.222805 3.684313 2.316629 18.787287 7e-06 -3e-06 10.751637 -0.479867 1.397906 -2e-06 -0.0 0.0 3.273809 0.305947 -0.58011 21.486832 11.830383 2.266131 8.162936 2e-06 -2e-06 18.399096 -3.798987 -4.940579 5e-06 1e-06 -1e-06 13.142272 5.130449 -1.354093 -0.130151 -0.588166 57.202801 -0.898958 6.530124 7.329733 1.83777 -1.890267 -5.436542 0.0 1e-06 2e-06 12.303176 1.258163 -11.677841 -0.045892 -0.220918 16.342014 -3.812391 -5.069246 -2.022087 -1.414563 1.116136 0.091568 0.0 0.0 -1e-06 
0.0 0.0 0.0 0.0 -0.0 0.0 23.807089 97.853577 272.449219 -8.804322 5.980608 -4.274685 4.130318 0.372763 -0.780709 0.481572 -0.990232 -5.168482 3.225842 -2.387201 12.1302 1.977763 1.740383 7.516417 -0.666621 0.782827 -3.620297 -1.35898 0.371583 -11.317278 7.7e-05 -2.3e-05 6e-06 0.008832 -0.084492 0.007925 0.717036 -3.825507 -10.61044 -0.699888 3.664966 -10.56614 -18.186794 -8.039148 13.824184 -53.09623 -9.337022 16.27808 -0.131075 -25.766768 0.030443 -5.087144 3.552558 -7.700063 -5.882113 9.861295 0.702592 -10.936883 -0.360574 7.156211 -1e-06 8.774835 -4e-06 -16.741703 17.89468 5.698751 -1.844035 2.498507 -2.507278 -10.163611 4.67895 4.621111 -20.976048 -1e-06 2e-06 -21.226311 2.451701 -3.594002 1e-06 -6e-06 0.0 -1.362683 2.2408 -0.746324 -21.334938 0.584913 3.008325 -13.821229 -1e-06 2e-06 -23.887197 -0.249077 -0.839484 -60.595089 2.331811 -1.200063 -0.294025 1.679689 0.833256 -14.218224 0.093217 1.300582 -34.212086 -0.28756 0.96717 -20.033236 0.964538 1.212843 -1e-06 -0.0 -1e-06 -3.440392 0.788235 0.501656 -15.928205 -3.167313 2.999709 -6.338834 -1e-06 1e-06 -18.123468 3.648187 -4.905677 -3e-06 1e-06 -2e-06 18.964338 9.919872 14.059195 58.549347 3.226775 6.996521 0.224511 26.21249 0.056738 3.717273 0.692954 -4.19462 2.243543 -5.255042 -3.18016 14.2829 -0.826594 6.952505 -2e-06 -12.690616 -1e-06 16.147507 -17.642429 2.702323 1.665668 -1.955924 -2.8783 4.727802 -4.170592 4.993926 11.020535 3e-06 -1e-06 12.10906 -3.735719 -2.866787 -1e-06 -0.0 -1e-06 1.291987 -1.928551 -1.49809 14.800139 0.567469 3.865609 14.242582 -1.341738 -6.66066 19.631985 0.143925 -0.648244 49.993465 -0.597865 -6.139998 0.353029 -1.511152 -0.03194 20.222805 3.684313 2.316631 18.787287 5e-06 -1e-06 10.751635 -0.479868 1.397905 -1e-06 -0.0 0.0 3.273808 0.305947 -0.580111 21.486832 11.830387 2.266138 8.162937 1e-06 0.0 18.399099 -3.79899 -4.94058 4e-06 1e-06 -1e-06 12.773115 4.69523 -5.364209 -0.13373 -0.361021 62.02092 -0.059096 7.482854 4.895584 1.831226 -1.902596 -4.591007 -0.0 0.0 1e-06 12.562057 0.586926 -8.455465 -0.063796 -0.194673 15.31226 -3.890241 -5.338377 -3.51055 -1.404835 1.151067 0.2206 0.0 0.0 -1e-06 
0.0 0.0 0.0 0.0 -0.0 0.0 23.673491 98.043457 275.018188 -8.387625 6.271025 -5.005105 3.943141 0.491152 -0.386622 0.35402 -0.750382 -4.984466 2.924012 -2.195092 12.27089 2.318662 1.602422 8.187037 -0.730183 0.687411 -3.598948 -1.364804 0.165633 -11.302483 7.7e-05 -2.2e-05 6e-06 0.007595 -0.090159 0.028302 0.706454 -3.829138 -10.597792 -0.692865 3.657155 -10.554998 -17.895313 -7.885033 13.816112 -52.940762 -9.693777 15.684433 -0.223431 -26.128746 0.072425 -4.828319 3.198837 -8.019432 -5.882107 9.861287 0.70259 -10.936875 -0.360576 7.156206 2e-06 8.774828 -1e-06 -16.649071 17.968613 5.763423 -1.844033 2.498505 -2.507279 -10.163604 4.678944 4.621109 -20.97603 -6e-06 2e-06 -21.226292 2.451695 -3.594001 2e-06 -6e-06 -1e-06 -1.362682 2.240798 -0.746323 -21.334923 0.584906 3.008322 -13.821218 -6e-06 2e-06 -23.887178 -0.249083 -0.839483 -60.530388 2.374007 -1.250612 -0.294025 1.679688 0.833255 -14.218215 0.093212 1.300579 -34.212063 -0.287571 0.96717 -20.033222 0.964533 1.212844 0.0 -0.0 -1e-06 -3.440389 0.788234 0.501654 -15.928192 -3.167312 2.999705 -6.338829 -3e-06 1e-06 -18.123453 3.64818 -4.905673 -2e-06 1e-06 -2e-06 18.720684 10.179107 14.17871 58.190105 4.52022 7.950916 0.386469 26.488756 0.10872 3.394947 0.867106 -3.581753 2.243543 -5.255038 -3.18016 14.282896 -0.826594 6.952501 -3e-06 -12.690609 0.0 16.176424 -17.662354 2.65571 1.665667 -1.955922 -2.878299 4.727801 -4.170589 4.993925 11.020531 4e-06 -1e-06 12.109058 -3.735716 -2.866784 -1e-06 -0.0 1e-06 1.291986 -1.92855 -1.498089 14.800132 0.567469 3.865606 14.242577 -1.341736 -6.660659 19.631973 0.143928 -0.648246 49.945866 -0.648864 -6.21833 0.353029 -1.511151 -0.03194 20.222801 3.684311 2.316629 18.787279 5e-06 -1e-06 10.751633 -0.47987 1.397905 -0.0 0.0 1e-06 3.273808 0.305948 -0.580112 21.486824 11.830379 2.266131 8.16293 1e-06 -1e-06 18.399088 -3.798985 -4.940576 5e-06 0.0 -1e-06 11.860282 4.174962 -9.26366 -0.116068 -0.158539 64.081825 -0.145774 7.536222 2.136024 1.81573 -1.888505 -4.45041 0.0 -0.0 1e-06 12.407114 0.159915 -5.248704 -0.050701 -0.173095 14.007711 -3.96469 -5.644292 -4.641338 -1.401528 1.157892 0.375022 0.0 0.0 -1e-06 
0.0 0.0 0.0 0.0 -0.0 0.0 23.604137 98.165672 277.513092 -7.888612 6.38121 -5.535852 3.754089 0.596183 0.014882 0.248224 -0.435016 -4.801072 2.607567 -1.95121 12.280182 2.477522 1.502336 8.667875 -0.756564 0.590388 -3.591472 -1.322074 -0.027649 -11.179714 7.7e-05 -2.3e-05 6e-06 0.007472 -0.077844 0.044001 0.70334 -3.815348 -10.592905 -0.691338 3.667478 -10.555451 -17.649736 -7.697126 13.739097 -52.805462 -9.862403 15.39314 -0.15625 -26.790956 0.066807 -4.693165 2.831877 -8.701559 -5.88211 9.861293 0.70259 -10.936877 -0.360574 7.156208 -0.0 8.774831 -2e-06 -16.501228 18.015438 5.831097 -1.844034 2.498506 -2.507279 -10.163605 4.678948 4.621109 -20.976038 -2e-06 2e-06 -21.226301 2.4517 -3.594005 -0.0 -6e-06 0.0 -1.362682 2.240799 -0.746324 -21.334925 0.584911 3.008324 -13.82122 -2e-06 0.0 -23.887184 -0.249077 -0.839485 -60.436211 2.399585 -1.300512 -0.294026 1.679689 0.833257 -14.218215 0.093215 1.300581 -34.212063 -0.287561 0.967169 -20.033222 0.964538 1.212843 -1e-06 -0.0 -1e-06 -3.44039 0.788234 0.501656 -15.928194 -3.16731 2.999709 -6.33883 -1e-06 2e-06 -18.123455 3.648187 -4.905674 -2e-06 1e-06 -1e-06 18.387964 10.553018 14.160377 57.992836 5.686354 8.664724 0.454715 26.757404 0.144745 2.970883 1.07239 -3.485518 2.243543 -5.255039 -3.180159 14.282896 -0.826595 6.952504 -2e-06 -12.69061 -1e-06 16.170372 -17.662548 2.640752 1.665666 -1.955922 -2.878299 4.7278 -4.170588 4.993926 11.020529 3e-06 -3e-06 12.109056 -3.735717 -2.866784 -1e-06 -0.0 -0.0 1.291986 -1.92855 -1.498089 14.800134 0.567469 3.865609 14.242578 -1.341738 -6.660661 19.631975 0.143925 -0.648244 49.86636 -0.719205 -6.279809 0.353029 -1.511152 -0.03194 20.222801 3.684312 2.316631 18.787281 5e-06 -0.0 10.751633 -0.479867 1.397907 -0.0 0.0 1e-06 3.273808 0.305946 -0.580111 21.48682 11.83038 2.266135 8.16293 3e-06 -1e-06 18.399088 -3.798985 -4.940578 6e-06 0.0 -1e-06 10.823365 3.68172 -13.035026 -0.067957 0.004646 63.551537 -0.969077 6.887561 -0.339785 1.789567 -1.867738 -4.384703 -1e-06 -0.0 0.0 12.106195 -0.163961 -2.276919 -0.035764 -0.159548 12.723263 -4.051697 -5.835421 -5.773963 -1.404485 1.129039 0.469909 0.0 0.0 -1e-06 
0.0 0.0 0.0 0.0 -0.0 0.0 23.604763 98.210335 279.981384 -7.364311 6.320107 -5.810981 3.563802 0.651085 0.352974 0.174748 -0.038064 -4.623389 2.331953 -1.687803 12.249796 2.476438 1.49834 8.819622 -0.749028 0.463195 -3.612831 -1.274404 -0.141565 -11.063977 7.7e-05 -2.2e-05 6e-06 0.006464 -0.069201 0.048132 0.704375 -3.805925 -10.599663 -0.695772 3.674573 -10.56982 -17.63356 -7.471865 13.618005 -52.540386 -9.868619 15.262623 0.029614 -27.596767 0.000921 -4.419251 2.50854 -9.833664 -5.88211 9.86129 0.702592 -10.936877 -0.360574 7.156208 1e-06 8.77483 -0.0 -16.360708 18.020508 5.897475 -1.844033 2.498506 -2.507278 -10.163605 4.678947 4.62111 -20.976036 -2e-06 3e-06 -21.226299 2.4517 -3.594 -0.0 -7e-06 0.0 -1.362682 2.240798 -0.746323 -21.334927 0.584912 3.008325 -13.821221 -3e-06 2e-06 -23.887182 -0.249078 -0.839485 -60.383667 2.381182 -1.286445 -0.294025 1.679688 0.833255 -14.218217 0.093215 1.300581 -34.21207 -0.287564 0.967171 -20.033226 0.964538 1.212844 0.0 -0.0 -0.0 -3.44039 0.788233 0.501656 -15.928198 -3.167311 2.999709 -6.338831 -2e-06 1e-06 -18.123459 3.648183 -4.90567 -2e-06 0.0 -2e-06 18.097233 11.041019 14.035049 57.784481 6.712293 9.224409 0.421037 27.098902 0.143209 2.514774 1.297567 -3.754228 2.243541 -5.255037 -3.180158 14.282892 -0.826594 6.952502 -3e-06 -12.690609 -0.0 16.136587 -17.630659 2.648672 1.665667 -1.955922 -2.878299 4.727799 -4.170588 4.993925 11.020527 4e-06 -2e-06 12.109054 -3.735716 -2.866785 0.0 -0.0 -0.0 1.291986 -1.928549 -1.498089 14.800129 0.56747 3.865608 14.242575 -1.341735 -6.660659 19.631969 0.143928 -0.648244 49.803234 -0.76388 -6.266154 0.353028 -1.51115 -0.031941 20.222794 3.684311 2.316628 18.787273 8e-06 -3e-06 10.751629 -0.479867 1.397904 1e-06 0.0 -0.0 3.273808 0.305947 -0.580111 21.486813 11.83038 2.266133 8.162928 4e-06 -1e-06 18.399082 -3.798984 -4.940575 4e-06 -0.0 -1e-06 9.809122 3.289958 -16.543648 0.014327 0.150375 60.463547 -1.865805 6.091346 -2.036148 1.775793 -1.849082 -4.344558 -0.0 0.0 2e-06 11.696619 -0.504042 0.310286 -0.029819 -0.141161 11.587601 -4.128375 -5.757317 -6.896634 -1.410137 1.085133 0.466299 0.0 0.0 -1e-06 
0.0 0.0 0.0 0.0 -0.0 0.0 23.703804 98.197166 282.417358 -6.817737 6.072101 -5.814059 3.35953 0.661387 0.601558 0.118234 0.399965 -4.46994 2.118004 -1.417688 12.211671 2.362231 1.558643 8.693199 -0.721029 0.411394 -3.644216 -1.229887 -0.164462 -11.036895 7.7e-05 -2.2e-05 6e-06 0.00553 -0.059629 0.045571 0.703416 -3.795964 -10.59995 -0.697932 3.682465 -10.578829 -17.828817 -7.216731 13.465998 -52.199394 -9.781411 15.152576 0.266128 -28.310068 -0.088536 -4.078661 2.345855 -11.223275 -5.882111 9.861292 0.70259 -10.93688 -0.360575 7.156208 1e-06 8.774831 1e-06 -16.275522 18.000151 5.935782 -1.844034 2.498506 -2.507279 -10.163605 4.678949 4.621109 -20.976038 -3e-06 -0.0 -21.226301 2.451697 -3.594004 -0.0 -6e-06 -1e-06 -1.362683 2.240798 -0.746324 -21.33493 0.584909 3.008321 -13.821224 -3e-06 1e-06 -23.887188 -0.249082 -0.839485 -60.353771 2.332403 -1.231416 -0.294025 1.67969 0.833258 -14.218221 0.093214 1.30058 -34.212074 -0.287566 0.967167 -20.033232 0.964536 1.212843 1e-06 -1e-06 -1e-06 -3.440391 0.788234 0.501655 -15.9282 -3.167311 2.999705 -6.338831 -0.0 1e-06 -18.123461 3.648185 -4.905676 -2e-06 1e-06 -1e-06 17.843189 11.630709 13.886669 57.572922 7.713769 9.643293 0.338626 27.42901 0.103594 2.157477 1.453238 -4.121442 2.243544 -5.255041 -3.180159 14.282902 -0.826594 6.952506 -5e-06 -12.690614 1e-06 16.079838 -17.57176 2.668526 1.665668 -1.955922 -2.8783 4.727802 -4.17059 4.993926 11.020536 5e-06 -2e-06 12.109061 -3.735716 -2.866788 1e-06 -0.0 -1e-06 1.291987 -1.928551 -1.49809 14.800144 0.56747 3.86561 14.242585 -1.341734 -6.660665 19.63199 0.14393 -0.648247 49.761707 -0.768937 -6.199484 0.353029 -1.511151 -0.031939 20.222811 3.684315 2.316631 18.787291 9e-06 -1e-06 10.751639 -0.479868 1.397907 1e-06 1e-06 -2e-06 3.273811 0.305946 -0.580111 21.486834 11.830386 2.266132 8.162935 2e-06 0.0 18.399099 -3.798985 -4.940581 5e-06 1e-06 -1e-06 8.885786 2.984316 -19.627607 0.110569 0.255738 55.123955 -2.614592 5.381164 -2.464426 1.776258 -1.854137 -4.295208 0.0 1e-06 2e-06 11.167454 -0.90412 2.523412 -0.033632 -0.089235 10.537661 -4.185635 -5.403013 -8.054436 -1.416485 1.047307 0.428077 0.0 -0.0 -1e-06 
0.0 0.0 0.0 0.0 -0.0 0.0 23.903919 98.137352 284.756409 -6.288675 5.680255 -5.564116 3.155951 0.631985 0.734806 0.051424 0.804168 -4.362242 1.982077 -1.124841 12.184125 2.164479 1.632775 8.43983 -0.668034 0.503882 -3.669951 -1.196579 -0.118232 -11.116199 7.7e-05 -2.3e-05 6e-06 0.005623 -0.04224 0.041852 0.695544 -3.779495 -10.59492 -0.69093 3.699735 -10.582476 -18.149822 -6.957637 13.302503 -51.869808 -9.638264 15.022808 0.473217 -28.763823 -0.166238 -3.874563 2.385141 -12.458745 -5.882107 9.861286 0.70259 -10.936873 -0.360575 7.156204 0.0 8.774825 -1e-06 -16.244295 17.985941 5.932894 -1.844033 2.498505 -2.507277 -10.163601 4.678945 4.621107 -20.976025 -3e-06 4e-06 -21.226288 2.451697 -3.593999 -0.0 -6e-06 0.0 -1.362682 2.240797 -0.746324 -21.334917 0.584909 3.008322 -13.821215 -3e-06 2e-06 -23.887175 -0.249081 -0.839482 -60.315781 2.314133 -1.199173 -0.294025 1.679688 0.833256 -14.21821 0.093214 1.30058 -34.212051 -0.287564 0.967169 -20.033215 0.964536 1.212842 1e-06 -0.0 -1e-06 -3.440389 0.788233 0.501656 -15.928189 -3.16731 2.999706 -6.338827 -0.0 0.0 -18.123449 3.648181 -4.90567 -3e-06 0.0 -2e-06 17.585163 12.284942 13.732872 57.427063 8.733706 9.964114 0.27505 27.673044 0.062284 1.97829 1.528027 -4.366266 2.243542 -5.255038 -3.180161 14.282898 -0.826596 6.952507 -3e-06 -12.69061 2e-06 16.019789 -17.53285 2.688879 1.665667 -1.955922 -2.8783 4.7278 -4.170589 4.993926 11.020531 3e-06 -1e-06 12.109058 -3.735716 -2.866786 0.0 0.0 -1e-06 1.291986 -1.92855 -1.49809 14.800136 0.56747 3.865608 14.242579 -1.341735 -6.660661 19.631977 0.143929 -0.648247 49.722889 -0.752392 -6.144653 0.35303 -1.511152 -0.031941 20.222801 3.684312 2.316629 18.787283 5e-06 -3e-06 10.751633 -0.479867 1.397906 -0.0 1e-06 -1e-06 3.273808 0.305945 -0.580112 21.486824 11.83038 2.266132 8.16293 2e-06 -0.0 18.39909 -3.798985 -4.940577 4e-06 -0.0 -1e-06 8.116183 2.771713 -22.256041 0.190124 0.295319 48.12719 -3.220413 4.968508 -1.513679 1.773022 -1.890004 -4.27894 0.0 -0.0 2e-06 10.560668 -1.367025 4.448904 -0.047203 -0.001886 9.535517 -4.221181 -4.853635 -9.130553 -1.424062 1.014933 0.397425 0.0 -0.0 -1e-06 
0.0 0.0 0.0 0.0 -0.0 0.0 24.195826 98.02462 287.086609 -5.836128 5.219081 -5.139257 2.980628 0.576657 0.760668 -0.028369 1.105398 -4.317535 1.907482 -0.808868 12.159415 1.941611 1.706836 8.210476 -0.594897 0.680837 -3.671126 -1.154416 -0.040384 -11.248533 7.7e-05 -2.2e-05 6e-06 0.008056 -0.019348 0.04392 0.687934 -3.75881 -10.591034 -0.679456 3.724592 -10.584476 -18.484596 -6.699546 13.109198 -51.640091 -9.423441 14.865533 0.561638 -28.895273 -0.193556 -3.86664 2.586256 -13.214905 -5.882107 9.861286 0.70259 -10.936872 -0.360575 7.156203 -1e-06 8.774825 -1e-06 -16.230461 17.975626 5.915637 -1.844032 2.498504 -2.507277 -10.1636 4.678944 4.621107 -20.976023 -3e-06 1e-06 -21.226288 2.451696 -3.594002 1e-06 -6e-06 1e-06 -1.362682 2.240798 -0.746324 -21.334917 0.58491 3.008321 -13.821215 -2e-06 -0.0 -23.887175 -0.249081 -0.839486 -60.282166 2.350209 -1.223773 -0.294024 1.679687 0.833256 -14.218208 0.093215 1.300579 -34.212051 -0.287565 0.967165 -20.033215 0.964535 1.212841 1e-06 -0.0 -1e-06 -3.440389 0.788234 0.501655 -15.928185 -3.16731 2.999703 -6.338826 -1e-06 1e-06 -18.123444 3.648183 -4.905673 -4e-06 0.0 -1e-06 17.302872 12.914399 13.603945 57.429302 9.701874 10.278336 0.220274 27.898502 0.031507 1.966454 1.532415 -4.398573 2.243541 -5.255034 -3.180156 14.282883 -0.826594 6.952498 -2e-06 -12.690598 0.0 15.966063 -17.531155 2.6994 1.665665 -1.955921 -2.878296 4.727796 -4.170585 4.993919 11.02052 2e-06 -2e-06 12.109046 -3.735714 -2.866784 -1e-06 0.0 -0.0 1.291985 -1.928548 -1.498091 14.80012 0.567467 3.865604 14.242564 -1.341737 -6.660653 19.631954 0.143927 -0.648247 49.65538 -0.72397 -6.134578 0.353029 -1.511149 -0.031939 20.222782 3.684308 2.316628 18.78726 6e-06 -3e-06 10.751625 -0.479868 1.397906 1e-06 1e-06 -2e-06 3.273805 0.305945 -0.58011 21.486801 11.83037 2.26613 8.162924 4e-06 -1e-06 18.399075 -3.798983 -4.940572 5e-06 0.0 -1e-06 7.512828 2.865881 -24.213284 0.235494 0.310337 40.062916 -3.813121 4.698566 0.578506 1.752524 -1.916652 -4.248361 -0.0 0.0 2e-06 9.862923 -1.818738 6.22577 -0.067005 0.073871 8.394284 -4.161856 -4.232968 -10.155649 -1.431632 0.998686 0.345371 0.0 -0.0 -1e-06 
0.0 0.0 0.0 0.0 -0.0 0.0 24.564585 97.840454 289.484467 -5.488697 4.721484 -4.614062 2.835474 0.515844 0.67611 -0.100433 1.267729 -4.336431 1.876517 -0.467371 12.138264 1.75098 1.783955 8.053149 -0.527801 0.852828 -3.663485 -1.103391 0.07487 -11.326499 7.7e-05 -2.3e-05 6e-06 0.012519 -0.00261 0.050085 0.686773 -3.746518 -10.606157 -0.670238 3.746316 -10.596542 -18.768982 -6.415423 12.960959 -51.544216 -9.121988 14.634004 0.496966 -28.828712 -0.159196 -3.993726 2.909587 -13.557587 -5.88211 9.86129 0.702591 -10.936877 -0.360574 7.156209 -0.0 8.774829 0.0 -16.19248 17.97229 5.917947 -1.844033 2.498506 -2.507279 -10.163604 4.678948 4.621109 -20.976034 -1e-06 1e-06 -21.226301 2.4517 -3.594002 1e-06 -6e-06 -0.0 -1.362682 2.2408 -0.746323 -21.334925 0.584912 3.008324 -13.82122 -1e-06 2e-06 -23.887178 -0.249077 -0.839485 -60.254776 2.409394 -1.273258 -0.294025 1.679688 0.833256 -14.218215 0.093216 1.300581 -34.212063 -0.287561 0.967169 -20.033226 0.964537 1.212841 0.0 -1e-06 -2e-06 -3.440389 0.788234 0.501656 -15.928192 -3.16731 2.999708 -6.338829 -1e-06 0.0 -18.123453 3.648186 -4.905673 -3e-06 0.0 -2e-06 16.964355 13.450219 13.441512 57.64455 10.520906 10.639052 0.159156 28.216223 0.01349 2.073088 1.500235 -4.168131 2.243542 -5.255038 -3.180159 14.282896 -0.826595 6.952505 -1e-06 -12.690609 -2e-06 15.919158 -17.564024 2.714887 1.665667 -1.955923 -2.878298 4.7278 -4.170588 4.993925 11.020529 1e-06 -1e-06 12.109056 -3.735718 -2.866785 -0.0 0.0 -0.0 1.291986 -1.92855 -1.498091 14.800134 0.567469 3.86561 14.242577 -1.341738 -6.660659 19.631973 0.143926 -0.648243 49.599339 -0.711489 -6.150114 0.353029 -1.511151 -0.031941 20.222797 3.684311 2.31663 18.787279 6e-06 -0.0 10.751631 -0.47987 1.397907 0.0 2e-06 -2e-06 3.273807 0.305947 -0.580109 21.48682 11.830381 2.266135 8.162929 1e-06 -1e-06 18.399086 -3.798986 -4.940578 4e-06 1e-06 0.0 6.983046 3.4076 -25.328115 0.236722 0.343022 30.890799 -4.389584 4.463535 2.922907 1.732293 -1.909744 -4.029232 -0.0 -0.0 2e-06 9.21559 -2.252917 8.053847 -0.08964 0.116063 7.006674 -4.058735 -3.561938 -11.087903 -1.43755 1.010357 0.275746 -0.0 -0.0 -1e-06 
0.0 0.0 0.0 0.0 -0.0 0.0 24.992687 97.581154 291.962524 -5.254991 4.216237 -4.026253 2.708553 0.473555 0.455527 -0.148831 1.32403 -4.414373 1.884918 -0.195651 12.121729 1.595559 1.863187 7.946079 -0.474009 0.979194 -3.662508 -1.046536 0.278425 -11.250245 7.7e-05 -2.2e-05 6e-06 0.017672 0.011172 0.05502 0.694221 -3.739625 -10.635841 -0.668195 3.767315 -10.619589 -19.015144 -6.055321 12.917677 -51.552834 -8.749308 14.39481 0.35424 -28.633356 -0.100321 -4.257051 3.31071 -13.655703 -5.882112 9.861293 0.702591 -10.936883 -0.360575 7.156211 1e-06 8.774835 -0.0 -16.135653 17.9769 5.970015 -1.844035 2.498507 -2.50728 -10.163611 4.678949 4.621113 -20.976046 -4e-06 3e-06 -21.226311 2.451699 -3.594004 0.0 -6e-06 -0.0 -1.362683 2.2408 -0.746324 -21.334934 0.58491 3.008325 -13.821226 -2e-06 2e-06 -23.887194 -0.24908 -0.839483 -60.2939 2.468168 -1.282903 -0.294025 1.679689 0.833256 -14.218224 0.093215 1.300581 -34.212078 -0.287565 0.967172 -20.033232 0.964537 1.212845 0.0 -1e-06 -1e-06 -3.440392 0.788235 0.501656 -15.928203 -3.167314 2.999708 -6.338833 -1e-06 0.0 -18.123463 3.648186 -4.905676 -4e-06 -0.0 -2e-06 16.619686 13.857482 13.28233 58.045692 11.124278 11.055476 0.017312 28.726656 -0.050824 2.295102 1.433231 -3.801314 2.243543 -5.25504 -3.180159 14.282904 -0.826595 6.952507 -4e-06 -12.690616 1e-06 15.890528 -17.608122 2.746615 1.665669 -1.955924 -2.878301 4.727803 -4.170592 4.993928 11.020538 3e-06 -2e-06 12.109063 -3.73572 -2.866787 1e-06 -0.0 2e-06 1.291987 -1.928551 -1.498091 14.800142 0.567469 3.865609 14.242585 -1.341737 -6.660665 19.631987 0.143927 -0.648247 49.615704 -0.736862 -6.155145 0.353029 -1.511152 -0.03194 20.222813 3.684313 2.316632 18.787292 7e-06 -3e-06 10.751639 -0.479867 1.397907 1e-06 2e-06 -2e-06 3.27381 0.305947 -0.580111 21.486835 11.830386 2.266134 8.162937 3e-06 -1e-06 18.399099 -3.798986 -4.940578 4e-06 1e-06 0.0 6.51186 4.251781 -25.531057 0.154394 0.353062 20.927362 -5.048187 4.298037 4.779131 1.719169 -1.88173 -3.839931 0.0 -0.0 2e-06 8.632893 -2.646773 10.043084 -0.107088 0.112218 5.253978 -3.854821 -2.812072 -11.839806 -1.441409 1.028916 0.152418 -0.0 -0.0 -1e-06 
0.0 0.0 0.0 0.0 -0.0 0.0 25.484053 97.260292 294.505981 -5.094135 3.714304 -3.368582 2.550569 0.422264 0.063775 -0.155203 1.372606 -4.559109 1.951018 -0.076139 12.100983 1.395954 1.988504 7.893486 -0.435185 1.098253 -3.676368 -0.986533 0.562801 -10.946615 7.7e-05 -2.3e-05 6e-06 0.019161 0.024013 0.052594 0.700123 -3.732341 -10.661783 -0.671857 3.785266 -10.643373 -19.330673 -5.608021 12.981306 -51.566586 -8.284707 14.29262 0.247263 -28.316132 -0.059978 -4.714499 3.621729 -13.61866 -5.882108 9.861292 0.702589 -10.936872 -0.360574 7.156204 -2e-06 8.774831 -1e-06 -16.061821 17.979727 6.045647 -1.844033 2.498506 -2.507277 -10.1636 4.678948 4.621107 -20.976027 -1e-06 -1e-06 -21.22629 2.4517 -3.594004 0.0 -5e-06 -0.0 -1.362682 2.2408 -0.746323 -21.334915 0.584912 3.00832 -13.821214 -1e-06 -0.0 -23.887175 -0.249078 -0.839488 -60.377979 2.501754 -1.249745 -0.294025 1.679689 0.833256 -14.21821 0.093216 1.300579 -34.212048 -0.287562 0.967165 -20.033213 0.964536 1.212839 0.0 -0.0 -1e-06 -3.440389 0.788234 0.501655 -15.928185 -3.16731 2.999706 -6.338826 -1e-06 -0.0 -18.123444 3.648187 -4.905675 -4e-06 1e-06 -2e-06 16.390345 14.152793 13.211564 58.43642 11.438805 11.410187 -0.149036 29.487099 -0.163165 2.693409 1.351493 -3.529586 2.243544 -5.255042 -3.180161 14.282898 -0.826596 6.952505 -0.0 -12.690616 -2e-06 15.885605 -17.682077 2.792274 1.665667 -1.955923 -2.8783 4.727802 -4.170592 4.993925 11.020534 1e-06 -2e-06 12.109059 -3.735719 -2.866787 0.0 0.0 2e-06 1.291987 -1.928553 -1.49809 14.800136 0.567468 3.865608 14.242581 -1.34174 -6.660665 19.631977 0.143923 -0.648249 49.765095 -0.770879 -6.149306 0.353029 -1.511151 -0.03194 20.222803 3.68431 2.316632 18.787287 5e-06 -5e-06 10.751634 -0.479869 1.397907 1e-06 2e-06 -2e-06 3.273809 0.305947 -0.580108 21.486826 11.830383 2.266133 8.16293 1e-06 -3e-06 18.399097 -3.798988 -4.940583 4e-06 1e-06 0.0 6.154541 4.902426 -25.130377 0.013044 0.277979 11.211457 -5.698555 4.501963 5.54342 1.689938 -1.894202 -3.896191 0.0 -0.0 4e-06 8.047284 -2.935006 11.66113 -0.10822 0.042966 4.236843 -3.411616 -2.043291 -12.641542 -1.443682 1.016066 -0.074207 -0.0 -0.0 -1e-06 
0.0 0.0 0.0 0.0 -0.0 0.0 26.06625 96.865234 297.169067 -4.871458 3.165843 -2.677355 2.302987 0.37853 -0.419153 -0.136237 1.466655 -4.761131 2.063948 -0.081818 12.067427 1.069305 2.150089 7.849708 -0.375677 1.238241 -3.679171 -0.9194 0.850061 -10.43444 7.7e-05 -2.2e-05 6e-06 0.015874 0.021872 0.041341 0.688111 -3.73247 -10.660323 -0.666881 3.780831 -10.642119 -19.821568 -5.205293 13.054566 -51.496616 -7.694603 14.413455 0.209482 -27.770012 -0.059458 -5.452208 3.765115 -13.448322 -5.882107 9.861288 0.702592 -10.936875 -0.360576 7.156205 1e-06 8.77483 -1e-06 -16.084663 18.000471 6.029763 -1.844033 2.498504 -2.507278 -10.163604 4.678946 4.621109 -20.976036 -6e-06 2e-06 -21.226299 2.451696 -3.593999 0.0 -6e-06 -1e-06 -1.362682 2.240798 -0.746324 -21.334921 0.584907 3.008322 -13.821218 -4e-06 1e-06 -23.887178 -0.249082 -0.839481 -60.444435 2.485462 -1.230283 -0.294024 1.679687 0.833256 -14.218214 0.093213 1.300579 -34.212063 -0.287569 0.967172 -20.03322 0.964534 1.212845 0.0 -0.0 -0.0 -3.440389 0.788234 0.501655 -15.928192 -3.167312 2.999707 -6.338828 -1e-06 -0.0 -18.123453 3.648183 -4.905671 -4e-06 1e-06 -2e-06 16.413214 14.298561 13.254664 58.56855 11.511811 11.648428 -0.196738 30.265665 -0.212321 3.131897 1.423257 -3.548521 2.243545 -5.255042 -3.18016 14.282905 -0.826596 6.952502 -4e-06 -12.690614 -1e-06 15.915673 -17.76697 2.811905 1.66567 -1.955922 -2.878302 4.727803 -4.17059 4.993928 11.02054 3e-06 -2e-06 12.109066 -3.735718 -2.866787 -0.0 0.0 2e-06 1.291987 -1.92855 -1.49809 14.80014 0.567469 3.865607 14.242585 -1.341733 -6.660663 19.631987 0.14393 -0.648248 49.949558 -0.745147 -6.163909 0.35303 -1.511151 -0.031939 20.222807 3.684312 2.316627 18.787289 7e-06 -8e-06 10.751638 -0.479867 1.397903 1e-06 2e-06 -2e-06 3.27381 0.305946 -0.580112 21.486834 11.830387 2.266129 8.162935 3e-06 -5e-06 18.399103 -3.798984 -4.940583 4e-06 0.0 -0.0 5.766082 5.214831 -24.636833 -0.054247 0.199455 3.842139 -5.967386 5.584701 5.319925 1.64385 -1.953123 -4.133996 0.0 -0.0 3e-06 7.296 -3.050488 12.860125 -0.112528 -0.017107 4.169887 -2.748191 -1.24893 -13.724345 -1.444501 0.971379 -0.332988 -0.0 0.0 -1e-06 
0.0 0.0 0.0 0.0 -0.0 0.0 26.773283 96.438576 299.96344 -4.311037 2.660913 -2.052693 1.873156 0.407155 -0.839753 -0.16867 1.57345 -4.938466 2.052523 -0.121732 11.992918 0.722398 2.30355 7.71136 -0.307875 1.286699 -3.662506 -0.801116 1.065076 -9.866756 7.7e-05 -2.3e-05 6e-06 0.011972 0.015731 0.034132 0.681818 -3.731527 -10.645222 -0.668396 3.767827 -10.62629 -20.446424 -4.976425 13.014536 -51.223381 -6.986471 14.618363 0.130327 -27.064177 -0.067855 -6.354911 4.016661 -13.019815 -5.88211 9.861293 0.702591 -10.936875 -0.360574 7.156209 -1e-06 8.774831 -1e-06 -16.214281 18.039406 5.935583 -1.844033 2.498507 -2.507278 -10.163604 4.678948 4.62111 -20.976032 -1e-06 1e-06 -21.226295 2.451701 -3.594003 1e-06 -5e-06 -0.0 -1.362682 2.2408 -0.746324 -21.334923 0.584912 3.008325 -13.821218 0.0 2e-06 -23.887177 -0.249076 -0.839487 -60.493355 2.457371 -1.270253 -0.294025 1.679689 0.833256 -14.218215 0.093216 1.300581 -34.212067 -0.287561 0.967169 -20.033222 0.964537 1.212842 -0.0 -1e-06 -0.0 -3.440389 0.788233 0.501655 -15.928192 -3.16731 2.999709 -6.338829 -1e-06 1e-06 -18.123457 3.648187 -4.905673 -4e-06 -0.0 -1e-06 16.698362 14.263583 13.30916 58.48394 11.424128 11.875281 -0.196233 30.714743 -0.19185 3.374355 1.704565 -3.659554 2.243544 -5.255043 -3.18016 14.282901 -0.826598 6.952507 1e-06 -12.690618 -2e-06 15.989214 -17.792154 2.775371 1.665667 -1.955923 -2.878301 4.727802 -4.170592 4.993926 11.020533 -0.0 -1e-06 12.109059 -3.735723 -2.866787 1e-06 0.0 2e-06 1.291987 -1.928552 -1.49809 14.800138 0.567465 3.865608 14.242582 -1.34174 -6.660664 19.631979 0.143926 -0.648246 49.952965 -0.695037 -6.238893 0.353029 -1.511151 -0.03194 20.222803 3.684309 2.31663 18.787289 3e-06 -5e-06 10.751636 -0.479871 1.397906 2e-06 2e-06 -1e-06 3.273808 0.305947 -0.580112 21.486828 11.830382 2.266135 8.162934 1e-06 -1e-06 18.399097 -3.798991 -4.940581 3e-06 0.0 -1e-06 5.071098 5.223002 -24.65946 -0.013362 0.183809 1.296476 -5.687178 6.955503 5.190674 1.634721 -1.984656 -4.22339 0.0 -0.0 1e-06 6.136515 -2.940113 14.002061 -0.122793 -0.003338 4.544667 -2.07259 -0.65458 -14.884563 -1.443113 0.950128 -0.645867 -0.0 -0.0 -1e-06 
0.0 0.0 0.0 0.0 -0.0 0.0 27.570169 96.113953 302.935181 -3.186887 2.2867 -1.426517 1.137353 0.451963 -1.291142 -0.261533 1.711576 -5.128201 1.806191 -0.17617 11.958748 0.484076 2.476251 7.440862 -0.330155 1.317987 -3.575752 -0.715552 1.063429 -9.313375 7.7e-05 -2.2e-05 6e-06 0.014193 0.068755 0.045393 0.693264 -3.680588 -10.657897 -0.674565 3.823539 -10.637127 -21.274242 -4.862231 12.718273 -50.648365 -6.1887 15.042377 0.0664 -26.154087 -0.076724 -7.100289 4.331337 -12.625011 -5.882109 9.86129 0.70259 -10.936878 -0.360577 7.156205 1e-06 8.77483 -3e-06 -16.343039 18.092325 5.894323 -1.844033 2.498506 -2.507277 -10.163606 4.678946 4.621109 -20.976038 -6e-06 3e-06 -21.226299 2.451696 -3.594 0.0 -6e-06 -0.0 -1.362682 2.240799 -0.746323 -21.334929 0.584907 3.008324 -13.821221 -4e-06 2e-06 -23.887184 -0.249082 -0.839482 -60.65921 2.458085 -1.288359 -0.294025 1.679689 0.833256 -14.218217 0.093212 1.300581 -34.212067 -0.287567 0.967172 -20.033226 0.964535 1.212845 -0.0 -1e-06 -1e-06 -3.44039 0.788233 0.501655 -15.9282 -3.167313 2.999709 -6.338829 -1e-06 1e-06 -18.123457 3.648183 -4.905672 -4e-06 -0.0 -2e-06 17.34902 14.229085 13.403955 58.072727 11.15149 12.268668 -0.305879 30.568567 -0.185864 3.315557 2.149759 -3.514737 2.243543 -5.25504 -3.180161 14.282902 -0.826593 6.952506 -4e-06 -12.690613 0.0 15.948503 -17.756172 2.770459 1.665669 -1.955924 -2.878301 4.727802 -4.17059 4.993926 11.020537 4e-06 0.0 12.109062 -3.735717 -2.866787 1e-06 0.0 2e-06 1.291987 -1.92855 -1.498091 14.800139 0.567469 3.865607 14.242584 -1.341736 -6.660666 19.631987 0.14393 -0.648248 49.919186 -0.783846 -6.27924 0.35303 -1.511153 -0.031941 20.222811 3.684314 2.316627 18.787292 8e-06 -4e-06 10.751637 -0.479867 1.397904 1e-06 2e-06 -1e-06 3.273809 0.305948 -0.580112 21.486832 11.830387 2.266131 8.162935 3e-06 -2e-06 18.399099 -3.798986 -4.940581 3e-06 0.0 -1e-06 3.797254 4.955863 -24.938755 0.005783 0.113088 2.769782 -4.701236 7.514699 6.779037 1.67136 -2.00732 -4.294173 0.0 0.0 2e-06 4.303686 -2.837513 15.214298 -0.093785 0.001125 4.978431 -1.48228 -0.164504 -15.533264 -1.458797 0.920876 -1.158041 -0.0 -0.0 -1e-06 
0.0 0.0 0.0 0.0 -0.0 0.0 28.470793 96.024567 305.956116 -1.546195 2.082102 -0.725119 0.187135 0.47467 -1.913172 -0.392995 1.810356 -5.374994 1.310421 -0.107153 12.098252 0.216336 2.661335 7.067517 -0.374865 1.270714 -3.622291 -0.600035 0.90586 -8.671122 7.7e-05 -2.2e-05 6e-06 0.020737 0.029541 0.03331 0.69133 -3.722098 -10.671279 -0.659382 3.788036 -10.651389 -22.552643 -4.787149 12.301039 -49.54599 -5.39208 15.532868 0.100769 -25.169054 -0.095686 -7.676423 4.433525 -12.591291 -5.882102 9.861279 0.702589 -10.936866 -0.360576 7.156203 1e-06 8.774819 0.0 -16.423954 18.174465 6.000395 -1.844031 2.498503 -2.507277 -10.163595 4.678941 4.621107 -20.976013 -5e-06 4e-06 -21.226276 2.451695 -3.593996 1e-06 -5e-06 -0.0 -1.362681 2.240797 -0.746324 -21.334906 0.584907 3.008324 -13.821207 -3e-06 3e-06 -23.887161 -0.249079 -0.839481 -60.778275 2.433467 -1.097778 -0.294024 1.679686 0.833254 -14.218202 0.093214 1.300581 -34.212036 -0.287566 0.967173 -20.033209 0.964535 1.212845 -0.0 -0.0 -1e-06 -3.440387 0.788233 0.501655 -15.928181 -3.167308 2.999706 -6.338822 -1e-06 1e-06 -18.12344 3.648179 -4.905666 -4e-06 0.0 -2e-06 18.592739 14.157951 13.422233 57.077026 10.427732 12.327593 -0.328638 30.025902 -0.196245 3.308741 2.582053 -2.660776 2.243542 -5.255037 -3.180159 14.282896 -0.826593 6.952504 -4e-06 -12.690605 1e-06 15.896446 -17.785458 2.769267 1.665667 -1.955922 -2.878299 4.727801 -4.170588 4.993925 11.02053 4e-06 -3e-06 12.109056 -3.735713 -2.866787 1e-06 0.0 2e-06 1.291987 -1.928548 -1.498089 14.800136 0.56747 3.865606 14.242579 -1.341733 -6.660659 19.631975 0.143928 -0.648245 49.89484 -0.784427 -6.256836 0.35303 -1.511151 -0.031938 20.222801 3.684313 2.316629 18.787283 8e-06 -1e-06 10.751634 -0.479868 1.397906 1e-06 2e-06 -1e-06 3.273809 0.305948 -0.58011 21.486824 11.830379 2.26613 8.16293 2e-06 -2e-06 18.399088 -3.798983 -4.940577 3e-06 1e-06 -0.0 1.972138 4.156338 -25.595314 0.047182 0.104085 5.804772 -3.109138 7.131172 11.22304 1.728879 -1.960518 -4.026557 0.0 0.0 2e-06 1.770485 -3.046086 16.175846 -0.103214 0.1045 5.854778 -0.831054 0.456315 -15.107043 -1.456556 0.937107 -2.082454 -0.0 -0.0 -1e-06 
0.0 0.0 0.0 0.0 -0.0 0.0 29.415077 96.106171 309.079346 0.074235 2.097571 -0.259974 -0.48114 0.447252 -2.377467 -0.519065 1.978687 -5.612719 0.572946 0.045843 12.20524 -0.050451 2.75533 6.828712 -0.434703 1.107075 -3.629737 -0.522721 0.806906 -8.488739 7.7e-05 -2.2e-05 6e-06 0.029637 -0.009637 0.019762 0.696484 -3.76346 -10.681573 -0.646568 3.750638 -10.665674 -23.303261 -4.715741 12.167876 -48.967236 -5.200871 15.909597 0.102189 -23.946543 -0.05756 -7.957674 4.394409 -13.072949 -5.882106 9.861284 0.702589 -10.936872 -0.360575 7.156204 0.0 8.774824 -2e-06 -16.446587 18.17083 6.000792 -1.844032 2.498504 -2.507277 -10.1636 4.678944 4.621106 -20.976023 -4e-06 2e-06 -21.226286 2.451696 -3.593999 0.0 -5e-06 -0.0 -1.362681 2.240798 -0.746323 -21.334913 0.584909 3.008321 -13.821213 -3e-06 2e-06 -23.887167 -0.249079 -0.839483 -60.795494 2.35096 -1.033476 -0.294025 1.679688 0.833256 -14.21821 0.093215 1.300579 -34.212059 -0.287566 0.967171 -20.033215 0.964535 1.212844 1e-06 -1e-06 -0.0 -3.440388 0.788233 0.501655 -15.928185 -3.16731 2.999705 -6.338825 -1e-06 1e-06 -18.123449 3.648182 -4.905671 -4e-06 0.0 -2e-06 19.23192 14.033013 13.411119 56.800224 9.554819 11.727509 -0.101752 29.00441 -0.087874 3.149329 2.900576 -1.690295 2.243542 -5.255037 -3.180158 14.282892 -0.826593 6.952501 -3e-06 -12.690605 -0.0 15.850549 -17.811424 2.676451 1.665667 -1.955921 -2.878297 4.727798 -4.17059 4.993923 11.020528 4e-06 -1e-06 12.109053 -3.735714 -2.866783 2e-06 0.0 -0.0 1.291985 -1.928547 -1.49809 14.800129 0.56747 3.865605 14.242571 -1.341737 -6.660658 19.631969 0.143928 -0.648245 49.866104 -0.758625 -6.297682 0.353029 -1.511151 -0.031939 20.22279 3.684312 2.316628 18.787271 7e-06 -3e-06 10.751625 -0.47987 1.397907 1e-06 2e-06 -1e-06 3.273807 0.305947 -0.580111 21.486818 11.830379 2.266133 8.162928 3e-06 -1e-06 18.39908 -3.798984 -4.940574 3e-06 1e-06 -0.0 0.128846 3.084642 -26.066889 0.08733 0.069153 9.27413 -2.124299 6.603795 13.688718 1.745553 -1.941889 -3.306023 0.0 -0.0 2e-06 -0.918376 -3.654908 17.312378 -0.162884 0.226951 7.132848 0.039186 1.00251 -12.977242 -1.459817 0.98149 -3.881856 -0.0 0.0 -1e-06 
0.0 0.0 0.0 0.0 -0.0 0.0 30.395777 96.283691 312.302917 1.596148 2.314597 -0.059091 -0.858677 0.410995 -2.643708 -0.585195 2.138795 -5.805624 -0.316504 0.297344 12.053856 -0.215759 2.833632 7.093455 -0.531792 0.921819 -3.662246 -0.552327 0.435797 -8.428031 7.7e-05 -2.2e-05 6e-06 0.041514 0.026397 0.027584 0.718685 -3.727991 -10.683146 -0.64614 3.785802 -10.672649 -23.179289 -4.598668 12.371151 -49.428589 -5.541182 16.267267 0.08554 -22.853424 -0.060648 -8.056936 4.460417 -13.621016 -5.88211 9.861288 0.702591 -10.936877 -0.360574 7.156209 1e-06 8.774828 0.0 -16.493835 18.201733 5.974761 -1.844034 2.498505 -2.507279 -10.163606 4.678946 4.62111 -20.976038 -3e-06 3e-06 -21.226299 2.451698 -3.594002 0.0 -5e-06 -0.0 -1.362682 2.240798 -0.746324 -21.334925 0.584911 3.008324 -13.82122 -2e-06 2e-06 -23.887182 -0.249078 -0.839484 -60.773453 2.218947 -1.107798 -0.294025 1.679688 0.833257 -14.218215 0.093215 1.30058 -34.212067 -0.287563 0.96717 -20.033226 0.964537 1.212844 -0.0 -0.0 0.0 -3.44039 0.788233 0.501656 -15.928194 -3.16731 2.999708 -6.33883 -1e-06 1e-06 -18.123457 3.648183 -4.905672 -4e-06 0.0 -2e-06 18.777546 13.909727 13.434855 57.588528 8.571073 11.168079 0.029823 27.54229 -0.059662 3.023643 2.772226 -1.530251 2.243544 -5.255041 -3.18016 14.282898 -0.826597 6.952507 -2e-06 -12.690612 3e-06 15.864417 -17.674458 2.551535 1.665667 -1.955922 -2.878302 4.727801 -4.17059 4.993927 11.020531 2e-06 -1e-06 12.109058 -3.735718 -2.866784 1e-06 -0.0 2e-06 1.291986 -1.92855 -1.498091 14.800136 0.567467 3.865612 14.242581 -1.341736 -6.660663 19.631977 0.143924 -0.648246 49.982941 -0.742216 -6.309055 0.353029 -1.51115 -0.031939 20.222801 3.68431 2.316632 18.787287 6e-06 -1e-06 10.751633 -0.479869 1.397907 0.0 1e-06 -1e-06 3.273808 0.305947 -0.580111 21.486824 11.830384 2.266134 8.162931 2e-06 -2e-06 18.399092 -3.798988 -4.940578 4e-06 0.0 -1e-06 -1.613014 1.728166 -25.709707 0.045122 0.027078 12.534582 -1.450593 6.646136 13.01493 1.691417 -1.899751 -1.971929 -0.0 0.0 2e-06 -3.725042 -4.504491 18.799936 -0.134107 0.301484 8.539937 0.93975 1.630716 -8.909634 -1.481854 0.95103 -7.256026 -0.0 0.0 -0.0 
0.0 0.0 0.0 0.0 -0.0 0.0 31.369373 96.638573 315.642303 3.001415 2.316036 -0.036427 -1.190692 0.459667 -2.857045 -0.631053 2.457756 -5.893468 -1.077168 0.492289 11.776323 -0.370082 2.907272 7.563298 -0.593592 0.635979 -3.639908 -0.573037 0.178781 -8.332497 7.7e-05 -2.2e-05 6e-06 0.040447 0.014823 0.035091 0.718601 -3.733469 -10.645562 -0.648385 3.766713 -10.634235 -22.790876 -4.391952 12.673368 -50.245949 -5.96801 16.641281 0.249944 -22.482706 -0.071579 -8.263816 4.453556 -14.161098 -5.882108 9.861286 0.70259 -10.936875 -0.360574 7.156209 0.0 8.774826 -1e-06 -16.388855 18.123775 6.018867 -1.844033 2.498504 -2.507279 -10.163602 4.678945 4.62111 -20.976028 -4e-06 1e-06 -21.226292 2.451696 -3.594 1e-06 -6e-06 -0.0 -1.362682 2.240798 -0.746324 -21.334921 0.58491 3.008324 -13.821217 -3e-06 1e-06 -23.887177 -0.249079 -0.839483 -60.866302 2.185494 -1.138066 -0.294025 1.679687 0.833256 -14.218212 0.093215 1.300581 -34.212063 -0.287564 0.96717 -20.033218 0.964537 1.212844 -0.0 -0.0 0.0 -3.440389 0.788233 0.501655 -15.928191 -3.16731 2.999708 -6.338828 -1e-06 1e-06 -18.123453 3.648183 -4.905672 -4e-06 -0.0 -2e-06 17.914112 13.913404 13.595033 58.560642 7.612567 10.326841 0.178551 25.679457 0.011815 3.175841 2.384512 -1.512634 2.243543 -5.255038 -3.180157 14.282896 -0.826597 6.952505 -2e-06 -12.690609 -0.0 16.042152 -17.619307 2.41864 1.665666 -1.955921 -2.878299 4.727801 -4.170588 4.993926 11.020531 1e-06 -0.0 12.109056 -3.735718 -2.866784 1e-06 0.0 -0.0 1.291987 -1.928551 -1.49809 14.800134 0.567466 3.86561 14.242577 -1.341739 -6.66066 19.631973 0.143923 -0.648245 49.974529 -0.724736 -6.33391 0.353029 -1.511151 -0.03194 20.222801 3.684309 2.31663 18.787283 2e-06 -2e-06 10.751633 -0.47987 1.397905 1e-06 2e-06 -2e-06 3.273808 0.305947 -0.580109 21.486822 11.830377 2.266135 8.16293 2e-06 -1e-06 18.399094 -3.79899 -4.940577 5e-06 1e-06 -1e-06 -3.372447 0.684923 -24.749308 -0.019632 0.020517 15.364964 -0.807535 6.862878 9.277925 1.690846 -1.846007 -1.256227 0.0 -0.0 2e-06 -6.565483 -5.126788 18.804831 -0.087238 0.412173 12.42902 1.377165 2.553452 -3.830855 -1.502981 0.894311 -12.902984 -0.0 -0.0 -1e-06 
0.0 0.0 0.0 0.0 -0.0 0.0 32.370106 97.059914 318.929779 4.283014 2.08601 -0.233063 -1.549464 0.513903 -2.905479 -0.696917 2.669963 -5.906908 -1.56089 0.725188 11.538088 -0.658132 2.963004 7.804198 -0.653362 0.556004 -3.619764 -0.44385 0.052818 -7.990903 7.7e-05 -2.2e-05 6e-06 0.043837 0.029769 0.039183 0.714885 -3.715592 -10.613233 -0.638158 3.777965 -10.601842 -22.666254 -4.149946 12.687977 -50.826038 -5.876902 16.826927 0.411805 -23.11231 -0.098756 -8.214843 4.199081 -14.469255 -5.882114 9.8613 0.702591 -10.936885 -0.360574 7.156214 -0.0 8.774838 -0.0 -16.386059 18.086536 5.960862 -1.844035 2.498508 -2.507279 -10.163612 4.678952 4.621113 -20.976048 -2e-06 1e-06 -21.226311 2.451701 -3.594005 1e-06 -6e-06 -0.0 -1.362683 2.240801 -0.746324 -21.33494 0.584911 3.008324 -13.821233 -2e-06 1e-06 -23.887201 -0.249079 -0.839485 -60.787743 2.186708 -1.230156 -0.294025 1.67969 0.833257 -14.218227 0.093216 1.300581 -34.212093 -0.287563 0.967169 -20.033236 0.964537 1.212843 -1e-06 -1e-06 -0.0 -3.440392 0.788235 0.501656 -15.928206 -3.167313 2.99971 -6.338833 -1e-06 0.0 -18.12347 3.648188 -4.905677 -5e-06 -0.0 -2e-06 16.903219 14.086933 13.764576 59.281406 6.800509 9.884753 0.328996 24.138542 0.076901 3.656478 1.531869 -1.078753 2.243543 -5.255041 -3.180161 14.282904 -0.826596 6.952507 -3e-06 -12.690618 -0.0 16.192551 -17.642382 2.408435 1.665668 -1.955923 -2.878302 4.727802 -4.170592 4.993928 11.020536 3e-06 -2e-06 12.109062 -3.735719 -2.866787 0.0 -0.0 -2e-06 1.291987 -1.928552 -1.498089 14.800139 0.567467 3.86561 14.242584 -1.341737 -6.660662 19.631979 0.143926 -0.648245 50.104637 -0.738295 -6.367085 0.35303 -1.511152 -0.03194 20.222805 3.684313 2.31663 18.787289 5e-06 -2e-06 10.751636 -0.47987 1.397907 -1e-06 1e-06 -0.0 3.273809 0.305948 -0.58011 21.486832 11.830386 2.266134 8.162934 2e-06 -0.0 18.399097 -3.798987 -4.940581 4e-06 -1e-06 0.0 -5.115244 0.007205 -22.634338 -0.083896 -0.004811 16.31312 -0.224807 7.225171 6.457823 1.682469 -1.877 -0.610688 -0.0 -0.0 2e-06 -9.344006 -5.74742 17.404842 -0.065232 0.553009 18.55061 1.409415 3.535846 1.694941 -1.534141 0.846164 -18.012636 0.0 -0.0 -2e-06 
0.0 0.0 0.0 0.0 -0.0 0.0 33.336098 97.439781 321.970978 5.510435 1.693398 -0.613043 -1.962385 0.583273 -2.74462 -0.754007 2.766732 -5.793671 -2.016681 0.940014 11.323736 -0.942918 3.057044 7.738406 -0.613966 0.679275 -3.604077 -0.338882 0.090931 -7.692822 7.7e-05 -2.2e-05 6e-06 0.043057 0.032593 0.044443 0.706658 -3.708269 -10.571328 -0.632 3.775439 -10.559742 -22.762733 -3.969304 12.626188 -51.00634 -5.639276 16.530769 0.420327 -24.135252 -0.093299 -7.715722 3.814527 -14.708872 -5.88211 9.861294 0.70259 -10.936875 -0.360575 7.156209 -1e-06 8.774831 -2e-06 -16.438387 18.024117 5.870168 -1.844033 2.498507 -2.507279 -10.163604 4.678948 4.621111 -20.97603 -1e-06 2e-06 -21.226295 2.4517 -3.594004 0.0 -5e-06 -0.0 -1.362682 2.2408 -0.746324 -21.334925 0.584911 3.008326 -13.82122 -1e-06 1e-06 -23.887182 -0.249077 -0.839485 -60.699501 2.21276 -1.325255 -0.294025 1.679688 0.833257 -14.218214 0.093216 1.300582 -34.212059 -0.287561 0.96717 -20.033222 0.964538 1.212844 -0.0 -0.0 -0.0 -3.44039 0.788234 0.501656 -15.928192 -3.16731 2.999709 -6.338829 -0.0 0.0 -18.123455 3.648188 -4.905674 -4e-06 0.0 -2e-06 16.217133 14.249738 13.959141 59.523666 6.232502 9.803105 0.368592 23.214098 0.098847 4.174625 0.843334 -0.45393 2.243543 -5.255038 -3.180157 14.282896 -0.826597 6.952505 -0.0 -12.690609 -0.0 16.350212 -17.639534 2.422463 1.665668 -1.955923 -2.8783 4.727801 -4.17059 4.993925 11.020531 1e-06 -0.0 12.109058 -3.735718 -2.866786 0.0 -0.0 -1e-06 1.291986 -1.92855 -1.49809 14.800136 0.567467 3.865608 14.242578 -1.341738 -6.66066 19.631973 0.143923 -0.648247 50.183895 -0.696033 -6.347882 0.353029 -1.511151 -0.031941 20.222801 3.684307 2.31663 18.787283 4e-06 -3e-06 10.751634 -0.47987 1.397904 -1e-06 -0.0 -0.0 3.273808 0.305946 -0.58011 21.486822 11.830376 2.266134 8.16293 2e-06 -2e-06 18.399094 -3.798987 -4.940578 3e-06 -0.0 -1e-06 -6.895632 -0.280983 -19.934431 -0.106492 -0.035991 16.103107 0.240957 7.650788 4.348715 1.659458 -1.9433 -0.364172 0.0 0.0 2e-06 -11.939083 -6.231001 14.638443 -0.009093 0.633049 26.81764 0.970868 4.020643 7.370119 -1.557773 0.797036 -20.382092 -0.0 -0.0 -1e-06 
0.0 0.0 0.0 0.0 -0.0 0.0 34.22702 97.716293 324.692474 6.67763 1.232036 -1.191501 -2.398176 0.61087 -2.353462 -0.827455 2.789536 -5.593595 -2.476758 1.081725 11.212453 -1.211729 3.199162 7.511671 -0.484339 0.931964 -3.615766 -0.275675 0.24777 -7.684587 7.7e-05 -2.2e-05 6e-06 0.043724 0.046575 0.050242 0.708236 -3.696034 -10.553376 -0.633264 3.791318 -10.549043 -22.913107 -3.938882 12.558118 -50.883396 -5.583644 16.127142 0.328145 -25.055958 -0.072841 -7.05667 3.52504 -14.923281 -5.882109 9.861287 0.702591 -10.936878 -0.360575 7.156209 2e-06 8.774826 -1e-06 -16.45759 17.968031 5.80416 -1.844033 2.498505 -2.507278 -10.163605 4.678945 4.621109 -20.976036 -5e-06 3e-06 -21.226295 2.451696 -3.593999 0.0 -5e-06 -0.0 -1.362682 2.240798 -0.746323 -21.334925 0.584908 3.008325 -13.82122 -3e-06 2e-06 -23.887182 -0.249079 -0.839481 -60.569572 2.205661 -1.355547 -0.294025 1.679688 0.833256 -14.218215 0.093214 1.300581 -34.21207 -0.287565 0.967172 -20.033226 0.964536 1.212845 -1e-06 -1e-06 -0.0 -3.44039 0.788233 0.501656 -15.928192 -3.167311 2.999708 -6.338829 -1e-06 1e-06 -18.123453 3.648183 -4.905671 -4e-06 -0.0 -1e-06 15.866004 14.306658 14.146051 59.338177 5.94345 9.758908 0.378688 23.103184 0.120107 4.511394 0.540792 -0.254343 2.243542 -5.255038 -3.18016 14.2829 -0.826593 6.952504 -5e-06 -12.69061 1e-06 16.442196 -17.606785 2.44323 1.665668 -1.955922 -2.878301 4.727801 -4.170589 4.993927 11.020534 4e-06 -0.0 12.109058 -3.735716 -2.866785 -0.0 -0.0 -2e-06 1.291986 -1.92855 -1.49809 14.800139 0.56747 3.865608 14.242581 -1.341735 -6.660661 19.631981 0.143928 -0.648243 50.177399 -0.645556 -6.284056 0.353029 -1.51115 -0.031941 20.222803 3.684315 2.316631 18.787285 8e-06 -2e-06 10.751633 -0.479869 1.397906 -1e-06 0.0 1e-06 3.273808 0.305948 -0.580111 21.486828 11.830383 2.266134 8.162933 4e-06 -1e-06 18.399094 -3.798984 -4.940575 4e-06 -0.0 -2e-06 -8.67534 -0.026469 -16.997803 -0.077424 -0.035059 15.320615 0.617744 7.818611 2.723079 1.638904 -2.004837 -0.524278 -0.0 0.0 2e-06 -14.180758 -6.568591 10.715674 0.086379 0.61232 36.720715 0.280617 3.346483 12.886162 -1.507065 0.774887 -16.552267 0.0 -0.0 -2e-06 
0.0 0.0 0.0 0.0 -0.0 0.0 34.994854 97.862396 327.259979 7.695696 0.80146 -1.871703 -2.802377 0.557681 -1.836198 -0.910214 2.774505 -5.374642 -2.892742 1.116139 11.269521 -1.4429 3.347433 7.362286 -0.315073 1.173663 -3.635222 -0.238814 0.573633 -8.118752 7.7e-05 -2.2e-05 6e-06 0.046995 0.063513 0.062188 0.714871 -3.683921 -10.539828 -0.634551 3.816116 -10.546047 -23.051071 -4.112004 12.496213 -50.541798 -5.913693 15.900231 0.236421 -25.477446 -0.089439 -6.485751 3.31589 -15.423945 -5.88211 9.86129 0.702593 -10.93688 -0.360574 7.156209 0.0 8.77483 1e-06 -16.447882 17.964968 5.787786 -1.844034 2.498505 -2.507279 -10.163608 4.678948 4.621112 -20.97604 -3e-06 4e-06 -21.226301 2.451699 -3.594 1e-06 -5e-06 -0.0 -1.362683 2.240799 -0.746323 -21.33493 0.584911 3.008325 -13.821225 -2e-06 2e-06 -23.887188 -0.249078 -0.839482 -60.485676 2.137739 -1.282698 -0.294025 1.679688 0.833257 -14.21822 0.093215 1.300581 -34.212074 -0.287563 0.967171 -20.03323 0.964537 1.212843 -1e-06 -0.0 -0.0 -3.440391 0.788234 0.501656 -15.9282 -3.16731 2.999709 -6.33883 -1e-06 1e-06 -18.123459 3.648185 -4.905672 -4e-06 -0.0 -2e-06 15.787255 14.204474 14.284507 58.885227 5.938087 9.586033 0.360373 23.62298 0.145812 4.342075 0.7897 -0.646672 2.243541 -5.255034 -3.180157 14.282889 -0.826592 6.952501 -4e-06 -12.6906 -0.0 16.430149 -17.55151 2.487369 1.665666 -1.955921 -2.878299 4.727798 -4.170586 4.993921 11.020526 4e-06 -1e-06 12.109052 -3.735713 -2.866784 -0.0 0.0 -1e-06 1.291986 -1.928549 -1.498088 14.800129 0.567471 3.865605 14.242572 -1.341734 -6.660656 19.631968 0.143928 -0.648244 50.056034 -0.6353 -6.204424 0.353029 -1.51115 -0.03194 20.22279 3.684312 2.316627 18.78727 1.1e-05 -3e-06 10.751626 -0.479866 1.397904 -1e-06 1e-06 -0.0 3.273806 0.305947 -0.580112 21.486813 11.830373 2.26613 8.162925 3e-06 -1e-06 18.399076 -3.798982 -4.940576 4e-06 1e-06 -2e-06 -10.260507 0.627328 -14.207399 -0.001645 0.026378 14.738515 0.921465 7.718666 1.106468 1.632854 -2.058694 -0.812933 0.0 -0.0 2e-06 -15.69092 -6.671831 6.114966 0.167198 0.429608 46.584469 -0.765444 1.730273 17.114393 -1.395454 0.836017 -7.739916 0.0 0.0 -2e-06 
0.0 0.0 0.0 0.0 -0.0 0.0 35.614502 97.968773 329.818634 8.376916 0.540011 -2.484301 -3.101977 0.487166 -1.36152 -0.981895 2.632845 -5.176598 -3.167901 1.021478 11.458069 -1.549078 3.430535 7.390412 -0.23722 1.366733 -3.616409 -0.13805 0.92637 -8.969297 7.7e-05 -2.2e-05 6e-06 0.047678 0.0724 0.068019 0.720448 -3.676306 -10.53791 -0.639307 3.830243 -10.546714 -23.113565 -4.459862 12.402413 -50.070976 -6.6773 15.74463 0.14025 -25.18918 -0.110008 -5.892856 3.11383 -15.60714 -5.882108 9.861287 0.70259 -10.936876 -0.360576 7.156208 2e-06 8.774828 -1e-06 -16.450703 18.03467 5.785847 -1.844033 2.498505 -2.507278 -10.163604 4.678945 4.621109 -20.976034 -6e-06 3e-06 -21.226297 2.451696 -3.594 1e-06 -6e-06 -0.0 -1.362682 2.240798 -0.746324 -21.334925 0.584907 3.008324 -13.82122 -4e-06 2e-06 -23.887184 -0.249081 -0.839482 -60.435127 2.144062 -1.250791 -0.294024 1.679687 0.833256 -14.218215 0.093213 1.30058 -34.212063 -0.287567 0.967173 -20.033226 0.964535 1.212847 1e-06 -1e-06 0.0 -3.44039 0.788234 0.501655 -15.928198 -3.167314 2.999709 -6.33883 -1e-06 -1e-06 -18.123457 3.648182 -4.905672 -3e-06 -0.0 -2e-06 15.684302 14.044589 14.317992 58.64669 6.166214 9.186595 0.289427 24.270601 0.1317 3.516852 1.280417 -1.207484 2.243542 -5.255038 -3.18016 14.282899 -0.826593 6.952507 -5e-06 -12.69061 -1e-06 16.368811 -17.511232 2.497637 1.665668 -1.955921 -2.878299 4.727801 -4.170588 4.993927 11.020534 4e-06 -0.0 12.109058 -3.735716 -2.866785 -0.0 0.0 -1e-06 1.291986 -1.92855 -1.498089 14.800138 0.56747 3.865608 14.242581 -1.341735 -6.660659 19.631981 0.143929 -0.648244 49.935074 -0.627035 -6.177227 0.353028 -1.51115 -0.031941 20.222803 3.684315 2.316631 18.787285 8e-06 2e-06 10.751634 -0.479867 1.39791 -1e-06 1e-06 -0.0 3.273809 0.305947 -0.580109 21.486828 11.830384 2.266134 8.162933 4e-06 0.0 18.399096 -3.798983 -4.940575 4e-06 0.0 -1e-06 -11.376944 1.260944 -11.564292 0.07448 0.09299 14.237933 1.102509 7.654675 -0.515484 1.618914 -2.074008 -0.803683 -0.0 0.0 2e-06 -16.211946 -6.682631 1.308415 0.195065 0.199472 54.940712 -1.425829 1.118284 16.286757 -1.391037 0.894553 -4.257951 0.0 0.0 -1e-06 
0.0 0.0 0.0 0.0 -0.0 0.0 36.112465 98.10437 332.366669 8.414839 0.429654 -2.989108 -3.095784 0.40837 -0.956701 -0.980096 2.422666 -5.006465 -3.194853 0.824268 11.697789 -1.578567 3.531087 7.583912 -0.255639 1.437849 -3.579523 -0.011913 1.179162 -9.773414 7.7e-05 -2.2e-05 6e-06 0.045863 0.069831 0.064457 0.722221 -3.680818 -10.560136 -0.64428 3.832543 -10.563341 -23.113697 -4.904716 12.451251 -49.581245 -7.880438 15.370694 -0.003418 -24.411692 -0.082453 -5.294238 3.074182 -14.980718 -5.882104 9.861278 0.702592 -10.93687 -0.360574 7.156207 1e-06 8.774819 1e-06 -16.432903 18.093687 5.79602 -1.844032 2.498503 -2.507277 -10.163597 4.678941 4.621109 -20.976021 -3e-06 5e-06 -21.226286 2.451696 -3.593995 0.0 -5e-06 -1e-06 -1.362681 2.240796 -0.746323 -21.334911 0.584909 3.008326 -13.821213 -2e-06 4e-06 -23.887165 -0.249077 -0.83948 -60.372379 2.163378 -1.226469 -0.294025 1.679686 0.833255 -14.218207 0.093215 1.300581 -34.212048 -0.287563 0.967174 -20.033211 0.964538 1.212844 -0.0 -1e-06 -0.0 -3.440388 0.788232 0.501656 -15.928185 -3.167308 2.999708 -6.338825 -1e-06 1e-06 -18.123444 3.64818 -4.905666 -3e-06 0.0 -1e-06 15.37282 13.893815 14.388018 58.807751 6.5729 8.555433 0.188503 24.847498 0.081792 2.530896 1.476601 -1.577801 2.24354 -5.255034 -3.180158 14.282892 -0.826593 6.952507 -5e-06 -12.690601 3e-06 16.316111 -17.502161 2.474608 1.665665 -1.95592 -2.8783 4.727799 -4.170586 4.993927 11.020526 5e-06 1e-06 12.109052 -3.735713 -2.866781 0.0 -0.0 0.0 1.291985 -1.928549 -1.498089 14.800131 0.567469 3.865609 14.242569 -1.341733 -6.660656 19.631968 0.143926 -0.648242 49.921555 -0.571789 -6.17712 0.353028 -1.511151 -0.031942 20.222794 3.684313 2.316634 18.787271 6e-06 4e-06 10.751629 -0.479868 1.397909 -1e-06 1e-06 -0.0 3.273807 0.305948 -0.580112 21.486818 11.830376 2.266135 8.162928 3e-06 3e-06 18.39908 -3.798984 -4.940568 4e-06 -1e-06 -1e-06 -11.691039 1.776938 -9.112935 0.098554 0.113258 13.866055 1.204422 7.644258 -2.156435 1.613411 -2.060304 -0.742208 0.0 -0.0 2e-06 -15.422991 -6.54005 -3.502794 0.192598 0.013841 60.832909 -1.326792 1.405478 12.433111 -1.412795 0.923066 -3.614855 -0.0 -0.0 -1e-06 
0.0 0.0 0.0 0.0 -0.0 0.0 36.528542 98.284546 334.893036 7.927347 0.409365 -3.442654 -2.862356 0.3267 -0.544582 -0.876821 2.176112 -4.815853 -2.974334 0.52801 11.867623 -1.636648 3.654248 7.837199 -0.25699 1.482334 -3.544496 0.009387 1.401378 -10.263434 7.7e-05 -2.3e-05 6e-06 0.043392 0.060173 0.057492 0.719955 -3.694435 -10.582033 -0.645832 3.828166 -10.579172 -22.912685 -5.403174 12.546314 -49.363209 -9.193643 14.775526 -0.155912 -23.620537 -0.025635 -4.877638 3.178068 -14.369921 -5.882111 9.861292 0.702591 -10.93688 -0.360576 7.156209 0.0 8.77483 -2e-06 -16.388485 18.090733 5.845492 -1.844034 2.498506 -2.507279 -10.163607 4.678947 4.621111 -20.976038 -5e-06 3e-06 -21.226301 2.451697 -3.594001 0.0 -6e-06 -0.0 -1.362682 2.2408 -0.746324 -21.33493 0.584908 3.008324 -13.821223 -3e-06 2e-06 -23.887188 -0.249081 -0.839483 -60.336643 2.150455 -1.174349 -0.294025 1.679689 0.833256 -14.218221 0.093214 1.300581 -34.212082 -0.287567 0.967171 -20.033232 0.964535 1.212846 -1e-06 -2e-06 -1e-06 -3.440391 0.788233 0.501655 -15.928201 -3.167312 2.999708 -6.338831 -1e-06 1e-06 -18.123463 3.648183 -4.905674 -3e-06 0.0 -1e-06 14.907661 13.782327 14.486572 59.155075 6.893307 7.82155 0.120225 25.531988 0.051094 2.14261 1.315448 -1.553156 2.243543 -5.25504 -3.180157 14.282905 -0.826593 6.952507 -6e-06 -12.690614 -1e-06 16.326305 -17.547161 2.451091 1.665668 -1.955922 -2.8783 4.727802 -4.170588 4.993926 11.020537 6e-06 -2e-06 12.10906 -3.735715 -2.866785 -1e-06 -0.0 0.0 1.291987 -1.928552 -1.498093 14.800146 0.567471 3.865609 14.242587 -1.341735 -6.66066 19.63199 0.14393 -0.648244 50.014389 -0.533803 -6.209614 0.353029 -1.51115 -0.031941 20.222815 3.684316 2.316629 18.787292 9e-06 -1e-06 10.751639 -0.479868 1.397908 -0.0 1e-06 1e-06 3.27381 0.305948 -0.580112 21.486839 11.830387 2.266133 8.162935 4e-06 0.0 18.399099 -3.798983 -4.940577 4e-06 0.0 -1e-06 -11.355196 2.172381 -6.638874 0.079568 0.093777 13.318599 1.212612 7.690111 -3.674603 1.615595 -2.020006 -0.727839 0.0 -0.0 2e-06 -13.716558 -6.245994 -8.124588 0.190609 -0.130409 63.877754 -0.969029 1.611593 8.595418 -1.41526 0.926446 -3.518194 0.0 -0.0 -1e-06 
0.0 0.0 0.0 0.0 -0.0 0.0 36.896381 98.478226 337.397705 7.154987 0.422982 -3.824541 -2.543293 0.251945 -0.096439 -0.712626 1.897501 -4.607643 -2.61063 0.183372 11.964479 -1.701175 3.699094 7.939536 -0.213393 1.620537 -3.517278 -0.072445 1.594745 -10.54396 7.7e-05 -2.3e-05 6e-06 0.043547 0.058819 0.051535 0.720797 -3.699043 -10.601538 -0.645006 3.829898 -10.595049 -22.640755 -5.921191 12.637764 -49.20639 -10.406043 14.136639 -0.263365 -23.216349 0.023941 -4.799551 3.252553 -14.17331 -5.882112 9.861294 0.702591 -10.93688 -0.360575 7.15621 -0.0 8.774833 -1e-06 -16.309669 18.057281 5.895592 -1.844035 2.498507 -2.507278 -10.163608 4.678951 4.621111 -20.97604 -2e-06 -1e-06 -21.226307 2.451698 -3.594008 -0.0 -7e-06 -0.0 -1.362683 2.2408 -0.746325 -21.33493 0.58491 3.008322 -13.821225 -3e-06 1e-06 -23.887188 -0.249081 -0.839486 -60.282425 2.158733 -1.144831 -0.294025 1.679688 0.833257 -14.218219 0.093216 1.300578 -34.212078 -0.287565 0.967166 -20.03323 0.964536 1.212842 0.0 -1e-06 -1e-06 -3.440391 0.788234 0.501656 -15.9282 -3.167311 2.999707 -6.338832 -1e-06 2e-06 -18.123459 3.648186 -4.905677 -2e-06 1e-06 -1e-06 14.628978 13.675684 14.498525 59.2845 6.981588 7.103771 0.20913 26.410532 0.069133 2.395277 1.096019 -1.234226 2.243543 -5.255039 -3.180158 14.282898 -0.826597 6.952503 -2e-06 -12.69061 -0.0 16.318676 -17.593794 2.440129 1.665667 -1.955923 -2.878299 4.727801 -4.17059 4.993927 11.020531 3e-06 -1e-06 12.109058 -3.735718 -2.866785 -1e-06 -0.0 -0.0 1.291986 -1.92855 -1.49809 14.800136 0.567467 3.865606 14.242579 -1.341737 -6.66066 19.631973 0.143926 -0.648247 50.067726 -0.544983 -6.267858 0.353029 -1.511152 -0.031941 20.222801 3.684311 2.31663 18.787283 4e-06 -2e-06 10.751631 -0.479869 1.397907 -0.0 1e-06 -0.0 3.273808 0.305947 -0.58011 21.486824 11.83038 2.266131 8.16293 2e-06 -1e-06 18.399092 -3.798988 -4.940579 3e-06 -0.0 -0.0 -10.6644 2.470172 -4.028603 0.044602 0.059858 12.456331 1.098328 7.689603 -5.067525 1.621271 -1.961442 -0.738808 -0.0 -0.0 2e-06 -11.662507 -5.917339 -12.443012 0.16804 -0.248903 63.987236 -0.358118 1.584344 5.44558 -1.407866 0.913862 -3.491374 0.0 -0.0 -0.0 
0.0 0.0 0.0 0.0 -0.0 0.0 37.207008 98.642662 339.869598 6.279338 0.458324 -4.017941 -2.195458 0.197853 0.306712 -0.553381 1.615108 -4.432191 -2.197455 -0.152505 12.056589 -1.702119 3.648959 7.771671 -0.145661 1.800189 -3.511688 -0.229053 1.711664 -10.686749 7.7e-05 -2.3e-05 6e-06 0.045726 0.063419 0.042235 0.724699 -3.691627 -10.606533 -0.643324 3.830949 -10.600539 -22.436886 -6.434029 12.723475 -48.917889 -11.404966 13.547057 -0.288103 -23.4863 0.054015 -4.918278 3.255805 -14.467102 -5.882115 9.861299 0.702591 -10.936886 -0.360574 7.156212 -1e-06 8.774837 -1e-06 -16.236143 18.03273 5.939159 -1.844035 2.498506 -2.507279 -10.163613 4.678952 4.621112 -20.976053 -1e-06 2e-06 -21.226315 2.451701 -3.594007 -0.0 -6e-06 1e-06 -1.362684 2.240801 -0.746325 -21.334942 0.584912 3.008324 -13.821231 -1e-06 1e-06 -23.887199 -0.249078 -0.839486 -60.253819 2.174385 -1.128667 -0.294025 1.67969 0.833257 -14.218227 0.093216 1.300581 -34.212097 -0.287563 0.967168 -20.033241 0.964537 1.212842 0.0 -1e-06 -2e-06 -3.440393 0.788236 0.501655 -15.928206 -3.167313 2.999708 -6.338835 -1e-06 0.0 -18.123474 3.648188 -4.905682 -2e-06 1e-06 -1e-06 14.742675 13.485126 14.39744 59.025497 6.87685 6.58045 0.379991 27.396765 0.115044 3.010287 1.032014 -0.896836 2.243542 -5.255038 -3.180161 14.282895 -0.826594 6.952505 -3e-06 -12.690609 -1e-06 16.274803 -17.631031 2.470121 1.665667 -1.955922 -2.878299 4.727799 -4.170588 4.993923 11.020528 4e-06 -2e-06 12.109056 -3.735717 -2.866786 -1e-06 -0.0 -1e-06 1.291986 -1.928549 -1.49809 14.800132 0.567469 3.865605 14.242577 -1.341735 -6.660661 19.631971 0.143928 -0.648246 50.05864 -0.613531 -6.308461 0.35303 -1.511152 -0.03194 20.222797 3.684312 2.316628 18.787279 6e-06 -2e-06 10.751631 -0.479866 1.397902 1e-06 1e-06 -0.0 3.273808 0.305947 -0.580112 21.48682 11.830379 2.26613 8.16293 4e-06 -1e-06 18.399088 -3.798983 -4.940579 4e-06 -1e-06 -0.0 -9.792775 2.676295 -1.707377 0.016111 0.04821 11.411499 0.904781 7.528922 -6.200219 1.629053 -1.909572 -0.705851 -0.0 -0.0 2e-06 -9.626907 -5.716545 -16.345907 0.104932 -0.33974 61.024014 0.230706 1.253396 3.072224 -1.400927 0.899635 -3.502384 0.0 0.0 -5e-06 
0.0 0.0 0.0 0.0 -0.0 0.0 37.456928 98.741386 342.32019 5.441568 0.463601 -3.936911 -1.868101 0.180569 0.563849 -0.433228 1.370305 -4.325399 -1.784132 -0.425368 12.177783 -1.626599 3.519206 7.429533 -0.0911 1.959808 -3.534446 -0.384241 1.783463 -10.795032 7.7e-05 -2.3e-05 6e-06 0.04622 0.050105 0.033353 0.723008 -3.697294 -10.602286 -0.639709 3.809494 -10.5943 -22.304361 -6.942484 12.752097 -48.515663 -12.177088 13.101061 -0.319715 -24.276714 0.090434 -4.882024 3.186171 -15.069008 -5.882113 9.861294 0.70259 -10.936881 -0.360574 7.156211 -0.0 8.774835 -0.0 -16.186443 18.035992 5.968771 -1.844034 2.498507 -2.50728 -10.163609 4.678949 4.621112 -20.976044 -2e-06 2e-06 -21.226307 2.4517 -3.594004 -0.0 -6e-06 -0.0 -1.362683 2.2408 -0.746322 -21.334934 0.584911 3.008322 -13.821229 -2e-06 2e-06 -23.887194 -0.249079 -0.839487 -60.267307 2.210638 -1.142983 -0.294025 1.67969 0.833257 -14.218224 0.093216 1.300581 -34.212082 -0.287561 0.967168 -20.033232 0.964537 1.212842 -1e-06 -1e-06 -1e-06 -3.440392 0.788234 0.501656 -15.928201 -3.167311 2.999707 -6.338832 -0.0 0.0 -18.123466 3.648185 -4.905678 -3e-06 1e-06 -1e-06 15.160549 13.220137 14.220417 58.531872 6.682115 6.302665 0.509351 28.318815 0.157249 3.599733 1.140299 -0.880268 2.243544 -5.255041 -3.18016 14.282896 -0.826595 6.952503 -2e-06 -12.690615 0.0 16.231102 -17.674797 2.531378 1.665668 -1.955923 -2.878299 4.727801 -4.170591 4.993925 11.020534 2e-06 -3e-06 12.10906 -3.735718 -2.866789 -1e-06 -0.0 1e-06 1.291986 -1.928549 -1.49809 14.800136 0.567468 3.865609 14.24258 -1.341738 -6.660662 19.631975 0.143928 -0.648248 50.02684 -0.69844 -6.325866 0.35303 -1.511153 -0.031939 20.222801 3.684313 2.316627 18.787283 6e-06 -4e-06 10.751633 -0.479868 1.397905 1e-06 1e-06 0.0 3.273809 0.305947 -0.58011 21.486824 11.830384 2.266131 8.16293 1e-06 -2e-06 18.399097 -3.798985 -4.940582 6e-06 0.0 0.0 -8.930351 2.814795 0.349291 -0.001708 0.063732 10.325675 0.746836 7.252034 -7.315419 1.636317 -1.867349 -0.612014 0.0 -0.0 2e-06 -7.774377 -5.589132 -19.628496 0.035239 -0.347601 55.076252 0.834695 0.647025 1.505462 -1.405599 0.911168 -3.617176 -0.0 0.0 -1e-06 
0.0 0.0 0.0 0.0 -0.0 0.0 37.632381 98.712364 344.785065 4.815052 0.419476 -3.615947 -1.645941 0.186768 0.654735 -0.351754 1.143806 -4.281572 -1.464746 -0.596682 12.324309 -1.484132 3.344131 7.047276 -0.079818 2.047042 -3.565198 -0.503123 1.903948 -10.927927 7.7e-05 -2.2e-05 6e-06 0.042477 0.02542 0.03571 0.713575 -3.715075 -10.588894 -0.637197 3.777893 -10.578753 -22.187836 -7.454126 12.723072 -48.097004 -12.784471 12.861719 -0.38913 -25.262972 0.13871 -4.525038 3.043231 -15.777548 -5.88211 9.861289 0.70259 -10.936878 -0.360575 7.156209 1e-06 8.774829 -1e-06 -16.145832 18.026989 5.968512 -1.844034 2.498505 -2.507278 -10.163607 4.678946 4.621109 -20.97604 -5e-06 2e-06 -21.226301 2.451696 -3.594002 -0.0 -6e-06 -1e-06 -1.362682 2.240798 -0.746324 -21.33493 0.584909 3.008324 -13.821224 -4e-06 1e-06 -23.887184 -0.249081 -0.839484 -60.218437 2.272456 -1.199924 -0.294025 1.679688 0.833256 -14.218221 0.093214 1.30058 -34.212074 -0.287568 0.967169 -20.03323 0.964534 1.212844 1e-06 -1e-06 -2e-06 -3.440391 0.788234 0.501655 -15.928201 -3.167311 2.999705 -6.338831 -2e-06 1e-06 -18.123459 3.648182 -4.905674 -2e-06 0.0 -1e-06 15.724503 12.924955 14.093048 58.041138 6.577237 6.096839 0.605852 29.041245 0.189815 3.817036 1.34861 -1.217215 2.243543 -5.255039 -3.180158 14.2829 -0.826595 6.952505 -3e-06 -12.690612 1e-06 16.191494 -17.676947 2.594833 1.665667 -1.955923 -2.878299 4.727801 -4.170589 4.993925 11.020534 3e-06 -2e-06 12.109058 -3.735717 -2.866786 0.0 -0.0 -0.0 1.291987 -1.92855 -1.49809 14.800136 0.567469 3.865609 14.24258 -1.341737 -6.660661 19.631981 0.143927 -0.648245 49.997276 -0.76006 -6.31547 0.353029 -1.511151 -0.03194 20.222805 3.684312 2.316631 18.787287 6e-06 -1e-06 10.751636 -0.479867 1.397907 1e-06 0.0 0.0 3.273808 0.305948 -0.580111 21.486828 11.830381 2.266133 8.162933 2e-06 -1e-06 18.399096 -3.798986 -4.940578 5e-06 0.0 -0.0 -8.307486 2.970059 2.139962 -0.011961 0.096985 9.507061 0.688094 6.967545 -8.595533 1.641201 -1.849822 -0.441778 0.0 -0.0 2e-06 -6.319414 -5.380147 -22.064123 0.027073 -0.238155 46.624065 1.361686 -0.199587 0.957028 -1.419572 0.95936 -3.81631 0.0 0.0 -1e-06 
0.0 0.0 0.0 0.0 -0.0 0.0 37.75423 98.555725 347.327759 4.420653 0.392495 -3.149776 -1.512383 0.16792 0.580597 -0.290057 0.940859 -4.298364 -1.314206 -0.69548 12.504488 -1.307032 3.139224 6.714511 -0.094055 2.04158 -3.581026 -0.594113 2.038126 -11.030313 7.7e-05 -2.2e-05 6e-06 0.033751 0.006737 0.052703 0.701168 -3.733232 -10.57812 -0.641981 3.758082 -10.570298 -22.082262 -7.961919 12.714315 -47.710548 -13.344275 12.947849 -0.40495 -26.058445 0.157162 -4.058088 2.909789 -16.329931 -5.88211 9.861293 0.702591 -10.936878 -0.360575 7.156207 0.0 8.774832 -0.0 -16.134449 18.011864 5.940567 -1.844034 2.498506 -2.507279 -10.163606 4.678948 4.621109 -20.976038 -4e-06 2e-06 -21.226301 2.451698 -3.594004 -0.0 -5e-06 1e-06 -1.362683 2.240799 -0.746324 -21.334929 0.584911 3.008323 -13.821221 -1e-06 1e-06 -23.887184 -0.24908 -0.839485 -60.099934 2.333939 -1.274604 -0.294025 1.67969 0.833257 -14.218217 0.093215 1.300578 -34.212067 -0.287565 0.967166 -20.033228 0.964534 1.212843 1e-06 -0.0 -1e-06 -3.440391 0.788234 0.501656 -15.928196 -3.167313 2.999707 -6.33883 -1e-06 1e-06 -18.123459 3.648185 -4.905674 -2e-06 1e-06 -1e-06 16.300283 12.603849 14.019773 57.737549 6.57506 5.854478 0.678729 29.444532 0.219497 3.728109 1.57839 -1.821709 2.243543 -5.25504 -3.18016 14.282898 -0.826594 6.952507 -3e-06 -12.690612 -0.0 16.163654 -17.612738 2.642158 1.665666 -1.955922 -2.878301 4.727801 -4.170589 4.993927 11.020532 4e-06 -1e-06 12.109058 -3.735717 -2.866785 0.0 -1e-06 -0.0 1.291986 -1.92855 -1.49809 14.80014 0.567469 3.865611 14.242582 -1.341737 -6.660661 19.631979 0.143927 -0.648244 49.972004 -0.786682 -6.251279 0.353029 -1.511152 -0.031941 20.222803 3.684313 2.316633 18.787285 5e-06 0.0 10.751634 -0.479868 1.397907 1e-06 -0.0 0.0 3.273809 0.305947 -0.580112 21.486824 11.830384 2.266134 8.162933 3e-06 0.0 18.399094 -3.798985 -4.940577 5e-06 0.0 1e-06 -7.866975 3.084673 3.711756 -0.021358 0.150631 8.788321 0.686383 6.803083 -9.949157 1.644385 -1.869032 -0.251906 0.0 -0.0 2e-06 -5.396718 -5.016886 -23.332773 0.093979 -0.095858 36.002148 1.520754 -1.085249 1.979317 -1.433359 1.031671 -4.022585 0.0 0.0 -1e-06 
0.0 0.0 0.0 0.0 -0.0 0.0 37.829052 98.326912 349.976349 4.096996 0.475126 -2.628157 -1.331001 0.163452 0.370028 -0.235842 0.784102 -4.396257 -1.30123 -0.829875 12.702694 -1.153679 2.948059 6.50624 -0.107525 2.004037 -3.581522 -0.679162 2.048026 -10.992552 7.7e-05 -2.2e-05 6e-06 0.021602 0.010498 0.069069 0.693817 -3.731481 -10.588538 -0.65884 3.763263 -10.589899 -22.028858 -8.452905 12.791412 -47.423683 -13.905765 13.304059 -0.28563 -26.463854 0.12837 -3.767539 2.902436 -16.411057 -5.882107 9.861288 0.702589 -10.936872 -0.360575 7.156202 -0.0 8.774826 -1e-06 -16.156418 18.014265 5.911954 -1.844033 2.498506 -2.507279 -10.163599 4.678945 4.621106 -20.976025 -3e-06 -1e-06 -21.226288 2.451697 -3.594002 0.0 -5e-06 -0.0 -1.362682 2.240798 -0.746324 -21.334917 0.58491 3.008321 -13.821215 -2e-06 -2e-06 -23.887175 -0.24908 -0.839486 -60.084049 2.415843 -1.368217 -0.294025 1.679688 0.833255 -14.218209 0.093215 1.300579 -34.212048 -0.287565 0.967166 -20.033215 0.964534 1.212841 1e-06 -0.0 -0.0 -3.440389 0.788233 0.501656 -15.928185 -3.16731 2.999704 -6.338827 -1e-06 -1e-06 -18.123444 3.648183 -4.905673 -2e-06 0.0 -1e-06 16.793697 12.265965 13.990979 57.691528 6.596324 5.542136 0.671522 29.383751 0.250371 3.568129 1.732244 -2.57621 2.243543 -5.255038 -3.18016 14.282896 -0.826595 6.952504 -3e-06 -12.690609 2e-06 16.156372 -17.552149 2.686373 1.665667 -1.955921 -2.8783 4.727801 -4.170588 4.993925 11.020532 2e-06 -1e-06 12.109058 -3.735716 -2.866785 1e-06 -1e-06 -1e-06 1.291986 -1.928549 -1.498088 14.800136 0.567467 3.865607 14.24258 -1.341735 -6.660663 19.631975 0.143925 -0.648247 49.987766 -0.775564 -6.163095 0.353029 -1.51115 -0.031941 20.222803 3.684309 2.316629 18.787285 6e-06 -2e-06 10.751636 -0.479868 1.397905 0.0 -1e-06 0.0 3.273808 0.305947 -0.580112 21.486828 11.830378 2.266132 8.162933 2e-06 -1e-06 18.399092 -3.798987 -4.940578 4e-06 1e-06 -2e-06 -7.474077 3.133946 5.525689 -0.011902 0.231312 7.598163 0.725122 6.773319 -11.152327 1.648333 -1.918128 -0.159379 0.0 0.0 2e-06 -4.891665 -4.37867 -23.3057 0.171728 -0.025551 23.678814 1.629013 -1.432875 4.234337 -1.431093 1.113556 -4.143334 0.0 0.0 -1e-06 
0.0 0.0 0.0 0.0 -0.0 0.0 37.839897 98.039673 352.811035 3.700512 0.702965 -2.107632 -1.023813 0.232728 0.078484 -0.212106 0.632615 -4.56933 -1.299902 -1.012907 12.846075 -0.992739 2.79792 6.438066 -0.149704 1.961298 -3.590222 -0.801859 1.835332 -10.716017 7.7e-05 -2.3e-05 6e-06 0.013184 0.036203 0.073243 0.697727 -3.704017 -10.619465 -0.679703 3.787977 -10.627117 -21.962683 -8.946166 12.848659 -47.378151 -14.329442 13.875842 -0.086029 -26.620388 0.080747 -3.810089 3.085849 -15.899113 -5.882113 9.861297 0.702591 -10.936883 -0.360575 7.156209 0.0 8.774834 -2e-06 -16.191916 18.075972 5.916247 -1.844036 2.498507 -2.507279 -10.163611 4.678952 4.62111 -20.976046 -4e-06 -1e-06 -21.226311 2.451698 -3.594006 -0.0 -5e-06 -0.0 -1.362683 2.2408 -0.746323 -21.334938 0.58491 3.008322 -13.821229 -3e-06 -0.0 -23.887196 -0.249082 -0.839487 -60.119789 2.457076 -1.525706 -0.294026 1.67969 0.833257 -14.218224 0.093215 1.300579 -34.212086 -0.287568 0.967165 -20.033232 0.964535 1.212841 -0.0 0.0 -1e-06 -3.440392 0.788234 0.501654 -15.928203 -3.167314 2.999707 -6.338834 0.0 -0.0 -18.12347 3.648185 -4.905678 -2e-06 1e-06 -2e-06 17.226492 11.913488 13.96064 57.796421 6.466216 5.082267 0.667676 28.886274 0.291558 3.529466 1.724847 -3.036501 2.243543 -5.255039 -3.180158 14.2829 -0.826595 6.952501 -3e-06 -12.690609 -1e-06 16.156406 -17.545385 2.72647 1.665668 -1.955923 -2.8783 4.727801 -4.170588 4.993925 11.020535 4e-06 -4e-06 12.10906 -3.735716 -2.866787 1e-06 -0.0 1e-06 1.291987 -1.928552 -1.49809 14.800138 0.56747 3.865605 14.242584 -1.341735 -6.660661 19.631985 0.143929 -0.648246 50.094933 -0.728842 -6.129517 0.353029 -1.511151 -0.031941 20.222805 3.684312 2.316628 18.787287 7e-06 -3e-06 10.751636 -0.479868 1.397906 0.0 -0.0 -1e-06 3.27381 0.305947 -0.580111 21.486828 11.830379 2.266129 8.162934 3e-06 -1e-06 18.399092 -3.798982 -4.940577 4e-06 0.0 -2e-06 -6.918009 3.257627 7.840081 0.008709 0.265898 5.624467 0.825141 6.609375 -12.081811 1.656576 -1.944135 -0.197989 -0.0 0.0 2e-06 -4.58396 -3.386592 -22.437984 0.237908 -0.067685 11.339167 2.31928 -1.404304 5.952977 -1.389876 1.185883 -4.163294 0.0 -0.0 -1e-06 
0.0 0.0 0.0 0.0 -0.0 0.0 37.775806 97.708977 355.82016 3.075513 0.927824 -1.56484 -0.57474 0.360014 -0.308113 -0.187272 0.447253 -4.794176 -1.167863 -1.149407 12.876666 -0.841363 2.698478 6.492883 -0.154334 1.830541 -3.623276 -1.023936 1.647958 -10.179215 7.7e-05 -2.2e-05 6e-06 0.017089 0.056907 0.055415 0.708144 -3.678593 -10.660377 -0.68214 3.805052 -10.665626 -21.961733 -9.296223 12.731444 -47.464695 -14.508316 14.719251 0.030967 -26.674572 0.035351 -4.165532 3.395324 -14.828208 -5.882113 9.861295 0.702589 -10.936887 -0.360578 7.156213 3e-06 8.774837 -0.0 -16.248119 18.128847 5.88349 -1.844036 2.498508 -2.507283 -10.163614 4.678948 4.621112 -20.976055 -1e-05 1e-06 -21.226316 2.451693 -3.594004 1e-06 -6e-06 -1e-06 -1.362683 2.2408 -0.746323 -21.334946 0.584906 3.008322 -13.821234 -7e-06 1e-06 -23.887203 -0.249087 -0.839484 -60.149323 2.424835 -1.659465 -0.294025 1.679689 0.833257 -14.218227 0.093211 1.300579 -34.212097 -0.287576 0.96717 -20.033241 0.964533 1.212847 -0.0 0.0 0.0 -3.440393 0.788235 0.501655 -15.928209 -3.167316 2.999708 -6.338836 -2e-06 0.0 -18.12347 3.648183 -4.905677 -2e-06 0.0 -2e-06 17.794788 11.6802 13.899221 57.757843 5.964033 4.40521 0.682534 28.11364 0.307588 3.634172 1.502208 -3.17972 2.243544 -5.255039 -3.180159 14.282904 -0.826594 6.952504 -4e-06 -12.690612 0.0 16.091038 -17.490988 2.721526 1.665668 -1.955922 -2.878301 4.727802 -4.17059 4.993926 11.020538 5e-06 -3e-06 12.109064 -3.735715 -2.866787 -1e-06 -0.0 1e-06 1.291987 -1.92855 -1.49809 14.800142 0.567469 3.865608 14.242588 -1.341733 -6.660662 19.631987 0.14393 -0.648246 50.055119 -0.704668 -6.198678 0.353029 -1.511151 -0.031941 20.222813 3.684315 2.31663 18.787292 1e-05 -2e-06 10.751641 -0.479866 1.397906 -1e-06 -0.0 -1e-06 3.27381 0.305949 -0.580112 21.486835 11.830384 2.266131 8.162935 5e-06 -2e-06 18.399099 -3.798982 -4.940577 5e-06 1e-06 -1e-06 -6.057391 3.3375 10.447797 -0.000268 0.215315 3.150157 0.976341 6.42224 -12.714107 1.679766 -1.874843 -0.258974 0.0 0.0 2e-06 -4.184913 -1.976198 -21.862036 0.20151 -0.141453 1.927918 3.599253 -1.776033 6.129566 -1.332335 1.229237 -4.044395 -0.0 -0.0 0.0 
0.0 0.0 0.0 0.0 -0.0 0.0 37.629829 97.297302 358.94577 2.403216 1.168208 -1.193572 -0.220081 0.436503 -0.624444 -0.155603 0.158282 -4.985612 -0.921358 -1.273287 12.778243 -0.655503 2.608735 6.711645 -0.099334 1.819108 -3.648431 -1.32429 1.648617 -9.855598 7.7e-05 -2.2e-05 6e-06 0.023352 0.05367 0.041341 0.716923 -3.676589 -10.679619 -0.677781 3.797552 -10.66539 -21.683619 -9.423526 12.585544 -47.904675 -14.54964 15.62122 0.03212 -26.679449 -0.048377 -4.638914 3.615479 -13.643184 -5.882109 9.86129 0.702593 -10.936875 -0.360573 7.156211 -1e-06 8.774828 -0.0 -16.304731 18.23171 5.843905 -1.844033 2.498506 -2.507278 -10.163604 4.678949 4.621109 -20.97603 -0.0 3e-06 -21.226295 2.4517 -3.594003 1e-06 -6e-06 -1e-06 -1.362682 2.2408 -0.746324 -21.334925 0.584914 3.008325 -13.82122 -1e-06 1e-06 -23.887182 -0.249074 -0.839486 -60.293678 2.435741 -1.629712 -0.294025 1.679688 0.833256 -14.218215 0.093217 1.300581 -34.212055 -0.287556 0.967167 -20.03322 0.964539 1.21284 0.0 -0.0 0.0 -3.44039 0.788234 0.501657 -15.928192 -3.167308 2.999709 -6.33883 1e-06 2e-06 -18.123457 3.648187 -4.905671 -2e-06 1e-06 -1e-06 18.328178 11.588529 14.028209 57.826416 5.475559 3.424809 0.585293 27.022717 0.27126 3.782035 1.141417 -3.653111 2.243543 -5.255038 -3.180159 14.282899 -0.826596 6.952506 -2e-06 -12.690609 2e-06 16.068979 -17.435743 2.667865 1.665667 -1.955922 -2.878301 4.727801 -4.17059 4.993927 11.020532 2e-06 -2e-06 12.109058 -3.735717 -2.866786 -2e-06 -0.0 0.0 1.291987 -1.928551 -1.49809 14.800136 0.567467 3.865611 14.242579 -1.341737 -6.660661 19.631975 0.143925 -0.648246 49.834652 -0.689124 -6.335696 0.353029 -1.511151 -0.03194 20.222801 3.684309 2.316632 18.787287 4e-06 -2e-06 10.751634 -0.479869 1.397909 -1e-06 1e-06 0.0 3.273808 0.305947 -0.580111 21.486824 11.830378 2.266132 8.162933 1e-06 0.0 18.399092 -3.798987 -4.940576 5e-06 1e-06 -1e-06 -5.119346 3.205762 12.646909 -0.016028 0.10808 2.029499 0.81493 6.296077 -13.587615 1.708945 -1.805077 -0.360539 0.0 -0.0 2e-06 -3.69881 -0.73902 -22.481941 0.064826 -0.187216 -1.310247 4.682387 -2.250197 4.540373 -1.320588 1.1832 -3.980462 -0.0 -0.0 -1e-06 
0.0 0.0 0.0 0.0 -0.0 0.0 37.384911 96.822159 362.368073 1.77414 1.610627 -1.021273 0.076004 0.467166 -0.914604 -0.130724 -0.164794 -5.126932 -0.70033 -1.44993 12.683406 -0.418543 2.444155 6.882249 -0.134173 1.945959 -3.59267 -1.558254 1.550756 -9.886377 7.7e-05 -2.2e-05 6e-06 0.028645 0.030302 0.053207 0.732779 -3.701347 -10.656919 -0.682943 3.776732 -10.635309 -21.199852 -9.500772 12.62755 -48.569279 -14.528434 16.36833 -0.007965 -26.512831 -0.044811 -4.931191 3.396521 -12.694221 -5.882111 9.861294 0.702588 -10.936878 -0.360575 7.156207 -0.0 8.774833 -1e-06 -16.378376 18.272333 5.831791 -1.844035 2.498507 -2.507278 -10.163606 4.678949 4.621109 -20.97604 -5e-06 -2e-06 -21.226301 2.451697 -3.594006 1e-06 -5e-06 -0.0 -1.362682 2.240799 -0.746325 -21.334929 0.584908 3.008322 -13.821223 -4e-06 0.0 -23.887184 -0.249083 -0.839487 -60.504589 2.453501 -1.562277 -0.294025 1.67969 0.833257 -14.21822 0.093216 1.300579 -34.212074 -0.287567 0.967166 -20.03323 0.964532 1.212842 0.0 -1e-06 -1e-06 -3.440391 0.788233 0.501654 -15.928196 -3.167313 2.999707 -6.338831 -1e-06 -1e-06 -18.123463 3.648185 -4.905678 -2e-06 1e-06 0.0 18.731249 11.341914 14.291342 58.055645 5.251856 2.815 0.296694 25.651489 0.194945 3.860046 0.918323 -4.624357 2.243543 -5.255039 -3.180159 14.2829 -0.826595 6.952507 -3e-06 -12.69061 -1e-06 16.164253 -17.484602 2.582839 1.665667 -1.955923 -2.878299 4.727801 -4.170588 4.993924 11.020535 4e-06 -3e-06 12.109059 -3.735717 -2.866786 -1e-06 -0.0 -0.0 1.291986 -1.92855 -1.49809 14.800134 0.567469 3.865607 14.242577 -1.341736 -6.66066 19.631979 0.143927 -0.648245 49.658089 -0.671319 -6.43172 0.353029 -1.51115 -0.031939 20.222803 3.684312 2.316631 18.787287 7e-06 -2e-06 10.751636 -0.479867 1.397907 0.0 -1e-06 1e-06 3.273808 0.305948 -0.580113 21.486826 11.830382 2.266133 8.162931 2e-06 -1e-06 18.399092 -3.798986 -4.940578 5e-06 1e-06 -0.0 -4.110654 2.871596 14.490798 -0.012472 0.038892 2.33365 0.34457 6.192203 -14.526558 1.750437 -1.797477 -0.78635 0.0 0.0 2e-06 -3.222678 0.09394 -22.655909 0.051409 -0.169331 -0.661522 3.980705 -2.04837 4.628232 -1.335557 1.179508 -4.072467 -0.0 -0.0 -2e-06 
0.0 0.0 0.0 0.0 -0.0 0.0 37.028843 96.49308 365.968079 0.515266 2.108799 -0.843582 0.855042 0.546485 -1.463862 -0.042022 -0.341929 -5.399254 -0.414799 -1.662834 12.821161 -0.2595 2.326268 6.977747 -0.155026 1.9847 -3.595822 -1.635907 1.37577 -9.299932 7.7e-05 -2.2e-05 6e-06 0.027809 0.033895 0.059846 0.715438 -3.693959 -10.613437 -0.666125 3.776974 -10.583426 -21.793308 -9.550727 12.760576 -48.145748 -14.086601 17.011118 -0.039672 -26.327093 -0.079465 -5.165913 3.195977 -11.983333 -5.882108 9.86129 0.702592 -10.936875 -0.360575 7.156208 0.0 8.774829 -1e-06 -16.442253 18.220024 5.924037 -1.844033 2.498504 -2.507278 -10.163602 4.678947 4.621109 -20.976028 -4e-06 1e-06 -21.226292 2.451696 -3.594002 2e-06 -5e-06 -0.0 -1.362682 2.240798 -0.746323 -21.334919 0.584909 3.008323 -13.821217 -3e-06 2e-06 -23.887173 -0.249081 -0.839482 -60.677067 2.398015 -1.258709 -0.294025 1.679688 0.833256 -14.218213 0.093215 1.30058 -34.212063 -0.287564 0.96717 -20.033218 0.964538 1.212846 0.0 -1e-06 0.0 -3.44039 0.788235 0.501656 -15.928192 -3.16731 2.999707 -6.338829 -1e-06 0.0 -18.123455 3.648184 -4.905673 -2e-06 1e-06 -2e-06 19.781816 10.941797 14.338178 57.561241 4.654737 2.856501 0.00658 24.577961 0.096639 3.918194 0.758241 -5.108864 2.243543 -5.255041 -3.180158 14.282896 -0.826594 6.952503 -2e-06 -12.690609 -2e-06 16.173529 -17.461641 2.54349 1.665667 -1.955922 -2.878299 4.7278 -4.170589 4.993924 11.020531 3e-06 -3e-06 12.109056 -3.735718 -2.866786 -1e-06 -0.0 -0.0 1.291986 -1.92855 -1.498089 14.800132 0.567469 3.865607 14.242579 -1.341737 -6.66066 19.631975 0.143927 -0.648245 49.749859 -0.565772 -6.329994 0.353029 -1.511151 -0.031939 20.222801 3.684313 2.316628 18.787283 5e-06 -2e-06 10.751633 -0.479868 1.397907 -1e-06 -1e-06 1e-06 3.273808 0.305949 -0.580112 21.486826 11.830384 2.266134 8.16293 2e-06 -0.0 18.399088 -3.798985 -4.940578 5e-06 0.0 -2e-06 -2.190427 2.984928 15.700582 -0.006361 -0.022374 3.836799 -0.386912 5.700408 -15.379089 1.767274 -1.853955 -1.777041 0.0 0.0 2e-06 -2.131702 1.330759 -22.115971 0.110336 -0.174262 0.834225 1.444199 -1.6508 9.410492 -1.378414 1.15916 -4.238173 0.0 0.0 -1e-06 
0.0 0.0 0.0 0.0 -0.0 0.0 36.580475 96.429329 369.534943 -1.391691 2.429308 -0.73066 1.895151 0.47787 -2.153752 0.123287 -0.464568 -5.736075 0.369276 -1.847986 12.99052 -0.316329 2.48494 7.159489 -0.244414 1.897971 -3.667263 -1.730961 1.406819 -8.389235 7.7e-05 -2.2e-05 6e-06 0.016756 0.018902 0.011491 0.690717 -3.704462 -10.635841 -0.661392 3.754454 -10.595721 -23.180893 -9.207384 12.573306 -47.309017 -13.179745 17.217581 -0.220307 -25.863071 -0.003564 -5.135446 2.969918 -11.426438 -5.88211 9.861293 0.702592 -10.936878 -0.360575 7.156209 0.0 8.774831 -1e-06 -16.54467 18.046207 5.915606 -1.844033 2.498506 -2.507278 -10.163605 4.678947 4.62111 -20.976034 -3e-06 1e-06 -21.226301 2.451698 -3.594002 2e-06 -6e-06 -0.0 -1.362682 2.240799 -0.746324 -21.334927 0.58491 3.008323 -13.821224 -3e-06 2e-06 -23.887186 -0.24908 -0.839484 -60.746944 2.311344 -1.036407 -0.294025 1.679688 0.833257 -14.218217 0.093215 1.300581 -34.212067 -0.287563 0.967171 -20.033226 0.964536 1.212843 0.0 -1e-06 0.0 -3.44039 0.788234 0.501655 -15.928196 -3.167311 2.999707 -6.338831 -0.0 1e-06 -18.123459 3.648184 -4.905675 -2e-06 1e-06 -1e-06 21.081524 10.73796 14.486136 56.624634 3.77719 2.655121 -0.161119 23.748775 0.035047 4.198417 0.435399 -4.777263 2.243543 -5.25504 -3.18016 14.282896 -0.826595 6.952507 -2e-06 -12.69061 1e-06 16.157537 -17.527161 2.485539 1.665667 -1.955922 -2.878302 4.7278 -4.170589 4.993926 11.020531 2e-06 -1e-06 12.109056 -3.735718 -2.866785 -1e-06 -0.0 -0.0 1.291986 -1.92855 -1.498091 14.800132 0.567467 3.865611 14.242577 -1.341737 -6.660661 19.631973 0.143927 -0.648247 49.846069 -0.395504 -6.410279 0.353029 -1.511152 -0.031939 20.222801 3.684312 2.316632 18.787281 4e-06 -0.0 10.751632 -0.479869 1.397906 -1e-06 -1e-06 -0.0 3.273808 0.305947 -0.580111 21.486822 11.83038 2.266135 8.16293 0.0 1e-06 18.399088 -3.798988 -4.940578 5e-06 0.0 -1e-06 0.71422 3.433089 16.494646 -0.00169 -0.021977 6.390581 -1.47867 4.621218 -14.955512 1.808381 -1.813024 -3.964254 -0.0 0.0 2e-06 -0.209514 2.782715 -22.085579 -0.003218 -0.158021 3.519795 0.49268 -2.766698 16.459768 -1.387135 1.097272 -3.417327 0.0 -0.0 -1e-06 
0.0 0.0 0.0 0.0 -0.0 0.0 36.003235 96.669373 373.209625 -3.196847 2.496053 -0.960327 2.524336 0.380341 -2.458549 0.285362 -0.725516 -5.913774 1.557622 -2.030845 12.6723 -0.643119 2.575734 7.798768 -0.288314 2.211033 -3.674649 -1.739594 1.573972 -7.966122 7.7e-05 -2.3e-05 6e-06 0.014716 0.015357 -0.01429 0.695752 -3.71345 -10.638446 -0.666763 3.760369 -10.604551 -23.470661 -8.458344 12.701489 -48.13562 -12.31615 16.38196 -0.297354 -25.465736 0.02691 -4.633687 3.008684 -11.467679 -5.88211 9.861292 0.702591 -10.936878 -0.360575 7.156208 2e-06 8.774831 -1e-06 -16.502775 18.162735 5.914035 -1.844034 2.498505 -2.507277 -10.163606 4.678947 4.621109 -20.976038 -6e-06 0.0 -21.226301 2.451695 -3.594004 2e-06 -5e-06 0.0 -1.362683 2.240799 -0.746323 -21.33493 0.584908 3.00832 -13.821224 -4e-06 -0.0 -23.887188 -0.249083 -0.839485 -60.37093 2.32301 -0.992456 -0.294025 1.679688 0.833258 -14.218217 0.093213 1.300578 -34.212074 -0.28757 0.967165 -20.033226 0.964534 1.212841 0.0 -0.0 0.0 -3.440391 0.788235 0.501654 -15.928196 -3.167312 2.999704 -6.338831 -1e-06 1e-06 -18.123459 3.648182 -4.905675 -2e-06 0.0 -0.0 20.835632 10.564899 14.211613 57.191242 2.999595 2.796168 -0.334169 22.809401 -0.037502 4.666246 -0.183032 -4.95166 2.243542 -5.255037 -3.180158 14.282896 -0.826593 6.952504 -5e-06 -12.690607 -1e-06 16.133488 -17.681858 2.479364 1.665667 -1.955922 -2.878299 4.7278 -4.170589 4.993926 11.020534 5e-06 -0.0 12.109056 -3.735715 -2.866785 -1e-06 -0.0 -0.0 1.291986 -1.92855 -1.49809 14.800136 0.56747 3.865608 14.242579 -1.341735 -6.660658 19.631975 0.143928 -0.648243 49.901241 -0.45524 -6.416614 0.353029 -1.511151 -0.03194 20.222801 3.684312 2.316631 18.787287 8e-06 -1e-06 10.751634 -0.479867 1.397906 0.0 -1e-06 1e-06 3.273808 0.305948 -0.580111 21.486824 11.830381 2.266132 8.16293 2e-06 -1e-06 18.399092 -3.798984 -4.940576 5e-06 0.0 -1e-06 3.518361 3.893653 16.866184 0.134027 -0.294848 10.525022 -2.417454 3.565412 -13.0456 1.897891 -1.957088 -8.105083 -0.0 -0.0 2e-06 1.98377 3.552337 -22.106291 -0.055043 -0.168252 8.318195 0.344095 -3.411576 14.535916 -1.393564 1.117733 -2.279857 0.0 -0.0 -1e-06 
0.0 0.0 0.0 0.0 -0.0 0.0 35.354126 96.936737 376.808655 -4.702825 2.784754 -1.352464 3.017509 0.313381 -2.561723 0.444047 -1.033909 -5.953304 2.36532 -2.119768 12.221342 -0.562288 2.575611 8.251318 -0.32116 2.097181 -3.665274 -1.805333 1.76144 -7.694334 7.7e-05 -2.2e-05 6e-06 0.010949 -0.015325 -0.013535 0.71328 -3.75248 -10.64606 -0.690101 3.736433 -10.601704 -22.657856 -8.187572 12.881269 -49.912735 -11.097148 15.363351 -0.088077 -25.704952 -0.020097 -4.432712 3.225519 -11.196136 -5.882109 9.86129 0.702591 -10.936877 -0.360575 7.156206 0.0 8.774828 -3e-06 -16.467266 18.060883 5.869283 -1.844033 2.498505 -2.507277 -10.163604 4.678948 4.621109 -20.976034 -2e-06 2e-06 -21.226295 2.451698 -3.594002 1e-06 -5e-06 -1e-06 -1.362682 2.240799 -0.746323 -21.334925 0.584911 3.008321 -13.82122 -3e-06 3e-06 -23.887182 -0.249079 -0.839484 -60.155972 2.280234 -1.038886 -0.294025 1.679688 0.833256 -14.218216 0.093216 1.30058 -34.212067 -0.287563 0.967169 -20.033222 0.964538 1.212844 -0.0 1e-06 0.0 -3.44039 0.788233 0.501656 -15.928192 -3.167311 2.999706 -6.338829 -1e-06 1e-06 -18.123457 3.648184 -4.905672 -2e-06 0.0 -1e-06 20.229975 10.352016 13.99862 58.26762 2.421905 2.870628 -0.626405 22.439751 -0.140296 5.206184 -0.971848 -5.441896 2.243543 -5.25504 -3.180159 14.282895 -0.826595 6.952503 -0.0 -12.69061 -0.0 16.160713 -17.754328 2.530232 1.665667 -1.955922 -2.878299 4.7278 -4.170589 4.993924 11.020529 2e-06 -2e-06 12.109056 -3.735719 -2.866784 0.0 -0.0 -0.0 1.291986 -1.92855 -1.49809 14.800134 0.567468 3.865608 14.242579 -1.341738 -6.660662 19.631975 0.143925 -0.648247 49.863373 -0.503133 -6.492653 0.353029 -1.511151 -0.031939 20.222799 3.68431 2.31663 18.787279 5e-06 -2e-06 10.751633 -0.479869 1.397906 0.0 -1e-06 1e-06 3.273808 0.305947 -0.580112 21.48682 11.830379 2.266132 8.16293 2e-06 -1e-06 18.399088 -3.798987 -4.940579 4e-06 0.0 0.0 6.130618 4.113015 16.008022 0.157419 -0.544534 16.720592 -3.28594 2.446062 -9.85561 1.994924 -1.954335 -12.91768 -0.0 -1e-06 2e-06 4.14323 4.069969 -21.429218 -0.058832 -0.152078 12.575583 -0.289269 -4.076386 9.973189 -1.400719 1.110213 -1.387115 -0.0 -0.0 -1e-06 
0.0 0.0 0.0 0.0 -0.0 0.0 34.726593 97.260506 380.256897 -6.001692 3.409301 -1.766997 3.500424 0.255396 -2.50795 0.542092 -1.198257 -5.957295 2.9232 -2.269674 11.844517 -0.296704 2.539395 8.228948 -0.436482 1.807807 -3.66611 -1.815551 1.635206 -7.480078 7.7e-05 -2.2e-05 6e-06 0.00939 -0.037238 -0.007226 0.731982 -3.777549 -10.664007 -0.710763 3.715514 -10.61778 -21.745531 -8.10731 13.060519 -51.295006 -10.015206 15.080129 0.13882 -26.485794 -0.077478 -4.782303 3.402754 -11.277051 -5.882109 9.861288 0.702591 -10.936877 -0.360576 7.156205 1e-06 8.77483 -2e-06 -16.492052 17.996628 5.787772 -1.844033 2.498505 -2.507279 -10.163604 4.678946 4.621109 -20.976036 -7e-06 1e-06 -21.226299 2.451695 -3.594 1e-06 -6e-06 -1e-06 -1.362682 2.240798 -0.746323 -21.334925 0.584909 3.008321 -13.821221 -5e-06 1e-06 -23.887184 -0.249083 -0.839485 -60.12262 2.172479 -1.041678 -0.294025 1.679687 0.833256 -14.218215 0.093214 1.30058 -34.212067 -0.287569 0.967168 -20.033226 0.964533 1.212844 0.0 0.0 -1e-06 -3.440391 0.788233 0.501657 -15.928194 -3.167312 2.999705 -6.33883 -2e-06 1e-06 -18.123457 3.648181 -4.905674 -2e-06 1e-06 -1e-06 19.819632 10.065225 13.684566 58.920498 1.718067 2.725798 -0.610844 22.92544 -0.136438 5.482279 -1.365983 -5.785091 2.243542 -5.255037 -3.180157 14.282895 -0.826594 6.952503 -2e-06 -12.690604 1e-06 16.107149 -17.785891 2.653016 1.665666 -1.955922 -2.878299 4.727801 -4.170587 4.993924 11.020532 3e-06 -1e-06 12.109055 -3.735717 -2.866784 1e-06 -0.0 -0.0 1.291986 -1.928549 -1.49809 14.800132 0.567469 3.865607 14.242576 -1.341737 -6.660655 19.631973 0.143926 -0.648244 49.845264 -0.605567 -6.489413 0.353029 -1.51115 -0.03194 20.222797 3.68431 2.316632 18.787279 6e-06 -1e-06 10.751631 -0.479868 1.397906 -1e-06 1e-06 0.0 3.273808 0.305947 -0.58011 21.486818 11.830377 2.266134 8.16293 2e-06 0.0 18.399084 -3.798985 -4.940574 5e-06 0.0 -0.0 8.678748 4.401356 13.386896 0.105041 -0.746839 25.410805 -3.803423 1.486942 -5.493029 2.084938 -1.848238 -17.386711 -0.0 0.0 1e-06 6.084934 4.289768 -19.502968 -0.032965 -0.186468 14.18597 -0.973691 -4.771191 6.849967 -1.404196 1.09489 -0.67584 -0.0 -0.0 -1e-06 
0.0 0.0 0.0 0.0 -0.0 0.0 34.149704 97.555611 383.457031 -7.252062 4.377969 -2.270804 4.019698 0.211354 -2.252945 0.630437 -1.295069 -5.843665 3.35761 -2.421053 11.564027 0.086237 2.402967 7.735168 -0.508351 1.564375 -3.647106 -1.811383 1.347447 -7.493289 7.7e-05 -2.2e-05 6e-06 0.013304 -0.025952 0.001096 0.748332 -3.770548 -10.676328 -0.719049 3.728299 -10.636439 -20.94042 -8.227783 13.151806 -52.063118 -9.311857 15.335185 0.20149 -27.271671 -0.101739 -5.255517 3.55 -11.550221 -5.88211 9.861293 0.702591 -10.936877 -0.360575 7.156208 1e-06 8.774831 -0.0 -16.517767 17.920731 5.716496 -1.844033 2.498504 -2.507277 -10.163605 4.678948 4.621109 -20.976034 -4e-06 0.0 -21.226301 2.451699 -3.594002 1e-06 -6e-06 -0.0 -1.362682 2.240799 -0.746324 -21.334925 0.58491 3.008323 -13.821221 -2e-06 1e-06 -23.887184 -0.249079 -0.839484 -60.143108 2.102398 -1.078259 -0.294024 1.679687 0.833255 -14.218215 0.093216 1.30058 -34.212067 -0.287564 0.967168 -20.033226 0.964536 1.212843 -1e-06 -0.0 -1e-06 -3.44039 0.788235 0.501656 -15.928192 -3.167311 2.999707 -6.338831 -1e-06 2e-06 -18.123457 3.648185 -4.905674 -2e-06 1e-06 -1e-06 19.717943 9.880328 13.350897 58.907055 1.00989 2.961479 -0.462512 23.839252 -0.075071 5.456644 -1.059996 -6.234771 2.243543 -5.25504 -3.18016 14.282904 -0.826596 6.952504 -2e-06 -12.690615 1e-06 16.053301 -17.815023 2.757881 1.665668 -1.955923 -2.8783 4.727803 -4.170591 4.993926 11.020536 3e-06 -1e-06 12.109062 -3.735719 -2.866786 1e-06 -0.0 -0.0 1.291987 -1.92855 -1.49809 14.80014 0.567469 3.86561 14.242584 -1.341737 -6.660661 19.631985 0.143926 -0.648245 49.862755 -0.665566 -6.43982 0.353029 -1.511151 -0.031939 20.222807 3.684312 2.316631 18.787289 4e-06 -3e-06 10.751636 -0.479869 1.397907 -1e-06 -0.0 1e-06 3.27381 0.305947 -0.580112 21.486832 11.830384 2.266132 8.162935 1e-06 -0.0 18.399103 -3.798987 -4.940583 4e-06 0.0 -1e-06 11.200847 4.687745 9.08145 -0.005529 -0.848712 36.162189 -3.885817 1.174544 0.48999 2.083095 -1.694265 -19.198204 -0.0 0.0 3e-06 7.941583 4.124874 -16.995323 0.021856 -0.243799 14.391543 -1.582998 -5.638364 4.465706 -1.41462 1.089275 -0.195381 -0.0 0.0 -1e-06 
0.0 0.0 0.0 0.0 -0.0 0.0 33.610355 97.739326 386.357635 -8.41664 5.391783 -2.938356 4.477561 0.194563 -1.767379 0.699546 -1.336596 -5.61044 3.796752 -2.553136 11.443298 0.554444 2.190523 7.034777 -0.508233 1.423528 -3.636409 -1.847373 1.083618 -7.851923 7.7e-05 -2.2e-05 6e-06 0.020059 0.000736 -0.004183 0.756618 -3.747055 -10.682814 -0.714299 3.755963 -10.650503 -20.252096 -8.432317 13.173844 -52.39481 -9.270791 15.684595 0.109834 -27.615072 -0.081544 -5.680826 3.760508 -11.599647 -5.882105 9.861284 0.70259 -10.936872 -0.360576 7.156206 2e-06 8.774825 -1e-06 -16.487551 17.86739 5.705195 -1.844032 2.498504 -2.507279 -10.163601 4.678943 4.621109 -20.976025 -7e-06 1e-06 -21.226288 2.451693 -3.594 1e-06 -6e-06 -0.0 -1.362682 2.240798 -0.746323 -21.334915 0.584906 3.008324 -13.821216 -5e-06 3e-06 -23.887175 -0.249083 -0.839481 -60.149742 2.167287 -1.145188 -0.294025 1.679687 0.833257 -14.218211 0.093212 1.300581 -34.212051 -0.287568 0.967175 -20.033215 0.964536 1.212847 -1e-06 -0.0 -1e-06 -3.440389 0.788232 0.501657 -15.928189 -3.167311 2.999708 -6.338827 -2e-06 3e-06 -18.123444 3.64818 -4.90567 -2e-06 1e-06 -2e-06 19.666449 9.944151 13.186944 58.397915 0.75636 3.50448 -0.289023 24.611134 0.000669 5.212344 -0.392167 -6.723393 2.243543 -5.255039 -3.180157 14.2829 -0.826594 6.952504 -3e-06 -12.69061 1e-06 16.01524 -17.795235 2.806756 1.665668 -1.955923 -2.878299 4.727802 -4.170589 4.993926 11.020535 4e-06 -2e-06 12.10906 -3.735717 -2.866785 0.0 -0.0 -1e-06 1.291986 -1.92855 -1.498089 14.800138 0.567469 3.865607 14.24258 -1.341737 -6.66066 19.631981 0.143927 -0.648245 49.900009 -0.62497 -6.33693 0.353029 -1.511151 -0.03194 20.222803 3.684313 2.316631 18.787287 5e-06 -1e-06 10.751636 -0.479868 1.397905 -1e-06 -2e-06 0.0 3.273809 0.305947 -0.580111 21.486828 11.830383 2.266133 8.162931 2e-06 0.0 18.399094 -3.798987 -4.940578 5e-06 0.0 -1e-06 13.337044 4.856116 3.988356 -0.099983 -0.800823 47.152916 -3.331274 2.335974 6.31267 1.912255 -1.668969 -14.003139 -0.0 -0.0 0.0 9.754094 3.535575 -14.33653 0.03854 -0.256291 14.111176 -1.983393 -6.304509 2.422127 -1.427434 1.100137 -0.051352 -0.0 -0.0 -1e-06 
0.0 0.0 0.0 0.0 -0.0 0.0 33.128143 97.802727 389.0961 -9.278567 6.118836 -3.725143 4.778453 0.254496 -1.160145 0.72357 -1.274001 -5.322296 4.166924 -2.636204 11.501109 1.081309 1.929725 6.544272 -0.496826 1.273319 -3.63845 -1.858929 0.945719 -8.685193 7.7e-05 -2.2e-05 6e-06 0.020714 -0.016066 -0.014962 0.752726 -3.762586 -10.677259 -0.709977 3.737653 -10.64047 -19.614107 -8.512496 13.189829 -52.598763 -9.890145 15.579233 -0.079331 -27.431492 -0.030415 -5.736052 4.042895 -11.263275 -5.882114 9.861296 0.70259 -10.936887 -0.360577 7.15621 2e-06 8.774836 -2e-06 -16.454828 17.849024 5.749092 -1.844035 2.498507 -2.50728 -10.163614 4.678949 4.62111 -20.976055 -7e-06 -0.0 -21.22632 2.451696 -3.594003 0.0 -5e-06 0.0 -1.362684 2.2408 -0.746323 -21.334946 0.584908 3.008322 -13.821234 -5e-06 -1e-06 -23.887205 -0.249084 -0.839485 -60.23151 2.291698 -1.220274 -0.294025 1.679688 0.833256 -14.218227 0.093213 1.300579 -34.212097 -0.287573 0.967167 -20.033241 0.964533 1.212843 0.0 -1e-06 -1e-06 -3.440393 0.788233 0.501656 -15.928206 -3.167315 2.999706 -6.338835 -2e-06 0.0 -18.123474 3.648182 -4.905677 -2e-06 1e-06 -1e-06 19.322893 10.275514 13.147342 57.735977 1.220923 4.234168 -0.033012 24.696484 0.062019 4.811417 0.173989 -6.769387 2.243546 -5.255045 -3.180163 14.282918 -0.826595 6.952511 -4e-06 -12.690625 -1e-06 16.025715 -17.688307 2.786431 1.66567 -1.955924 -2.878304 4.727808 -4.170594 4.993931 11.020548 3e-06 -2e-06 12.109076 -3.73572 -2.866788 -1e-06 -0.0 -0.0 1.291988 -1.928551 -1.49809 14.800158 0.567469 3.865613 14.242599 -1.341737 -6.660668 19.632008 0.143928 -0.648246 49.919197 -0.597017 -6.206032 0.353029 -1.511153 -0.031939 20.222828 3.684316 2.316633 18.78731 6e-06 -3e-06 10.751649 -0.479867 1.397907 0.0 -1e-06 1e-06 3.273813 0.305947 -0.580112 21.486853 11.830397 2.266135 8.162944 2e-06 -1e-06 18.399118 -3.798989 -4.940587 5e-06 1e-06 -1e-06 14.609662 5.087556 -0.98909 -0.128507 -0.699501 56.613243 -1.804291 4.608381 9.198153 1.780185 -1.824284 -6.900455 -1e-06 0.0 1e-06 11.291461 2.73133 -11.810694 -0.013873 -0.221906 14.108707 -2.200981 -6.559498 0.506747 -1.428967 1.117327 -0.082713 -0.0 -0.0 -1e-06 
0.0 0.0 0.0 0.0 -0.0 0.0 32.793831 97.87326 391.803406 -9.500931 6.440542 -4.382057 4.808342 0.37964 -0.640196 0.69015 -1.119266 -5.065361 4.236109 -2.550898 11.655591 1.632222 1.693232 6.413748 -0.552092 1.01973 -3.614429 -1.763865 0.812095 -9.631187 7.7e-05 -2.2e-05 6e-06 0.011641 -0.070487 -0.012776 0.744333 -3.814587 -10.672578 -0.720511 3.681565 -10.630152 -19.086458 -8.378732 13.152217 -52.750393 -10.687399 14.991446 -0.287969 -27.008389 0.035466 -5.190124 4.187231 -10.653038 -5.88211 9.861293 0.702591 -10.936878 -0.360574 7.15621 0.0 8.774831 1e-06 -16.431414 17.859774 5.801379 -1.844034 2.498506 -2.507278 -10.163605 4.67895 4.62111 -20.976034 -1e-06 2e-06 -21.226301 2.4517 -3.594004 0.0 -6e-06 0.0 -1.362682 2.240799 -0.746323 -21.334925 0.584912 3.008325 -13.82122 -1e-06 1e-06 -23.887184 -0.249078 -0.839486 -60.283886 2.375434 -1.279933 -0.294025 1.679689 0.833255 -14.218217 0.093216 1.300582 -34.21207 -0.287563 0.967168 -20.033226 0.964539 1.212842 -1e-06 0.0 -1e-06 -3.44039 0.788233 0.501656 -15.928196 -3.167309 2.999707 -6.33883 -1e-06 1e-06 -18.123459 3.648185 -4.905674 -2e-06 0.0 -2e-06 18.845741 10.737241 13.196694 57.033989 2.278654 5.026233 0.283649 23.983164 0.119804 4.277145 0.393502 -6.049283 2.243545 -5.255042 -3.180161 14.282907 -0.826597 6.952508 -2e-06 -12.690616 1e-06 16.100592 -17.553736 2.700188 1.665668 -1.955923 -2.878302 4.727804 -4.170592 4.993927 11.020538 2e-06 -1e-06 12.109066 -3.735719 -2.866787 -1e-06 0.0 -1e-06 1.291987 -1.928551 -1.49809 14.800144 0.567467 3.865611 14.242586 -1.341738 -6.660664 19.631989 0.143925 -0.648246 49.887909 -0.565498 -6.124531 0.353029 -1.511152 -0.03194 20.222818 3.684312 2.316632 18.787294 3e-06 -3e-06 10.751643 -0.479868 1.397905 -2e-06 -1e-06 0.0 3.27381 0.305947 -0.580112 21.486837 11.830384 2.266135 8.162938 2e-06 -1e-06 18.399105 -3.798989 -4.940581 6e-06 1e-06 -1e-06 14.641677 5.322841 -5.371131 -0.140282 -0.527126 63.13271 -0.740193 5.96935 7.963689 1.774208 -1.883603 -4.835306 0.0 0.0 2e-06 12.135322 2.031521 -9.441811 -0.074387 -0.19788 14.208598 -2.420971 -6.546961 -1.390925 -1.421022 1.133618 0.007389 -0.0 -0.0 -1e-06 
0.0 0.0 0.0 0.0 -0.0 0.0 32.596062 98.001968 394.42868 -9.117437 6.539188 -4.862546 4.624703 0.528173 -0.215459 0.586573 -0.863221 -4.845597 3.962077 -2.361448 11.781316 2.126935 1.545713 6.591608 -0.643965 0.772847 -3.585675 -1.627431 0.589707 -10.206679 7.7e-05 -2.2e-05 6e-06 0.002886 -0.110547 0.001121 0.728955 -3.851551 -10.657728 -0.723355 3.638392 -10.614418 -18.569492 -8.144692 13.136855 -52.941765 -11.248116 14.201479 -0.423082 -27.025187 0.0732 -4.44708 4.119107 -10.009595 -5.882108 9.861286 0.702591 -10.936871 -0.360573 7.156204 -1e-06 8.774824 -1e-06 -16.41227 17.92 5.853675 -1.844033 2.498504 -2.507278 -10.1636 4.678947 4.621108 -20.976023 -0.0 -0.0 -21.226288 2.451699 -3.594004 -0.0 -5e-06 0.0 -1.362682 2.2408 -0.746323 -21.334913 0.584914 3.00832 -13.821213 -1e-06 -1e-06 -23.887167 -0.249078 -0.839489 -60.268177 2.434407 -1.261853 -0.294024 1.679687 0.833256 -14.218207 0.093218 1.300578 -34.212048 -0.287561 0.967164 -20.033211 0.964537 1.212838 1e-06 -1e-06 -1e-06 -3.440389 0.788234 0.501656 -15.928185 -3.167307 2.999705 -6.338826 0.0 1e-06 -18.123449 3.648185 -4.905673 -2e-06 0.0 -2e-06 18.340132 11.212266 13.406078 56.500839 3.638239 5.596122 0.534308 23.093409 0.168189 3.783665 0.30148 -5.0246 2.243541 -5.255037 -3.180158 14.282887 -0.826595 6.952501 -1e-06 -12.690607 0.0 16.200956 -17.505707 2.60636 1.665666 -1.955922 -2.878299 4.727798 -4.170588 4.993925 11.020522 2e-06 -2e-06 12.10905 -3.735717 -2.866787 -1e-06 -0.0 -1e-06 1.291985 -1.92855 -1.498088 14.800122 0.567467 3.865607 14.242566 -1.341738 -6.660657 19.631958 0.143925 -0.648245 49.842606 -0.517475 -6.137605 0.353029 -1.511151 -0.031938 20.222786 3.684309 2.31663 18.787264 2e-06 -0.0 10.751625 -0.47987 1.397905 -3e-06 -1e-06 0.0 3.273806 0.305947 -0.58011 21.486807 11.830376 2.266135 8.162928 1e-06 0.0 18.399076 -3.798989 -4.940577 4e-06 1e-06 -1e-06 13.608688 5.396001 -9.366228 -0.139181 -0.324651 66.558258 -0.525859 6.642398 5.351753 1.796515 -1.883988 -4.447598 -0.0 0.0 1e-06 12.108152 1.524728 -7.052285 -0.075847 -0.16983 14.071918 -2.545993 -6.459528 -3.17729 -1.414113 1.137946 0.206918 -0.0 -0.0 -1e-06 
0.0 0.0 0.0 0.0 -0.0 0.0 32.485607 98.123947 396.980225 -8.554301 6.606054 -5.231635 4.41402 0.665851 0.193199 0.473625 -0.561228 -4.647628 3.570898 -2.110584 11.787551 2.422597 1.469725 6.862147 -0.71284 0.566278 -3.567016 -1.470509 0.319244 -10.382603 7.7e-05 -2.2e-05 6e-06 -0.001313 -0.115739 0.022249 0.71539 -3.852246 -10.630777 -0.719103 3.628238 -10.590747 -18.079018 -7.906274 13.113358 -53.116982 -11.394247 13.724565 -0.379463 -27.790642 0.053487 -4.017263 3.850071 -9.769295 -5.882107 9.861283 0.70259 -10.936873 -0.360575 7.156205 1e-06 8.774824 0.0 -16.395178 18.008001 5.868421 -1.844033 2.498505 -2.507277 -10.163601 4.678945 4.621108 -20.976027 -5e-06 1e-06 -21.226288 2.451694 -3.594 -0.0 -6e-06 0.0 -1.362682 2.240798 -0.746323 -21.334917 0.584908 3.008322 -13.821217 -3e-06 1e-06 -23.887177 -0.249082 -0.839484 -60.26532 2.454593 -1.310964 -0.294024 1.679687 0.833255 -14.218212 0.093214 1.30058 -34.212051 -0.287568 0.96717 -20.033216 0.964534 1.212844 1e-06 0.0 -1e-06 -3.440389 0.788233 0.501656 -15.928189 -3.16731 2.999704 -6.338827 -2e-06 1e-06 -18.123449 3.648179 -4.905669 -2e-06 0.0 -0.0 17.765667 11.700912 13.561875 56.263641 4.759061 5.922633 0.593319 22.652666 0.185286 3.456933 0.180622 -4.625812 2.243541 -5.255035 -3.180156 14.282887 -0.826593 6.952499 -4e-06 -12.690601 -0.0 16.271761 -17.535303 2.54791 1.665666 -1.955921 -2.878298 4.727797 -4.170586 4.993923 11.020525 5e-06 -3e-06 12.109052 -3.735712 -2.866782 -0.0 -0.0 -0.0 1.291986 -1.928549 -1.498088 14.800127 0.56747 3.865604 14.242571 -1.341733 -6.660656 19.631969 0.14393 -0.648244 49.811615 -0.537587 -6.218412 0.353029 -1.51115 -0.03194 20.222788 3.684312 2.316628 18.78727 8e-06 -1e-06 10.751625 -0.479866 1.397906 -1e-06 -0.0 0.0 3.273807 0.305947 -0.580112 21.486813 11.830373 2.266131 8.162929 3e-06 -1e-06 18.39908 -3.798982 -4.940575 4e-06 1e-06 -1e-06 12.277215 5.444064 -13.025933 -0.130061 -0.160366 67.051857 -1.254329 6.621629 2.786935 1.794039 -1.870766 -4.332503 0.0 0.0 2e-06 11.813914 1.184529 -4.606117 -0.041674 -0.137753 13.629203 -2.69886 -6.499407 -4.768737 -1.412668 1.120636 0.371118 -0.0 0.0 -1e-06 
0.0 0.0 0.0 0.0 -0.0 0.0 32.433277 98.194473 399.543823 -8.029324 6.713805 -5.41399 4.224898 0.76074 0.524999 0.387791 -0.25529 -4.46819 3.210103 -1.825106 11.741024 2.530554 1.46496 6.961817 -0.752644 0.356798 -3.577381 -1.337775 0.057849 -10.355721 7.7e-05 -2.2e-05 6e-06 -0.00305 -0.109376 0.03902 0.71111 -3.84334 -10.606989 -0.719565 3.631906 -10.571342 -17.88615 -7.704358 13.050074 -52.996227 -11.262712 13.552735 -0.239158 -28.873928 0.019324 -3.818696 3.471436 -9.997481 -5.882112 9.861292 0.702592 -10.93688 -0.360573 7.156209 -0.0 8.774831 -2e-06 -16.332464 18.09239 5.904318 -1.844035 2.498507 -2.507278 -10.163609 4.678949 4.621111 -20.97604 -2e-06 1e-06 -21.226303 2.4517 -3.594004 -0.0 -5e-06 1e-06 -1.362682 2.240799 -0.746323 -21.33493 0.584912 3.008325 -13.821225 -1e-06 1e-06 -23.887186 -0.249078 -0.839486 -60.295319 2.456938 -1.375841 -0.294025 1.679688 0.833256 -14.21822 0.093218 1.30058 -34.212082 -0.287562 0.967166 -20.03323 0.964538 1.212843 -0.0 -0.0 -1e-06 -3.440392 0.788234 0.501657 -15.928201 -3.16731 2.999707 -6.338831 0.0 0.0 -18.123463 3.648188 -4.905676 -2e-06 1e-06 -1e-06 17.317213 12.168642 13.536256 56.055717 5.525975 6.074081 0.569389 22.729227 0.185144 3.194801 0.26649 -4.811587 2.243543 -5.25504 -3.180157 14.282894 -0.826597 6.952501 1e-06 -12.690612 -0.0 16.276051 -17.550859 2.520928 1.665667 -1.955924 -2.878299 4.7278 -4.170591 4.993924 11.020529 1e-06 -2e-06 12.109057 -3.735721 -2.866786 0.0 -0.0 -0.0 1.291987 -1.928552 -1.498089 14.800129 0.567466 3.865606 14.242576 -1.341741 -6.660659 19.631969 0.143924 -0.648248 49.764996 -0.583227 -6.277592 0.353029 -1.511152 -0.031939 20.222792 3.684309 2.316629 18.787273 2e-06 -3e-06 10.751627 -0.47987 1.397903 -1e-06 0.0 -1e-06 3.273808 0.305947 -0.580111 21.486816 11.830379 2.266132 8.162928 1e-06 -1e-06 18.399088 -3.798989 -4.940584 4e-06 -0.0 -2e-06 11.054004 5.60618 -16.419518 -0.090256 -0.013676 64.854317 -2.538576 6.02015 0.750027 1.778457 -1.849616 -4.256462 -0.0 -1e-06 0.0 11.499158 0.888501 -2.307092 -0.016848 -0.123383 12.959389 -2.846652 -6.499057 -6.175625 -1.416755 1.083624 0.435797 -0.0 0.0 -1e-06 
0.0 0.0 0.0 0.0 -0.0 0.0 32.434723 98.212059 402.098785 -7.535079 6.819604 -5.362325 4.018909 0.8065 0.7374 0.330617 0.078239 -4.319546 2.887623 -1.554628 11.688814 2.551316 1.508223 6.869464 -0.789473 0.18711 -3.613648 -1.249467 -0.169293 -10.291923 7.7e-05 -2.3e-05 6e-06 -0.004168 -0.107329 0.048915 0.711999 -3.839995 -10.588765 -0.724009 3.632102 -10.557584 -18.011591 -7.5269 12.975104 -52.619446 -11.053598 13.449016 -0.092838 -29.767799 -0.009274 -3.610806 3.164829 -10.531145 -5.88211 9.86129 0.702592 -10.936878 -0.360574 7.15621 0.0 8.77483 0.0 -16.243753 18.142414 5.969471 -1.844033 2.498505 -2.507279 -10.163605 4.678948 4.621111 -20.976038 -3e-06 2e-06 -21.226301 2.4517 -3.594002 -0.0 -6e-06 0.0 -1.362683 2.2408 -0.746324 -21.334925 0.584911 3.008323 -13.821221 -2e-06 2e-06 -23.887182 -0.249079 -0.839485 -60.302212 2.436259 -1.351706 -0.294025 1.679689 0.833256 -14.218217 0.093216 1.300581 -34.212074 -0.287563 0.96717 -20.033226 0.964536 1.212842 -0.0 -1e-06 -1e-06 -3.44039 0.788233 0.501655 -15.928196 -3.16731 2.999708 -6.33883 0.0 1e-06 -18.123459 3.648187 -4.905673 -4e-06 0.0 -1e-06 17.071415 12.596862 13.37651 55.766781 6.094142 6.144743 0.558966 23.147444 0.179515 2.944628 0.494408 -5.181865 2.243544 -5.255041 -3.180159 14.282902 -0.826595 6.952508 -4e-06 -12.690616 1e-06 16.254698 -17.556866 2.512017 1.665668 -1.955922 -2.878303 4.727803 -4.170591 4.993927 11.020538 4e-06 -3e-06 12.109062 -3.735717 -2.866786 0.0 -0.0 1e-06 1.291987 -1.92855 -1.498092 14.800142 0.567469 3.86561 14.242584 -1.341735 -6.660666 19.631989 0.143928 -0.648247 49.756714 -0.625992 -6.269253 0.35303 -1.511151 -0.03194 20.222813 3.684313 2.316629 18.787291 4e-06 -2e-06 10.751639 -0.479867 1.397905 -1e-06 1e-06 -1e-06 3.27381 0.305947 -0.580112 21.486834 11.830386 2.266131 8.162937 3e-06 -3e-06 18.399103 -3.798985 -4.940581 4e-06 -1e-06 -2e-06 9.930499 5.873408 -19.508919 0.003679 0.138685 60.168941 -3.697216 5.442118 -0.267107 1.774392 -1.831537 -4.189651 -0.0 0.0 2e-06 11.156987 0.570486 -0.218501 -0.014556 -0.098506 12.116549 -2.985533 -6.394264 -7.534889 -1.42292 1.052179 0.430721 -0.0 0.0 -1e-06 
0.0 0.0 0.0 0.0 -0.0 0.0 32.497417 98.180115 404.61441 -7.027954 6.863569 -5.090631 3.770257 0.797971 0.839891 0.273875 0.443192 -4.225292 2.599498 -1.29726 11.643979 2.529165 1.536706 6.68783 -0.822196 0.117438 -3.65958 -1.206048 -0.369119 -10.229629 7.7e-05 -2.3e-05 6e-06 -0.003578 -0.106503 0.049223 0.708309 -3.838335 -10.580424 -0.72017 3.630721 -10.555809 -18.330132 -7.357954 12.965511 -52.152744 -10.892613 13.365479 0.084291 -30.21467 -0.07484 -3.393486 2.98716 -11.138857 -5.882111 9.861297 0.702591 -10.936878 -0.360573 7.156209 -1e-06 8.774835 -0.0 -16.174799 18.165384 6.021413 -1.844034 2.498506 -2.507279 -10.163607 4.678951 4.621112 -20.97604 -0.0 0.0 -21.226303 2.451702 -3.594008 1e-06 -6e-06 0.0 -1.362683 2.2408 -0.746324 -21.33493 0.584914 3.008323 -13.821223 -0.0 1e-06 -23.887188 -0.249076 -0.839486 -60.294514 2.399334 -1.276147 -0.294026 1.679689 0.833257 -14.218219 0.093216 1.300581 -34.212074 -0.28756 0.967167 -20.03323 0.96454 1.212842 1e-06 0.0 -1e-06 -3.440391 0.788235 0.501655 -15.928201 -3.16731 2.999709 -6.338831 0.0 2e-06 -18.123461 3.648189 -4.905676 -5e-06 -0.0 -1e-06 16.954201 13.000076 13.177561 55.484112 6.646807 6.135714 0.57371 23.676048 0.169362 2.697692 0.755988 -5.414863 2.243544 -5.25504 -3.180157 14.2829 -0.826595 6.952504 -3e-06 -12.690611 -0.0 16.218792 -17.541674 2.511693 1.665668 -1.955922 -2.8783 4.727801 -4.170589 4.993925 11.020536 4e-06 -3e-06 12.109061 -3.735716 -2.866786 -1e-06 -0.0 -0.0 1.291987 -1.92855 -1.49809 14.800139 0.567469 3.865608 14.242582 -1.341735 -6.660663 19.631981 0.143928 -0.648247 49.793922 -0.652596 -6.19962 0.353029 -1.511152 -0.031938 20.222803 3.684313 2.316629 18.787287 6e-06 -1e-06 10.751636 -0.479868 1.397905 -1e-06 1e-06 0.0 3.273809 0.305947 -0.580111 21.486828 11.830383 2.266131 8.162933 2e-06 -1e-06 18.399096 -3.798985 -4.94058 4e-06 -0.0 -2e-06 8.82901 6.165007 -22.164772 0.123031 0.261359 53.314823 -4.307505 5.279387 -0.041945 1.776739 -1.840556 -4.184297 0.0 1e-06 3e-06 10.727496 0.189254 1.694117 -0.028918 -0.036059 11.186604 -3.097669 -6.149916 -8.64445 -1.428256 1.02872 0.427482 0.0 0.0 -1e-06 
0.0 0.0 0.0 0.0 -0.0 0.0 32.660973 98.107834 407.108887 -6.500558 6.853577 -4.624397 3.485424 0.727061 0.821909 0.191621 0.783379 -4.194575 2.353495 -1.030253 11.604126 2.448039 1.556636 6.498053 -0.844321 0.144312 -3.699178 -1.161598 -0.549199 -10.11456 7.7e-05 -2.3e-05 6e-06 -4.2e-05 -0.091543 0.037627 0.700196 -3.823211 -10.592954 -0.705666 3.64409 -10.576494 -18.744312 -7.197936 12.998004 -51.733017 -10.698382 13.276687 0.286042 -30.23595 -0.167758 -3.226437 2.972304 -11.720225 -5.882111 9.861293 0.702591 -10.936878 -0.360574 7.156211 0.0 8.774833 0.0 -16.164927 18.155682 6.013013 -1.844034 2.498507 -2.507279 -10.163605 4.678948 4.621111 -20.976038 -3e-06 1e-06 -21.226303 2.451699 -3.594003 2e-06 -6e-06 1e-06 -1.362683 2.2408 -0.746323 -21.33493 0.58491 3.008324 -13.821221 -3e-06 1e-06 -23.887184 -0.249079 -0.839485 -60.31131 2.375526 -1.239417 -0.294025 1.679688 0.833257 -14.218219 0.093215 1.30058 -34.212078 -0.287565 0.967167 -20.03323 0.964536 1.212843 1e-06 -1e-06 -1e-06 -3.440391 0.788236 0.501656 -15.9282 -3.167312 2.999709 -6.338831 -2e-06 0.0 -18.123459 3.648184 -4.905676 -5e-06 0.0 -1e-06 16.865749 13.394629 13.003766 55.378307 7.246709 6.088356 0.573443 24.153563 0.164333 2.468948 0.973261 -5.477838 2.243543 -5.255038 -3.180159 14.2829 -0.826597 6.952507 -1e-06 -12.69061 0.0 16.15748 -17.524397 2.521609 1.665667 -1.955923 -2.8783 4.727802 -4.17059 4.993927 11.020534 2e-06 -1e-06 12.109058 -3.735718 -2.866785 -1e-06 -0.0 0.0 1.291986 -1.92855 -1.49809 14.800138 0.567466 3.865611 14.242582 -1.341737 -6.660663 19.631979 0.143925 -0.648247 49.812241 -0.663271 -6.133019 0.35303 -1.511152 -0.03194 20.222803 3.68431 2.31663 18.787287 3e-06 -1e-06 10.751635 -0.479869 1.397908 -0.0 1e-06 1e-06 3.273809 0.305946 -0.580111 21.486828 11.83038 2.266135 8.162933 2e-06 -1e-06 18.399096 -3.798988 -4.940578 4e-06 -0.0 -0.0 7.748002 6.404956 -24.157038 0.212275 0.335741 44.763577 -4.318484 5.612094 1.442901 1.77002 -1.871362 -4.241538 0.0 -0.0 1e-06 10.196375 -0.225778 3.491574 -0.047856 0.050088 10.080409 -3.139598 -5.7997 -9.816502 -1.431799 1.012473 0.409427 0.0 0.0 -1e-06 
0.0 0.0 0.0 0.0 -0.0 0.0 32.939587 97.997383 409.635345 -5.975467 6.822051 -4.003054 3.177831 0.6255 0.683779 0.083617 1.010415 -4.22494 2.152963 -0.720478 11.554009 2.329193 1.597682 6.342329 -0.841841 0.169464 -3.714946 -1.113501 -0.686125 -9.926533 7.7e-05 -2.2e-05 6e-06 0.006152 -0.064044 0.027029 0.696126 -3.796359 -10.619695 -0.689697 3.671659 -10.604994 -19.136986 -7.078155 13.035213 -51.471554 -10.349769 13.128984 0.42744 -29.99159 -0.22973 -3.124608 3.162444 -12.258122 -5.882106 9.861286 0.702591 -10.93687 -0.360574 7.156204 0.0 8.774826 -0.0 -16.159136 18.121601 5.985007 -1.844032 2.498505 -2.507277 -10.163599 4.678946 4.621108 -20.976021 -2e-06 2e-06 -21.226286 2.451699 -3.594002 1e-06 -6e-06 -0.0 -1.362682 2.240798 -0.746323 -21.334913 0.58491 3.008322 -13.821213 -1e-06 0.0 -23.887171 -0.249079 -0.839486 -60.347446 2.378316 -1.26879 -0.294024 1.679688 0.833256 -14.218207 0.093216 1.30058 -34.212048 -0.287562 0.967169 -20.033211 0.964537 1.212844 1e-06 0.0 -1e-06 -3.440388 0.788234 0.501655 -15.928185 -3.167308 2.999707 -6.338826 -0.0 1e-06 -18.123444 3.648183 -4.905672 -3e-06 1e-06 -2e-06 16.724026 13.725661 12.796165 55.595543 7.797363 6.038846 0.529429 24.625822 0.16041 2.274041 1.126578 -5.532914 2.243542 -5.255038 -3.180159 14.282894 -0.826597 6.952503 0.0 -12.690609 -1e-06 16.08773 -17.543539 2.557773 1.665666 -1.955924 -2.878299 4.727801 -4.17059 4.993925 11.020528 1e-06 -2e-06 12.109055 -3.735718 -2.866786 -1e-06 -0.0 0.0 1.291986 -1.92855 -1.498091 14.800131 0.567465 3.865609 14.242573 -1.34174 -6.660659 19.631971 0.143924 -0.648245 49.811226 -0.670495 -6.10116 0.353029 -1.511152 -0.031941 20.222797 3.684308 2.316631 18.787275 2e-06 -1e-06 10.751633 -0.479869 1.397905 -1e-06 2e-06 -0.0 3.273807 0.305947 -0.580113 21.486814 11.830373 2.266134 8.162928 2e-06 -1e-06 18.399088 -3.798986 -4.940577 4e-06 -0.0 -1e-06 6.702487 6.61451 -25.273621 0.247652 0.4034 34.629375 -3.86813 6.27496 3.899991 1.755025 -1.87912 -4.126223 -0.0 -0.0 2e-06 9.568959 -0.724324 5.375673 -0.065253 0.125609 8.499767 -3.135201 -5.315474 -10.756604 -1.434333 1.016345 0.381276 0.0 0.0 -1e-06 
0.0 0.0 0.0 0.0 -0.0 0.0 33.321297 97.821098 412.271393 -5.491386 6.749563 -3.272388 2.861999 0.548402 0.407447 -0.014447 1.114486 -4.320945 1.995582 -0.439753 11.514906 2.194765 1.671825 6.199041 -0.833702 0.12203 -3.715779 -1.065157 -0.690612 -9.654276 7.7e-05 -2.2e-05 6e-06 0.012513 -0.041133 0.02608 0.699715 -3.775599 -10.647088 -0.681048 3.696015 -10.626514 -19.453615 -6.942553 13.035327 -51.394608 -9.776684 13.029726 0.459906 -29.630468 -0.230368 -3.140267 3.517905 -12.682262 -5.882109 9.861288 0.70259 -10.936873 -0.360574 7.156205 -0.0 8.774826 -1e-06 -16.102505 18.03928 6.014184 -1.844033 2.498504 -2.507278 -10.163602 4.678947 4.621109 -20.976028 -1e-06 1e-06 -21.226294 2.451699 -3.594003 0.0 -6e-06 -0.0 -1.362682 2.240798 -0.746324 -21.334919 0.584912 3.008321 -13.821217 -1e-06 -0.0 -23.887175 -0.249078 -0.839486 -60.375977 2.395323 -1.266753 -0.294025 1.679686 0.833256 -14.21821 0.093214 1.30058 -34.212051 -0.287563 0.967167 -20.033218 0.964536 1.212842 1e-06 -0.0 0.0 -3.440389 0.788233 0.501655 -15.928189 -3.167309 2.999707 -6.338828 0.0 0.0 -18.123447 3.648185 -4.905673 -4e-06 0.0 -2e-06 16.525965 13.971634 12.549807 56.146519 8.18694 6.004388 0.376098 25.265617 0.102254 2.110654 1.268924 -5.715247 2.243542 -5.255037 -3.180159 14.282894 -0.826594 6.952502 -2e-06 -12.690606 1e-06 16.038734 -17.592093 2.634873 1.665667 -1.955922 -2.878299 4.727799 -4.170587 4.993925 11.020527 2e-06 -0.0 12.109053 -3.735717 -2.866784 -1e-06 -0.0 -1e-06 1.291985 -1.928549 -1.498091 14.800132 0.567468 3.865607 14.242576 -1.341736 -6.66066 19.631969 0.143926 -0.648247 49.837921 -0.691703 -6.086009 0.353028 -1.51115 -0.031939 20.222795 3.68431 2.316629 18.787279 4e-06 -1e-06 10.751633 -0.479868 1.397905 1e-06 1e-06 -1e-06 3.273808 0.305946 -0.58011 21.486818 11.830378 2.266132 8.162929 2e-06 -0.0 18.399086 -3.798984 -4.940578 5e-06 0.0 -1e-06 5.734015 6.771744 -25.480309 0.202471 0.458197 23.109161 -3.239405 6.864571 6.74308 1.744116 -1.853761 -3.859276 0.0 -1e-06 2e-06 8.853367 -1.382208 7.580696 -0.084129 0.167551 6.24352 -3.121064 -4.597494 -11.452967 -1.438569 1.024688 0.335948 0.0 0.0 -1e-06 
0.0 0.0 0.0 0.0 -0.0 0.0 33.790665 97.581993 415.105713 -5.085454 6.687596 -2.478684 2.542029 0.472695 -0.04678 -0.060049 1.148212 -4.491222 1.899872 -0.305871 11.494228 1.989713 1.793333 6.07936 -0.841057 0.08733 -3.712765 -1.015321 -0.532094 -9.291831 7.7e-05 -2.2e-05 6e-06 0.014332 -0.035324 0.031227 0.705383 -3.772783 -10.658499 -0.683684 3.703834 -10.636597 -19.810886 -6.676337 13.042711 -51.361839 -8.996878 12.982896 0.399195 -29.250568 -0.194728 -3.355453 3.812252 -12.984757 -5.882112 9.861293 0.702591 -10.93688 -0.360574 7.156209 -0.0 8.774831 -1e-06 -15.988582 17.954422 6.108601 -1.844034 2.498507 -2.507279 -10.163608 4.67895 4.62111 -20.976038 -2e-06 -0.0 -21.226307 2.451699 -3.594005 1e-06 -6e-06 -0.0 -1.362683 2.240799 -0.746323 -21.334929 0.584911 3.008322 -13.821222 -1e-06 -1e-06 -23.887184 -0.249079 -0.839487 -60.418869 2.427586 -1.198923 -0.294026 1.679689 0.833256 -14.21822 0.093217 1.30058 -34.212074 -0.287563 0.967166 -20.033232 0.964536 1.212841 -1e-06 0.0 -1e-06 -3.44039 0.788233 0.501656 -15.928196 -3.167311 2.999707 -6.33883 -0.0 1e-06 -18.123459 3.648187 -4.905676 -3e-06 0.0 -1e-06 16.426073 14.153836 12.408703 56.772137 8.335195 6.147782 0.126301 26.165335 -0.039831 2.07318 1.420203 -5.942248 2.243544 -5.255041 -3.180158 14.282897 -0.826594 6.952505 -2e-06 -12.690612 -0.0 16.016495 -17.630852 2.722377 1.665667 -1.955923 -2.878302 4.727799 -4.170589 4.993924 11.020531 3e-06 -3e-06 12.109056 -3.735718 -2.866785 0.0 -0.0 -0.0 1.291986 -1.928551 -1.498089 14.800136 0.567469 3.865609 14.242579 -1.341737 -6.660659 19.631973 0.143927 -0.648245 49.906685 -0.712221 -6.065737 0.353029 -1.511152 -0.031938 20.222801 3.684312 2.31663 18.787283 5e-06 -1e-06 10.751634 -0.479868 1.397905 2e-06 1e-06 -0.0 3.273808 0.305947 -0.580112 21.486824 11.830382 2.266133 8.16293 4e-06 -2e-06 18.39909 -3.798984 -4.940578 5e-06 0.0 -1e-06 4.919191 6.736288 -25.043085 0.086191 0.405066 11.64106 -2.940651 6.864174 9.142945 1.731151 -1.835382 -3.773117 -0.0 1e-06 2e-06 8.102856 -2.109826 10.179692 -0.094789 0.119527 3.260271 -3.027877 -3.798047 -11.643317 -1.445436 1.003732 0.169517 0.0 0.0 -1e-06 
0.0 0.0 0.0 0.0 -0.0 0.0 34.34634 97.221413 418.0755 -4.750566 6.512421 -1.682909 2.214481 0.374588 -0.642121 -0.060229 1.190586 -4.753536 1.951136 -0.30582 11.510937 1.570716 1.989497 6.025058 -0.813769 0.176801 -3.711091 -0.974917 -0.305429 -8.806341 7.7e-05 -2.2e-05 6e-06 0.010507 -0.058723 0.029051 0.69211 -3.794979 -10.64955 -0.678673 3.678721 -10.631384 -20.387482 -6.291219 13.080096 -51.283043 -8.01432 12.973175 0.352087 -28.775564 -0.202793 -3.835135 3.949267 -13.188203 -5.882104 9.861281 0.70259 -10.936869 -0.360575 7.156203 1e-06 8.774821 -1e-06 -15.948456 17.950932 6.106711 -1.844032 2.498503 -2.507277 -10.163595 4.678942 4.621108 -20.976017 -5e-06 2e-06 -21.226278 2.451694 -3.593998 1e-06 -6e-06 -1e-06 -1.362681 2.240797 -0.746324 -21.334911 0.584907 3.008321 -13.821213 -4e-06 1e-06 -23.887167 -0.249081 -0.839482 -60.432777 2.458375 -1.226169 -0.294025 1.679687 0.833255 -14.218204 0.093214 1.300579 -34.212036 -0.287567 0.967169 -20.033207 0.964534 1.212843 0.0 0.0 -0.0 -3.440387 0.788233 0.501655 -15.928183 -3.167308 2.999705 -6.338825 -1e-06 -0.0 -18.123444 3.64818 -4.905669 -3e-06 1e-06 -1e-06 16.594137 14.274733 12.407299 57.068302 8.248757 6.687931 -0.029168 27.188591 -0.136014 2.373769 1.665628 -6.036782 2.243541 -5.255037 -3.18016 14.282894 -0.826594 6.952504 -4e-06 -12.690605 -1e-06 16.011112 -17.651361 2.739152 1.665665 -1.955922 -2.878299 4.727799 -4.170588 4.993926 11.020527 3e-06 -0.0 12.109053 -3.735713 -2.866783 0.0 0.0 -1e-06 1.291986 -1.92855 -1.498089 14.800129 0.567469 3.865608 14.242571 -1.341735 -6.660653 19.631968 0.143926 -0.648244 49.945705 -0.677498 -6.081802 0.353029 -1.511152 -0.03194 20.222794 3.684311 2.316631 18.787273 7e-06 1e-06 10.751631 -0.479868 1.397908 1e-06 0.0 -1e-06 3.273807 0.305948 -0.580111 21.486818 11.830377 2.266135 8.162928 3e-06 1e-06 18.399082 -3.798983 -4.940571 5e-06 1e-06 0.0 4.235118 6.450823 -24.358126 0.013602 0.318882 2.283141 -3.265236 6.901225 10.241241 1.702108 -1.88364 -3.943632 0.0 0.0 2e-06 7.337232 -2.721806 11.715262 -0.098831 0.012241 2.576704 -2.677977 -2.990607 -12.490636 -1.453865 0.948063 -0.084582 0.0 -0.0 -1e-06 
0.0 0.0 0.0 0.0 -0.0 0.0 35.005165 96.729736 421.030426 -4.257477 6.196241 -1.091876 1.841604 0.351163 -1.129912 -0.101957 1.272353 -4.9506 1.969508 -0.337741 11.433403 1.067624 2.199653 6.015275 -0.73622 0.269544 -3.690032 -0.847811 -0.044315 -8.399018 7.7e-05 -2.2e-05 6e-06 0.005882 -0.073919 0.028682 0.682615 -3.804441 -10.627525 -0.678715 3.65836 -10.606421 -20.935665 -5.927183 13.013818 -51.305565 -6.812172 12.922663 0.262479 -28.259674 -0.201791 -4.490977 4.298754 -13.157499 -5.882106 9.861288 0.702589 -10.936871 -0.360575 7.156205 0.0 8.774826 -0.0 -16.02046 17.97876 6.017454 -1.844032 2.498505 -2.507277 -10.163598 4.678946 4.621108 -20.976021 -4e-06 -1e-06 -21.226286 2.451697 -3.594003 1e-06 -6e-06 0.0 -1.362682 2.240799 -0.746324 -21.334911 0.58491 3.008322 -13.821213 -3e-06 0.0 -23.887163 -0.249079 -0.839485 -60.448063 2.451465 -1.311144 -0.294025 1.679688 0.833255 -14.218207 0.093215 1.30058 -34.212048 -0.287564 0.967168 -20.033211 0.964537 1.212842 -1e-06 -0.0 1e-06 -3.440388 0.788233 0.501655 -15.928183 -3.16731 2.999707 -6.338825 -0.0 0.0 -18.123444 3.648183 -4.905673 -3e-06 1e-06 -3e-06 16.898895 14.229763 12.503248 57.21748 8.095478 7.492615 -0.040671 28.018816 -0.104833 2.856581 2.060694 -5.722237 2.243541 -5.255037 -3.180158 14.282891 -0.826598 6.952506 1e-06 -12.690603 -1e-06 16.01849 -17.635265 2.698256 1.665666 -1.955921 -2.8783 4.7278 -4.170586 4.993924 11.020527 2e-06 -0.0 12.109052 -3.735717 -2.866783 0.0 -0.0 -1e-06 1.291985 -1.92855 -1.498091 14.800129 0.567466 3.86561 14.242571 -1.341739 -6.660658 19.631969 0.143923 -0.648246 49.845825 -0.637803 -6.164106 0.353029 -1.511151 -0.031941 20.22279 3.684306 2.316632 18.787271 2e-06 -2e-06 10.751629 -0.47987 1.397905 1e-06 1e-06 -1e-06 3.273807 0.305947 -0.580109 21.486813 11.830368 2.266134 8.162927 -0.0 -1e-06 18.399086 -3.798988 -4.940578 5e-06 1e-06 -1e-06 3.4683 6.046241 -24.494741 0.022656 0.268638 -0.784062 -3.977971 7.350218 10.406706 1.689001 -1.925387 -4.113824 0.0 -0.0 3e-06 6.348845 -3.013682 13.274721 -0.100153 -0.011862 2.55118 -2.250623 -2.375695 -13.682582 -1.459931 0.923351 -0.312462 0.0 0.0 -1e-06 
0.0 0.0 0.0 0.0 -0.0 0.0 35.793137 96.360664 424.09024 -3.134457 5.829691 -0.642771 1.117485 0.366484 -1.547654 -0.200791 1.421618 -5.121464 1.71566 -0.39063 11.354119 0.727777 2.365953 5.955268 -0.703144 0.546784 -3.56568 -0.705239 0.068131 -8.029194 7.7e-05 -2.2e-05 6e-06 0.008721 -0.005211 0.040998 0.696881 -3.742523 -10.639627 -0.686613 3.734848 -10.609055 -21.536871 -5.590394 12.662507 -51.262707 -5.436684 13.051312 0.229713 -27.54686 -0.219865 -5.106563 4.88199 -12.962231 -5.882111 9.861292 0.702592 -10.936881 -0.360574 7.156212 1e-06 8.774831 2e-06 -16.107101 18.046087 5.99194 -1.844034 2.498506 -2.50728 -10.163607 4.678948 4.621113 -20.97604 -3e-06 2e-06 -21.226305 2.451698 -3.594002 1e-06 -6e-06 -1e-06 -1.362682 2.240799 -0.746324 -21.334932 0.58491 3.008326 -13.821223 -2e-06 1e-06 -23.88719 -0.249078 -0.839484 -60.551689 2.462916 -1.352026 -0.294025 1.679688 0.833256 -14.218221 0.093215 1.300581 -34.212078 -0.287564 0.967171 -20.033232 0.964537 1.212843 -1e-06 -0.0 -0.0 -3.440391 0.788233 0.501656 -15.928201 -3.16731 2.999708 -6.338832 -1e-06 0.0 -18.123463 3.648185 -4.905675 -4e-06 -0.0 -2e-06 17.518946 14.071615 12.720301 57.220097 7.910091 8.459001 -0.141308 28.339939 -0.103129 3.121021 2.545819 -5.056391 2.243542 -5.255039 -3.18016 14.2829 -0.826595 6.952506 -5e-06 -12.690614 3e-06 15.947706 -17.600018 2.694198 1.665668 -1.955922 -2.8783 4.727802 -4.170589 4.993929 11.020535 6e-06 -2e-06 12.109059 -3.735717 -2.866782 1e-06 -0.0 -0.0 1.291986 -1.928549 -1.49809 14.80014 0.56747 3.865611 14.242581 -1.341734 -6.66066 19.631983 0.143928 -0.648247 49.749104 -0.713283 -6.245956 0.353029 -1.511151 -0.031939 20.222807 3.684314 2.316633 18.787287 8e-06 0.0 10.751634 -0.479869 1.397908 -1e-06 1e-06 -2e-06 3.273809 0.305947 -0.580112 21.486828 11.830386 2.266133 8.162934 3e-06 -0.0 18.399094 -3.798987 -4.940574 5e-06 1e-06 -1e-06 2.158797 5.711435 -24.521078 0.001058 0.179298 0.604487 -3.961736 6.985552 12.102724 1.706424 -1.947647 -4.149085 0.0 -0.0 3e-06 4.61785 -3.098507 14.796323 -0.072178 0.027521 3.050497 -1.855432 -1.874207 -14.485435 -1.481332 0.923071 -0.740025 0.0 0.0 -1e-06 
0.0 0.0 0.0 0.0 -0.0 0.0 36.747162 96.248474 427.235046 -1.39663 5.45031 -0.039191 0.114728 0.330309 -2.182616 -0.328815 1.560758 -5.40787 1.198743 -0.281563 11.48961 0.320411 2.535821 5.703797 -0.663176 0.726432 -3.594592 -0.442564 0.11417 -7.380972 7.7e-05 -2.2e-05 6e-06 0.015729 -0.048835 0.021065 0.696332 -3.795279 -10.681679 -0.671937 3.702214 -10.644947 -22.757654 -5.229312 12.153141 -50.527718 -3.994033 13.324574 0.298424 -26.732536 -0.238516 -5.699428 5.262643 -13.28032 -5.882108 9.861288 0.70259 -10.936877 -0.360576 7.156208 0.0 8.774828 -0.0 -16.122305 18.130989 6.148962 -1.844033 2.498505 -2.507278 -10.163604 4.678946 4.62111 -20.97603 -5e-06 2e-06 -21.226294 2.451697 -3.594 1e-06 -6e-06 -0.0 -1.362682 2.240798 -0.746323 -21.334921 0.584908 3.008324 -13.821218 -3e-06 3e-06 -23.887177 -0.249079 -0.839482 -60.671246 2.452362 -1.13421 -0.294025 1.679688 0.833256 -14.218215 0.093214 1.300581 -34.212067 -0.287566 0.967172 -20.033222 0.964536 1.212845 -0.0 -0.0 -0.0 -3.44039 0.788234 0.501656 -15.928192 -3.167311 2.999709 -6.338829 -1e-06 1e-06 -18.123455 3.648183 -4.905672 -4e-06 0.0 -2e-06 18.570303 13.816503 12.843363 56.908062 7.312611 8.794912 -0.093783 28.331825 -0.125301 3.174357 2.878281 -3.906651 2.243543 -5.255038 -3.180161 14.282894 -0.826595 6.952503 -3e-06 -12.690609 -0.0 15.88081 -17.62409 2.6937 1.665668 -1.955924 -2.878301 4.7278 -4.170589 4.993925 11.020531 4e-06 -3e-06 12.109058 -3.735717 -2.866786 1e-06 -0.0 -0.0 1.291987 -1.92855 -1.49809 14.800136 0.567469 3.865606 14.242579 -1.341739 -6.660661 19.631977 0.143926 -0.648246 49.68438 -0.697433 -6.222032 0.353029 -1.511151 -0.03194 20.222797 3.684311 2.316627 18.787279 7e-06 -4e-06 10.751633 -0.479869 1.397905 1e-06 1e-06 -2e-06 3.273808 0.305947 -0.580113 21.48682 11.830379 2.266132 8.16293 2e-06 -3e-06 18.399086 -3.798985 -4.940577 5e-06 1e-06 -1e-06 0.362653 4.975758 -24.92079 -0.002009 0.13926 3.903675 -2.824833 5.820681 15.911734 1.751695 -1.925791 -3.658247 0.0 0.0 2e-06 2.088847 -3.229871 16.073711 -0.077755 0.147579 3.985457 -1.242149 -1.187967 -14.16836 -1.478371 0.958955 -1.532384 0.0 -0.0 -1e-06 
0.0 0.0 0.0 0.0 -0.0 0.0 37.794388 96.259453 430.422028 0.529076 5.294676 0.456317 -0.630981 0.293411 -2.705467 -0.443274 1.684399 -5.752809 0.163161 -0.086866 11.646531 0.187948 2.734582 5.527807 -0.679371 0.825164 -3.694272 -0.276968 -0.150362 -7.011341 7.7e-05 -2.2e-05 6e-06 0.028767 -0.014673 0.008779 0.718531 -3.762322 -10.726835 -0.669188 3.737418 -10.68292 -23.507853 -4.988915 11.959352 -50.167431 -3.220959 13.591113 0.301389 -25.554239 -0.242799 -6.080738 5.384086 -13.726841 -5.882107 9.861286 0.702591 -10.936872 -0.360574 7.156206 -0.0 8.774826 -1e-06 -16.222446 18.069588 6.128551 -1.844032 2.498504 -2.507278 -10.1636 4.678946 4.62111 -20.976023 -3e-06 2e-06 -21.226288 2.451699 -3.594 0.0 -6e-06 -1e-06 -1.362682 2.240798 -0.746323 -21.334915 0.584911 3.008325 -13.821214 -2e-06 3e-06 -23.887171 -0.249077 -0.839483 -60.688759 2.205973 -1.047078 -0.294025 1.679687 0.833256 -14.21821 0.093215 1.300581 -34.212051 -0.287562 0.967172 -20.033215 0.964538 1.212844 -0.0 -0.0 -0.0 -3.440389 0.788234 0.501656 -15.928187 -3.167309 2.999708 -6.338825 -1e-06 2e-06 -18.123444 3.648184 -4.90567 -5e-06 0.0 -2e-06 19.256155 13.459059 13.01875 57.241745 6.687425 8.543903 -0.05625 27.848623 -0.168206 2.885117 3.10671 -3.127188 2.243543 -5.255038 -3.180159 14.282896 -0.826597 6.952507 -1e-06 -12.690608 1e-06 15.827341 -17.444738 2.653101 1.665667 -1.955923 -2.878298 4.727801 -4.170589 4.993925 11.020529 1e-06 0.0 12.109056 -3.735719 -2.866785 1e-06 0.0 -0.0 1.291987 -1.92855 -1.498089 14.800134 0.567466 3.86561 14.242578 -1.34174 -6.66066 19.631973 0.143923 -0.648246 49.785854 -0.636641 -6.083337 0.35303 -1.511152 -0.031942 20.222801 3.684307 2.316632 18.787283 3e-06 -1e-06 10.751633 -0.47987 1.397907 -0.0 1e-06 -2e-06 3.273808 0.305947 -0.58011 21.48682 11.830379 2.266135 8.16293 1e-06 -1e-06 18.39909 -3.798988 -4.940577 4e-06 1e-06 -1e-06 -1.551764 3.487255 -25.435255 0.039806 0.106931 8.162387 -1.543966 5.73959 16.346678 1.690631 -1.887374 -2.420809 0.0 0.0 2e-06 -0.761767 -3.474895 16.968483 -0.070679 0.196403 5.872704 -0.433228 -0.549712 -12.974764 -1.48809 0.958912 -3.261352 0.0 0.0 -1e-06 
0.0 0.0 0.0 0.0 -0.0 0.0 38.939732 96.598793 433.767792 2.126173 5.170223 0.808779 -0.938504 0.253187 -3.062778 -0.555841 1.933203 -5.959307 -0.852056 0.148313 11.490206 -0.114621 2.718282 5.698743 -0.733031 0.730352 -3.689033 -0.195536 -0.228658 -7.110034 7.7e-05 -2.2e-05 6e-06 0.038038 -0.001101 0.010235 0.742507 -3.756444 -10.750359 -0.67459 3.758086 -10.711344 -23.348543 -4.755738 11.988822 -50.818359 -3.167221 14.126873 0.365583 -24.269688 -0.158136 -6.60856 5.619474 -13.919504 -5.88211 9.86129 0.702591 -10.93688 -0.360576 7.156209 1e-06 8.77483 -2e-06 -16.216961 17.960979 6.058592 -1.844033 2.498505 -2.507279 -10.163608 4.678947 4.621111 -20.97604 -5e-06 5e-06 -21.226301 2.451699 -3.594 -0.0 -6e-06 -0.0 -1.362682 2.240799 -0.746323 -21.334929 0.584908 3.008326 -13.821225 -4e-06 3e-06 -23.887184 -0.249079 -0.83948 -60.606129 1.993508 -1.177989 -0.294025 1.679688 0.833256 -14.218219 0.093213 1.300582 -34.212082 -0.287566 0.967174 -20.033232 0.964536 1.212847 -0.0 -0.0 -0.0 -3.440391 0.788233 0.501656 -15.928198 -3.167312 2.999709 -6.33883 -1e-06 2e-06 -18.123457 3.648184 -4.905672 -4e-06 -0.0 -2e-06 18.742523 13.125341 13.104237 58.742558 6.054658 8.199817 -0.043964 26.864916 -0.108706 2.428957 3.039766 -2.733771 2.243542 -5.255037 -3.180158 14.282897 -0.826594 6.952506 -3e-06 -12.69061 2e-06 15.914021 -17.591803 2.56123 1.665667 -1.955921 -2.878299 4.727801 -4.170589 4.993927 11.020531 3e-06 -2e-06 12.109058 -3.735717 -2.866784 -0.0 0.0 -1e-06 1.291987 -1.92855 -1.49809 14.800136 0.567469 3.865608 14.242579 -1.341737 -6.660659 19.631983 0.143927 -0.648246 49.954025 -0.671859 -6.230949 0.353029 -1.511152 -0.031939 20.222803 3.684312 2.316632 18.787287 7e-06 -2e-06 10.751634 -0.479867 1.397905 -0.0 1e-06 -1e-06 3.273808 0.305948 -0.580113 21.486822 11.830379 2.266132 8.162932 1e-06 -0.0 18.399092 -3.798985 -4.940578 4e-06 1e-06 -1e-06 -3.341241 2.194477 -25.55707 0.108704 0.125588 12.572956 -0.8181 6.044393 12.018538 1.689579 -1.86384 -1.982501 0.0 -0.0 2e-06 -3.286739 -3.6584 16.554979 -0.122497 0.304875 10.19071 0.49205 -0.268054 -9.62894 -1.500047 0.986029 -6.359709 0.0 0.0 -1e-06 
0.0 0.0 0.0 0.0 -0.0 0.0 40.098553 96.981606 437.054108 3.326128 4.770589 0.934569 -1.144397 0.336074 -3.28494 -0.582102 2.22614 -6.040654 -1.541853 0.267553 11.11402 -0.506957 2.851064 6.189149 -0.736618 0.392052 -3.673464 -0.209562 -0.310054 -7.09952 7.7e-05 -2.2e-05 6e-06 0.040169 0.017389 0.025231 0.749852 -3.73453 -10.720355 -0.677753 3.773016 -10.687376 -22.722162 -4.598842 12.344778 -52.114021 -3.46465 14.247139 0.404989 -23.408808 -0.100102 -7.215108 6.184739 -13.809967 -5.88211 9.861292 0.70259 -10.936877 -0.360575 7.156208 0.0 8.77483 -2e-06 -16.214674 17.910652 6.073193 -1.844033 2.498506 -2.507278 -10.163604 4.678948 4.621109 -20.976032 -3e-06 1e-06 -21.226297 2.451699 -3.594004 1e-06 -6e-06 -0.0 -1.362682 2.2408 -0.746324 -21.334925 0.58491 3.008323 -13.82122 -2e-06 1e-06 -23.887182 -0.249078 -0.839485 -60.688396 1.950236 -1.218625 -0.294025 1.679688 0.833256 -14.218214 0.093215 1.30058 -34.21207 -0.287564 0.967169 -20.033222 0.964537 1.212843 -0.0 -0.0 0.0 -3.44039 0.788234 0.501656 -15.928194 -3.167311 2.999709 -6.338829 -1e-06 1e-06 -18.123453 3.648185 -4.905674 -4e-06 -0.0 -2e-06 17.509745 13.071003 13.295753 60.377991 5.438897 8.303075 -0.020438 25.665037 -0.078713 2.665375 2.495745 -2.01993 2.243543 -5.25504 -3.180158 14.282896 -0.826596 6.952504 -1e-06 -12.690616 -1e-06 16.07601 -17.58143 2.440718 1.665667 -1.955922 -2.878298 4.727801 -4.170592 4.993927 11.020531 2e-06 -1e-06 12.109057 -3.735719 -2.866787 -0.0 -1e-06 -1e-06 1.291987 -1.928551 -1.498088 14.800136 0.567467 3.865608 14.242578 -1.34174 -6.66066 19.631975 0.143926 -0.648245 49.904961 -0.640731 -6.283617 0.353029 -1.511152 -0.03194 20.222801 3.684311 2.316631 18.787283 3e-06 -3e-06 10.751634 -0.47987 1.397905 -1e-06 0.0 -0.0 3.273808 0.305947 -0.58011 21.486824 11.830384 2.266131 8.16293 2e-06 -0.0 18.399092 -3.798988 -4.940578 4e-06 1e-06 -0.0 -4.820451 1.432058 -24.440472 0.040382 0.137109 15.018632 -0.153103 6.510912 8.435266 1.688928 -1.801856 -1.527381 0.0 -0.0 2e-06 -5.642494 -3.909847 14.857296 -0.085736 0.452465 16.843605 1.399538 0.67435 -5.375107 -1.526689 0.945439 -11.572633 0.0 -0.0 -1e-06 
0.0 0.0 0.0 0.0 -0.0 0.0 41.227947 97.372635 440.171112 4.388638 4.327892 0.790555 -1.488418 0.387453 -3.326935 -0.648324 2.401664 -6.050078 -1.914121 0.381227 10.846147 -0.786022 2.89304 6.575714 -0.772093 0.238058 -3.649172 -0.117818 -0.2974 -7.009614 7.7e-05 -2.2e-05 6e-06 0.045894 0.023278 0.036891 0.748947 -3.723554 -10.687183 -0.665333 3.772635 -10.664873 -22.393726 -4.486188 12.488964 -52.860729 -3.428159 14.704789 0.519846 -23.667366 -0.115887 -7.696617 6.4213 -13.65089 -5.882111 9.861295 0.702591 -10.93688 -0.360575 7.156211 -0.0 8.774833 -1e-06 -16.286366 17.962238 6.04234 -1.844034 2.498507 -2.507279 -10.163608 4.678949 4.621111 -20.97604 -3e-06 2e-06 -21.226303 2.4517 -3.594004 -0.0 -6e-06 -0.0 -1.362682 2.2408 -0.746324 -21.33493 0.58491 3.008325 -13.821224 -2e-06 1e-06 -23.887186 -0.249078 -0.839484 -60.687469 2.00549 -1.289594 -0.294025 1.679689 0.833256 -14.21822 0.093216 1.300581 -34.212082 -0.287563 0.96717 -20.03323 0.964538 1.212844 -0.0 -0.0 -0.0 -3.440392 0.788234 0.501655 -15.928201 -3.167312 2.999709 -6.338831 -1e-06 1e-06 -18.123463 3.648187 -4.905676 -4e-06 0.0 -2e-06 16.504185 13.134016 13.429909 61.237789 4.799222 8.771429 0.144733 24.935966 0.008601 3.518398 1.431458 -0.420261 2.243545 -5.255041 -3.180157 14.282905 -0.826595 6.952506 -3e-06 -12.690615 -2e-06 16.201334 -17.640383 2.391525 1.665668 -1.955922 -2.8783 4.727803 -4.170592 4.993926 11.020536 3e-06 -3e-06 12.109064 -3.735719 -2.866785 0.0 -0.0 -1e-06 1.291987 -1.928551 -1.49809 14.800142 0.567468 3.865607 14.242587 -1.341737 -6.660665 19.631987 0.143927 -0.648248 49.926258 -0.67403 -6.376551 0.353029 -1.511152 -0.03194 20.222811 3.684314 2.316631 18.787292 7e-06 -3e-06 10.751637 -0.479866 1.397905 -1e-06 1e-06 1e-06 3.273811 0.305946 -0.580111 21.486835 11.830388 2.266131 8.162937 2e-06 -2e-06 18.399103 -3.798985 -4.940581 4e-06 0.0 -1e-06 -6.281088 0.993836 -22.365772 -0.038334 0.106093 15.83202 0.336357 6.894686 5.747527 1.675852 -1.822819 -0.881693 0.0 0.0 2e-06 -7.990479 -4.471496 12.080882 -0.063964 0.601618 25.242235 2.201828 2.148886 -0.268328 -1.566502 0.908732 -16.355991 0.0 -0.0 -2e-06 
0.0 0.0 0.0 0.0 -0.0 0.0 42.283745 97.692368 443.065247 5.542373 3.897734 0.366234 -1.973795 0.44304 -3.100242 -0.727652 2.44164 -5.914692 -2.354509 0.498006 10.670516 -0.890181 2.921893 6.73623 -0.760727 0.294625 -3.618404 -0.012468 -0.283181 -7.107118 7.7e-05 -2.2e-05 6e-06 0.046509 0.026272 0.043327 0.736276 -3.717461 -10.649933 -0.651712 3.770447 -10.631478 -22.358562 -4.402 12.57336 -52.85347 -3.372484 15.088434 0.529177 -24.637899 -0.125238 -7.925012 6.147613 -13.6584 -5.882118 9.8613 0.70259 -10.936891 -0.360575 7.156215 -0.0 8.774838 -1e-06 -16.432367 17.971254 5.943225 -1.844036 2.498508 -2.507281 -10.163619 4.678952 4.621112 -20.976061 -2e-06 1e-06 -21.226328 2.4517 -3.594006 -0.0 -6e-06 -0.0 -1.362684 2.240801 -0.746325 -21.334955 0.584911 3.008325 -13.82124 -3e-06 0.0 -23.887215 -0.24908 -0.839486 -60.734318 2.087623 -1.354258 -0.294025 1.67969 0.833257 -14.218234 0.093216 1.300581 -34.212109 -0.287564 0.967168 -20.033253 0.964537 1.212843 -0.0 -0.0 -0.0 -3.440394 0.788235 0.501656 -15.928213 -3.167314 2.99971 -6.338837 -1e-06 1e-06 -18.12348 3.648188 -4.905679 -4e-06 -0.0 -2e-06 15.882201 13.216311 13.667588 61.445843 4.413223 9.35659 0.307722 24.721767 0.114677 4.539165 0.664149 1.262879 2.243545 -5.255044 -3.180158 14.282908 -0.826596 6.952509 -2e-06 -12.690623 -1e-06 16.312553 -17.652494 2.373365 1.665668 -1.955924 -2.878301 4.727805 -4.170594 4.993928 11.020541 2e-06 -1e-06 12.109069 -3.735723 -2.866789 0.0 0.0 -1e-06 1.291987 -1.928552 -1.498089 14.800146 0.56747 3.86561 14.24259 -1.341739 -6.660665 19.631996 0.143927 -0.648246 49.881657 -0.646202 -6.403735 0.353029 -1.511152 -0.03194 20.222816 3.684315 2.316629 18.787296 6e-06 -2e-06 10.751639 -0.479869 1.397907 -1e-06 -0.0 0.0 3.273811 0.305948 -0.58011 21.486837 11.830391 2.266135 8.162938 3e-06 -2e-06 18.399111 -3.798987 -4.940586 4e-06 -0.0 -2e-06 -7.921221 0.80462 -19.626097 -0.079387 0.055985 15.561533 0.719756 7.26151 3.730491 1.65191 -1.886047 -0.490398 0.0 0.0 2e-06 -10.312439 -4.859228 8.24023 -0.001437 0.692801 35.33762 2.739114 3.315145 5.315736 -1.58124 0.85584 -17.932137 0.0 -0.0 -3e-06 
0.0 0.0 0.0 0.0 -0.0 0.0 43.234673 97.891266 445.713989 6.752009 3.46116 -0.260679 -2.499973 0.442603 -2.610345 -0.829064 2.426193 -5.691399 -2.904545 0.606466 10.642672 -0.949337 2.991804 6.757928 -0.688427 0.419774 -3.629518 0.055122 -0.235694 -7.565001 7.7e-05 -2.2e-05 6e-06 0.047835 0.036397 0.052594 0.728943 -3.713701 -10.634008 -0.642634 3.786551 -10.622154 -22.541552 -4.397143 12.593865 -52.210892 -3.500222 15.44959 0.452823 -25.889685 -0.129366 -7.920208 5.613165 -13.98646 -5.88211 9.861288 0.702591 -10.936876 -0.360574 7.156208 0.0 8.774826 -1e-06 -16.497822 17.955969 5.86579 -1.844033 2.498505 -2.507278 -10.163604 4.678946 4.62111 -20.976032 -2e-06 1e-06 -21.226295 2.451698 -3.594001 0.0 -6e-06 -0.0 -1.362682 2.240798 -0.746323 -21.334925 0.584911 3.008323 -13.821218 -2e-06 1e-06 -23.887178 -0.249077 -0.839484 -60.702404 2.094044 -1.356161 -0.294025 1.679688 0.833256 -14.218217 0.093215 1.30058 -34.212078 -0.287563 0.96717 -20.033226 0.964537 1.212843 -1e-06 -0.0 0.0 -3.44039 0.788234 0.501656 -15.928192 -3.167309 2.999707 -6.33883 -1e-06 1e-06 -18.123455 3.648183 -4.905671 -4e-06 0.0 -3e-06 15.600953 13.237363 13.921645 61.182678 4.347502 9.829866 0.389365 25.087465 0.174142 5.433817 0.358558 2.325272 2.243542 -5.255036 -3.180158 14.282894 -0.826593 6.9525 -4e-06 -12.690601 1e-06 16.349319 -17.600649 2.364538 1.665667 -1.95592 -2.878296 4.727799 -4.170586 4.993921 11.020528 4e-06 -1e-06 12.109055 -3.735713 -2.866785 1e-06 -0.0 0.0 1.291986 -1.928549 -1.498088 14.800131 0.567469 3.865605 14.242577 -1.341734 -6.660657 19.631969 0.143928 -0.648246 49.774834 -0.594469 -6.37074 0.353029 -1.511151 -0.031942 20.222795 3.684312 2.316627 18.787275 8e-06 -4e-06 10.751629 -0.479866 1.397905 -1e-06 0.0 1e-06 3.273807 0.305947 -0.580111 21.486818 11.830376 2.26613 8.16293 6e-06 -1e-06 18.399084 -3.798982 -4.940573 4e-06 -0.0 -1e-06 -9.670159 1.087269 -16.649925 -0.065237 0.041172 14.832781 0.978344 7.30174 2.093247 1.635338 -1.940066 -0.506299 0.0 0.0 2e-06 -12.431189 -5.027446 3.617723 0.085161 0.712392 46.058769 3.186411 3.343884 10.571864 -1.500193 0.847571 -12.41112 0.0 -0.0 -3e-06 
0.0 0.0 0.0 0.0 -0.0 0.0 44.044449 98.012642 448.177002 7.692563 3.072287 -0.911889 -2.875352 0.406592 -2.04433 -0.924409 2.367478 -5.463245 -3.356728 0.617319 10.790581 -1.020596 3.10268 6.818147 -0.619001 0.480549 -3.662643 0.090184 -0.080502 -8.433609 7.7e-05 -2.2e-05 6e-06 0.047957 0.026754 0.067251 0.731598 -3.727605 -10.628767 -0.646142 3.784366 -10.622822 -22.883255 -4.507421 12.468068 -51.245968 -3.99324 15.753567 0.337698 -26.812578 -0.131578 -7.511998 4.943882 -14.624746 -5.882111 9.861293 0.702591 -10.93688 -0.360575 7.156209 0.0 8.774833 -2e-06 -16.468302 17.959909 5.861106 -1.844034 2.498507 -2.507279 -10.163607 4.678949 4.62111 -20.976038 -3e-06 -0.0 -21.226301 2.451699 -3.594005 0.0 -6e-06 -1e-06 -1.362682 2.2408 -0.746324 -21.334929 0.58491 3.008324 -13.821223 -3e-06 0.0 -23.887188 -0.24908 -0.839486 -60.630367 2.056273 -1.274123 -0.294025 1.679689 0.833256 -14.218217 0.093215 1.300581 -34.21207 -0.287565 0.967169 -20.033224 0.964537 1.212843 -1e-06 -0.0 -0.0 -3.440391 0.788234 0.501656 -15.928196 -3.167312 2.999709 -6.338831 -2e-06 0.0 -18.123459 3.648185 -4.905675 -4e-06 0.0 -1e-06 15.520734 13.189907 14.066203 60.673943 4.541782 10.01026 0.312096 25.660168 0.16355 5.540411 0.571892 2.354969 2.243542 -5.255037 -3.180159 14.282892 -0.826594 6.952502 -3e-06 -12.690607 -0.0 16.312048 -17.531649 2.3589 1.665666 -1.955922 -2.878298 4.727798 -4.170588 4.993925 11.020524 3e-06 1e-06 12.109052 -3.735716 -2.866784 0.0 -1e-06 1e-06 1.291985 -1.928549 -1.49809 14.800129 0.567469 3.865607 14.242571 -1.341738 -6.660656 19.631968 0.143924 -0.648244 49.705528 -0.578544 -6.322742 0.353029 -1.511151 -0.031939 20.222788 3.68431 2.316631 18.78727 5e-06 -0.0 10.751627 -0.479869 1.397906 -0.0 1e-06 0.0 3.273807 0.305947 -0.580112 21.486813 11.830376 2.266134 8.162928 3e-06 -1e-06 18.39908 -3.798987 -4.940575 4e-06 -1e-06 -1e-06 -11.089728 1.684744 -13.848704 0.007145 0.094912 14.125965 1.192462 7.132939 0.591193 1.62478 -1.976353 -0.594025 0.0 -0.0 2e-06 -13.794542 -5.021084 -1.130471 0.131548 0.596973 55.225178 2.775274 2.573508 12.7484 -1.416829 0.899864 -5.873809 0.0 0.0 -2e-06 
0.0 0.0 0.0 0.0 -0.0 0.0 44.742931 98.160049 450.578644 7.927989 2.865901 -1.491815 -2.897341 0.33683 -1.525356 -0.957816 2.220624 -5.247291 -3.485747 0.480401 11.031187 -1.047642 3.202585 7.014964 -0.652228 0.453834 -3.659866 0.141653 0.104293 -9.454063 7.7e-05 -2.3e-05 6e-06 0.044159 0.006371 0.077013 0.73648 -3.745775 -10.636165 -0.658917 3.765008 -10.629965 -23.19282 -4.7327 12.31994 -50.401161 -5.045537 15.665382 0.185349 -26.994892 -0.107048 -6.556288 4.4379 -14.651408 -5.882106 9.861286 0.70259 -10.936872 -0.360575 7.156205 -1e-06 8.774826 -2e-06 -16.388409 17.974632 5.905338 -1.844033 2.498505 -2.507277 -10.1636 4.678945 4.621108 -20.976025 -3e-06 2e-06 -21.226288 2.451698 -3.594001 0.0 -5e-06 -0.0 -1.362682 2.240798 -0.746323 -21.334913 0.584909 3.008324 -13.821214 -2e-06 2e-06 -23.887169 -0.249078 -0.839483 -60.568779 2.0751 -1.146022 -0.294025 1.679688 0.833256 -14.21821 0.093214 1.300581 -34.212051 -0.287564 0.967169 -20.033218 0.964536 1.212844 -0.0 -1e-06 -0.0 -3.440389 0.788234 0.501656 -15.928189 -3.167311 2.999707 -6.338828 -1e-06 0.0 -18.123447 3.648185 -4.905673 -4e-06 0.0 -2e-06 15.352167 13.183057 14.126133 60.330795 4.962902 9.368308 0.197295 26.051376 0.105574 4.439369 0.901969 1.855498 2.243542 -5.255039 -3.18016 14.282896 -0.826594 6.952503 -4e-06 -12.690609 3e-06 16.307058 -17.52574 2.339759 1.665667 -1.955922 -2.878298 4.7278 -4.170588 4.993927 11.020531 4e-06 -2e-06 12.109057 -3.735715 -2.866786 0.0 0.0 -1e-06 1.291986 -1.928549 -1.498089 14.800134 0.567468 3.865609 14.242579 -1.341735 -6.660659 19.631975 0.143929 -0.648246 49.756245 -0.560509 -6.271591 0.353028 -1.51115 -0.03194 20.222799 3.684313 2.316629 18.787281 7e-06 0.0 10.751633 -0.479866 1.397907 -1e-06 -0.0 0.0 3.273808 0.305947 -0.580108 21.48682 11.830379 2.266135 8.16293 3e-06 0.0 18.39909 -3.798985 -4.940575 4e-06 0.0 -2e-06 -11.673166 2.318862 -11.317458 0.054578 0.119008 13.614642 1.389401 6.994614 -0.923494 1.61728 -1.985167 -0.526435 0.0 0.0 2e-06 -13.912727 -5.279265 -5.771152 0.129666 0.381822 61.729275 1.460085 1.92161 9.82289 -1.441778 0.94217 -4.149179 0.0 -0.0 -1e-06 
0.0 0.0 0.0 0.0 -0.0 0.0 45.361027 98.35247 453.014313 7.431988 2.785409 -2.0381 -2.610727 0.240878 -1.007088 -0.883071 2.040958 -5.030695 -3.261736 0.191778 11.221421 -1.058728 3.271488 7.358134 -0.685925 0.420753 -3.632396 0.123281 0.296092 -10.129077 7.7e-05 -2.3e-05 6e-06 0.040548 -0.004947 0.075918 0.738174 -3.755523 -10.651148 -0.667284 3.754182 -10.64607 -23.121317 -5.075624 12.373139 -50.161156 -6.615058 15.157684 0.069729 -26.593008 -0.067879 -5.480619 4.421815 -14.037857 -5.882109 9.861292 0.702591 -10.936877 -0.360576 7.156209 0.0 8.774831 -1e-06 -16.325813 17.949574 5.945189 -1.844033 2.498507 -2.507279 -10.163604 4.678947 4.621111 -20.976034 -4e-06 3e-06 -21.226295 2.451698 -3.594002 1e-06 -5e-06 -0.0 -1.362682 2.240799 -0.746323 -21.334927 0.584908 3.008324 -13.821221 -3e-06 2e-06 -23.887182 -0.24908 -0.839483 -60.519684 2.096967 -1.010191 -0.294025 1.679689 0.833256 -14.218215 0.093215 1.30058 -34.212067 -0.287565 0.967173 -20.033226 0.964537 1.212844 0.0 -0.0 -1e-06 -3.44039 0.788234 0.501656 -15.928194 -3.167313 2.999709 -6.33883 -1e-06 1e-06 -18.123453 3.648185 -4.905674 -3e-06 1e-06 -1e-06 14.957443 13.237082 14.202752 60.270466 5.515764 8.06579 0.136996 26.358274 0.073609 2.92605 0.887826 1.185538 2.243545 -5.255041 -3.180159 14.282906 -0.826597 6.952506 -2e-06 -12.690618 1e-06 16.313768 -17.536741 2.363279 1.665668 -1.955923 -2.878302 4.727804 -4.170592 4.993927 11.020538 2e-06 -2e-06 12.109067 -3.735719 -2.866786 -0.0 0.0 -1e-06 1.291988 -1.928551 -1.498088 14.800142 0.567468 3.865609 14.242587 -1.341738 -6.660664 19.631987 0.143926 -0.648248 49.858593 -0.534232 -6.18547 0.35303 -1.511152 -0.03194 20.222811 3.684313 2.316629 18.787292 6e-06 -5e-06 10.751637 -0.479868 1.397903 -1e-06 1e-06 -0.0 3.27381 0.305946 -0.580111 21.486834 11.830386 2.266133 8.162937 3e-06 -2e-06 18.399105 -3.798987 -4.940586 4e-06 1e-06 -1e-06 -11.377053 2.786549 -8.950344 0.043185 0.082046 13.339964 1.514675 6.94893 -2.542827 1.619689 -1.963572 -0.44142 0.0 0.0 2e-06 -12.799575 -5.719957 -10.131356 0.122162 0.18372 65.037018 0.408972 1.349858 6.01771 -1.457261 0.953683 -3.702995 0.0 0.0 -1e-06 
0.0 0.0 0.0 0.0 -0.0 0.0 45.921978 98.578911 455.483337 6.567006 2.780792 -2.567122 -2.2582 0.161121 -0.470642 -0.743791 1.806964 -4.814888 -2.812828 -0.154834 11.356446 -0.962423 3.261405 7.694306 -0.664436 0.449923 -3.596203 -0.036367 0.445943 -10.338964 7.7e-05 -2.2e-05 6e-06 0.039495 -0.000565 0.068909 0.73687 -3.750889 -10.657137 -0.66698 3.758827 -10.65516 -22.727165 -5.55734 12.511123 -50.268669 -8.226457 14.642561 0.048398 -26.379128 -0.048846 -4.692143 4.593102 -13.654753 -5.882112 9.861293 0.702591 -10.93688 -0.360574 7.15621 -1e-06 8.774831 -1e-06 -16.247059 17.914892 5.988659 -1.844034 2.498506 -2.507278 -10.16361 4.678949 4.621111 -20.97604 -1e-06 1e-06 -21.226307 2.4517 -3.594004 1e-06 -5e-06 -0.0 -1.362683 2.2408 -0.746324 -21.33493 0.584912 3.008323 -13.821224 -1e-06 1e-06 -23.887188 -0.249077 -0.839486 -60.434818 2.149575 -0.943387 -0.294025 1.679689 0.833257 -14.21822 0.093216 1.300581 -34.212074 -0.287561 0.967168 -20.03323 0.964537 1.212843 0.0 -1e-06 -1e-06 -3.440391 0.788234 0.501656 -15.9282 -3.16731 2.999707 -6.338831 -1e-06 1e-06 -18.123461 3.648186 -4.905676 -4e-06 0.0 -1e-06 14.617923 13.285431 14.211721 60.12162 5.881768 6.80767 0.160249 26.947382 0.082332 2.125739 0.619814 0.811321 2.243542 -5.255037 -3.180156 14.282888 -0.826598 6.9525 0.0 -12.690603 2e-06 16.274775 -17.540451 2.4221 1.665667 -1.955921 -2.878298 4.727799 -4.170589 4.993925 11.020526 2e-06 -2e-06 12.109055 -3.735717 -2.866786 -0.0 -0.0 -1e-06 1.291986 -1.92855 -1.49809 14.800125 0.567465 3.865604 14.242574 -1.341738 -6.660655 19.631969 0.143926 -0.648246 49.892391 -0.531657 -6.152137 0.353029 -1.511152 -0.031938 20.222788 3.684306 2.316629 18.78727 2e-06 -3e-06 10.751626 -0.47987 1.397905 -1e-06 2e-06 -0.0 3.273806 0.305946 -0.580112 21.486809 11.830372 2.266129 8.162926 1e-06 -1e-06 18.399082 -3.798987 -4.940579 4e-06 1e-06 -1e-06 -10.620866 3.052109 -6.425225 0.00697 0.022652 12.730419 1.497388 6.99017 -4.000609 1.624416 -1.915404 -0.364219 0.0 0.0 2e-06 -11.035331 -6.290767 -14.0913 0.112246 0.021109 65.248055 0.132692 0.938971 3.09498 -1.446923 0.937032 -3.527402 0.0 -0.0 -3e-06 
0.0 0.0 0.0 0.0 -0.0 0.0 46.429176 98.761642 457.857361 5.672271 2.802471 -2.982019 -1.961225 0.128909 0.000633 -0.604735 1.558791 -4.629507 -2.341653 -0.482537 11.508904 -0.724623 3.153547 7.930445 -0.608592 0.521119 -3.569658 -0.259362 0.534051 -10.349192 7.7e-05 -2.2e-05 6e-06 0.040852 0.005068 0.062491 0.737873 -3.742458 -10.650126 -0.664057 3.761232 -10.650404 -22.317276 -6.096735 12.630867 -50.190075 -9.593244 14.350218 0.04161 -26.850506 -0.03259 -4.250212 4.600561 -13.683381 -5.882106 9.861285 0.70259 -10.936872 -0.360575 7.156203 0.0 8.774824 -1e-06 -16.166052 17.904444 6.028608 -1.844032 2.498504 -2.507278 -10.163599 4.678944 4.621108 -20.976021 -3e-06 3e-06 -21.226286 2.451697 -3.593999 1e-06 -6e-06 1e-06 -1.362682 2.240798 -0.746323 -21.334913 0.584909 3.008322 -13.821213 -3e-06 2e-06 -23.887167 -0.249079 -0.839484 -60.352119 2.201716 -0.937391 -0.294025 1.679686 0.833256 -14.218207 0.093214 1.30058 -34.212048 -0.287565 0.96717 -20.033211 0.964537 1.212844 0.0 -1e-06 -1e-06 -3.440388 0.788233 0.501655 -15.928185 -3.167309 2.999707 -6.338827 -1e-06 1e-06 -18.123444 3.648182 -4.905669 -3e-06 1e-06 -2e-06 14.628976 13.217626 14.142648 59.597744 6.031094 6.221297 0.232287 27.80608 0.107106 2.15095 0.391225 0.71312 2.24354 -5.255035 -3.180155 14.282886 -0.826594 6.952501 -2e-06 -12.6906 -0.0 16.187963 -17.538605 2.49131 1.665664 -1.95592 -2.878297 4.727797 -4.170586 4.993923 11.02052 3e-06 -0.0 12.109046 -3.735714 -2.866783 -1e-06 -0.0 -0.0 1.291985 -1.928549 -1.49809 14.800122 0.567467 3.86561 14.242565 -1.341737 -6.660657 19.631958 0.143925 -0.648243 49.838081 -0.567787 -6.185669 0.35303 -1.511151 -0.031939 20.222784 3.684309 2.31663 18.787266 3e-06 0.0 10.751624 -0.47987 1.397908 -0.0 1e-06 -1e-06 3.273805 0.305947 -0.580111 21.486805 11.830371 2.266136 8.162924 2e-06 1e-06 18.399075 -3.798985 -4.940569 4e-06 -0.0 -1e-06 -9.822557 3.177669 -3.955094 -0.021766 -0.001291 11.912907 1.407918 7.02466 -5.289235 1.633459 -1.859664 -0.288885 0.0 0.0 2e-06 -9.144299 -6.88566 -17.611685 0.060326 -0.112201 62.576576 0.562907 0.816497 1.17748 -1.432674 0.918103 -3.451318 0.0 0.0 -4e-06 
0.0 0.0 0.0 0.0 -0.0 0.0 46.879856 98.869911 460.142456 4.870519 2.821002 -3.188001 -1.730727 0.145091 0.348218 -0.503788 1.320265 -4.501191 -1.909312 -0.779466 11.688438 -0.414205 2.981074 8.056903 -0.563667 0.575838 -3.571089 -0.441263 0.59771 -10.339561 7.7e-05 -2.2e-05 6e-06 0.042418 -0.014471 0.059211 0.734626 -3.75646 -10.637333 -0.6566 3.736069 -10.633102 -21.969992 -6.636681 12.670873 -49.858391 -10.653671 14.201548 -0.086275 -27.925278 0.0243 -3.878472 4.297285 -14.004813 -5.882108 9.86129 0.702591 -10.936876 -0.360577 7.156204 1e-06 8.77483 -0.0 -16.071924 17.91523 6.066606 -1.844033 2.498506 -2.507279 -10.163604 4.678946 4.621109 -20.976032 -5e-06 1e-06 -21.226295 2.451696 -3.594002 -0.0 -6e-06 0.0 -1.362682 2.240798 -0.746323 -21.334921 0.584907 3.008322 -13.82122 -4e-06 1e-06 -23.887178 -0.249082 -0.839482 -60.294003 2.250941 -0.966325 -0.294025 1.679689 0.833256 -14.218214 0.093215 1.300578 -34.212063 -0.287568 0.967169 -20.033222 0.964535 1.212844 1e-06 -1e-06 -0.0 -3.44039 0.788234 0.501656 -15.928192 -3.167314 2.999707 -6.33883 -1e-06 1e-06 -18.123455 3.648182 -4.905672 -2e-06 0.0 -1e-06 14.965653 13.034157 14.057808 58.819363 6.073282 6.159803 0.333361 28.723272 0.144697 2.582849 0.248491 0.814606 2.243541 -5.255036 -3.180157 14.282887 -0.826592 6.952498 -5e-06 -12.690603 0.0 16.135489 -17.570181 2.554789 1.665667 -1.955921 -2.878296 4.727798 -4.170587 4.99392 11.020526 5e-06 -3e-06 12.109052 -3.735713 -2.866784 -1e-06 -0.0 -0.0 1.291985 -1.928549 -1.498087 14.800127 0.567471 3.865606 14.242569 -1.341733 -6.660656 19.631966 0.143931 -0.648244 49.814735 -0.631103 -6.240654 0.353028 -1.51115 -0.031939 20.222788 3.684312 2.316629 18.78727 7e-06 -1e-06 10.751625 -0.479867 1.397905 -1e-06 1e-06 -0.0 3.273807 0.305947 -0.580111 21.486813 11.830376 2.266131 8.162926 4e-06 -1e-06 18.399076 -3.798982 -4.940575 4e-06 1e-06 -1e-06 -9.038362 3.213175 -1.847516 -0.038969 0.023166 11.084743 1.232873 7.0162 -6.458077 1.643171 -1.818543 -0.167955 0.0 0.0 2e-06 -7.289722 -7.34289 -20.590963 -0.0136 -0.179322 57.10717 1.33828 0.719182 0.275143 -1.432128 0.930594 -3.449149 0.0 0.0 -2e-06 
0.0 0.0 0.0 0.0 -0.0 0.0 47.29425 98.860641 462.464905 4.29857 2.851019 -3.168779 -1.612301 0.173581 0.538587 -0.451661 1.070702 -4.423865 -1.580247 -0.997851 11.871912 -0.087713 2.765845 8.108581 -0.565114 0.592706 -3.594514 -0.553341 0.640113 -10.36603 7.7e-05 -2.3e-05 6e-06 0.041307 -0.050262 0.062447 0.722837 -3.788568 -10.625419 -0.646367 3.697173 -10.611947 -21.630543 -7.171499 12.670585 -49.428482 -11.487864 14.370602 -0.230932 -29.21159 0.094668 -3.543194 3.773475 -14.533706 -5.882109 9.861292 0.702588 -10.936877 -0.360576 7.156207 1e-06 8.77483 -2e-06 -15.989601 17.927475 6.084101 -1.844034 2.498505 -2.50728 -10.163604 4.678946 4.621109 -20.976036 -6e-06 -0.0 -21.226295 2.451695 -3.594003 0.0 -6e-06 0.0 -1.362682 2.240799 -0.746323 -21.334925 0.584907 3.008322 -13.821221 -4e-06 0.0 -23.887182 -0.249082 -0.839485 -60.205353 2.312303 -1.037138 -0.294025 1.679688 0.833255 -14.218217 0.093215 1.300578 -34.212074 -0.287568 0.967168 -20.033226 0.964533 1.212843 0.0 -1e-06 -2e-06 -3.440391 0.788233 0.501656 -15.928198 -3.167313 2.999707 -6.338829 -2e-06 1e-06 -18.123457 3.648183 -4.905676 -2e-06 0.0 -0.0 15.460471 12.741695 13.992632 58.076252 6.131591 6.348537 0.45548 29.451479 0.173222 3.0128 0.143789 1.012612 2.243543 -5.25504 -3.180158 14.282897 -0.826597 6.952504 -2e-06 -12.690615 1e-06 16.11059 -17.585493 2.595123 1.665668 -1.955923 -2.878299 4.727801 -4.17059 4.993924 11.020531 2e-06 -2e-06 12.109058 -3.735719 -2.866787 0.0 -0.0 -1e-06 1.291986 -1.928551 -1.498088 14.800136 0.567467 3.86561 14.242579 -1.341739 -6.660661 19.631975 0.143926 -0.648245 49.820702 -0.693453 -6.270045 0.35303 -1.511151 -0.031941 20.222801 3.684311 2.31663 18.787283 2e-06 -1e-06 10.751633 -0.479871 1.397906 -1e-06 2e-06 -0.0 3.273808 0.305947 -0.58011 21.486824 11.830382 2.266134 8.16293 1e-06 -1e-06 18.399094 -3.798988 -4.940578 5e-06 -0.0 -1e-06 -8.559828 3.219865 0.04004 -0.051543 0.06844 10.411614 1.130652 6.996418 -7.731342 1.648817 -1.815921 -0.005863 0.0 0.0 2e-06 -5.733449 -7.521276 -22.745579 -0.042904 -0.151644 49.294758 1.985936 0.220362 0.43127 -1.437339 0.976448 -3.517678 0.0 0.0 -1e-06 
0.0 0.0 0.0 0.0 -0.0 0.0 47.70871 98.735512 464.835205 3.939713 2.913521 -2.987625 -1.561213 0.163349 0.598658 -0.421698 0.798129 -4.386691 -1.400048 -1.133345 12.052354 0.218213 2.523093 8.110963 -0.59986 0.558738 -3.614259 -0.626103 0.68872 -10.385251 7.7e-05 -2.2e-05 6e-06 0.034745 -0.075876 0.07248 0.708915 -3.814271 -10.620296 -0.645212 3.671997 -10.599402 -21.288961 -7.676243 12.711476 -49.001057 -12.247836 14.831746 -0.28844 -30.343641 0.136504 -3.274298 3.196024 -14.991093 -5.88211 9.86129 0.70259 -10.936878 -0.360575 7.156209 -0.0 8.77483 -3e-06 -15.939647 17.93791 6.075186 -1.844034 2.498505 -2.507278 -10.163607 4.678947 4.621109 -20.976038 -3e-06 1e-06 -21.226301 2.451698 -3.594002 0.0 -6e-06 -0.0 -1.362682 2.240798 -0.746324 -21.334929 0.584909 3.008323 -13.821221 -3e-06 1e-06 -23.887184 -0.24908 -0.839485 -60.106232 2.380183 -1.135997 -0.294025 1.679688 0.833257 -14.218219 0.093216 1.300579 -34.212078 -0.287565 0.967169 -20.03323 0.964536 1.212844 0.0 -0.0 -1e-06 -3.440391 0.788234 0.501657 -15.928201 -3.167311 2.999707 -6.33883 -1e-06 0.0 -18.123459 3.648185 -4.905674 -3e-06 0.0 -2e-06 15.996674 12.380682 13.948173 57.552761 6.214381 6.547258 0.566949 29.905758 0.188591 3.315274 0.04321 1.176461 2.243544 -5.255041 -3.18016 14.282904 -0.826598 6.952509 -1e-06 -12.690617 1e-06 16.093288 -17.556293 2.597206 1.665668 -1.955922 -2.878302 4.727803 -4.170592 4.993929 11.020536 2e-06 -0.0 12.109064 -3.735719 -2.866788 0.0 -0.0 -1e-06 1.291986 -1.92855 -1.498091 14.80014 0.567467 3.86561 14.242585 -1.341738 -6.660665 19.631985 0.143925 -0.648246 49.83408 -0.725559 -6.271372 0.353029 -1.511152 -0.031942 20.222807 3.684311 2.316631 18.787289 3e-06 -0.0 10.751637 -0.479871 1.397907 0.0 1e-06 1e-06 3.273809 0.305946 -0.580113 21.486834 11.830384 2.266136 8.162937 0.0 -0.0 18.399103 -3.79899 -4.940578 5e-06 1e-06 -1e-06 -8.293006 3.195178 1.725831 -0.064001 0.131247 9.843706 1.038193 7.02597 -9.085682 1.65081 -1.859894 0.150511 -0.0 0.0 2e-06 -4.597413 -7.333677 -23.856079 -0.00551 -0.081912 39.325089 2.150863 -0.628181 1.950066 -1.436639 1.037175 -3.62582 0.0 0.0 -1e-06 
0.0 0.0 0.0 0.0 -0.0 0.0 48.102081 98.568123 467.264221 3.638472 3.027173 -2.721483 -1.447729 0.145678 0.566618 -0.389401 0.579009 -4.41278 -1.341451 -1.27871 12.25013 0.438958 2.28888 8.072012 -0.624686 0.527087 -3.623119 -0.680149 0.665847 -10.321598 7.7e-05 -2.3e-05 6e-06 0.024174 -0.072094 0.080454 0.70282 -3.811921 -10.635082 -0.660087 3.677455 -10.613737 -20.992687 -8.138551 12.820066 -48.684013 -12.944613 15.326683 -0.240241 -31.089943 0.137465 -3.157405 2.753632 -15.131882 -5.882107 9.861288 0.70259 -10.93687 -0.360573 7.156206 -0.0 8.774826 -1e-06 -15.908491 17.950369 6.069857 -1.844033 2.498505 -2.507277 -10.163599 4.678947 4.621112 -20.976023 -2e-06 2e-06 -21.226288 2.451699 -3.594002 0.0 -5e-06 0.0 -1.362682 2.240797 -0.746322 -21.334913 0.584912 3.008323 -13.821215 -3e-06 1e-06 -23.887171 -0.249078 -0.839485 -60.083611 2.448107 -1.212563 -0.294025 1.679687 0.833257 -14.218208 0.093215 1.300579 -34.212048 -0.287562 0.967169 -20.033216 0.964537 1.212843 0.0 -0.0 0.0 -3.440389 0.788233 0.501657 -15.928187 -3.167309 2.999707 -6.338828 -1e-06 2e-06 -18.123447 3.648183 -4.905673 -3e-06 0.0 -2e-06 16.483795 11.974053 13.914558 57.319084 6.284123 6.674115 0.600685 30.006245 0.203429 3.513631 0.011744 1.115739 2.243541 -5.255034 -3.180157 14.282887 -0.826594 6.952501 -2e-06 -12.6906 1e-06 16.086752 -17.530832 2.593434 1.665666 -1.95592 -2.878299 4.727798 -4.170587 4.993921 11.020522 2e-06 -1e-06 12.10905 -3.735715 -2.866785 0.0 -0.0 -0.0 1.291986 -1.928549 -1.498088 14.800125 0.567468 3.865605 14.242569 -1.341737 -6.660655 19.631966 0.143925 -0.648245 49.903622 -0.695884 -6.218751 0.353029 -1.511152 -0.03194 20.222786 3.684309 2.31663 18.78727 4e-06 -0.0 10.751625 -0.479868 1.397906 0.0 0.0 1e-06 3.273806 0.305946 -0.580111 21.486809 11.83037 2.266133 8.162927 2e-06 0.0 18.399076 -3.798982 -4.940573 5e-06 -1e-06 -0.0 -8.087609 3.083209 3.633137 -0.055151 0.211207 8.713783 0.970348 7.16851 -10.223295 1.650818 -1.923669 0.223253 0.0 -0.0 2e-06 -3.767902 -6.88671 -23.782513 0.064668 -0.044331 27.564541 2.013017 -1.319386 4.55567 -1.425086 1.106671 -3.617636 0.0 0.0 -1e-06 
0.0 0.0 0.0 0.0 -0.0 0.0 48.425919 98.353317 469.71579 3.294213 3.197781 -2.397148 -1.209485 0.187548 0.463607 -0.373198 0.406724 -4.511537 -1.305 -1.481172 12.434885 0.575821 2.116551 7.999437 -0.640079 0.532962 -3.6387 -0.71731 0.479755 -10.122488 7.7e-05 -2.3e-05 6e-06 0.014936 -0.030616 0.082915 0.708374 -3.768744 -10.660958 -0.684227 3.718793 -10.642504 -20.780378 -8.561366 12.905434 -48.492886 -13.476745 15.835106 -0.130844 -31.498289 0.105769 -3.318427 2.627036 -14.82686 -5.882106 9.861284 0.702589 -10.936871 -0.360575 7.156205 1e-06 8.774824 0.0 -15.885323 17.98595 6.111134 -1.844032 2.498503 -2.507278 -10.163598 4.678944 4.621109 -20.976021 -4e-06 1e-06 -21.226286 2.451698 -3.594001 3e-06 -5e-06 -1e-06 -1.362681 2.240798 -0.746324 -21.334913 0.584909 3.008323 -13.821213 -3e-06 1e-06 -23.887167 -0.249079 -0.839482 -60.099922 2.470085 -1.300439 -0.294025 1.679687 0.833255 -14.218207 0.093214 1.30058 -34.212048 -0.287563 0.96717 -20.033209 0.964536 1.212845 1e-06 -1e-06 0.0 -3.440389 0.788235 0.501656 -15.928185 -3.167309 2.999707 -6.338826 -1e-06 1e-06 -18.123444 3.648183 -4.905672 -3e-06 1e-06 -2e-06 16.910021 11.535399 13.914263 57.303524 6.288199 6.599122 0.618796 29.730366 0.2215 3.587437 0.043364 1.056641 2.243541 -5.255037 -3.180157 14.282893 -0.826594 6.952504 -3e-06 -12.690606 0.0 16.087473 -17.52729 2.61008 1.665666 -1.95592 -2.878299 4.727799 -4.170588 4.993924 11.020526 3e-06 -1e-06 12.109053 -3.735716 -2.866783 0.0 -0.0 -1e-06 1.291986 -1.92855 -1.498088 14.800131 0.567468 3.865609 14.242574 -1.341737 -6.660656 19.631969 0.143924 -0.648243 50.053638 -0.630845 -6.137164 0.353029 -1.511151 -0.031939 20.222794 3.68431 2.316632 18.787273 4e-06 -0.0 10.751631 -0.479868 1.397907 -0.0 1e-06 -0.0 3.273808 0.305947 -0.580111 21.486816 11.830377 2.266135 8.162929 1e-06 1e-06 18.399088 -3.798986 -4.940574 5e-06 -0.0 0.0 -7.771153 3.020758 5.615832 -0.03041 0.261366 7.321054 0.958452 7.198612 -11.203128 1.65055 -1.958777 0.209887 -0.0 -0.0 2e-06 -3.013888 -6.401986 -22.969646 0.143455 -0.092025 15.360435 2.294009 -1.60203 7.049319 -1.385539 1.165941 -3.500788 0.0 -0.0 -1e-06 
0.0 0.0 0.0 0.0 -0.0 0.0 48.661633 98.086838 472.240509 2.794565 3.315106 -1.98781 -0.824682 0.292393 0.290644 -0.350789 0.251791 -4.671694 -1.189679 -1.669633 12.554585 0.623006 1.991005 7.884223 -0.606102 0.49852 -3.658159 -0.805543 0.349209 -9.761648 7.7e-05 -2.2e-05 6e-06 0.013581 0.015256 0.077471 0.716435 -3.719218 -10.684807 -0.694946 3.763218 -10.669697 -20.78977 -8.864435 12.915316 -48.259769 -13.838439 16.374702 -0.067474 -31.609802 0.063681 -3.7365 2.888897 -14.100448 -5.882111 9.861293 0.70259 -10.93688 -0.360576 7.156209 1e-06 8.774831 -1e-06 -15.893833 17.996233 6.124574 -1.844034 2.498506 -2.507279 -10.163609 4.678947 4.621109 -20.976044 -6e-06 2e-06 -21.226305 2.451697 -3.594002 2e-06 -6e-06 -0.0 -1.362683 2.240801 -0.746324 -21.334932 0.584909 3.008323 -13.821225 -3e-06 1e-06 -23.88719 -0.249083 -0.839486 -60.060375 2.41594 -1.38419 -0.294024 1.679688 0.833255 -14.218221 0.093215 1.30058 -34.212074 -0.287567 0.967167 -20.03323 0.964534 1.212841 0.0 -1e-06 0.0 -3.440391 0.788234 0.501656 -15.928201 -3.167313 2.999705 -6.338833 -1e-06 1e-06 -18.123463 3.648184 -4.905675 -3e-06 1e-06 -2e-06 17.438169 11.194339 13.916643 57.163567 6.086691 6.429319 0.655423 29.18836 0.221639 3.555697 0.102402 0.906907 2.243542 -5.25504 -3.180161 14.282902 -0.826593 6.952508 -4e-06 -12.690614 1e-06 16.012348 -17.483912 2.627242 1.665668 -1.955923 -2.878302 4.727802 -4.17059 4.993928 11.020535 5e-06 -1e-06 12.10906 -3.735717 -2.866786 0.0 -0.0 1e-06 1.291986 -1.928551 -1.49809 14.800142 0.567471 3.865609 14.242584 -1.341734 -6.660664 19.631985 0.143929 -0.648243 50.066608 -0.593179 -6.137198 0.35303 -1.511153 -0.031941 20.222805 3.684316 2.316629 18.787289 7e-06 2e-06 10.751637 -0.479868 1.397907 -0.0 0.0 0.0 3.27381 0.305947 -0.580114 21.486834 11.830386 2.266135 8.162935 2e-06 -1e-06 18.399097 -3.798985 -4.940576 5e-06 0.0 -2e-06 -7.196831 3.010765 7.501929 -0.034408 0.249997 6.026299 1.039255 7.116387 -12.323773 1.66023 -1.906205 0.263809 0.0 -0.0 2e-06 -2.001446 -6.094027 -22.557598 0.182564 -0.164218 5.697989 3.446814 -2.06319 8.119686 -1.337368 1.201978 -3.313722 0.0 -0.0 -1e-06 
0.0 0.0 0.0 0.0 -0.0 0.0 48.804768 97.735924 474.89328 2.220902 3.392588 -1.570269 -0.436255 0.374396 0.101103 -0.304804 0.0309 -4.821198 -0.992658 -1.776592 12.59421 0.631861 1.87051 7.739449 -0.518847 0.540234 -3.665351 -0.963515 0.362105 -9.43429 7.7e-05 -2.2e-05 6e-06 0.015503 0.024417 0.068883 0.719368 -3.704634 -10.684409 -0.69356 3.768677 -10.667773 -20.918898 -9.035036 12.935906 -48.057281 -14.058475 16.653128 -0.083643 -31.464226 0.010974 -4.192088 3.234713 -13.441373 -5.88211 9.861292 0.702589 -10.936878 -0.360574 7.156208 0.0 8.77483 1e-06 -15.965325 18.002085 6.062193 -1.844034 2.498505 -2.507279 -10.163606 4.678947 4.62111 -20.976036 -3e-06 1e-06 -21.226301 2.451699 -3.594003 2e-06 -6e-06 -0.0 -1.362682 2.240798 -0.746323 -21.334929 0.584912 3.008324 -13.821223 -2e-06 1e-06 -23.887188 -0.24908 -0.839488 -60.063236 2.38813 -1.375129 -0.294025 1.679687 0.833257 -14.218217 0.093214 1.300581 -34.212067 -0.287564 0.967166 -20.033226 0.964538 1.212843 0.0 -0.0 -1e-06 -3.440391 0.788234 0.501657 -15.928196 -3.167311 2.999706 -6.338831 -1e-06 1e-06 -18.123459 3.648185 -4.905674 -3e-06 1e-06 -2e-06 17.957258 11.033197 13.997648 56.987782 5.83648 6.1875 0.601749 28.385939 0.185769 3.56085 0.17652 0.492204 2.243542 -5.255038 -3.180157 14.282896 -0.826596 6.952505 -2e-06 -12.690609 0.0 15.908012 -17.39818 2.622362 1.665667 -1.955922 -2.8783 4.7278 -4.17059 4.993925 11.02053 2e-06 -1e-06 12.109056 -3.735718 -2.866784 0.0 -0.0 -0.0 1.291986 -1.928551 -1.498089 14.800132 0.567467 3.86561 14.242577 -1.341739 -6.66066 19.631973 0.143923 -0.648246 49.873909 -0.600584 -6.231968 0.35303 -1.511152 -0.03194 20.222801 3.684309 2.316631 18.787281 3e-06 0.0 10.751631 -0.479869 1.397905 -0.0 0.0 -0.0 3.273808 0.305946 -0.58011 21.48682 11.830377 2.266134 8.16293 1e-06 -2e-06 18.399092 -3.798988 -4.94058 3e-06 0.0 -1e-06 -6.450766 3.040956 9.416416 -0.05446 0.195492 4.854906 0.955408 7.017294 -13.499123 1.677459 -1.835099 0.366991 -0.0 -1e-06 2e-06 -0.752883 -6.09168 -23.36545 0.145054 -0.199776 1.259544 5.026066 -2.682083 7.299317 -1.322387 1.173336 -3.166124 -0.0 -0.0 -0.0 
0.0 0.0 0.0 0.0 -0.0 0.0 48.853909 97.302788 477.74649 1.736924 3.61336 -1.183492 -0.154061 0.401446 -0.099064 -0.265655 -0.248433 -4.942656 -0.775605 -1.835037 12.576719 0.72397 1.763497 7.532623 -0.467223 0.56257 -3.623006 -1.153674 0.380818 -9.269844 7.7e-05 -2.2e-05 6e-06 0.014883 0.014286 0.065747 0.731517 -3.710481 -10.670042 -0.706327 3.754894 -10.649194 -20.996279 -9.175714 13.042907 -48.037071 -14.046596 16.605738 -0.098405 -31.182594 -0.044087 -4.41813 3.342469 -13.204394 -5.882107 9.861288 0.70259 -10.936874 -0.360576 7.156203 2e-06 8.774828 -0.0 -16.069744 18.017504 5.952554 -1.844033 2.498504 -2.507278 -10.163604 4.678945 4.621107 -20.976032 -7e-06 -1e-06 -21.226295 2.451694 -3.594002 1e-06 -6e-06 1e-06 -1.362682 2.240798 -0.746322 -21.334919 0.584908 3.00832 -13.821217 -5e-06 1e-06 -23.887177 -0.249082 -0.839482 -60.077087 2.404898 -1.411574 -0.294024 1.67969 0.833256 -14.218214 0.093214 1.300579 -34.212063 -0.28757 0.967169 -20.033218 0.964535 1.212844 1e-06 -0.0 -1e-06 -3.440389 0.788233 0.501655 -15.928192 -3.167311 2.999706 -6.338829 -3e-06 1e-06 -18.123457 3.64818 -4.905673 -3e-06 -0.0 -2e-06 18.337593 10.840878 14.144744 56.956783 5.659031 5.976619 0.416032 27.408184 0.136731 3.634238 0.217446 -0.184314 2.243542 -5.255038 -3.180159 14.282896 -0.826595 6.952503 -4e-06 -12.690609 2e-06 15.909937 -17.306879 2.563084 1.665666 -1.955922 -2.878299 4.727799 -4.170589 4.993924 11.02053 4e-06 -0.0 12.109056 -3.735716 -2.866784 -0.0 -0.0 -0.0 1.291986 -1.928549 -1.498089 14.800132 0.567468 3.865608 14.242578 -1.341735 -6.660658 19.631975 0.143927 -0.648245 49.682114 -0.558893 -6.327157 0.353029 -1.51115 -0.031939 20.222797 3.68431 2.31663 18.787279 6e-06 0.0 10.751631 -0.479866 1.397904 -0.0 1e-06 -0.0 3.273808 0.305947 -0.580112 21.486822 11.830381 2.266131 8.16293 2e-06 -2e-06 18.399092 -3.798984 -4.940577 4e-06 0.0 -2e-06 -5.660317 3.153298 11.712007 -0.040487 0.11933 3.256855 0.595286 6.768678 -14.412926 1.692964 -1.801307 0.335224 0.0 -1e-06 2e-06 0.208691 -6.04587 -24.380648 0.095067 -0.184506 0.915664 5.31131 -3.149986 6.071596 -1.340737 1.126891 -3.097336 -0.0 -0.0 1e-06 
0.0 0.0 0.0 0.0 -0.0 0.0 48.851528 96.858482 480.93158 1.221782 4.070888 -0.740923 0.159233 0.420821 -0.45602 -0.223487 -0.545184 -5.100078 -0.578631 -1.8946 12.575457 0.868303 1.745542 7.289846 -0.475653 0.397281 -3.594898 -1.269081 0.273495 -9.014433 7.7e-05 -2.3e-05 6e-06 0.010898 0.008701 0.068594 0.749652 -3.714641 -10.64348 -0.731598 3.747405 -10.624455 -21.238291 -9.323104 13.193327 -47.931339 -13.663139 16.35709 -0.149812 -30.847874 -0.102933 -4.390391 3.158595 -13.25941 -5.882109 9.86129 0.702589 -10.936875 -0.360574 7.156209 0.0 8.774828 -0.0 -16.187853 18.028032 5.904429 -1.844033 2.498505 -2.507279 -10.163602 4.678948 4.62111 -20.97603 -2e-06 1e-06 -21.226295 2.451698 -3.594003 2e-06 -6e-06 -0.0 -1.362683 2.2408 -0.746323 -21.334923 0.584911 3.008322 -13.82122 -3e-06 1e-06 -23.887182 -0.249079 -0.839485 -60.112038 2.409283 -1.365853 -0.294025 1.679688 0.833256 -14.218215 0.093216 1.30058 -34.212067 -0.287564 0.967164 -20.033218 0.964537 1.212843 0.0 1e-06 -1e-06 -3.44039 0.788234 0.501655 -15.928192 -3.16731 2.999706 -6.33883 -1e-06 -0.0 -18.123457 3.648183 -4.905675 -3e-06 -0.0 -1e-06 18.835115 10.500721 14.270796 56.837769 5.342523 5.993864 0.088955 26.511408 0.056928 3.816603 0.210704 -0.93415 2.243543 -5.25504 -3.180159 14.282896 -0.826596 6.952503 -1e-06 -12.690609 -0.0 15.952648 -17.254562 2.494184 1.665667 -1.955923 -2.878299 4.727799 -4.170588 4.993925 11.020529 2e-06 -0.0 12.109056 -3.735718 -2.866786 -1e-06 -0.0 -1e-06 1.291986 -1.92855 -1.49809 14.800132 0.567467 3.865606 14.242576 -1.341738 -6.660662 19.631973 0.143926 -0.648246 49.574966 -0.454807 -6.35618 0.35303 -1.511152 -0.03194 20.222795 3.684309 2.316631 18.787275 3e-06 -1e-06 10.751631 -0.479869 1.397907 -1e-06 -1e-06 0.0 3.273807 0.305948 -0.58011 21.486816 11.830376 2.266133 8.16293 1e-06 -0.0 18.399088 -3.798987 -4.940578 4e-06 0.0 -1e-06 -4.67334 3.459539 13.222597 -0.015833 0.022419 3.408046 -0.017661 6.117768 -15.449981 1.713606 -1.812204 -0.032629 0.0 -0.0 2e-06 0.658807 -5.358191 -24.659937 0.086432 -0.146012 2.584293 3.366473 -3.372339 5.94559 -1.378515 1.11338 -3.200118 -0.0 -0.0 -0.0 
0.0 0.0 0.0 0.0 -0.0 0.0 48.821445 96.583908 484.322418 0.17276 4.645512 -0.093861 0.929205 0.402763 -1.183817 -0.162463 -0.694304 -5.368606 -0.29572 -1.983026 12.616883 0.943589 1.761077 7.019943 -0.575084 0.196911 -3.595668 -1.295244 0.104308 -8.30055 7.7e-05 -2.2e-05 6e-06 0.007907 -0.032803 0.038158 0.761818 -3.746524 -10.622585 -0.74919 3.696671 -10.607282 -22.104624 -9.336396 13.099458 -47.377567 -12.674858 15.925921 -0.318084 -30.411886 -0.054205 -4.43184 2.907013 -12.753895 -5.882113 9.861299 0.702592 -10.936879 -0.360571 7.15621 -3e-06 8.774835 -2e-06 -16.300592 18.009031 5.903684 -1.844035 2.498508 -2.50728 -10.16361 4.678954 4.621111 -20.97604 3e-06 1e-06 -21.226307 2.451704 -3.594009 2e-06 -6e-06 1e-06 -1.362683 2.240802 -0.746324 -21.33493 0.584917 3.008326 -13.821225 1e-06 -1e-06 -23.887192 -0.249075 -0.83949 -60.204937 2.370103 -1.320322 -0.294025 1.679688 0.833256 -14.218221 0.09322 1.300581 -34.212074 -0.287558 0.967166 -20.033232 0.96454 1.212839 0.0 1e-06 -1e-06 -3.440391 0.788235 0.501657 -15.9282 -3.167308 2.999709 -6.338835 0.0 2e-06 -18.123466 3.648191 -4.905679 -4e-06 -0.0 -2e-06 19.75071 10.096004 14.199094 56.381546 4.574918 6.011996 -0.213949 25.659727 -0.056794 4.050417 0.11718 -1.669628 2.243542 -5.255041 -3.180157 14.28289 -0.826597 6.952505 2e-06 -12.690613 -2e-06 16.025225 -17.390949 2.461519 1.665666 -1.955923 -2.8783 4.7278 -4.170591 4.993924 11.020528 0.0 -1e-06 12.109055 -3.735721 -2.866786 -1e-06 -0.0 0.0 1.291986 -1.928552 -1.49809 14.800131 0.567466 3.865607 14.242574 -1.341742 -6.660661 19.631969 0.143922 -0.648246 49.588699 -0.421789 -6.399237 0.353029 -1.511152 -0.031941 20.22279 3.684307 2.316631 18.787275 -0.0 -2e-06 10.751631 -0.479871 1.397906 -1e-06 -1e-06 0.0 3.273807 0.305947 -0.580111 21.486813 11.830379 2.266138 8.162928 0.0 -1e-06 18.39909 -3.798991 -4.940582 4e-06 1e-06 -2e-06 -2.830915 4.059304 13.868291 -0.033856 -0.068351 4.988801 -0.831015 4.881479 -16.089975 1.776831 -1.826747 -0.921896 0.0 -0.0 2e-06 1.357739 -3.785248 -24.81086 0.038634 -0.160268 5.279202 0.30798 -3.77093 8.22326 -1.406633 1.087051 -3.203428 -0.0 0.0 -1e-06 
0.0 0.0 0.0 0.0 -0.0 0.0 48.737068 96.428551 487.326324 -1.190655 4.950465 0.599328 1.740394 0.47191 -2.038957 -0.056518 -0.865712 -5.666465 0.305033 -2.01683 12.605163 0.767821 1.794283 6.791659 -0.572879 0.271029 -3.728425 -1.395176 -0.000258 -7.497659 7.7e-05 -2.2e-05 6e-06 0.006142 -0.082201 -0.010643 0.772673 -3.783305 -10.620121 -0.76214 3.633708 -10.612175 -23.044083 -9.042247 12.924077 -47.098961 -11.328176 15.586835 -0.237414 -30.003782 -0.168661 -4.531965 2.767199 -12.107772 -5.882112 9.861292 0.702592 -10.936883 -0.360577 7.156211 2e-06 8.774833 0.0 -16.458895 18.084019 5.9611 -1.844035 2.498506 -2.507279 -10.163611 4.678948 4.621113 -20.976051 -6e-06 1e-06 -21.226313 2.451695 -3.594003 1e-06 -6e-06 -1e-06 -1.362683 2.2408 -0.746325 -21.334938 0.584909 3.008324 -13.821231 -5e-06 2e-06 -23.887199 -0.249083 -0.839484 -60.335445 2.33397 -1.085116 -0.294025 1.679689 0.833257 -14.218225 0.093212 1.300579 -34.212086 -0.287569 0.967172 -20.033236 0.964535 1.212845 1e-06 1e-06 0.0 -3.440393 0.788234 0.501656 -15.928206 -3.167315 2.999707 -6.338833 -3e-06 1e-06 -18.123466 3.648183 -4.905675 -3e-06 1e-06 -1e-06 20.542625 10.120514 13.953103 56.033798 3.331484 6.243951 -0.449747 24.86055 -0.16699 4.137668 0.0623 -2.334619 2.243543 -5.255042 -3.180159 14.282904 -0.826594 6.952507 -4e-06 -12.690618 2e-06 15.91806 -17.468618 2.51383 1.665668 -1.955923 -2.8783 4.727803 -4.170592 4.993928 11.020538 4e-06 -1e-06 12.109064 -3.735718 -2.866787 0.0 -0.0 -1e-06 1.291986 -1.928551 -1.49809 14.800144 0.567471 3.865611 14.242585 -1.341735 -6.660663 19.631987 0.143929 -0.648244 49.712456 -0.369176 -6.321261 0.353029 -1.511151 -0.031941 20.222813 3.684316 2.316632 18.787289 7e-06 1e-06 10.751638 -0.479867 1.397908 -1e-06 -1e-06 0.0 3.27381 0.305947 -0.580114 21.486839 11.830391 2.266136 8.162937 3e-06 -1e-06 18.399099 -3.798987 -4.940578 3e-06 1e-06 -2e-06 -0.65835 5.038474 14.294448 -0.038749 -0.280731 7.137652 -1.733277 3.602643 -15.679111 1.805501 -1.780875 -2.955807 -0.0 -0.0 2e-06 2.506675 -2.09969 -25.010876 -0.034612 -0.132022 7.981789 -1.329592 -4.576307 10.158445 -1.41483 1.078077 -2.879472 -0.0 0.0 -0.0 
