HIERARCHY
ROOT Root
{
  OFFSET 0.0 0.0 0.0
  CHANNELS 6 Xposition Yposition Zposition Zrotation Yrotation Xrotation
  JOINT Hips
  {
    OFFSET 0.0 100.0 0.0
    CHANNELS 6 Xposition Yposition Zposition Zrotation Yrotation Xrotation
    JOINT Spine1
    {
      OFFSET -0.013727 5.003763 -0.053727
      CHANNELS 3 Zrotation Yrotation Xrotation
      JOINT Spine2
      {
        OFFSET -0.0 7.125301 -0.029825
        CHANNELS 3 Zrotation Yrotation Xrotation
        JOINT Chest
        {
          OFFSET -1e-06 7.550063 -0.815971
          CHANNELS 3 Zrotation Yrotation Xrotation
          JOINT Neck1
          {
            OFFSET -0.181677 26.311295 -0.553348
            CHANNELS 3 Zrotation Yrotation Xrotation
            JOINT Neck2
            {
              OFFSET -3e-06 7.709397 2.302585
              CHANNELS 3 Zrotation Yrotation Xrotation
              JOINT Head
              {
                OFFSET -5e-06 6.128916 1.953709
                CHANNELS 3 Zrotation Yrotation Xrotation
                JOINT HeadEnd
                {
                  OFFSET 0.003598 16.065403 -1.835379
                  CHANNELS 3 Zrotation Yrotation Xrotation
                }
                JOINT Jaw
                {
                  OFFSET 0.002637 0.475592 3.094941
                  CHANNELS 3 Zrotation Yrotation Xrotation
                }
                JOINT LeftEye
                {
                  OFFSET 3.206381 5.380205 7.586883
                  CHANNELS 3 Zrotation Yrotation Xrotation
                }
                JOINT RightEye
                {
                  OFFSET -3.22244 5.361869 7.558234
                  CHANNELS 3 Zrotation Yrotation Xrotation
                }
              }
            }
          }
          JOINT LeftShoulder
          {
            OFFSET 1.621652 23.237164 5.113413
            CHANNELS 3 Zrotation Yrotation Xrotation
            JOINT LeftArm
            {
              OFFSET 14.919846 2e-06 -5.502326
              CHANNELS 3 Zrotation Yrotation Xrotation
              JOINT LeftForeArm
              {
                OFFSET 28.739307 0.0 -0.002588
                CHANNELS 3 Zrotation Yrotation Xrotation
                JOINT LeftHand
                {
                  OFFSET 27.093981 -1e-06 0.002609
                  CHANNELS 3 Zrotation Yrotation Xrotation
                  JOINT LeftHandThumb1
                  {
                    OFFSET 2.276482 -1.392045 3.191413
                    CHANNELS 3 Zrotation Yrotation Xrotation
                    JOINT LeftHandThumb2
                    {
                      OFFSET 4.012836 -1.828127 1.641654
                      CHANNELS 3 Zrotation Yrotation Xrotation
                      JOINT LeftHandThumb3
                      {
                        OFFSET 2.798515 0.0 -3e-06
                        CHANNELS 3 Zrotation Yrotation Xrotation
                        JOINT LeftHandThumbEnd
                        {
                          OFFSET 3.180793 -4e-06 4e-06
                          CHANNELS 3 Zrotation Yrotation Xrotation
                        }
                      }
                    }
                  }
                  JOINT LeftHandIndex1
                  {
                    OFFSET 3.247555 -0.531998 2.296169
                    CHANNELS 3 Zrotation Yrotation Xrotation
                    JOINT LeftHandIndex2
                    {
                      OFFSET 6.364578 0.01206 0.1786
                      CHANNELS 3 Zrotation Yrotation Xrotation
                      JOINT LeftHandIndex3
                      {
                        OFFSET 3.662364 0.0 0.0
                        CHANNELS 3 Zrotation Yrotation Xrotation
                        JOINT LeftHandIndex4
                        {
                          OFFSET 2.329242 4e-06 4e-06
                          CHANNELS 3 Zrotation Yrotation Xrotation
                          JOINT LeftHandIndexEnd
                          {
                            OFFSET 2.759615 -0.180537 -0.113024
                            CHANNELS 3 Zrotation Yrotation Xrotation
                          }
                        }
                      }
                    }
                  }
                  JOINT LeftHandMiddle1
                  {
                    OFFSET 3.163495 0.240981 1.000332
                    CHANNELS 3 Zrotation Yrotation Xrotation
                    JOINT LeftHandMiddle2
                    {
                      OFFSET 6.19078 -0.259278 -1.002548
                      CHANNELS 3 Zrotation Yrotation Xrotation
                      JOINT LeftHandMiddle3
                      {
                        OFFSET 4.35652 -4e-06 -1e-06
                        CHANNELS 3 Zrotation Yrotation Xrotation
                        JOINT LeftHandMiddle4
                        {
                          OFFSET 2.996877 -8e-06 0.0
                          CHANNELS 3 Zrotation Yrotation Xrotation
                          JOINT LeftHandMiddleEnd
                          {
                            OFFSET 2.304287 -0.294569 -0.031741
                            CHANNELS 3 Zrotation Yrotation Xrotation
                          }
                        }
                      }
                    }
                  }
                  JOINT LeftHandRing1
                  {
                    OFFSET 2.882643 -0.053652 -0.322543
                    CHANNELS 3 Zrotation Yrotation Xrotation
                    JOINT LeftHandRing2
                    {
                      OFFSET 5.854541 -0.486202 -1.373841
                      CHANNELS 3 Zrotation Yrotation Xrotation
                      JOINT LeftHandRing3
                      {
                        OFFSET 4.350578 0.0 3e-06
                        CHANNELS 3 Zrotation Yrotation Xrotation
                        JOINT LeftHandRing4
                        {
                          OFFSET 2.651321 7e-06 2e-06
                          CHANNELS 3 Zrotation Yrotation Xrotation
                          JOINT LeftHandRingEnd
                          {
                            OFFSET 1.936105 0.077687 -7.1e-05
                            CHANNELS 3 Zrotation Yrotation Xrotation
                          }
                        }
                      }
                    }
                  }
                  JOINT LeftHandPinky1
                  {
                    OFFSET 2.8655 -0.310005 -1.600378
                    CHANNELS 3 Zrotation Yrotation Xrotation
                    JOINT LeftHandPinky2
                    {
                      OFFSET 5.087849 -1.331141 -1.77123
                      CHANNELS 3 Zrotation Yrotation Xrotation
                      JOINT LeftHandPinky3
                      {
                        OFFSET 3.070974 4e-06 0.0
                        CHANNELS 3 Zrotation Yrotation Xrotation
                        JOINT LeftHandPinky4
                        {
                          OFFSET 1.549672 0.0 1e-06
                          CHANNELS 3 Zrotation Yrotation Xrotation
                          JOINT LeftHandPinkyEnd
                          {
                            OFFSET 1.944893 -0.157802 0.057219
                            CHANNELS 3 Zrotation Yrotation Xrotation
                          }
                        }
                      }
                    }
                  }
                }
              }
            }
          }
          JOINT RightShoulder
          {
            OFFSET -1.380118 23.180309 5.214158
            CHANNELS 3 Zrotation Yrotation Xrotation
            JOINT RightArm
            {
              OFFSET -15.037196 1.2e-05 -5.545604
              CHANNELS 3 Zrotation Yrotation Xrotation
              JOINT RightForeArm
              {
                OFFSET -28.736639 2e-06 -0.002597
                CHANNELS 3 Zrotation Yrotation Xrotation
                JOINT RightHand
                {
                  OFFSET -27.133619 -0.0 0.002613
                  CHANNELS 3 Zrotation Yrotation Xrotation
                  JOINT RightHandThumb1
                  {
                    OFFSET -2.274032 -1.383988 3.163127
                    CHANNELS 3 Zrotation Yrotation Xrotation
                    JOINT RightHandThumb2
                    {
                      OFFSET -4.011429 -1.827466 1.640914
                      CHANNELS 3 Zrotation Yrotation Xrotation
                      JOINT RightHandThumb3
                      {
                        OFFSET -2.794935 -4e-06 -3e-06
                        CHANNELS 3 Zrotation Yrotation Xrotation
                        JOINT RightHandThumbEnd
                        {
                          OFFSET -3.183852 4e-06 1e-06
                          CHANNELS 3 Zrotation Yrotation Xrotation
                        }
                      }
                    }
                  }
                  JOINT RightHandIndex1
                  {
                    OFFSET -3.253266 -0.520057 2.282866
                    CHANNELS 3 Zrotation Yrotation Xrotation
                    JOINT RightHandIndex2
                    {
                      OFFSET -6.341917 0.012471 0.178266
                      CHANNELS 3 Zrotation Yrotation Xrotation
                      JOINT RightHandIndex3
                      {
                        OFFSET -3.654871 -8e-06 -0.0
                        CHANNELS 3 Zrotation Yrotation Xrotation
                        JOINT RightHandIndex4
                        {
                          OFFSET -2.327586 0.0 1e-06
                          CHANNELS 3 Zrotation Yrotation Xrotation
                          JOINT RightHandIndexEnd
                          {
                            OFFSET -2.76179 -0.180656 -0.113078
                            CHANNELS 3 Zrotation Yrotation Xrotation
                          }
                        }
                      }
                    }
                  }
                  JOINT RightHandMiddle1
                  {
                    OFFSET -3.168106 0.246593 1.00103
                    CHANNELS 3 Zrotation Yrotation Xrotation
                    JOINT RightHandMiddle2
                    {
                      OFFSET -6.180828 -0.258836 -1.000895
                      CHANNELS 3 Zrotation Yrotation Xrotation
                      JOINT RightHandMiddle3
                      {
                        OFFSET -4.348901 0.0 -0.0
                        CHANNELS 3 Zrotation Yrotation Xrotation
                        JOINT RightHandMiddle4
                        {
                          OFFSET -3.00024 -4e-06 -2e-06
                          CHANNELS 3 Zrotation Yrotation Xrotation
                          JOINT RightHandMiddleEnd
                          {
                            OFFSET -2.30252 -0.29437 -0.031706
                            CHANNELS 3 Zrotation Yrotation Xrotation
                          }
                        }
                      }
                    }
                  }
                  JOINT RightHandRing1
                  {
                    OFFSET -2.88569 -0.067952 -0.308858
                    CHANNELS 3 Zrotation Yrotation Xrotation
                    JOINT RightHandRing2
                    {
                      OFFSET -5.854198 -0.48613 -1.373731
                      CHANNELS 3 Zrotation Yrotation Xrotation
                      JOINT RightHandRing3
                      {
                        OFFSET -4.33881 -4e-06 -0.0
                        CHANNELS 3 Zrotation Yrotation Xrotation
                        JOINT RightHandRing4
                        {
                          OFFSET -2.654903 -4e-06 4e-06
                          CHANNELS 3 Zrotation Yrotation Xrotation
                          JOINT RightHandRingEnd
                          {
                            OFFSET -1.933568 0.077527 -5.2e-05
                            CHANNELS 3 Zrotation Yrotation Xrotation
                          }
                        }
                      }
                    }
                  }
                  JOINT RightHandPinky1
                  {
                    OFFSET -2.866425 -0.342796 -1.584145
                    CHANNELS 3 Zrotation Yrotation Xrotation
                    JOINT RightHandPinky2
                    {
                      OFFSET -5.091371 -1.332055 -1.772385
                      CHANNELS 3 Zrotation Yrotation Xrotation
                      JOINT RightHandPinky3
                      {
                        OFFSET -3.062664 -4e-06 1e-06
                        CHANNELS 3 Zrotation Yrotation Xrotation
                        JOINT RightHandPinky4
                        {
                          OFFSET -1.546529 4e-06 -2e-06
                          CHANNELS 3 Zrotation Yrotation Xrotation
                          JOINT RightHandPinkyEnd
                          {
                            OFFSET -1.945119 -0.157718 0.057211
                            CHANNELS 3 Zrotation Yrotation Xrotation
                          }
                        }
                      }
                    }
                  }
                }
              }
            }
          }
        }
      }
    }
    JOINT LeftLeg
    {
      OFFSET 10.043214 -8.434526 2.595655
      CHANNELS 3 Zrotation Yrotation Xrotation
      JOINT LeftShin
      {
        OFFSET -1e-06 -43.221752 -0.802913
        CHANNELS 3 Zrotation Yrotation Xrotation
        JOINT LeftFoot
        {
          OFFSET 1e-06 -42.155094 -3.481523
          CHANNELS 3 Zrotation Yrotation Xrotation
          JOINT LeftToeBase
          {
            OFFSET 0.0 -5.059472 13.231529
            CHANNELS 3 Zrotation Yrotation Xrotation
            JOINT LeftToeEnd
            {
              OFFSET -0.009607 -1.647619 6.513017
              CHANNELS 3 Zrotation Yrotation Xrotation
            }
          }
        }
      }
    }
    JOINT RightLeg
    {
      OFFSET -10.047278 -8.29526 2.620317
      CHANNELS 3 Zrotation Yrotation Xrotation
      JOINT RightShin
      {
        OFFSET 1e-06 -43.362206 -0.805556
        CHANNELS 3 Zrotation Yrotation Xrotation
        JOINT RightFoot
        {
          OFFSET 2e-06 -42.117393 -3.478398
          CHANNELS 3 Zrotation Yrotation Xrotation
          JOINT RightToeBase
          {
            OFFSET -0.0 -5.079609 13.284196
            CHANNELS 3 Zrotation Yrotation Xrotation
            JOINT RightToeEnd
            {
              OFFSET 0.009532 -1.634378 6.460591
              CHANNELS 3 Zrotation Yrotation Xrotation
            }
          }
        }
      }
    }
  }
}
MOTION
Frames: 180
Frame Time: 0.03333333333333333
0.0 0.0 0.0 0.0 -0.0 0.0 2.277265 97.080147 -4.632122 -2.986923 -0.496585 -1.811628 2.064946 -0.037212 -4.609063 -0.053958 -0.887346 -7.300095 1.53683 -2.608085 17.718161 1.981689 1.556038 8.371154 -0.865736 0.632497 -3.56289 -0.301979 -0.820508 -10.95732 7.7e-05 -2.2e-05 6e-06 0.000855 -0.084761 0.005029 0.654567 -3.804931 -10.392782 -0.648006 3.652108 -10.38872 -12.713299 -11.525593 17.344824 -53.327286 -17.592007 35.835945 0.301159 -34.398689 -0.006415 -8.48318 5.154042 -25.702145 -5.882106 9.861284 0.702589 -10.936869 -0.360574 7.1562 -2e-06 8.774823 -1e-06 -16.93306 18.462818 5.932271 -1.844032 2.498503 -2.507278 -10.163597 4.678945 4.621107 -20.976021 -0.0 -2e-06 -21.226286 2.451698 -3.594002 -0.0 -6e-06 -0.0 -1.362682 2.240798 -0.746321 -21.334909 0.584911 3.008321 -13.82121 0.0 -0.0 -23.887165 -0.249077 -0.839486 -61.589092 2.53215 -1.043447 -0.294025 1.679687 0.833256 -14.218205 0.093217 1.300578 -34.212036 -0.287563 0.967164 -20.033207 0.964538 1.21284 1e-06 0.0 -0.0 -3.440387 0.788233 0.501656 -15.928181 -3.167307 2.999704 -6.338824 -0.0 -2e-06 -18.123444 3.648184 -4.905669 -5e-06 0.0 -0.0 21.397541 13.1991 19.633945 48.776459 7.287255 20.601547 0.713672 40.534992 0.410134 1.129354 -9.815982 -26.262583 2.243542 -5.255036 -3.180156 14.282888 -0.826595 6.952499 -1e-06 -12.690605 -0.0 16.152111 -17.77449 2.721212 1.665666 -1.955923 -2.878298 4.727799 -4.170587 4.993922 11.020526 2e-06 -3e-06 12.109053 -3.735716 -2.866785 -1e-06 0.0 -0.0 1.291986 -1.92855 -1.498089 14.800125 0.567467 3.865605 14.242571 -1.341737 -6.660658 19.631968 0.143925 -0.648246 49.735741 -0.496016 -6.44196 0.353029 -1.51115 -0.03194 20.222788 3.684309 2.316628 18.78727 5e-06 -3e-06 10.751625 -0.479867 1.397905 -0.0 -1e-06 2e-06 3.273806 0.305947 -0.580111 21.486811 11.830376 2.266133 8.162928 2e-06 -2e-06 18.39908 -3.798984 -4.940577 5e-06 1e-06 -1e-06 6.342839 7.227184 13.742675 0.03605 -0.410374 21.239227 -0.359341 -3.795168 -9.966863 1.967409 -1.97204 -12.065936 0.0 -0.0 1e-06 7.178871 -14.697788 -20.697384 0.053319 -0.300579 9.360659 -1.462288 -2.410981 11.900594 -1.334912 0.94984 -2.735621 0.0 -1e-06 -1e-06 
0.0 0.0 0.0 0.0 -0.0 0.0 1.239301 97.360992 -1.354368 -3.924464 -0.150487 -2.226694 2.512697 -0.056625 -4.459032 0.06782 -0.992339 -7.235625 2.007097 -2.752232 17.495436 2.105815 1.628518 8.898681 -0.811887 0.385637 -3.57603 -0.332231 -0.676123 -11.250919 7.7e-05 -2.2e-05 6e-06 -0.001954 -0.073397 -0.00409 0.6652 -3.801124 -10.417694 -0.662747 3.669038 -10.412481 -11.872375 -11.362306 17.580076 -54.565529 -17.271454 36.979706 0.322767 -34.384384 -0.05695 -8.713448 4.666234 -25.27677 -5.882114 9.861295 0.70259 -10.93688 -0.360571 7.156211 -3e-06 8.774831 -2e-06 -16.976233 18.189966 5.782771 -1.844035 2.498508 -2.507279 -10.16361 4.678952 4.621112 -20.97604 2e-06 -1e-06 -21.226311 2.451704 -3.594008 -0.0 -5e-06 -0.0 -1.362683 2.2408 -0.746326 -21.33493 0.584917 3.008326 -13.821225 1e-06 -1e-06 -23.887188 -0.249073 -0.83949 -61.102253 2.354308 -1.031496 -0.294026 1.679688 0.833255 -14.21822 0.09322 1.300579 -34.212082 -0.287556 0.967163 -20.033232 0.964541 1.212839 1e-06 -0.0 1e-06 -3.440392 0.788235 0.501657 -15.928201 -3.167307 2.999709 -6.338831 0.0 -1e-06 -18.123461 3.648191 -4.905677 -5e-06 0.0 1e-06 21.048075 13.073728 19.896749 49.352386 7.481736 20.222551 0.922976 40.837013 0.561426 0.922406 -9.439933 -25.880135 2.243543 -5.255039 -3.180159 14.282889 -0.826597 6.952501 2e-06 -12.690609 -1e-06 16.103142 -17.757095 2.688199 1.665667 -1.955924 -2.8783 4.727799 -4.170589 4.993925 11.020528 1e-06 -2e-06 12.109055 -3.73572 -2.866785 -2e-06 -0.0 -1e-06 1.291986 -1.92855 -1.49809 14.800129 0.567465 3.865607 14.242576 -1.341741 -6.66066 19.631971 0.143924 -0.648247 49.799332 -0.539531 -6.418932 0.353029 -1.511151 -0.03194 20.222794 3.684307 2.31663 18.787273 2e-06 -3e-06 10.751629 -0.479868 1.397905 1e-06 -0.0 1e-06 3.273807 0.305947 -0.580111 21.486813 11.830376 2.266133 8.162927 -1e-06 -1e-06 18.399084 -3.798988 -4.940581 5e-06 1e-06 -1e-06 8.502197 7.279593 11.688067 0.01094 -0.568063 29.197382 -0.965678 -3.862979 -6.330171 2.116773 -1.95613 -16.698925 0.0 0.0 2e-06 8.036944 -14.686251 -19.507397 0.089342 -0.338528 12.618269 -2.117658 -2.930614 7.855098 -1.362323 0.918566 -2.096403 -0.0 0.0 -1e-06 
0.0 0.0 0.0 0.0 -0.0 0.0 0.216041 97.625198 2.012899 -4.790692 0.308812 -2.859845 2.884479 -0.064322 -3.999163 0.146063 -1.070006 -7.050958 2.401657 -2.866303 17.17403 2.395217 1.561995 9.292851 -0.719016 0.151589 -3.573596 -0.394274 -0.576925 -11.584351 7.7e-05 -2.2e-05 6e-06 0.001302 -0.02357 0.009171 0.682709 -3.758833 -10.463799 -0.673254 3.723805 -10.455459 -10.640147 -11.440964 17.72183 -55.715836 -17.162485 38.594685 0.304641 -34.965046 -0.121414 -9.384157 4.202425 -24.339745 -5.88211 9.861292 0.702591 -10.936877 -0.360576 7.156209 1e-06 8.774831 -2e-06 -16.910946 18.072884 5.71228 -1.844033 2.498506 -2.507279 -10.163604 4.678947 4.621109 -20.976034 -5e-06 1e-06 -21.226299 2.451696 -3.594002 0.0 -7e-06 -2e-06 -1.362682 2.2408 -0.746325 -21.334925 0.584908 3.008325 -13.82122 -3e-06 2e-06 -23.887182 -0.249082 -0.839484 -60.710773 2.346733 -1.107851 -0.294025 1.679689 0.833257 -14.218217 0.093214 1.300581 -34.21207 -0.287569 0.967171 -20.033224 0.964534 1.212844 1e-06 1e-06 1e-06 -3.440391 0.788234 0.501657 -15.928196 -3.167313 2.999707 -6.338831 -2e-06 -0.0 -18.123457 3.648184 -4.905674 -5e-06 2e-06 -2e-06 20.599483 13.028741 20.084969 49.876007 7.811527 20.28672 1.033317 41.561287 0.663839 0.559614 -9.211206 -26.261696 2.243544 -5.255043 -3.180159 14.282898 -0.826596 6.952503 -1e-06 -12.690615 2e-06 16.07905 -17.721085 2.666858 1.665667 -1.955923 -2.878299 4.727801 -4.17059 4.993925 11.020531 3e-06 -3e-06 12.109059 -3.735718 -2.866787 1e-06 -0.0 -1e-06 1.291986 -1.92855 -1.49809 14.800136 0.567468 3.865607 14.242579 -1.341738 -6.660662 19.631975 0.143926 -0.648247 49.706528 -0.588712 -6.414643 0.353029 -1.511151 -0.03194 20.222801 3.684312 2.316629 18.787287 5e-06 -4e-06 10.751633 -0.479868 1.397905 2e-06 -0.0 0.0 3.273808 0.305946 -0.580111 21.486826 11.830384 2.266132 8.162931 2e-06 -1e-06 18.399094 -3.798987 -4.940581 5e-06 0.0 -1e-06 10.68494 7.537591 8.207405 -0.075379 -0.662086 39.315269 -1.52932 -3.47441 -0.841356 2.189024 -1.844699 -18.795689 0.0 0.0 3e-06 8.771312 -15.094645 -17.30055 0.146595 -0.397969 14.39703 -2.618029 -3.426317 4.440965 -1.380589 0.904356 -1.448102 -0.0 0.0 -1e-06 
0.0 0.0 0.0 0.0 -0.0 0.0 -0.80415 97.869499 5.214466 -5.496524 0.804609 -3.477505 3.16597 0.000804 -3.48157 0.205688 -1.025 -6.829584 2.720265 -2.975964 17.007826 2.657322 1.378938 9.420658 -0.632915 0.113551 -3.565144 -0.426743 -0.591237 -11.987302 7.7e-05 -2.3e-05 6e-06 0.007162 0.026708 0.01662 0.693113 -3.709644 -10.491346 -0.672392 3.772488 -10.479659 -9.82482 -11.514259 17.60643 -56.041092 -17.451565 40.65749 0.301825 -36.041512 -0.18948 -10.343174 3.804278 -22.86013 -5.88211 9.861288 0.702589 -10.936875 -0.360574 7.156205 -0.0 8.774827 -1e-06 -16.759779 18.052515 5.774803 -1.844033 2.498506 -2.50728 -10.163602 4.678947 4.621109 -20.97603 -0.0 0.0 -21.226297 2.451697 -3.594004 -1e-06 -7e-06 -1e-06 -1.362683 2.2408 -0.746324 -21.334921 0.584912 3.00832 -13.821218 0.0 1e-06 -23.887178 -0.249075 -0.839487 -60.648884 2.489231 -1.176658 -0.294025 1.679687 0.833256 -14.218213 0.093217 1.300579 -34.212059 -0.287562 0.967164 -20.033218 0.964539 1.21284 1e-06 1e-06 1e-06 -3.44039 0.788234 0.501655 -15.928191 -3.167308 2.999708 -6.338828 0.0 -1e-06 -18.123453 3.648185 -4.905674 -5e-06 1e-06 -3e-06 20.408394 13.102635 20.222784 49.644371 8.188626 20.879311 0.984466 42.678978 0.691879 0.221967 -8.910899 -27.205837 2.243545 -5.255043 -3.18016 14.282904 -0.826598 6.952507 -1e-06 -12.690618 3e-06 16.053972 -17.66169 2.678131 1.665668 -1.955924 -2.878302 4.727804 -4.170592 4.993927 11.020536 1e-06 -3e-06 12.109065 -3.73572 -2.866787 -0.0 0.0 -1e-06 1.291987 -1.928552 -1.498092 14.800142 0.567468 3.86561 14.242585 -1.341737 -6.660665 19.631985 0.143926 -0.648248 49.605988 -0.615191 -6.375997 0.353029 -1.511152 -0.031941 20.222809 3.684311 2.31663 18.787292 2e-06 -3e-06 10.751639 -0.479869 1.397905 3e-06 -1e-06 0.0 3.27381 0.305947 -0.580113 21.486832 11.830385 2.266133 8.162936 1e-06 -1e-06 18.399103 -3.79899 -4.940583 5e-06 0.0 -1e-06 12.397725 7.857893 3.747593 -0.146969 -0.648227 49.791069 -1.8628 -1.940628 4.440104 2.055282 -1.806661 -13.754075 0.0 0.0 1e-06 9.415259 -15.798197 -14.637318 0.176696 -0.410339 14.925043 -2.993833 -3.717637 1.760298 -1.395156 0.908334 -1.073364 -0.0 0.0 -1e-06 
0.0 0.0 0.0 0.0 -0.0 0.0 -1.712869 98.126999 8.131095 -5.821932 1.108877 -4.03841 3.319449 0.148013 -3.051887 0.225561 -0.860145 -6.619245 2.857851 -2.945964 17.087376 2.90495 1.178876 9.487712 -0.619897 0.213552 -3.572733 -0.356173 -0.745309 -12.52886 7.7e-05 -2.3e-05 6e-06 0.006544 0.031058 0.019888 0.685694 -3.701404 -10.499266 -0.667109 3.772047 -10.485637 -9.626688 -11.368548 17.359686 -55.72892 -18.273237 42.600826 0.302024 -36.970577 -0.235732 -10.961489 3.432006 -21.620354 -5.88211 9.861292 0.702592 -10.936881 -0.360577 7.156209 2e-06 8.774833 -0.0 -16.553659 18.069366 5.949153 -1.844034 2.498506 -2.507278 -10.163608 4.678947 4.621109 -20.976042 -7e-06 1e-06 -21.226301 2.451696 -3.594002 -1e-06 -8e-06 -1e-06 -1.362682 2.240799 -0.746324 -21.33493 0.584907 3.008323 -13.821224 -7e-06 2e-06 -23.88719 -0.249083 -0.839481 -60.80188 2.674676 -1.169759 -0.294024 1.679689 0.833256 -14.218222 0.093213 1.30058 -34.212078 -0.287568 0.967172 -20.033232 0.964532 1.212845 1e-06 1e-06 0.0 -3.440391 0.788232 0.501654 -15.928201 -3.167315 2.999708 -6.338832 -2e-06 1e-06 -18.123459 3.648182 -4.905674 -4e-06 2e-06 -3e-06 20.549501 13.357058 20.350157 48.489704 8.813328 22.222477 0.84948 43.509438 0.614534 0.133524 -8.550234 -27.852451 2.243543 -5.255038 -3.180159 14.282902 -0.826595 6.952507 -2e-06 -12.690609 1e-06 16.009138 -17.556622 2.703137 1.665668 -1.955921 -2.8783 4.727803 -4.170589 4.993926 11.020534 2e-06 -1e-06 12.109059 -3.735717 -2.866787 -1e-06 -0.0 0.0 1.291987 -1.92855 -1.498089 14.800139 0.567468 3.86561 14.24258 -1.341736 -6.660659 19.631977 0.143926 -0.648245 49.47398 -0.624857 -6.33373 0.353029 -1.51115 -0.031941 20.222805 3.68431 2.31663 18.787287 5e-06 -1e-06 10.751634 -0.479868 1.397907 0.0 1e-06 -0.0 3.273809 0.305946 -0.580112 21.48683 11.830381 2.266134 8.162936 2e-06 -1e-06 18.399097 -3.798985 -4.940578 4e-06 1e-06 -1e-06 13.051878 8.186379 -0.803435 -0.16975 -0.5823 58.683353 -1.361224 0.557359 7.075392 1.900675 -1.914392 -6.860494 -0.0 0.0 0.0 9.696677 -16.69434 -11.777828 0.138475 -0.369059 14.507675 -3.126239 -3.610934 -0.22428 -1.398897 0.91825 -0.984182 -0.0 0.0 -1e-06 
0.0 0.0 0.0 0.0 -0.0 0.0 -2.435066 98.445549 10.950604 -5.568894 0.967437 -4.493814 3.323055 0.298624 -2.75355 0.17748 -0.565291 -6.44403 2.690133 -2.639528 17.264099 3.074977 1.103015 9.713584 -0.662129 0.249717 -3.56131 -0.17353 -0.920744 -12.920415 7.7e-05 -2.2e-05 6e-06 0.000236 0.012447 0.029814 0.667327 -3.714793 -10.491287 -0.662351 3.749022 -10.479918 -9.695264 -10.94276 17.094027 -55.650455 -19.310841 43.28804 0.178411 -37.127842 -0.176278 -10.277855 3.227179 -21.320747 -5.882111 9.86129 0.702588 -10.936877 -0.360574 7.156207 -1e-06 8.774827 -1e-06 -16.42671 18.093817 6.040514 -1.844035 2.498506 -2.507277 -10.163605 4.678948 4.621109 -20.976038 -0.0 -2e-06 -21.226301 2.4517 -3.594007 -1e-06 -8e-06 -2e-06 -1.362683 2.240799 -0.746324 -21.334925 0.584912 3.00832 -13.821221 -0.0 -2e-06 -23.887186 -0.24908 -0.839489 -60.837955 2.799504 -1.197398 -0.294025 1.679688 0.833254 -14.218216 0.093217 1.300578 -34.212067 -0.287562 0.967161 -20.033226 0.964535 1.212839 0.0 1e-06 -0.0 -3.44039 0.788235 0.501657 -15.928192 -3.167307 2.999707 -6.33883 0.0 0.0 -18.123459 3.648184 -4.905678 -5e-06 1e-06 -1e-06 20.689835 13.800207 20.540207 47.095188 9.861614 23.795603 0.856833 43.506496 0.59452 0.287983 -8.431881 -27.609507 2.243542 -5.255037 -3.180157 14.282894 -0.826595 6.952503 -1e-06 -12.690605 -1e-06 15.989931 -17.464314 2.714291 1.665667 -1.955922 -2.878299 4.727798 -4.170588 4.993925 11.020528 2e-06 0.0 12.109054 -3.735717 -2.866784 -0.0 0.0 -0.0 1.291986 -1.928549 -1.498088 14.800129 0.567468 3.865608 14.242576 -1.341737 -6.660656 19.631969 0.143927 -0.648246 49.386681 -0.633715 -6.325444 0.353029 -1.511151 -0.031941 20.222794 3.684309 2.316629 18.787279 6e-06 -2e-06 10.751629 -0.479867 1.397905 0.0 1e-06 1e-06 3.273807 0.305945 -0.58011 21.486818 11.830376 2.266131 8.16293 2e-06 -1e-06 18.399088 -3.798985 -4.940577 5e-06 1e-06 -1e-06 12.457416 8.546133 -4.796046 -0.185638 -0.432916 64.577339 -1.154754 1.615726 6.144885 1.890747 -1.978359 -4.676279 0.0 0.0 4e-06 9.258337 -17.50663 -8.75985 0.10414 -0.351028 13.49472 -2.819486 -3.009414 -1.771839 -1.392412 0.911431 -0.896256 -0.0 0.0 -1e-06 
0.0 0.0 0.0 0.0 -0.0 0.0 -3.00223 98.762672 13.652078 -4.970716 0.508591 -4.822732 3.266654 0.444485 -2.475496 0.091815 -0.204358 -6.276443 2.316111 -2.166019 17.289295 3.091581 1.15502 10.060754 -0.695073 0.221645 -3.536167 0.045686 -1.071588 -12.991813 7.7e-05 -2.2e-05 6e-06 -0.004454 -0.002015 0.041194 0.651965 -3.723966 -10.476741 -0.657437 3.729802 -10.466902 -9.710402 -10.426396 16.825001 -56.037411 -20.099386 42.683388 0.114772 -36.998138 -0.10914 -8.637924 3.359333 -22.051752 -5.882113 9.861295 0.702592 -10.936881 -0.360574 7.15621 -0.0 8.774834 -1e-06 -16.419056 18.110748 6.018731 -1.844035 2.498507 -2.50728 -10.16361 4.678949 4.621111 -20.976044 -1e-06 3e-06 -21.226311 2.451702 -3.594005 0.0 -6e-06 0.0 -1.362683 2.2408 -0.746325 -21.334936 0.584912 3.008322 -13.821227 0.0 2e-06 -23.887196 -0.24908 -0.839488 -60.744938 2.883137 -1.298988 -0.294025 1.679688 0.833257 -14.218223 0.093215 1.300579 -34.212082 -0.287564 0.967167 -20.033234 0.964536 1.212843 0.0 1e-06 -1e-06 -3.440392 0.788234 0.501656 -15.928201 -3.167312 2.999707 -6.338833 -1e-06 1e-06 -18.123466 3.648185 -4.905678 -3e-06 1e-06 -2e-06 20.584366 14.393699 20.757854 46.084297 11.021955 25.037966 0.873298 43.102531 0.60587 0.55272 -8.640969 -27.349752 2.243543 -5.255041 -3.18016 14.282902 -0.826595 6.952507 -2e-06 -12.690613 -2e-06 16.007376 -17.41543 2.706544 1.665667 -1.955922 -2.8783 4.727802 -4.170592 4.993925 11.020537 4e-06 -2e-06 12.109062 -3.735718 -2.866786 -1e-06 0.0 -1e-06 1.291986 -1.92855 -1.498091 14.800139 0.567468 3.865608 14.242586 -1.341736 -6.660663 19.631987 0.143928 -0.648246 49.352467 -0.665487 -6.380035 0.353029 -1.511152 -0.031939 20.222805 3.684313 2.316631 18.787289 5e-06 -1e-06 10.751639 -0.479868 1.397907 0.0 0.0 1e-06 3.273809 0.305948 -0.58011 21.486832 11.830384 2.266133 8.162935 3e-06 -2e-06 18.399099 -3.798983 -4.940579 5e-06 1e-06 -0.0 11.04086 8.953172 -8.482535 -0.180828 -0.241374 67.473877 -1.435682 1.746885 4.205849 1.896474 -1.998686 -4.242917 -0.0 -0.0 0.0 8.336036 -18.074636 -5.778181 0.115287 -0.354784 12.185003 -2.28656 -2.213544 -3.003897 -1.384082 0.901238 -0.784484 -0.0 0.0 -1e-06 
0.0 0.0 0.0 0.0 -0.0 0.0 -3.466124 98.999573 16.222984 -4.341252 -0.107271 -5.01901 3.239111 0.569822 -2.165282 0.0272 0.187128 -6.098735 1.883947 -1.678497 17.135817 2.948714 1.312641 10.29386 -0.712114 0.121533 -3.518119 0.218434 -1.188268 -12.893582 7.7e-05 -2.2e-05 6e-06 -0.006439 -0.010833 0.047617 0.64884 -3.729867 -10.471179 -0.659677 3.717538 -10.465349 -9.718524 -9.921763 16.561762 -56.490356 -20.448952 41.194031 0.117142 -37.200371 -0.056079 -6.566462 3.589534 -23.685738 -5.88211 9.86129 0.702591 -10.936875 -0.360574 7.156205 -1e-06 8.774827 -2e-06 -16.414846 18.13328 5.965561 -1.844033 2.498504 -2.507277 -10.163603 4.678948 4.621107 -20.976028 -1e-06 1e-06 -21.226292 2.451699 -3.594004 1e-06 -7e-06 0.0 -1.362682 2.240799 -0.746324 -21.334923 0.584911 3.008323 -13.821218 -0.0 -1e-06 -23.887177 -0.24908 -0.839486 -60.634323 2.915168 -1.419359 -0.294025 1.679687 0.833256 -14.218212 0.093215 1.300577 -34.212063 -0.287564 0.967167 -20.03322 0.964533 1.212841 1e-06 1e-06 0.0 -3.44039 0.788234 0.501656 -15.928189 -3.167309 2.999707 -6.338827 0.0 -1e-06 -18.123453 3.648185 -4.905673 -4e-06 1e-06 -1e-06 20.238634 15.066699 20.893772 45.509045 11.992535 25.664745 0.874936 42.810768 0.624516 0.673257 -8.859271 -27.809589 2.243542 -5.255037 -3.180157 14.282894 -0.826596 6.952503 -1e-06 -12.690607 -1e-06 16.046892 -17.390921 2.691009 1.665666 -1.95592 -2.878299 4.727799 -4.170588 4.993925 11.020528 2e-06 -1e-06 12.109055 -3.735715 -2.866784 -0.0 0.0 0.0 1.291986 -1.92855 -1.498089 14.800132 0.567468 3.865608 14.242576 -1.341737 -6.660659 19.631969 0.143925 -0.648245 49.319073 -0.716446 -6.448901 0.353028 -1.51115 -0.03194 20.222795 3.684309 2.316628 18.787273 3e-06 -2e-06 10.751629 -0.479869 1.397905 1e-06 0.0 1e-06 3.273808 0.305947 -0.58011 21.486814 11.830378 2.266132 8.16293 3e-06 -2e-06 18.399086 -3.798987 -4.940576 4e-06 1e-06 -1e-06 9.330629 9.406864 -12.003338 -0.131092 -0.037513 67.720978 -1.895474 1.767014 2.42763 1.873428 -2.004559 -4.111876 0.0 -0.0 2e-06 7.334973 -18.359806 -3.044224 0.143719 -0.361593 10.89387 -1.782812 -1.439219 -4.082317 -1.379834 0.886335 -0.694493 -0.0 0.0 -1e-06 
0.0 0.0 0.0 0.0 -0.0 0.0 -3.874719 99.135056 18.731277 -3.784562 -0.766745 -5.061732 3.226677 0.65822 -1.879348 -0.013204 0.592285 -5.92643 1.466936 -1.277215 16.951361 2.708804 1.53119 10.263502 -0.719819 -0.019104 -3.513202 0.345397 -1.268705 -12.747078 7.7e-05 -2.2e-05 6e-06 -0.00783 -0.028927 0.051593 0.655397 -3.746336 -10.470765 -0.67073 3.696766 -10.473785 -9.878063 -9.470566 16.359728 -56.572865 -20.510246 39.563217 0.196656 -37.896664 -0.047833 -4.62948 3.637825 -25.5406 -5.88211 9.861292 0.702593 -10.936879 -0.360574 7.156211 1e-06 8.774831 1e-06 -16.363188 18.151543 5.93736 -1.844033 2.498506 -2.50728 -10.163608 4.678948 4.621113 -20.97604 -3e-06 4e-06 -21.226303 2.451697 -3.594002 2e-06 -5e-06 -0.0 -1.362683 2.240799 -0.746323 -21.33493 0.584909 3.008322 -13.821227 -3e-06 2e-06 -23.887188 -0.24908 -0.839483 -60.574612 2.898225 -1.472656 -0.294025 1.679689 0.833257 -14.218221 0.093216 1.30058 -34.212082 -0.287565 0.967172 -20.03323 0.964538 1.212846 1e-06 -0.0 1e-06 -3.440392 0.788233 0.501655 -15.928201 -3.167312 2.999708 -6.338831 -0.0 -0.0 -18.123463 3.648184 -4.905674 -4e-06 1e-06 -1e-06 19.845821 15.727019 20.913305 45.100689 12.678611 25.728394 0.821189 42.834232 0.608965 0.463917 -8.850439 -28.782902 2.243543 -5.255041 -3.18016 14.2829 -0.826596 6.952506 -2e-06 -12.690616 -1e-06 16.088882 -17.377445 2.690067 1.665667 -1.955923 -2.878301 4.727801 -4.17059 4.993927 11.020533 2e-06 -2e-06 12.109059 -3.735719 -2.866789 -0.0 -0.0 -0.0 1.291987 -1.928549 -1.49809 14.800139 0.567469 3.865609 14.242582 -1.341737 -6.660664 19.631979 0.143927 -0.648247 49.33485 -0.758659 -6.454144 0.35303 -1.511153 -0.03194 20.222805 3.684311 2.316631 18.787289 4e-06 -2e-06 10.751636 -0.479868 1.397907 0.0 1e-06 -0.0 3.273809 0.305948 -0.580112 21.486828 11.830384 2.266135 8.162934 1e-06 -2e-06 18.399097 -3.798988 -4.940582 5e-06 0.0 -1e-06 7.585905 9.761436 -15.266682 -0.038213 0.152509 65.409607 -2.508845 1.661802 0.870392 1.832428 -1.993068 -4.049244 -0.0 -0.0 0.0 6.423205 -18.393284 -0.635144 0.171322 -0.36996 9.785339 -1.422293 -0.792829 -5.163529 -1.383274 0.863589 -0.63648 0.0 0.0 -1e-06 
0.0 0.0 0.0 0.0 -0.0 0.0 -4.250239 99.171898 21.263456 -3.306328 -1.328726 -4.965912 3.192863 0.690809 -1.663815 -0.041341 0.95638 -5.80253 1.069624 -0.987938 16.85117 2.463055 1.72684 10.01086 -0.729925 -0.075149 -3.535709 0.453334 -1.360808 -12.623428 7.7e-05 -2.2e-05 6e-06 -0.009095 -0.053273 0.055126 0.662343 -3.769941 -10.471169 -0.681941 3.67048 -10.481963 -10.227581 -9.124866 16.307104 -56.147335 -20.546597 38.2365 0.304691 -38.813046 -0.084941 -3.313512 3.485849 -26.849918 -5.88211 9.861292 0.702589 -10.936877 -0.360575 7.156208 0.0 8.77483 -0.0 -16.320683 18.172661 5.941785 -1.844035 2.498506 -2.507277 -10.163606 4.678946 4.621109 -20.976032 -4e-06 -1e-06 -21.226295 2.451697 -3.594002 2e-06 -5e-06 -0.0 -1.362682 2.240799 -0.746323 -21.334921 0.584911 3.008323 -13.821218 -2e-06 -1e-06 -23.887178 -0.249079 -0.839484 -60.614891 2.849231 -1.421057 -0.294025 1.679688 0.833256 -14.218217 0.093215 1.300578 -34.212067 -0.287564 0.967168 -20.033222 0.964536 1.212844 0.0 1e-06 1e-06 -3.44039 0.788232 0.501655 -15.928192 -3.16731 2.999709 -6.338827 -0.0 0.0 -18.123453 3.648183 -4.905676 -3e-06 1e-06 -1e-06 19.539253 16.257 20.850864 44.716343 13.125799 25.401911 0.713443 43.222839 0.534664 0.000846 -8.662611 -29.929193 2.243543 -5.255039 -3.18016 14.282896 -0.826594 6.952503 -3e-06 -12.690609 -2e-06 16.114859 -17.35865 2.702446 1.665667 -1.955922 -2.8783 4.727799 -4.170589 4.993925 11.020531 3e-06 -2e-06 12.109058 -3.735715 -2.866787 -0.0 -0.0 -0.0 1.291986 -1.92855 -1.49809 14.800132 0.567468 3.865607 14.242577 -1.341737 -6.660662 19.631975 0.143928 -0.648246 49.407753 -0.780934 -6.377721 0.353029 -1.511151 -0.031939 20.222801 3.684312 2.316627 18.787281 7e-06 -2e-06 10.751634 -0.479867 1.397906 0.0 1e-06 1e-06 3.273808 0.305947 -0.580112 21.486824 11.830383 2.266131 8.16293 2e-06 -2e-06 18.399092 -3.798983 -4.940579 5e-06 1e-06 -1e-06 5.940142 9.850516 -18.07637 0.064037 0.280705 60.565796 -3.265489 1.417041 -0.138902 1.796257 -1.967576 -3.93658 -0.0 -0.0 0.0 5.611399 -18.248156 1.520514 0.184252 -0.356507 8.854856 -1.248644 -0.391136 -6.339266 -1.392712 0.847432 -0.578118 -0.0 0.0 -1e-06 
0.0 0.0 0.0 0.0 -0.0 0.0 -4.579639 99.112122 23.855061 -2.885867 -1.75771 -4.726955 3.108739 0.654277 -1.551381 -0.061205 1.266323 -5.757429 0.69639 -0.793446 16.869566 2.249968 1.849137 9.661977 -0.742103 -0.025137 -3.57882 0.523715 -1.443006 -12.514827 7.7e-05 -2.2e-05 6e-06 -0.008645 -0.053243 0.057726 0.661147 -3.771269 -10.473812 -0.681375 3.670653 -10.488991 -10.720098 -8.884265 16.40803 -55.390606 -20.689165 37.316074 0.396511 -39.523212 -0.156798 -2.611921 3.205768 -27.538462 -5.882107 9.861288 0.702589 -10.936869 -0.360575 7.156209 -2e-06 8.774827 -1e-06 -16.31365 18.190701 5.95256 -1.844032 2.498505 -2.507278 -10.163601 4.678946 4.621109 -20.976021 0.0 0.0 -21.226286 2.451699 -3.594006 2e-06 -5e-06 -1e-06 -1.362682 2.240798 -0.746323 -21.334913 0.584912 3.008322 -13.821213 -0.0 -0.0 -23.887171 -0.249077 -0.839487 -60.692242 2.80675 -1.295963 -0.294025 1.679687 0.833256 -14.218204 0.093218 1.300579 -34.212048 -0.287559 0.967168 -20.033211 0.964539 1.212842 0.0 -0.0 1e-06 -3.440388 0.788234 0.501656 -15.928185 -3.167308 2.999708 -6.338825 -1e-06 -0.0 -18.123444 3.648185 -4.905671 -4e-06 -1e-06 -3e-06 19.356361 16.628056 20.804604 44.282772 13.455068 24.789003 0.594172 43.923 0.440224 -0.583302 -8.420477 -31.065176 2.243542 -5.255036 -3.180157 14.282887 -0.826594 6.952503 0.0 -12.690599 -4e-06 16.108067 -17.324352 2.699046 1.665666 -1.955922 -2.878298 4.727799 -4.170587 4.993922 11.020526 1e-06 -1e-06 12.109053 -3.735717 -2.866785 -0.0 -0.0 0.0 1.291985 -1.92855 -1.498089 14.800125 0.567466 3.865607 14.242569 -1.34174 -6.660656 19.63196 0.143924 -0.648246 49.435486 -0.75803 -6.285845 0.35303 -1.51115 -0.031942 20.222788 3.684305 2.316629 18.78727 2e-06 -2e-06 10.751628 -0.479868 1.397905 0.0 0.0 1e-06 3.273806 0.305948 -0.580111 21.486809 11.830368 2.266135 8.162926 -0.0 -1e-06 18.399076 -3.798987 -4.940577 4e-06 1e-06 -2e-06 4.414287 9.595224 -20.258072 0.147099 0.320452 53.07518 -3.910887 1.384932 -0.17568 1.791666 -1.971 -3.738126 -0.0 0.0 1e-06 4.901315 -18.040945 3.386473 0.173692 -0.294874 8.13315 -1.301192 -0.167258 -7.633023 -1.403301 0.836157 -0.487395 -0.0 0.0 -1e-06 
0.0 0.0 0.0 0.0 -0.0 0.0 -4.836093 98.960663 26.454336 -2.52714 -2.075471 -4.333386 2.97664 0.546557 -1.583187 -0.092465 1.519254 -5.790666 0.381564 -0.6571 16.972507 2.06291 1.88245 9.33213 -0.728734 0.13883 -3.60339 0.557468 -1.485548 -12.399914 7.7e-05 -2.3e-05 6e-06 -0.004471 -0.01411 0.063451 0.652177 -3.7347 -10.470341 -0.665168 3.711718 -10.491665 -11.283036 -8.735266 16.572691 -54.575523 -20.864391 36.762932 0.449403 -39.729435 -0.241666 -2.311108 2.847467 -27.978573 -5.882114 9.861295 0.70259 -10.93688 -0.360574 7.156209 -1e-06 8.774831 -0.0 -16.307323 18.193521 5.94871 -1.844035 2.498507 -2.507279 -10.163608 4.678949 4.621112 -20.976042 -1e-06 -4e-06 -21.226311 2.451697 -3.594008 2e-06 -7e-06 -0.0 -1.362682 2.240799 -0.746324 -21.334932 0.584912 3.008322 -13.821225 -0.0 -2e-06 -23.887192 -0.249079 -0.839487 -60.709244 2.780786 -1.186262 -0.294024 1.679687 0.833257 -14.218221 0.093217 1.300579 -34.212078 -0.287563 0.967163 -20.03323 0.964538 1.21284 0.0 -0.0 1e-06 -3.440391 0.788235 0.501654 -15.928201 -3.16731 2.999706 -6.33883 -1e-06 -2e-06 -18.123466 3.648183 -4.905679 -4e-06 -0.0 -3e-06 19.251902 16.84725 20.798727 43.858288 13.718738 24.123749 0.514497 44.771317 0.38229 -1.159436 -8.208378 -31.892405 2.243543 -5.255041 -3.180161 14.282896 -0.826597 6.952505 -1e-06 -12.690609 -0.0 16.076378 -17.315199 2.68261 1.665667 -1.955924 -2.878299 4.7278 -4.170589 4.993925 11.020528 3e-06 -3e-06 12.109056 -3.735717 -2.866787 -0.0 0.0 -1e-06 1.291986 -1.928551 -1.49809 14.800132 0.567466 3.865608 14.242577 -1.341738 -6.660662 19.631971 0.143927 -0.648247 49.368374 -0.723822 -6.230983 0.35303 -1.511152 -0.031939 20.222797 3.684309 2.31663 18.787279 3e-06 -1e-06 10.751629 -0.479868 1.397906 1e-06 0.0 -0.0 3.273808 0.305948 -0.580112 21.48682 11.830379 2.266133 8.16293 -0.0 -1e-06 18.399088 -3.798988 -4.940578 5e-06 2e-06 -2e-06 3.082005 9.113773 -21.535101 0.181437 0.29967 42.947071 -4.301771 1.658342 1.258215 1.791694 -2.006373 -3.666785 0.0 -0.0 2e-06 4.285101 -17.804367 5.010336 0.136398 -0.186605 7.676347 -1.485413 0.019143 -9.061426 -1.412741 0.829601 -0.389861 0.0 0.0 -1e-06 
0.0 0.0 0.0 0.0 -0.0 0.0 -5.009517 98.713081 29.125315 -2.294509 -2.308512 -3.787278 2.843264 0.425701 -1.77197 -0.155576 1.638303 -5.884771 0.204574 -0.522178 17.070404 1.932891 1.877692 9.10606 -0.679381 0.30914 -3.603245 0.560944 -1.441787 -12.239629 7.7e-05 -2.2e-05 6e-06 0.002793 0.037756 0.067342 0.651144 -3.685887 -10.483626 -0.650267 3.76611 -10.505138 -11.821861 -8.675388 16.710716 -53.950394 -20.955599 36.474182 0.43088 -39.309994 -0.279787 -2.311237 2.531633 -28.090803 -5.882109 9.861288 0.702592 -10.936877 -0.360574 7.156208 0.0 8.774828 -0.0 -16.259224 18.187601 5.973331 -1.844033 2.498505 -2.507277 -10.163605 4.678947 4.62111 -20.976038 -4e-06 -0.0 -21.226299 2.451696 -3.594004 2e-06 -7e-06 -0.0 -1.362682 2.240799 -0.746323 -21.334925 0.584909 3.008322 -13.82122 -2e-06 1e-06 -23.887182 -0.24908 -0.839484 -60.737717 2.797099 -1.115223 -0.294025 1.679689 0.833254 -14.218215 0.093216 1.300579 -34.212067 -0.287566 0.967168 -20.033222 0.964536 1.212843 0.0 1e-06 1e-06 -3.440391 0.788233 0.501655 -15.928192 -3.16731 2.999706 -6.338829 -1e-06 -0.0 -18.123457 3.648182 -4.905673 -4e-06 0.0 -2e-06 19.159279 16.944895 20.741472 43.510998 13.814383 23.709614 0.441605 45.617474 0.352495 -1.558449 -8.02241 -32.260822 2.243543 -5.255039 -3.180159 14.282894 -0.826593 6.952501 -3e-06 -12.690609 -2e-06 16.045185 -17.341242 2.677039 1.665667 -1.955921 -2.878299 4.727799 -4.170588 4.993922 11.020529 3e-06 -2e-06 12.109057 -3.735716 -2.866787 -1e-06 0.0 -0.0 1.291986 -1.928549 -1.49809 14.800132 0.567469 3.865607 14.242577 -1.341738 -6.660663 19.631973 0.143928 -0.648247 49.276482 -0.70483 -6.228389 0.353029 -1.511151 -0.031941 20.222799 3.684313 2.316628 18.787281 9e-06 -3e-06 10.751633 -0.479868 1.397905 1e-06 0.0 -1e-06 3.273807 0.305948 -0.580111 21.48682 11.830382 2.266132 8.16293 2e-06 -2e-06 18.399088 -3.798983 -4.940581 4e-06 -0.0 -1e-06 1.977698 8.887399 -21.644037 0.180644 0.337311 30.220917 -4.324863 2.027571 4.068125 1.779757 -2.004379 -3.458441 -0.0 -0.0 2e-06 3.799969 -17.641523 6.482217 0.072522 -0.090341 7.316096 -1.643095 0.347231 -10.533423 -1.420439 0.848806 -0.313747 -0.0 0.0 -1e-06 
0.0 0.0 0.0 0.0 -0.0 0.0 -5.109832 98.354462 32.027702 -2.156718 -2.44149 -3.195671 2.686697 0.337905 -2.068215 -0.235543 1.577401 -6.013436 0.145021 -0.388476 17.153103 1.914841 1.838813 8.870018 -0.621437 0.390851 -3.606524 0.526793 -1.198495 -11.901295 7.7e-05 -2.2e-05 6e-06 0.008091 0.061446 0.062964 0.66297 -3.669755 -10.532879 -0.652151 3.795166 -10.541983 -12.264837 -8.675348 16.786135 -53.644478 -20.898895 36.277885 0.314372 -38.303719 -0.255621 -2.519789 2.369582 -27.841314 -5.88211 9.861292 0.70259 -10.936876 -0.360575 7.156209 0.0 8.774828 0.0 -16.221264 18.168617 6.062366 -1.844035 2.498506 -2.50728 -10.163605 4.678947 4.621108 -20.976038 -4e-06 -3e-06 -21.226301 2.451694 -3.594006 2e-06 -6e-06 1e-06 -1.362682 2.2408 -0.746327 -21.334927 0.584911 3.008321 -13.821221 -3e-06 -3e-06 -23.887184 -0.249082 -0.839488 -60.855431 2.816764 -0.990819 -0.294025 1.679688 0.833257 -14.218215 0.093217 1.30058 -34.21207 -0.287564 0.967164 -20.033226 0.964535 1.212839 -1e-06 1e-06 1e-06 -3.440391 0.788234 0.501655 -15.928196 -3.167311 2.999707 -6.33883 -1e-06 -1e-06 -18.123457 3.648185 -4.905676 -4e-06 -1e-06 -2e-06 19.034681 16.986465 20.476921 43.322098 13.609297 23.69042 0.434772 46.38483 0.386775 -1.689881 -7.866498 -32.144005 2.243545 -5.255042 -3.180161 14.282905 -0.826598 6.952503 -2e-06 -12.690616 2e-06 16.031317 -17.337145 2.713983 1.665669 -1.955923 -2.878302 4.727803 -4.170592 4.993927 11.020537 2e-06 -3e-06 12.109064 -3.735718 -2.866787 -0.0 0.0 -2e-06 1.291987 -1.928551 -1.498089 14.800142 0.567467 3.865607 14.242587 -1.341735 -6.660666 19.631987 0.143928 -0.648249 49.285641 -0.72175 -6.173038 0.353029 -1.511152 -0.031938 20.222809 3.684312 2.316626 18.787289 6e-06 -6e-06 10.751638 -0.479869 1.397904 1e-06 0.0 -1e-06 3.27381 0.305947 -0.580111 21.486832 11.830386 2.266129 8.162932 1e-06 -2e-06 18.399096 -3.798985 -4.940582 2e-06 -0.0 -0.0 0.919106 9.084537 -20.855362 0.109236 0.385577 16.2931 -4.847785 1.756527 7.465085 1.745748 -2.006422 -3.124629 0.0 0.0 2e-06 3.207935 -17.551552 8.109667 0.012315 -0.070714 6.775304 -1.472529 0.68313 -12.01457 -1.427222 0.867903 -0.276541 -0.0 0.0 -1e-06 
0.0 0.0 0.0 0.0 -0.0 0.0 -5.149676 97.966064 35.076759 -1.891391 -2.548115 -2.605504 2.369678 0.250461 -2.443907 -0.284908 1.484155 -6.131015 0.085651 -0.31525 17.233223 1.892646 1.848641 8.49851 -0.641257 0.513315 -3.597311 0.552553 -0.965701 -11.425116 7.7e-05 -2.2e-05 6e-06 0.006417 0.042997 0.05956 0.660081 -3.693936 -10.565608 -0.653447 3.781394 -10.567011 -12.706438 -8.696189 16.851364 -53.559185 -20.727623 35.979702 0.155225 -36.750721 -0.190319 -2.745195 2.134544 -27.525347 -5.882112 9.861292 0.702586 -10.936877 -0.360573 7.156204 -2e-06 8.774829 -1e-06 -16.273188 18.175138 6.095812 -1.844034 2.498507 -2.507279 -10.163604 4.678949 4.621109 -20.976032 1e-06 -1e-06 -21.226295 2.451702 -3.594006 2e-06 -7e-06 -0.0 -1.362682 2.240799 -0.746323 -21.334925 0.584912 3.00832 -13.82122 -0.0 -1e-06 -23.887182 -0.249078 -0.839488 -60.952896 2.804538 -0.955306 -0.294025 1.679688 0.833255 -14.218215 0.093217 1.300578 -34.212055 -0.28756 0.967161 -20.033224 0.964536 1.212839 1e-06 1e-06 1e-06 -3.44039 0.788235 0.501655 -15.928192 -3.167309 2.999706 -6.338828 -0.0 -2e-06 -18.123459 3.648185 -4.905676 -4e-06 -0.0 -3e-06 19.011755 17.045744 20.211607 43.076397 13.23293 24.091089 0.508331 47.017025 0.47819 -1.519283 -7.776716 -31.717705 2.243544 -5.25504 -3.18016 14.282896 -0.826597 6.952506 1e-06 -12.69061 -1e-06 16.036524 -17.363779 2.750932 1.665667 -1.955923 -2.878302 4.727801 -4.17059 4.993927 11.020532 2e-06 -3e-06 12.109058 -3.735719 -2.866787 -0.0 0.0 -1e-06 1.291987 -1.928551 -1.49809 14.800134 0.567466 3.865608 14.24258 -1.341738 -6.660663 19.631973 0.143923 -0.648249 49.401123 -0.762887 -6.146092 0.35303 -1.511152 -0.031939 20.222801 3.684309 2.316629 18.787287 3e-06 -4e-06 10.751635 -0.479869 1.397905 1e-06 0.0 -1e-06 3.273808 0.305947 -0.580111 21.48682 11.830379 2.266131 8.16293 2e-06 -2e-06 18.399096 -3.798989 -4.940583 3e-06 -0.0 -1e-06 -0.462842 9.410789 -20.335642 -0.009454 0.269766 4.67971 -6.594126 1.146863 9.09986 1.640145 -2.071742 -2.97428 0.0 -0.0 2e-06 2.428995 -17.384781 9.387317 0.003944 -0.147406 7.220642 -1.122969 0.932722 -13.566593 -1.435279 0.815617 -0.343641 0.0 0.0 -1e-06 
0.0 0.0 0.0 0.0 -0.0 0.0 -5.156104 97.536865 38.121845 -1.519826 -2.73161 -2.216613 2.031727 0.200679 -2.670425 -0.342954 1.474095 -6.167984 0.000516 -0.189711 17.265127 1.774123 1.893452 8.161702 -0.648388 0.565552 -3.58421 0.631422 -0.853131 -11.167427 7.7e-05 -2.2e-05 6e-06 0.003876 -0.000679 0.067957 0.647766 -3.733088 -10.54029 -0.64709 3.734553 -10.536986 -13.019463 -8.808412 16.900087 -53.685024 -20.53746 35.727375 -0.030509 -35.017399 -0.07248 -2.964968 1.910392 -27.383989 -5.88211 9.861292 0.702589 -10.93688 -0.360576 7.156208 1e-06 8.77483 -0.0 -16.306713 18.144278 6.028566 -1.844034 2.498506 -2.507279 -10.163608 4.678947 4.621113 -20.976038 -4e-06 1e-06 -21.226299 2.451696 -3.594003 2e-06 -6e-06 1e-06 -1.362682 2.240799 -0.746325 -21.334929 0.58491 3.008322 -13.821224 -3e-06 1e-06 -23.887186 -0.24908 -0.839485 -60.914448 2.763208 -1.006015 -0.294025 1.679688 0.833256 -14.218221 0.093215 1.300581 -34.212074 -0.287566 0.96717 -20.033228 0.964536 1.212843 0.0 -0.0 1e-06 -3.440391 0.788234 0.501656 -15.9282 -3.16731 2.999707 -6.338831 -1e-06 -0.0 -18.123459 3.648186 -4.905673 -4e-06 -0.0 -3e-06 18.97213 17.096174 20.054758 42.948502 12.894495 24.741549 0.605328 47.136784 0.537575 -1.127747 -7.762986 -31.136585 2.243544 -5.255042 -3.18016 14.2829 -0.826594 6.952505 -3e-06 -12.690615 -2e-06 16.081696 -17.424261 2.707093 1.665669 -1.955925 -2.8783 4.727801 -4.170591 4.993926 11.020535 3e-06 -2e-06 12.10906 -3.735717 -2.866787 -0.0 -0.0 -0.0 1.291987 -1.92855 -1.498091 14.800138 0.56747 3.865606 14.242585 -1.341735 -6.660662 19.631983 0.143928 -0.648247 49.486534 -0.708308 -6.252479 0.353029 -1.511152 -0.03194 20.222805 3.684313 2.316628 18.787289 7e-06 -4e-06 10.751636 -0.479867 1.397905 0.0 0.0 -1e-06 3.273809 0.305947 -0.580111 21.486828 11.830386 2.266133 8.162933 2e-06 -2e-06 18.399092 -3.798985 -4.940582 4e-06 1e-06 -1e-06 -2.034507 9.975681 -21.415472 -0.079177 0.103505 0.30066 -8.940787 1.177045 7.968097 1.555199 -2.10156 -3.030631 -0.0 0.0 4e-06 1.49091 -16.962774 10.83544 -0.006174 -0.213069 7.755085 -0.698403 1.189546 -14.837417 -1.439468 0.764982 -0.512476 -0.0 0.0 -1e-06 
0.0 0.0 0.0 0.0 -0.0 0.0 -5.154209 97.158966 41.24839 -0.931072 -3.057434 -2.225164 1.555592 0.305051 -2.727853 -0.414987 1.642623 -6.216686 -0.236739 -0.159593 17.400402 1.743546 1.898919 8.058913 -0.620671 0.52976 -3.486689 0.706102 -0.749536 -11.141288 7.7e-05 -2.2e-05 6e-06 0.003502 0.044564 0.089937 0.654365 -3.693838 -10.530703 -0.654214 3.786856 -10.524519 -13.060875 -8.917369 16.910864 -53.993893 -20.161751 35.655361 0.001174 -33.69688 -0.003849 -3.344469 2.100335 -27.293865 -5.88211 9.861292 0.70259 -10.936875 -0.360573 7.156209 -2e-06 8.77483 1e-06 -16.337652 18.055414 5.926545 -1.844033 2.498506 -2.50728 -10.163604 4.678949 4.621111 -20.97603 -2e-06 -1e-06 -21.226297 2.4517 -3.594003 1e-06 -6e-06 -0.0 -1.362682 2.2408 -0.746325 -21.334923 0.584912 3.008323 -13.821218 -1e-06 -1e-06 -23.887178 -0.249079 -0.839487 -60.803547 2.703002 -1.018334 -0.294025 1.679687 0.833255 -14.218214 0.093217 1.30058 -34.212063 -0.287561 0.967167 -20.033222 0.964537 1.212839 -0.0 1e-06 -0.0 -3.440389 0.788233 0.501655 -15.928191 -3.167308 2.999708 -6.338827 0.0 -1e-06 -18.123453 3.648186 -4.905676 -5e-06 -1e-06 -3e-06 18.99015 17.190624 20.139339 43.225872 12.648538 25.646154 0.387766 46.504906 0.519808 -0.654628 -7.976346 -30.921162 2.243543 -5.25504 -3.180158 14.282892 -0.826595 6.9525 1e-06 -12.690605 -3e-06 16.122602 -17.441998 2.64505 1.665667 -1.95592 -2.878299 4.727799 -4.170588 4.993923 11.020526 2e-06 -4e-06 12.109053 -3.735718 -2.866786 -0.0 -0.0 -1e-06 1.291986 -1.92855 -1.49809 14.800129 0.567467 3.865604 14.242575 -1.341739 -6.660661 19.631969 0.143927 -0.648248 49.491745 -0.721947 -6.369095 0.35303 -1.511151 -0.03194 20.222794 3.684308 2.316629 18.787271 4e-06 -4e-06 10.75163 -0.479868 1.397903 0.0 0.0 -1e-06 3.273807 0.305947 -0.58011 21.486811 11.830374 2.266131 8.162927 -1e-06 -3e-06 18.399084 -3.798983 -4.940581 5e-06 1e-06 -0.0 -3.507292 10.406191 -21.993765 -0.070913 0.028191 0.584708 -9.47508 1.273225 7.861508 1.554686 -2.095031 -2.939919 -0.0 -0.0 3e-06 0.232336 -16.302679 12.90903 -0.016404 -0.209243 7.972428 -0.259501 1.288116 -15.360378 -1.452318 0.772921 -1.009852 0.0 1e-06 -1e-06 
0.0 0.0 0.0 0.0 -0.0 0.0 -5.07935 96.923843 44.506298 -0.076088 -3.562899 -2.426343 0.841661 0.413801 -2.977002 -0.464179 1.886276 -6.328184 -0.525989 -0.087104 17.70962 1.757675 1.952706 8.220715 -0.663568 0.596693 -3.515317 0.799535 -0.712608 -10.659406 7.7e-05 -2.2e-05 6e-06 0.006984 0.029834 0.090651 0.659663 -3.71318 -10.552014 -0.651699 3.777855 -10.542334 -13.284955 -8.756718 16.803467 -54.182697 -19.377235 35.51136 -0.012316 -32.817032 0.01435 -3.812804 2.562032 -27.236403 -5.882106 9.861288 0.702589 -10.936872 -0.360575 7.156206 -1e-06 8.774827 -1e-06 -16.393732 18.109303 6.010993 -1.844033 2.498505 -2.507277 -10.163599 4.678946 4.621109 -20.976023 -4e-06 1e-06 -21.226286 2.451698 -3.594003 1e-06 -6e-06 1e-06 -1.362681 2.240798 -0.746324 -21.334913 0.584909 3.008322 -13.821213 -3e-06 -0.0 -23.887171 -0.249078 -0.839486 -60.765434 2.707844 -0.903997 -0.294026 1.679687 0.833258 -14.218208 0.093215 1.300581 -34.212048 -0.287565 0.967166 -20.033213 0.964536 1.212843 -1e-06 1e-06 -1e-06 -3.440388 0.788232 0.501656 -15.928185 -3.16731 2.999707 -6.338825 -1e-06 -1e-06 -18.123447 3.648183 -4.905674 -5e-06 -1e-06 -1e-06 19.443056 17.21999 20.463984 43.457375 12.306968 26.628176 0.070761 45.319244 0.272064 -0.158103 -8.18757 -30.40209 2.243542 -5.255037 -3.180157 14.282894 -0.826597 6.952505 -0.0 -12.690609 0.0 16.075855 -17.441422 2.676205 1.665667 -1.955923 -2.878299 4.7278 -4.170589 4.993925 11.020528 2e-06 1e-06 12.109055 -3.735719 -2.866785 -0.0 -0.0 -0.0 1.291986 -1.92855 -1.498091 14.800129 0.567467 3.865609 14.242571 -1.341739 -6.660658 19.631969 0.143925 -0.648248 49.515545 -0.687096 -6.367229 0.35303 -1.511151 -0.031939 20.222794 3.684307 2.316631 18.787273 3e-06 -0.0 10.751631 -0.479869 1.397904 0.0 1e-06 1e-06 3.273808 0.305947 -0.58011 21.486814 11.830376 2.266131 8.16293 1e-06 0.0 18.399084 -3.79899 -4.940575 4e-06 1e-06 -2e-06 -4.62115 10.416862 -21.40596 -0.052623 0.104872 2.940931 -7.011333 0.254864 10.341384 1.678899 -2.047935 -2.934409 -0.0 0.0 2e-06 -1.413573 -15.425134 15.179496 -0.014938 -0.12873 8.352155 0.404666 1.493687 -14.789817 -1.453251 0.874001 -1.882146 0.0 1e-06 -1e-06 
0.0 0.0 0.0 0.0 -0.0 0.0 -4.969492 96.911865 47.980263 1.092433 -4.237365 -2.695625 -0.038503 0.466779 -3.314203 -0.545746 2.139777 -6.546231 -0.883632 0.134532 18.054724 1.739745 2.037841 8.52225 -0.670307 0.65011 -3.548857 0.785542 -0.60349 -9.926208 7.7e-05 -2.2e-05 6e-06 0.015376 -0.011533 0.082783 0.654836 -3.753029 -10.544868 -0.629555 3.736518 -10.545775 -13.812604 -8.50908 16.749475 -53.966011 -18.391521 35.570038 -0.079484 -32.216446 0.04227 -4.191365 2.791879 -27.845068 -5.882107 9.861288 0.702591 -10.936875 -0.360576 7.156207 2e-06 8.774828 0.0 -16.448067 18.13862 6.078179 -1.844033 2.498504 -2.507281 -10.163603 4.678946 4.621109 -20.976028 -6e-06 -1e-06 -21.226292 2.451694 -3.594001 0.0 -6e-06 -1e-06 -1.362682 2.240798 -0.746324 -21.334917 0.584906 3.008322 -13.821217 -5e-06 1e-06 -23.887175 -0.249084 -0.83948 -60.729752 2.678613 -0.803727 -0.294024 1.679687 0.833257 -14.218215 0.093213 1.300579 -34.212063 -0.287569 0.967169 -20.033218 0.964534 1.212844 0.0 1e-06 1e-06 -3.44039 0.788233 0.501656 -15.928189 -3.167311 2.999707 -6.338828 -3e-06 0.0 -18.123451 3.648181 -4.905669 -3e-06 0.0 -2e-06 20.199707 17.075279 20.70944 43.717476 11.710945 27.335718 0.070129 44.010197 0.201689 0.154955 -8.344771 -29.862974 2.243541 -5.255034 -3.180156 14.282886 -0.826595 6.952499 -2e-06 -12.690598 0.0 16.005613 -17.439344 2.7028 1.665666 -1.95592 -2.878298 4.727797 -4.170587 4.993921 11.020522 4e-06 -2e-06 12.109048 -3.735713 -2.86678 -0.0 0.0 -0.0 1.291985 -1.928548 -1.498088 14.800122 0.567468 3.865605 14.242566 -1.341732 -6.660657 19.631956 0.143927 -0.648246 49.488289 -0.728496 -6.350139 0.353029 -1.51115 -0.031939 20.222784 3.684309 2.316628 18.78727 6e-06 -1e-06 10.751624 -0.479869 1.397907 0.0 0.0 -0.0 3.273807 0.305947 -0.580109 21.486803 11.830368 2.266129 8.162922 2e-06 -2e-06 18.399075 -3.798982 -4.940574 5e-06 1e-06 -1e-06 -5.698199 10.095284 -20.606585 -0.020054 0.227692 5.578101 -3.144325 -0.815211 13.641054 1.763747 -1.952564 -2.538512 0.0 -0.0 2e-06 -3.598218 -14.634739 17.496012 -0.03659 -0.066828 9.108694 1.547975 1.99194 -12.500173 -1.455823 0.965884 -3.684369 -0.0 0.0 -1e-06 
0.0 0.0 0.0 0.0 -0.0 0.0 -4.830324 96.899033 51.521523 2.406082 -4.798124 -3.027424 -0.835454 0.518358 -3.532845 -0.631444 2.333341 -6.734241 -1.54405 0.439571 18.103495 1.842602 2.10926 8.946302 -0.603974 0.729868 -3.638232 0.687504 -0.747574 -9.578372 7.7e-05 -2.2e-05 6e-06 0.022806 0.030891 0.09419 0.647572 -3.70193 -10.522227 -0.608464 3.768249 -10.515736 -13.848926 -8.339559 17.092031 -54.119827 -17.669903 35.745003 -0.07363 -31.732786 0.049363 -4.699225 3.044735 -28.730488 -5.88211 9.861292 0.702588 -10.936879 -0.360575 7.156212 1e-06 8.774831 -2e-06 -16.560905 18.00782 5.966084 -1.844034 2.498504 -2.507281 -10.163607 4.678948 4.621112 -20.97604 -6e-06 2e-06 -21.226301 2.451696 -3.593999 0.0 -5e-06 0.0 -1.362682 2.240799 -0.746324 -21.33493 0.584908 3.008326 -13.821225 -3e-06 2e-06 -23.887188 -0.24908 -0.839482 -60.711044 2.518953 -0.819274 -0.294024 1.679689 0.833254 -14.218221 0.093214 1.300582 -34.212082 -0.287568 0.967169 -20.03323 0.964536 1.212844 -1e-06 -1e-06 -1e-06 -3.440392 0.788234 0.501656 -15.928201 -3.167313 2.99971 -6.33883 -2e-06 -1e-06 -18.123463 3.648183 -4.905673 -3e-06 1e-06 -1e-06 20.449005 16.917976 20.898693 45.027695 11.013027 27.854227 -0.212267 42.573536 -0.027391 0.412702 -8.448454 -29.873152 2.243543 -5.25504 -3.180159 14.282898 -0.826595 6.952504 -3e-06 -12.690612 0.0 16.049046 -17.186443 2.584044 1.665668 -1.955922 -2.878299 4.727801 -4.170589 4.993926 11.020534 2e-06 -1e-06 12.109058 -3.735717 -2.866787 -0.0 -0.0 -0.0 1.291986 -1.92855 -1.49809 14.800136 0.567467 3.865607 14.242579 -1.341737 -6.660657 19.631975 0.143925 -0.648245 49.385735 -0.637503 -6.212776 0.353029 -1.511151 -0.03194 20.222801 3.684312 2.31663 18.787277 3e-06 -1e-06 10.751633 -0.479868 1.397906 1e-06 0.0 -0.0 3.273808 0.305948 -0.58011 21.486824 11.830381 2.266133 8.16293 2e-06 0.0 18.399092 -3.798988 -4.940579 5e-06 0.0 0.0 -6.620228 9.443769 -19.809906 -0.04356 0.213497 8.924294 -0.862418 -0.750967 13.021017 1.72562 -1.843582 -1.634783 -0.0 -0.0 2e-06 -6.060798 -13.687807 18.662268 0.01532 -0.034815 11.931815 2.715623 2.609004 -10.208173 -1.468414 0.915566 -6.696202 -0.0 0.0 -1e-06 
0.0 0.0 0.0 0.0 -0.0 0.0 -4.64979 97.144524 55.038296 3.606425 -5.263893 -3.444991 -1.381765 0.546929 -3.528125 -0.768202 2.523689 -6.810713 -2.134476 0.809219 18.007551 1.827213 1.990975 9.259171 -0.715391 0.759146 -3.633705 0.750164 -0.734872 -9.763503 7.7e-05 -2.2e-05 6e-06 0.029574 0.019341 0.094222 0.658764 -3.711182 -10.504606 -0.605934 3.752801 -10.497849 -13.50639 -8.280345 17.116686 -54.664822 -17.055222 36.416454 -0.013556 -31.321537 0.060402 -5.211905 3.115379 -29.022177 -5.882108 9.861289 0.702588 -10.936872 -0.360574 7.156206 -0.0 8.774828 -3e-06 -16.520643 17.952961 5.891899 -1.844033 2.498505 -2.507278 -10.1636 4.678947 4.621109 -20.976027 -0.0 -2e-06 -21.226294 2.451699 -3.594005 -0.0 -7e-06 0.0 -1.362682 2.240798 -0.746325 -21.334913 0.584911 3.008321 -13.821213 -1e-06 1e-06 -23.887171 -0.249078 -0.839486 -60.641296 2.408225 -0.973572 -0.294025 1.679687 0.833255 -14.218209 0.093216 1.30058 -34.212048 -0.287559 0.967166 -20.033213 0.964537 1.212841 -0.0 -1e-06 -0.0 -3.440389 0.788235 0.501657 -15.928185 -3.167309 2.999707 -6.338827 -0.0 -1e-06 -18.123447 3.648184 -4.905674 -4e-06 -1e-06 -2e-06 19.900675 16.614571 20.93532 47.090229 10.499967 27.875565 -0.186596 41.200016 -0.016022 0.418661 -8.605111 -29.908176 2.243542 -5.255039 -3.180159 14.282894 -0.826597 6.952503 -0.0 -12.690608 -1e-06 16.144339 -17.345259 2.573362 1.665666 -1.955922 -2.878299 4.727799 -4.170588 4.993925 11.020527 1e-06 -2e-06 12.109055 -3.735718 -2.866787 -1e-06 -0.0 1e-06 1.291987 -1.92855 -1.498089 14.800129 0.567466 3.865608 14.242576 -1.34174 -6.660658 19.631969 0.143924 -0.648249 49.601589 -0.678042 -6.279001 0.353029 -1.511152 -0.03194 20.222792 3.684307 2.316626 18.787279 3e-06 -5e-06 10.75163 -0.479869 1.397904 -0.0 0.0 2e-06 3.273807 0.305946 -0.58011 21.486813 11.830374 2.26613 8.162928 1e-06 -3e-06 18.399084 -3.798986 -4.940578 5e-06 1e-06 -1e-06 -7.623942 9.069839 -19.105215 0.029682 0.192704 13.025803 0.391555 -0.243592 8.504002 1.707947 -1.815002 -1.010375 -0.0 -0.0 2e-06 -8.505992 -13.224511 18.352631 -0.02831 0.120217 17.267273 3.399418 3.299756 -7.363577 -1.491149 0.92551 -10.365567 0.0 0.0 -1e-06 
0.0 0.0 0.0 0.0 -0.0 0.0 -4.441053 97.449509 58.40366 4.446576 -5.809234 -3.88738 -1.746903 0.578807 -3.339326 -0.865267 2.642684 -6.728855 -2.447924 1.027575 17.683474 1.609424 2.066098 9.360961 -0.774071 0.657591 -3.602903 0.819649 -0.677313 -10.065038 7.7e-05 -2.2e-05 6e-06 0.032526 0.01731 0.0937 0.670457 -3.708081 -10.479959 -0.611548 3.743258 -10.467957 -12.852784 -8.270437 17.154699 -55.642586 -16.6679 36.989243 0.151046 -31.124414 -0.010734 -5.620185 3.147632 -28.668575 -5.88211 9.861292 0.702589 -10.936875 -0.360573 7.156208 -2e-06 8.774828 -2e-06 -16.524239 18.008921 5.865046 -1.844034 2.498506 -2.507278 -10.163604 4.678949 4.621109 -20.97603 1e-06 -1e-06 -21.226294 2.451702 -3.594007 0.0 -7e-06 1e-06 -1.362682 2.240801 -0.746323 -21.334921 0.584914 3.00832 -13.821217 0.0 0.0 -23.887177 -0.249076 -0.839489 -60.637287 2.450416 -1.118941 -0.294025 1.679688 0.833253 -14.218212 0.093218 1.300578 -34.212059 -0.287557 0.967164 -20.033218 0.96454 1.21284 0.0 -1e-06 -0.0 -3.440389 0.788235 0.501655 -15.928191 -3.167308 2.999707 -6.338828 1e-06 -1e-06 -18.123459 3.648187 -4.905677 -5e-06 0.0 -3e-06 18.792969 16.58778 21.104826 49.304844 10.150277 27.650488 0.00418 40.226196 0.103877 0.629957 -8.796014 -29.813025 2.243544 -5.255041 -3.180158 14.282904 -0.826597 6.952507 -1e-06 -12.690614 -1e-06 16.306362 -17.491186 2.538834 1.665668 -1.955923 -2.8783 4.727804 -4.170592 4.993926 11.020536 2e-06 -1e-06 12.109062 -3.735719 -2.866787 -1e-06 -0.0 -0.0 1.291986 -1.92855 -1.49809 14.800139 0.567467 3.865611 14.242584 -1.341739 -6.660663 19.631979 0.143924 -0.648246 49.710499 -0.644076 -6.346478 0.353029 -1.511151 -0.03194 20.222805 3.684309 2.31663 18.787289 3e-06 -2e-06 10.751637 -0.47987 1.397907 1e-06 -1e-06 1e-06 3.273809 0.305947 -0.580111 21.48683 11.830381 2.266135 8.162934 1e-06 -3e-06 18.399099 -3.798989 -4.940583 4e-06 0.0 0.0 -8.289618 9.003551 -17.287861 -0.020447 0.136451 14.819328 1.441028 0.266686 5.184668 1.701649 -1.80854 -0.534332 0.0 -0.0 2e-06 -10.690919 -13.083812 16.244415 -0.008599 0.238943 25.348936 3.520003 3.890953 -3.151494 -1.532792 0.902451 -14.291448 0.0 0.0 -2e-06 
0.0 0.0 0.0 0.0 -0.0 0.0 -4.190535 97.747185 61.554138 4.970642 -6.385383 -4.360855 -2.056565 0.588455 -2.987339 -0.925039 2.611159 -6.517004 -2.504204 1.108177 17.285696 1.398957 2.279155 9.147528 -0.781833 0.541737 -3.572509 0.818503 -0.535262 -10.368104 7.7e-05 -2.3e-05 6e-06 0.033918 0.015858 0.093161 0.681434 -3.705843 -10.4524 -0.61986 3.735908 -10.436133 -12.216273 -8.296324 17.149057 -56.388088 -16.326359 37.365082 0.264893 -31.624834 -0.073843 -5.662052 3.161755 -28.093155 -5.882109 9.86129 0.70259 -10.936877 -0.360576 7.156207 2e-06 8.77483 -1e-06 -16.632994 18.03998 5.801764 -1.844033 2.498505 -2.507279 -10.163606 4.678946 4.62111 -20.976034 -7e-06 2e-06 -21.226297 2.451697 -3.594 0.0 -5e-06 -1e-06 -1.362682 2.240798 -0.746323 -21.334929 0.584907 3.008324 -13.821221 -4e-06 1e-06 -23.887184 -0.249081 -0.839483 -60.7169 2.529252 -1.260981 -0.294025 1.679688 0.833259 -14.218217 0.093214 1.30058 -34.21207 -0.28757 0.967168 -20.03323 0.964534 1.212844 -1e-06 -1e-06 -1e-06 -3.44039 0.788234 0.501656 -15.928198 -3.167312 2.999707 -6.338829 -1e-06 -1e-06 -18.123457 3.648181 -4.905672 -4e-06 -0.0 -1e-06 17.739531 16.71174 21.23539 50.713539 9.885533 27.864332 0.276513 40.092812 0.274708 1.183429 -9.027835 -29.176567 2.243542 -5.255038 -3.180157 14.282896 -0.826593 6.952501 -3e-06 -12.690607 -0.0 16.445677 -17.538586 2.485837 1.665667 -1.955922 -2.8783 4.7278 -4.170588 4.993922 11.020532 4e-06 -0.0 12.109057 -3.735715 -2.866785 -0.0 -0.0 -0.0 1.291986 -1.92855 -1.498089 14.800132 0.56747 3.865607 14.242579 -1.341735 -6.660661 19.631973 0.143928 -0.648244 49.686203 -0.603712 -6.368824 0.353029 -1.51115 -0.031941 20.222797 3.684312 2.316627 18.787279 8e-06 -2e-06 10.751633 -0.479866 1.397904 1e-06 0.0 -0.0 3.273808 0.305947 -0.580112 21.486824 11.830381 2.266131 8.162929 3e-06 -2e-06 18.399088 -3.798982 -4.940579 4e-06 1e-06 -1e-06 -8.709805 9.105198 -15.044759 -0.061241 0.103918 15.544741 2.218024 0.727179 2.564922 1.6866 -1.812781 -0.231544 -0.0 -0.0 2e-06 -12.659013 -13.405633 12.485763 0.055168 0.288662 35.819008 3.043928 4.050146 2.151169 -1.553057 0.84986 -15.138008 -0.0 0.0 -2e-06 
0.0 0.0 0.0 0.0 -0.0 0.0 -3.952333 98.015388 64.441986 5.267396 -6.801634 -4.858 -2.337114 0.508223 -2.528604 -0.962907 2.478292 -6.28631 -2.473074 1.076321 16.99641 1.304774 2.47479 8.875558 -0.699436 0.477723 -3.585204 0.693516 -0.272077 -10.889849 7.7e-05 -2.2e-05 6e-06 0.034233 0.000304 0.102003 0.694676 -3.722731 -10.433315 -0.632968 3.722173 -10.424482 -11.839948 -8.392722 17.21999 -56.425255 -16.159752 37.55661 0.276811 -32.627735 -0.108119 -5.515558 3.060138 -27.630678 -5.882112 9.861292 0.702588 -10.936878 -0.360575 7.156208 -1e-06 8.77483 -3e-06 -16.743187 18.004196 5.757227 -1.844035 2.498506 -2.507279 -10.163604 4.678948 4.621108 -20.976038 -1e-06 -1e-06 -21.226303 2.451699 -3.594006 0.0 -6e-06 -1e-06 -1.362683 2.2408 -0.746323 -21.334929 0.584911 3.00832 -13.821223 -2e-06 -1e-06 -23.887188 -0.24908 -0.839486 -60.784157 2.516528 -1.27744 -0.294025 1.679688 0.833256 -14.218217 0.093217 1.300579 -34.212074 -0.287563 0.967165 -20.03323 0.964535 1.212842 0.0 -1e-06 0.0 -3.44039 0.788234 0.501655 -15.928194 -3.167309 2.999705 -6.33883 -1e-06 1e-06 -18.123459 3.648185 -4.905676 -3e-06 1e-06 -1e-06 17.139275 16.786249 21.259359 51.083496 9.791722 28.690859 0.363438 40.729305 0.314772 1.970915 -9.309525 -27.984381 2.243543 -5.255037 -3.180158 14.282896 -0.826597 6.952504 -1e-06 -12.690607 0.0 16.421738 -17.449121 2.464654 1.665667 -1.955922 -2.878299 4.727801 -4.170589 4.993925 11.020529 1e-06 -2e-06 12.109055 -3.735719 -2.866785 -1e-06 -0.0 -0.0 1.291986 -1.928549 -1.498087 14.800132 0.567466 3.865608 14.242577 -1.341739 -6.660658 19.631969 0.143922 -0.648245 49.495853 -0.625964 -6.341012 0.353029 -1.511151 -0.03194 20.222797 3.684309 2.316631 18.787279 1e-06 -0.0 10.751633 -0.47987 1.397905 0.0 0.0 1e-06 3.273808 0.305947 -0.580112 21.486818 11.830373 2.266134 8.16293 -1e-06 -0.0 18.399096 -3.798987 -4.94058 4e-06 0.0 -1e-06 -8.972867 9.369678 -12.572853 -0.029285 0.132648 15.5215 2.617285 0.979428 0.512179 1.664715 -1.851276 -0.286747 0.0 -0.0 2e-06 -14.009542 -13.978711 8.074058 0.112101 0.236103 46.388363 1.881026 2.642318 6.579797 -1.470205 0.829367 -9.27317 1e-06 -0.0 -3e-06 
0.0 0.0 0.0 0.0 -0.0 0.0 -3.817017 98.297974 67.220566 5.221151 -6.931867 -5.351268 -2.49983 0.392196 -2.109396 -0.978456 2.274647 -6.111341 -2.327923 0.882492 16.93199 1.305136 2.547965 8.796714 -0.604098 0.467799 -3.624933 0.583156 0.016676 -11.592092 7.7e-05 -2.3e-05 6e-06 0.032571 -0.014042 0.115605 0.700781 -3.737326 -10.427993 -0.642518 3.710563 -10.425816 -11.670437 -8.587206 17.244795 -56.028202 -16.179367 37.833454 0.340315 -33.555916 -0.189051 -5.270651 2.890256 -27.582405 -5.882106 9.861284 0.70259 -10.936872 -0.360574 7.156204 0.0 8.774824 0.0 -16.738943 18.022591 5.84267 -1.844033 2.498504 -2.507277 -10.1636 4.678945 4.621111 -20.976027 -6e-06 2e-06 -21.226292 2.451694 -3.593999 0.0 -5e-06 -0.0 -1.362682 2.240797 -0.746322 -21.334917 0.584908 3.008322 -13.821213 -2e-06 -1e-06 -23.887173 -0.24908 -0.839484 -60.839622 2.45744 -1.122162 -0.294024 1.679687 0.833256 -14.21821 0.093214 1.300581 -34.212051 -0.287568 0.967168 -20.033213 0.964533 1.212843 0.0 -1e-06 0.0 -3.440389 0.788234 0.501654 -15.928189 -3.167309 2.999705 -6.338827 -1e-06 1e-06 -18.123451 3.648181 -4.905671 -4e-06 1e-06 1e-06 16.924936 16.653502 21.229578 50.893116 9.922703 29.326937 0.320776 41.622654 0.283092 2.500143 -9.566674 -26.558722 2.243542 -5.255037 -3.180158 14.282892 -0.826595 6.952503 -3e-06 -12.690608 1e-06 16.313913 -17.339817 2.485123 1.665667 -1.955923 -2.878299 4.727799 -4.170589 4.993927 11.020528 3e-06 -1e-06 12.109056 -3.735716 -2.866784 -0.0 -0.0 1e-06 1.291986 -1.92855 -1.49809 14.800131 0.567468 3.865606 14.242576 -1.341736 -6.660659 19.631969 0.143927 -0.648245 49.347576 -0.653385 -6.265577 0.353029 -1.511151 -0.031939 20.222797 3.68431 2.31663 18.787281 6e-06 -2e-06 10.751631 -0.47987 1.397906 0.0 1e-06 1e-06 3.273808 0.305948 -0.58011 21.486816 11.830378 2.266132 8.162929 1e-06 -1e-06 18.399084 -3.798985 -4.940576 5e-06 1e-06 -1e-06 -8.848116 9.727788 -9.852695 0.021879 0.169227 14.952423 2.65771 0.97612 -1.172078 1.640671 -1.913812 -0.388337 0.0 -0.0 2e-06 -14.445807 -14.889147 4.009987 0.107629 0.09976 54.650238 0.04532 0.409874 8.130159 -1.396158 0.855529 -4.062078 -0.0 -0.0 0.0 
0.0 0.0 0.0 0.0 -0.0 0.0 -3.806732 98.620865 69.954056 4.61178 -6.728631 -5.694427 -2.362818 0.247647 -1.827546 -0.93794 1.992615 -5.987781 -2.026089 0.544503 17.011145 1.418465 2.507795 8.900108 -0.585541 0.524907 -3.634974 0.541182 0.110533 -12.120355 7.7e-05 -2.2e-05 6e-06 0.031264 -0.009283 0.120987 0.693916 -3.731952 -10.428771 -0.637613 3.716441 -10.432244 -11.533567 -8.829964 17.218895 -55.620213 -16.418831 37.965664 0.400331 -34.096149 -0.255602 -4.868833 2.804193 -27.674751 -5.88211 9.861295 0.70259 -10.936884 -0.360578 7.15621 3e-06 8.774835 -0.0 -16.665209 18.098282 5.96218 -1.844034 2.498507 -2.507279 -10.163612 4.678946 4.62111 -20.976053 -8e-06 2e-06 -21.226309 2.451696 -3.594001 -0.0 -4e-06 -0.0 -1.362682 2.2408 -0.746325 -21.33494 0.584903 3.008326 -13.821229 -5e-06 2e-06 -23.887201 -0.249086 -0.839478 -60.85051 2.448379 -0.947992 -0.294025 1.679688 0.833258 -14.218225 0.093211 1.300577 -34.212093 -0.287574 0.967175 -20.033241 0.964534 1.212847 1e-06 -1e-06 0.0 -3.440392 0.788233 0.501657 -15.928206 -3.167317 2.999708 -6.338833 -2e-06 0.0 -18.123466 3.648181 -4.905672 -4e-06 1e-06 1e-06 16.852076 16.366909 21.167885 50.791645 10.106174 28.820024 0.244035 42.344234 0.225405 2.21138 -9.801175 -25.575422 2.243542 -5.255039 -3.180159 14.282899 -0.826592 6.952504 -5e-06 -12.690609 -0.0 16.265512 -17.319218 2.53064 1.665667 -1.955922 -2.878299 4.7278 -4.170588 4.993925 11.020531 5e-06 -1e-06 12.109057 -3.735714 -2.866784 -1e-06 -0.0 1e-06 1.291986 -1.928549 -1.498089 14.800138 0.567472 3.865608 14.242579 -1.341733 -6.660658 19.631981 0.143929 -0.648243 49.377029 -0.634731 -6.199347 0.353028 -1.51115 -0.031941 20.222803 3.684315 2.316632 18.787283 8e-06 2e-06 10.751634 -0.479866 1.397907 1e-06 1e-06 1e-06 3.273809 0.305949 -0.580109 21.486828 11.830382 2.266136 8.162932 2e-06 0.0 18.399094 -3.798983 -4.940574 5e-06 0.0 -2e-06 -8.051567 10.040345 -7.112639 0.020242 0.129539 14.155331 2.449538 0.692882 -2.659872 1.627111 -1.950708 -0.367268 -0.0 0.0 2e-06 -13.725788 -16.19585 0.446791 0.063655 -0.065661 59.498421 -1.507398 -1.257981 7.420913 -1.390686 0.859412 -2.71614 -0.0 -0.0 -0.0 
0.0 0.0 0.0 0.0 -0.0 0.0 -3.873273 98.933098 72.59256 3.642048 -6.352111 -5.877519 -2.037235 0.084029 -1.603349 -0.842649 1.684087 -5.890451 -1.615777 0.132762 17.037266 1.632601 2.418611 9.104543 -0.586625 0.602563 -3.633115 0.496733 0.088407 -12.430683 7.7e-05 -2.2e-05 6e-06 0.031665 0.001443 0.118347 0.686054 -3.72008 -10.431321 -0.627836 3.72687 -10.439553 -11.279333 -9.147534 17.227966 -55.409958 -16.797102 37.729958 0.351005 -34.385361 -0.254124 -4.352202 2.908017 -27.60265 -5.882109 9.861292 0.702591 -10.936878 -0.360577 7.156209 1e-06 8.774831 -2e-06 -16.600571 18.140644 6.040977 -1.844033 2.498506 -2.507279 -10.163606 4.678946 4.621109 -20.976038 -5e-06 2e-06 -21.226299 2.451697 -3.593999 -0.0 -3e-06 -1e-06 -1.362682 2.240799 -0.746324 -21.334929 0.584906 3.008324 -13.82122 -3e-06 2e-06 -23.887184 -0.24908 -0.839482 -60.823418 2.47038 -0.861858 -0.294025 1.679688 0.833256 -14.218215 0.093214 1.300582 -34.212067 -0.28757 0.967173 -20.033228 0.964533 1.212847 1e-06 -0.0 1e-06 -3.44039 0.788234 0.501656 -15.928196 -3.167314 2.999708 -6.338829 -1e-06 0.0 -18.123459 3.648182 -4.905673 -3e-06 2e-06 1e-06 16.75305 16.027397 21.068748 51.029247 10.182624 27.18343 0.183268 42.990036 0.198833 1.117103 -10.050794 -25.29575 2.243542 -5.255037 -3.180156 14.282896 -0.826593 6.952501 -4e-06 -12.690609 -1e-06 16.263685 -17.355116 2.584698 1.665667 -1.955922 -2.878297 4.727799 -4.170588 4.993924 11.02053 5e-06 -1e-06 12.109056 -3.735715 -2.866785 -1e-06 -0.0 -0.0 1.291986 -1.928549 -1.498089 14.800136 0.567472 3.865607 14.242577 -1.341734 -6.660659 19.631973 0.14393 -0.648242 49.487591 -0.609251 -6.159365 0.353028 -1.511151 -0.031941 20.222801 3.684316 2.316631 18.787281 9e-06 -0.0 10.751633 -0.479865 1.397907 -0.0 -1e-06 1e-06 3.273808 0.305948 -0.58011 21.486826 11.830384 2.266133 8.16293 3e-06 -1e-06 18.399092 -3.798982 -4.940576 5e-06 0.0 0.0 -6.808739 10.255052 -4.537382 -0.015692 0.046011 13.314816 2.157046 0.238167 -4.052969 1.62479 -1.953886 -0.294473 -0.0 -0.0 2e-06 -12.091551 -17.534216 -2.938172 0.016567 -0.201764 61.366711 -2.006773 -2.030634 6.54779 -1.382586 0.840358 -2.304794 -0.0 -0.0 0.0 
0.0 0.0 0.0 0.0 -0.0 0.0 -3.997832 99.197853 75.162491 2.573807 -5.928904 -5.935103 -1.684675 -0.066365 -1.393053 -0.715972 1.366917 -5.818595 -1.173266 -0.30154 16.979498 1.901882 2.302846 9.26433 -0.561328 0.67997 -3.628685 0.456661 0.052137 -12.608601 7.7e-05 -2.2e-05 6e-06 0.032682 0.006493 0.109759 0.684997 -3.713844 -10.438734 -0.623339 3.731147 -10.449858 -10.929071 -9.546236 17.295555 -55.245338 -17.183905 37.254913 0.260707 -34.750832 -0.211738 -3.964025 3.151612 -27.508568 -5.882107 9.861288 0.70259 -10.936877 -0.360577 7.156209 1e-06 8.774828 -2e-06 -16.575525 18.130339 6.050234 -1.844034 2.498504 -2.507279 -10.163604 4.678945 4.621111 -20.976034 -7e-06 1e-06 -21.226294 2.451695 -3.593998 1e-06 -5e-06 -1e-06 -1.362682 2.240798 -0.746325 -21.334925 0.584906 3.008325 -13.82122 -5e-06 2e-06 -23.88718 -0.249083 -0.83948 -60.784832 2.494172 -0.838409 -0.294024 1.679689 0.833256 -14.218215 0.093212 1.300581 -34.212067 -0.287571 0.967172 -20.033222 0.964533 1.212845 0.0 1e-06 -1e-06 -3.44039 0.788233 0.501656 -15.928194 -3.167314 2.99971 -6.338829 -2e-06 0.0 -18.123459 3.648179 -4.905671 -3e-06 2e-06 -0.0 16.702719 15.675939 20.947172 51.398777 10.066126 24.823683 0.237176 43.912369 0.262524 -0.396787 -10.191854 -25.625875 2.243543 -5.255041 -3.18016 14.282902 -0.826592 6.952507 -4e-06 -12.690614 1e-06 16.275572 -17.402946 2.637667 1.665668 -1.955923 -2.878302 4.727801 -4.170591 4.993927 11.020535 5e-06 -3e-06 12.10906 -3.735715 -2.866787 -1e-06 -0.0 -0.0 1.291986 -1.92855 -1.498092 14.80014 0.56747 3.86561 14.242584 -1.341733 -6.660664 19.631985 0.143932 -0.648245 49.603477 -0.595212 -6.136187 0.353029 -1.511151 -0.03194 20.222805 3.684316 2.316629 18.787287 9e-06 -2e-06 10.751637 -0.479866 1.397907 1e-06 0.0 1e-06 3.27381 0.305949 -0.58011 21.48683 11.830386 2.266132 8.162935 2e-06 -1e-06 18.399094 -3.798986 -4.940579 4e-06 1e-06 -2e-06 -5.353403 10.405666 -2.122489 -0.057694 -0.038688 12.406016 1.775873 -0.300165 -5.264998 1.62759 -1.912814 -0.185304 0.0 0.0 2e-06 -9.915997 -18.746954 -6.281336 -0.029664 -0.317043 60.718689 -1.674952 -2.20085 5.974408 -1.368886 0.811695 -2.199917 1e-06 0.0 -2e-06 
0.0 0.0 0.0 0.0 -0.0 0.0 -4.178486 99.36808 77.726028 1.704051 -5.569788 -5.907797 -1.431798 -0.16187 -1.220343 -0.607368 1.067091 -5.767367 -0.80099 -0.678544 16.909424 2.153907 2.132451 9.304168 -0.507985 0.770025 -3.630639 0.443897 0.04561 -12.735917 7.7e-05 -2.2e-05 6e-06 0.033078 -0.004942 0.096911 0.685317 -3.724908 -10.453626 -0.621446 3.719654 -10.464792 -10.597262 -9.958573 17.368837 -54.879684 -17.491184 36.765583 0.194141 -35.44154 -0.165051 -3.951158 3.409142 -27.380926 -5.882106 9.861283 0.702588 -10.936868 -0.360574 7.156204 -0.0 8.774823 -1e-06 -16.582329 18.128296 6.009842 -1.844033 2.498505 -2.507276 -10.163598 4.678944 4.621108 -20.976021 -2e-06 0.0 -21.226286 2.451695 -3.594003 2e-06 -7e-06 1e-06 -1.362681 2.240797 -0.746325 -21.334911 0.584909 3.00832 -13.821211 -1e-06 1e-06 -23.887165 -0.249078 -0.839486 -60.779984 2.530902 -0.862881 -0.294025 1.679688 0.833257 -14.218207 0.093216 1.300583 -34.212048 -0.287564 0.967164 -20.033211 0.964534 1.212842 0.0 0.0 -1e-06 -3.440388 0.788233 0.501654 -15.928183 -3.167308 2.999705 -6.338824 -1e-06 -0.0 -18.123444 3.648182 -4.905671 -3e-06 2e-06 0.0 16.768682 15.306799 20.778698 51.660378 9.823063 22.360733 0.421079 45.189537 0.385534 -1.801916 -10.073606 -26.154083 2.243542 -5.255036 -3.180157 14.282889 -0.826597 6.952505 -0.0 -12.690603 0.0 16.311964 -17.458677 2.671819 1.665666 -1.955921 -2.878299 4.727799 -4.170588 4.993925 11.020524 1e-06 -2e-06 12.109053 -3.735717 -2.866784 0.0 -0.0 0.0 1.291986 -1.92855 -1.498089 14.800129 0.567466 3.865608 14.242574 -1.341737 -6.660657 19.631969 0.143924 -0.648247 49.704483 -0.60887 -6.133091 0.353029 -1.51115 -0.031939 20.22279 3.684305 2.316629 18.787273 2e-06 -1e-06 10.751629 -0.47987 1.397906 -1e-06 -0.0 -1e-06 3.273807 0.305946 -0.580109 21.486813 11.830373 2.266134 8.162928 -1e-06 -0.0 18.399082 -3.798989 -4.940578 5e-06 0.0 -1e-06 -4.125317 10.529546 0.252777 -0.090781 -0.101654 11.357305 1.469564 -0.819118 -6.428111 1.632099 -1.850081 -0.024947 0.0 -0.0 2e-06 -7.655879 -19.630777 -9.573404 -0.080768 -0.414414 57.983341 -1.014378 -2.15551 5.661429 -1.361998 0.788138 -2.309544 1e-06 -1e-06 -3e-06 
0.0 0.0 0.0 0.0 -0.0 0.0 -4.406971 99.399155 80.259773 1.194567 -5.374521 -5.834286 -1.299463 -0.183302 -1.104716 -0.550001 0.825502 -5.740207 -0.556574 -0.932217 16.889345 2.338572 1.941408 9.2502 -0.467319 0.866857 -3.631526 0.455326 0.041551 -12.869502 7.7e-05 -2.3e-05 6e-06 0.03079 -0.034215 0.087116 0.679462 -3.754007 -10.469342 -0.619081 3.690501 -10.474532 -10.457006 -10.272371 17.40132 -54.19812 -17.703457 36.401352 0.148795 -36.441437 -0.121479 -4.111947 3.57835 -27.210066 -5.88211 9.861287 0.702589 -10.936874 -0.360573 7.156203 -1e-06 8.774828 -0.0 -16.560547 18.159821 5.998092 -1.844034 2.498505 -2.507278 -10.163604 4.678946 4.62111 -20.976032 1e-06 0.0 -21.226301 2.451698 -3.594007 2e-06 -5e-06 0.0 -1.362683 2.2408 -0.746324 -21.334921 0.584913 3.00832 -13.821217 0.0 -0.0 -23.887178 -0.24908 -0.839489 -60.846043 2.591986 -0.898626 -0.294025 1.679687 0.833255 -14.218214 0.093216 1.300581 -34.212059 -0.287562 0.967166 -20.033218 0.964534 1.21284 1e-06 0.0 -0.0 -3.440389 0.788234 0.501655 -15.928189 -3.167308 2.999706 -6.338828 -0.0 -0.0 -18.123449 3.648187 -4.905674 -5e-06 1e-06 -1e-06 16.941778 14.961383 20.599434 51.681873 9.624904 20.365734 0.664629 46.538376 0.521637 -2.800434 -9.793681 -26.409061 2.243541 -5.255037 -3.180158 14.282889 -0.826596 6.952502 -1e-06 -12.690605 1e-06 16.35515 -17.500034 2.686041 1.665666 -1.955921 -2.878299 4.727799 -4.170586 4.993925 11.020526 2e-06 -2e-06 12.109053 -3.735717 -2.866786 1e-06 -0.0 -1e-06 1.291986 -1.928549 -1.49809 14.800129 0.567468 3.865608 14.242572 -1.341735 -6.660659 19.631968 0.143927 -0.648246 49.747334 -0.641898 -6.150848 0.353029 -1.51115 -0.031939 20.222788 3.684309 2.316628 18.787273 5e-06 -0.0 10.751625 -0.479869 1.397905 -0.0 -0.0 0.0 3.273807 0.305947 -0.580111 21.486813 11.830376 2.26613 8.162928 1e-06 -2e-06 18.39908 -3.798985 -4.940576 6e-06 0.0 -2e-06 -3.267715 10.638043 2.495448 -0.105555 -0.132847 10.273688 1.225852 -1.172051 -7.546677 1.638268 -1.801547 0.179096 -0.0 -0.0 2e-06 -5.66434 -20.043314 -12.629508 -0.129891 -0.456523 53.643272 -0.079296 -1.977729 5.408644 -1.365504 0.781877 -2.505386 0.0 -1e-06 -3e-06 
0.0 0.0 0.0 0.0 -0.0 0.0 -4.688362 99.297661 82.794014 0.975004 -5.342346 -5.701278 -1.22251 -0.145685 -1.068869 -0.519328 0.647001 -5.744036 -0.439894 -1.076726 16.913507 2.444328 1.789932 9.169919 -0.45682 0.911222 -3.615301 0.475138 0.048146 -13.010328 7.7e-05 -2.3e-05 6e-06 0.026238 -0.068822 0.088413 0.666312 -3.786959 -10.462136 -0.614372 3.654809 -10.459146 -10.542544 -10.433363 17.34833 -53.376514 -17.83189 36.161343 0.146133 -37.459846 -0.095018 -4.165485 3.660779 -27.266695 -5.88211 9.86129 0.702591 -10.936875 -0.360573 7.156208 -1e-06 8.774828 -0.0 -16.472233 18.200579 6.048754 -1.844033 2.498507 -2.50728 -10.163604 4.678949 4.621109 -20.976028 2e-06 0.0 -21.226297 2.451701 -3.594005 2e-06 -6e-06 -1e-06 -1.362682 2.240799 -0.746323 -21.334921 0.584912 3.008322 -13.821217 -0.0 0.0 -23.887178 -0.249075 -0.839486 -60.950459 2.655716 -0.917133 -0.294024 1.679688 0.833257 -14.218212 0.093218 1.300583 -34.212051 -0.287558 0.967166 -20.033215 0.964539 1.212841 1e-06 -0.0 0.0 -3.440389 0.788234 0.501655 -15.928189 -3.167307 2.99971 -6.338828 0.0 1e-06 -18.123453 3.648188 -4.905672 -4e-06 1e-06 -1e-06 17.161139 14.694047 20.4629 51.5126 9.575114 19.070877 0.843565 47.58337 0.589906 -3.428602 -9.548971 -26.31916 2.243542 -5.255039 -3.180159 14.282894 -0.826596 6.952504 0.0 -12.69061 -0.0 16.392298 -17.529066 2.690428 1.665667 -1.955923 -2.878299 4.7278 -4.170589 4.993925 11.020529 2e-06 -2e-06 12.109056 -3.735719 -2.866787 -0.0 0.0 0.0 1.291986 -1.928551 -1.49809 14.800132 0.567468 3.86561 14.242575 -1.34174 -6.660663 19.631973 0.143925 -0.648245 49.764687 -0.681217 -6.177054 0.353029 -1.511152 -0.031939 20.222794 3.684309 2.316631 18.787273 2e-06 -1e-06 10.75163 -0.479871 1.397906 1e-06 -0.0 -1e-06 3.273807 0.305947 -0.580112 21.486816 11.830378 2.266135 8.16293 1e-06 0.0 18.399088 -3.798988 -4.940578 5e-06 0.0 -0.0 -2.7234 10.773464 4.630365 -0.099961 -0.135401 9.170558 1.021981 -1.379632 -8.682324 1.646249 -1.78023 0.376111 0.0 0.0 2e-06 -3.973287 -20.097095 -15.267405 -0.14598 -0.410992 47.765369 0.902871 -1.872648 5.428442 -1.374701 0.789945 -2.71303 -0.0 1e-06 -2e-06 
0.0 0.0 0.0 0.0 -0.0 0.0 -5.036273 99.095879 85.384392 0.911862 -5.426392 -5.469121 -1.126412 -0.084151 -1.156598 -0.492975 0.518609 -5.784257 -0.446424 -1.135412 16.97686 2.517075 1.683443 9.111631 -0.487193 0.869431 -3.592644 0.479026 0.092417 -13.1376 7.7e-05 -2.2e-05 6e-06 0.020426 -0.086967 0.097841 0.647972 -3.805379 -10.438904 -0.607339 3.637346 -10.430134 -10.749679 -10.47452 17.210039 -52.653992 -17.857721 35.903652 0.198933 -38.241119 -0.105933 -4.068507 3.65871 -27.517439 -5.882109 9.861288 0.702589 -10.936877 -0.360576 7.156208 1e-06 8.774828 -1e-06 -16.387396 18.259989 6.113245 -1.844032 2.498504 -2.507279 -10.163603 4.678945 4.621109 -20.976032 -5e-06 1e-06 -21.226295 2.451696 -3.594001 2e-06 -5e-06 1e-06 -1.362682 2.240799 -0.746325 -21.334925 0.584909 3.008323 -13.82122 -2e-06 2e-06 -23.887182 -0.249082 -0.839485 -61.019585 2.70892 -0.94158 -0.294025 1.679688 0.833256 -14.218215 0.093215 1.300579 -34.212067 -0.287565 0.967169 -20.033222 0.964534 1.212842 2e-06 1e-06 0.0 -3.440389 0.788234 0.501654 -15.928192 -3.167311 2.999706 -6.338829 -1e-06 0.0 -18.123457 3.648182 -4.905674 -5e-06 1e-06 0.0 17.362055 14.521742 20.353397 51.312126 9.670339 18.357298 0.967207 48.098442 0.603194 -3.842309 -9.433836 -26.072086 2.243542 -5.255037 -3.180158 14.282896 -0.826595 6.952504 -2e-06 -12.690607 1e-06 16.407408 -17.52911 2.699872 1.665666 -1.955922 -2.878299 4.7278 -4.170589 4.993924 11.020529 3e-06 -3e-06 12.109055 -3.735716 -2.866784 1e-06 1e-06 0.0 1.291986 -1.92855 -1.49809 14.800132 0.567467 3.865607 14.242577 -1.341737 -6.660659 19.631971 0.143926 -0.648246 49.809284 -0.714434 -6.182382 0.353029 -1.511151 -0.03194 20.222799 3.684312 2.316629 18.787279 5e-06 -1e-06 10.751632 -0.479867 1.397906 1e-06 -1e-06 1e-06 3.273808 0.305947 -0.58011 21.48682 11.830376 2.266132 8.16293 3e-06 -1e-06 18.399088 -3.798985 -4.940578 5e-06 0.0 -0.0 -2.233119 10.965197 6.901369 -0.084979 -0.114384 7.826743 0.713783 -1.59695 -9.807246 1.650771 -1.786659 0.516375 -0.0 0.0 2e-06 -2.48929 -20.032091 -17.262321 -0.096061 -0.286415 40.235912 1.735096 -1.925777 6.095485 -1.393133 0.820065 -2.935922 -0.0 -0.0 -2e-06 
0.0 0.0 0.0 0.0 -0.0 0.0 -5.45313 98.842361 87.97876 0.874542 -5.556706 -5.108788 -0.926367 -0.033056 -1.381837 -0.462413 0.420223 -5.856646 -0.561478 -1.113619 17.054937 2.541092 1.609955 9.100204 -0.513771 0.736703 -3.578843 0.487699 0.187706 -13.221575 7.7e-05 -2.3e-05 6e-06 0.014232 -0.083165 0.111267 0.631691 -3.807302 -10.423044 -0.603343 3.646652 -10.409286 -11.017591 -10.450287 17.109299 -52.126263 -17.817253 35.468082 0.318121 -38.704597 -0.166672 -3.923853 3.566806 -27.824728 -5.882112 9.861293 0.702592 -10.93688 -0.360574 7.156209 -0.0 8.774831 -1e-06 -16.366821 18.304684 6.119565 -1.844034 2.498506 -2.50728 -10.163607 4.678949 4.621111 -20.97604 -1e-06 2e-06 -21.226303 2.451702 -3.594003 1e-06 -5e-06 0.0 -1.362683 2.240798 -0.746323 -21.33493 0.584912 3.008326 -13.821223 -0.0 0.0 -23.887188 -0.249076 -0.839483 -61.011288 2.739146 -0.961797 -0.294026 1.679688 0.833257 -14.218221 0.093216 1.300583 -34.212074 -0.287562 0.967169 -20.03323 0.964538 1.212842 1e-06 -0.0 0.0 -3.440391 0.788235 0.501656 -15.9282 -3.167311 2.999708 -6.33883 0.0 0.0 -18.123459 3.648187 -4.905675 -4e-06 1e-06 -1e-06 17.498455 14.44336 20.219028 51.233276 9.80338 18.028761 1.102791 48.075447 0.632387 -4.184972 -9.458096 -25.881594 2.243543 -5.255039 -3.180159 14.282898 -0.826598 6.952506 -0.0 -12.690612 0.0 16.38653 -17.467691 2.721932 1.665668 -1.955924 -2.8783 4.727802 -4.17059 4.993927 11.020534 2e-06 -1e-06 12.109059 -3.735719 -2.866786 -0.0 0.0 0.0 1.291986 -1.928551 -1.49809 14.800138 0.567468 3.865611 14.242582 -1.341738 -6.660661 19.631977 0.143923 -0.648247 49.840702 -0.705529 -6.132761 0.353029 -1.51115 -0.031941 20.222803 3.684312 2.316632 18.787285 3e-06 0.0 10.751634 -0.47987 1.397906 1e-06 -0.0 1e-06 3.273808 0.305948 -0.580111 21.486826 11.83038 2.266135 8.162933 0.0 -1e-06 18.399096 -3.798988 -4.940578 5e-06 1e-06 -1e-06 -1.789857 11.21065 9.249179 -0.067616 -0.070959 5.915322 0.395752 -1.882138 -10.626839 1.650052 -1.81592 0.564467 0.0 0.0 2e-06 -1.020249 -20.07634 -18.481979 0.009656 -0.144365 30.699324 2.49183 -2.145675 7.712325 -1.416108 0.876245 -3.067693 -0.0 -0.0 -1e-06 
0.0 0.0 0.0 0.0 -0.0 0.0 -5.955547 98.550423 90.584061 0.813432 -5.674978 -4.654497 -0.600092 0.01731 -1.698822 -0.431244 0.383114 -5.962169 -0.75768 -1.052331 17.110378 2.468172 1.570897 9.112926 -0.492491 0.576072 -3.569122 0.484449 0.221531 -13.216765 7.7e-05 -2.2e-05 6e-06 0.007265 -0.070241 0.121459 0.626891 -3.801764 -10.434846 -0.612409 3.666339 -10.417998 -11.31401 -10.38974 17.150614 -51.810215 -17.756319 34.792038 0.406668 -38.883926 -0.203794 -3.835049 3.472575 -28.004869 -5.882108 9.86129 0.702588 -10.936876 -0.360576 7.156208 1e-06 8.77483 -1e-06 -16.442804 18.275433 6.032613 -1.844034 2.498505 -2.507278 -10.163604 4.678946 4.621109 -20.976032 -4e-06 3e-06 -21.226295 2.451697 -3.594003 1e-06 -5e-06 0.0 -1.362681 2.240799 -0.746323 -21.334919 0.584907 3.008323 -13.821218 -2e-06 1e-06 -23.887178 -0.249082 -0.839483 -60.974102 2.773216 -1.043133 -0.294025 1.679688 0.833256 -14.218213 0.093213 1.300579 -34.212059 -0.287569 0.96717 -20.033218 0.964537 1.212844 2e-06 -0.0 1e-06 -3.44039 0.788232 0.501657 -15.928192 -3.167312 2.999709 -6.338828 -2e-06 -0.0 -18.123453 3.648181 -4.905673 -4e-06 1e-06 -1e-06 17.525749 14.413055 20.055841 51.314301 9.905707 18.21841 1.113647 47.572392 0.642699 -4.306871 -9.590562 -25.73147 2.243543 -5.255038 -3.18016 14.282898 -0.826594 6.952505 -2e-06 -12.690609 1e-06 16.338518 -17.375496 2.757332 1.665668 -1.955922 -2.878302 4.727801 -4.170588 4.993925 11.020532 3e-06 -3e-06 12.109059 -3.735717 -2.866787 -0.0 0.0 -1e-06 1.291986 -1.928549 -1.498091 14.800136 0.567469 3.865608 14.24258 -1.341734 -6.660664 19.631981 0.143928 -0.648247 49.907372 -0.647607 -6.07487 0.353029 -1.51115 -0.03194 20.222803 3.684312 2.316628 18.787287 6e-06 -3e-06 10.751634 -0.479867 1.397906 0.0 -0.0 1e-06 3.273809 0.305947 -0.580111 21.486826 11.830382 2.266132 8.162933 1e-06 -3e-06 18.399094 -3.798986 -4.94058 5e-06 0.0 -1e-06 -1.283866 11.566494 11.704478 -0.045707 -0.020943 3.624341 0.023447 -2.280103 -11.099353 1.643213 -1.847328 0.465313 0.0 -0.0 2e-06 0.503208 -20.419853 -18.76182 0.123809 -0.099603 19.270868 3.807428 -2.373756 9.845431 -1.427912 0.944675 -2.895823 0.0 -0.0 -1e-06 
0.0 0.0 0.0 0.0 -0.0 0.0 -6.582448 98.145065 93.308723 0.810536 -5.668794 -4.178035 -0.259533 0.086557 -2.027341 -0.426314 0.390639 -6.109718 -0.991949 -0.986852 17.130594 2.391814 1.563531 9.119141 -0.492555 0.456972 -3.573357 0.434723 0.073981 -13.043777 7.7e-05 -2.2e-05 6e-06 0.003138 -0.040714 0.120056 0.637778 -3.773545 -10.470163 -0.63191 3.697817 -10.453193 -11.610159 -10.402769 17.197544 -51.589298 -17.569992 34.308289 0.477614 -38.867867 -0.188154 -3.960071 3.406119 -28.230431 -5.882114 9.861298 0.702587 -10.936883 -0.360574 7.156208 -1e-06 8.774834 -2e-06 -16.559896 18.204979 5.936142 -1.844035 2.498507 -2.507281 -10.163611 4.678951 4.621109 -20.976046 -1e-06 -2e-06 -21.226315 2.451698 -3.59401 2e-06 -5e-06 -0.0 -1.362683 2.2408 -0.746327 -21.334936 0.584912 3.008319 -13.821229 -2e-06 -3e-06 -23.887197 -0.249082 -0.839489 -60.954056 2.778813 -1.292234 -0.294025 1.679688 0.833257 -14.218224 0.093217 1.300578 -34.212082 -0.287565 0.967163 -20.033232 0.964536 1.212839 1e-06 1e-06 1e-06 -3.440392 0.788235 0.501655 -15.928203 -3.16731 2.999703 -6.338833 0.0 -2e-06 -18.123466 3.648185 -4.90568 -4e-06 1e-06 -1e-06 17.539158 14.345587 19.859211 51.422508 9.873279 18.906042 0.981222 46.894157 0.598062 -4.073406 -9.822629 -25.550907 2.243545 -5.255043 -3.180161 14.282905 -0.826597 6.952507 -1e-06 -12.690619 0.0 16.260874 -17.306387 2.788831 1.665669 -1.955925 -2.878302 4.727804 -4.170593 4.993927 11.020538 2e-06 -3e-06 12.109066 -3.735721 -2.86679 1e-06 0.0 1e-06 1.291987 -1.928551 -1.498091 14.800142 0.567467 3.865611 14.242589 -1.341738 -6.660667 19.63199 0.143927 -0.648249 49.997604 -0.593325 -6.081805 0.35303 -1.511153 -0.03194 20.222811 3.684313 2.316629 18.787294 6e-06 -4e-06 10.751637 -0.47987 1.397906 1e-06 -0.0 0.0 3.27381 0.305946 -0.580113 21.486834 11.830387 2.266134 8.162937 0.0 -2e-06 18.399103 -3.798989 -4.940584 6e-06 1e-06 -1e-06 -0.643726 12.162225 13.573627 -0.026579 -0.020856 2.772349 -0.34743 -2.96701 -11.992504 1.639845 -1.828743 0.2843 0.0 0.0 2e-06 1.91392 -20.885271 -18.522806 0.203814 -0.230298 7.699445 6.557103 -2.704338 11.360722 -1.392722 1.015842 -2.755056 -0.0 1e-06 -1e-06 
0.0 0.0 0.0 0.0 -0.0 0.0 -7.351696 97.660812 96.151543 0.725381 -5.530906 -3.710871 0.082804 0.181336 -2.333184 -0.41973 0.405157 -6.259798 -1.189252 -0.968249 17.168615 2.349146 1.631592 9.127131 -0.472524 0.391285 -3.605942 0.304128 -0.118153 -12.595879 7.7e-05 -2.3e-05 6e-06 0.006019 0.004405 0.096514 0.647306 -3.726518 -10.505996 -0.636047 3.743279 -10.486229 -11.954579 -10.469632 16.96958 -51.234474 -17.218302 34.520199 0.598335 -38.647667 -0.265132 -4.640553 3.365512 -28.160719 -5.882108 9.86129 0.702591 -10.936877 -0.360574 7.15621 0.0 8.77483 0.0 -16.589441 18.159739 5.933931 -1.844033 2.498507 -2.507281 -10.163605 4.678948 4.621115 -20.976034 -1e-06 5e-06 -21.226295 2.451701 -3.594001 2e-06 -5e-06 -0.0 -1.362682 2.240799 -0.746322 -21.334925 0.58491 3.008326 -13.821219 -1e-06 4e-06 -23.88718 -0.249075 -0.839481 -60.998985 2.770972 -1.426007 -0.294025 1.679688 0.833256 -14.218215 0.093215 1.300583 -34.212067 -0.287563 0.967172 -20.033222 0.964537 1.212845 1e-06 -0.0 1e-06 -3.44039 0.788234 0.501657 -15.928192 -3.167311 2.999712 -6.338829 0.0 1e-06 -18.123457 3.648188 -4.905674 -4e-06 1e-06 -1e-06 17.899076 14.323733 19.700026 51.17234 9.541739 19.769011 0.732202 46.358543 0.5287 -3.470577 -10.127474 -25.459305 2.243541 -5.255038 -3.180157 14.282894 -0.826595 6.952503 -1e-06 -12.690607 -1e-06 16.123558 -17.251795 2.795657 1.665666 -1.955922 -2.878299 4.7278 -4.170589 4.993925 11.020528 3e-06 -0.0 12.109054 -3.735717 -2.866784 1e-06 0.0 1e-06 1.291986 -1.92855 -1.498089 14.800131 0.567467 3.865608 14.242573 -1.34174 -6.660658 19.631971 0.143924 -0.648244 49.845898 -0.596764 -6.181466 0.353029 -1.511152 -0.031941 20.222794 3.684308 2.316631 18.787275 3e-06 0.0 10.751631 -0.479869 1.397905 -0.0 -1e-06 0.0 3.273807 0.305947 -0.580112 21.486816 11.830376 2.266134 8.16293 2e-06 1e-06 18.399084 -3.798988 -4.940577 6e-06 1e-06 -1e-06 0.293476 12.761459 15.016352 -0.034578 -0.121969 3.021536 -0.691875 -3.670437 -13.212342 1.653293 -1.748069 0.035314 0.0 -0.0 2e-06 3.141172 -20.577568 -18.740705 0.214689 -0.344338 -0.882105 10.030448 -3.588075 11.150384 -1.301698 1.08449 -2.683713 -0.0 1e-06 -1e-06 
0.0 0.0 0.0 0.0 -0.0 0.0 -8.255034 97.205299 99.048744 0.500042 -5.158965 -3.440204 0.420734 0.200224 -2.510443 -0.410162 0.291975 -6.318898 -1.300518 -0.974812 17.279247 2.359738 1.575652 9.070801 -0.45908 0.572569 -3.609018 0.018202 -0.220877 -12.379325 7.7e-05 -2.3e-05 6e-06 0.010187 0.007643 0.074182 0.637188 -3.7235 -10.532095 -0.618253 3.748791 -10.505332 -12.048095 -10.546612 16.607265 -51.201874 -16.959953 34.782475 0.501571 -37.984791 -0.255294 -5.51475 3.359291 -27.550556 -5.882112 9.861291 0.70259 -10.936877 -0.360572 7.156208 -1e-06 8.77483 1e-06 -16.623497 18.217842 5.954598 -1.844034 2.498506 -2.507279 -10.163605 4.678949 4.621109 -20.976038 1e-06 1e-06 -21.226301 2.451701 -3.594005 3e-06 -6e-06 -0.0 -1.362683 2.240801 -0.746325 -21.334929 0.584913 3.008322 -13.821221 1e-06 0.0 -23.887184 -0.249077 -0.839489 -61.190346 2.821181 -1.376158 -0.294025 1.679688 0.833255 -14.218216 0.093219 1.300581 -34.212067 -0.287559 0.967166 -20.033226 0.964539 1.212839 0.0 1e-06 0.0 -3.44039 0.788234 0.501655 -15.928196 -3.167308 2.999708 -6.33883 -1e-06 -1e-06 -18.123459 3.648187 -4.905675 -4e-06 1e-06 -1e-06 18.340277 14.332008 19.772087 50.783981 9.26531 20.411459 0.588508 45.881115 0.483636 -2.821415 -10.404284 -25.662809 2.243541 -5.255037 -3.180158 14.282892 -0.826594 6.952505 -2e-06 -12.690604 -1e-06 16.070528 -17.318806 2.729982 1.665666 -1.955921 -2.878299 4.727798 -4.170587 4.993925 11.020526 3e-06 -1e-06 12.109053 -3.735715 -2.866784 1e-06 0.0 -1e-06 1.291985 -1.92855 -1.498089 14.800129 0.567469 3.865609 14.242575 -1.341736 -6.660657 19.631971 0.143926 -0.648243 49.420853 -0.701101 -6.40914 0.353029 -1.51115 -0.031939 20.222794 3.68431 2.316631 18.787273 5e-06 0.0 10.751628 -0.479869 1.397909 -0.0 -1e-06 1e-06 3.273806 0.305948 -0.580111 21.48682 11.830376 2.266134 8.162931 1e-06 0.0 18.399084 -3.798985 -4.940575 5e-06 1e-06 -1e-06 1.560139 13.077404 16.413359 -0.046616 -0.276286 3.842149 -1.097338 -4.281567 -14.100735 1.708155 -1.675395 -0.28705 0.0 0.0 2e-06 4.050102 -19.715584 -20.289856 0.096856 -0.234378 -2.662466 12.642011 -4.328128 8.790219 -1.231086 1.099892 -2.668334 -0.0 -0.0 -1e-06 
0.0 0.0 0.0 0.0 -0.0 0.0 -9.209074 96.70491 101.961006 -0.014781 -4.54384 -3.39381 0.828869 0.244451 -2.637736 -0.363471 0.106075 -6.352875 -1.195444 -0.993126 17.660254 2.348378 1.431999 8.864998 -0.462189 0.641963 -3.573599 -0.163245 -0.360033 -12.514966 7.7e-05 -2.3e-05 6e-06 0.011151 0.020123 0.084617 0.630733 -3.707701 -10.510351 -0.609682 3.758961 -10.477339 -12.160917 -10.744433 16.702991 -51.332016 -17.109747 34.486805 0.337038 -37.186283 -0.247076 -5.946208 3.636774 -27.083002 -5.882108 9.861292 0.702591 -10.936877 -0.360578 7.156209 1e-06 8.774831 -1e-06 -16.71447 18.183931 5.986691 -1.844033 2.498506 -2.507277 -10.163606 4.678945 4.621109 -20.976038 -7e-06 1e-06 -21.226299 2.451696 -3.594 2e-06 -6e-06 -0.0 -1.362681 2.240799 -0.746326 -21.334929 0.584904 3.008323 -13.82122 -5e-06 2e-06 -23.887184 -0.249085 -0.839481 -61.396057 2.798225 -1.223542 -0.294024 1.679689 0.833255 -14.218217 0.093212 1.300581 -34.212074 -0.287571 0.967172 -20.033226 0.964533 1.212846 0.0 0.0 -1e-06 -3.440391 0.788233 0.501656 -15.928196 -3.167314 2.999708 -6.338829 -2e-06 0.0 -18.123457 3.648181 -4.905675 -5e-06 1e-06 -0.0 18.817915 14.143957 19.866537 50.174011 9.068127 21.217222 0.316331 45.500011 0.29915 -2.538161 -10.411657 -26.260431 2.243544 -5.255041 -3.180159 14.2829 -0.826598 6.952507 -1e-06 -12.690613 1e-06 16.090267 -17.233385 2.689254 1.665668 -1.955923 -2.878301 4.727802 -4.17059 4.993926 11.020536 2e-06 -3e-06 12.109061 -3.735717 -2.866787 1e-06 -0.0 0.0 1.291987 -1.92855 -1.49809 14.800139 0.567467 3.865609 14.242584 -1.341737 -6.660663 19.631979 0.143925 -0.648248 49.278534 -0.673678 -6.395694 0.353029 -1.511152 -0.031941 20.222805 3.684309 2.316629 18.787289 5e-06 -3e-06 10.751634 -0.479869 1.397905 -0.0 -1e-06 0.0 3.273809 0.305948 -0.580112 21.486828 11.830381 2.266131 8.162935 0.0 -2e-06 18.399097 -3.798987 -4.940583 5e-06 0.0 -1e-06 3.349634 13.18187 17.628922 0.003141 -0.472941 5.621434 -1.573568 -4.867159 -15.067593 1.728382 -1.664571 -1.031687 0.0 -0.0 2e-06 4.561522 -18.855625 -20.625261 0.113465 -0.133595 -1.188002 11.158894 -4.425587 9.235171 -1.279843 1.12296 -3.048051 0.0 -0.0 -1e-06 
0.0 0.0 0.0 0.0 -0.0 0.0 -10.19089 96.491989 104.85952 -1.005631 -3.902287 -3.218765 1.516004 0.313544 -2.968739 -0.213225 0.057785 -6.53195 -0.966497 -1.202728 18.338202 2.389407 1.266597 8.452413 -0.545611 0.762514 -3.522488 -0.327863 -0.623072 -12.485956 7.7e-05 -2.2e-05 6e-06 0.007861 0.016439 0.075592 0.623542 -3.701787 -10.488853 -0.608046 3.74721 -10.461967 -12.879749 -10.792898 16.66729 -51.140129 -16.913078 34.004128 0.294545 -36.416653 -0.256177 -5.747438 3.762764 -27.144369 -5.882107 9.861285 0.702588 -10.93687 -0.360574 7.156204 -2e-06 8.774824 -0.0 -16.790941 18.108253 5.965082 -1.844032 2.498504 -2.507277 -10.163599 4.678945 4.621107 -20.976021 -1e-06 0.0 -21.226282 2.451699 -3.594 1e-06 -4e-06 -1e-06 -1.362682 2.240798 -0.746324 -21.334911 0.584912 3.008319 -13.82121 -1e-06 0.0 -23.887165 -0.249078 -0.839488 -61.47731 2.686617 -1.095532 -0.294025 1.679688 0.833256 -14.218206 0.093216 1.300579 -34.212048 -0.287561 0.967168 -20.033211 0.964537 1.212842 -1e-06 1e-06 -1e-06 -3.440388 0.788234 0.501655 -15.928183 -3.167308 2.999706 -6.338825 -0.0 -0.0 -18.123444 3.648183 -4.905672 -3e-06 2e-06 -0.0 20.025604 13.835775 20.110985 48.738197 8.752746 21.566122 0.234781 45.247181 0.166441 -2.456826 -10.300328 -26.319958 2.243543 -5.255041 -3.180158 14.282896 -0.826598 6.952506 1e-06 -12.690612 1e-06 16.052465 -17.160807 2.667758 1.665667 -1.955922 -2.878299 4.727801 -4.17059 4.993925 11.020529 1e-06 -4e-06 12.109055 -3.735719 -2.866787 -0.0 0.0 0.0 1.291986 -1.928551 -1.498088 14.800132 0.567465 3.865608 14.242579 -1.341738 -6.660661 19.631973 0.143924 -0.648246 49.322639 -0.619615 -6.310645 0.353029 -1.511151 -0.031938 20.222797 3.684309 2.316631 18.787283 2e-06 -1e-06 10.751631 -0.47987 1.397905 -0.0 -1e-06 1e-06 3.273808 0.305947 -0.580111 21.48682 11.830379 2.266134 8.16293 0.0 -1e-06 18.399092 -3.79899 -4.940578 5e-06 1e-06 -1e-06 5.728631 12.873987 18.814802 0.021909 -0.51843 7.317221 -2.232736 -5.329531 -14.35847 1.759208 -1.70112 -2.455114 -0.0 -0.0 2e-06 5.31477 -17.755831 -21.198345 0.122114 -0.16506 2.895787 6.736813 -3.820187 12.110533 -1.359701 1.06296 -3.354437 0.0 0.0 -1e-06 
0.0 0.0 0.0 0.0 -0.0 0.0 -11.28064 96.495583 107.928833 -2.051155 -3.346706 -3.164492 1.989676 0.213255 -3.239986 -0.09299 0.080074 -6.694401 -0.364805 -1.539452 18.767204 2.40208 1.312283 8.431565 -0.642556 0.705678 -3.576315 -0.446322 -0.600114 -12.483908 7.7e-05 -2.2e-05 6e-06 -0.002183 -0.005956 0.032432 0.616729 -3.717565 -10.493062 -0.617885 3.71762 -10.474463 -13.157904 -10.603267 16.608986 -51.793453 -16.297606 33.409863 0.260052 -35.939674 -0.235997 -5.098102 3.703175 -27.867634 -5.882108 9.861288 0.702589 -10.936877 -0.360576 7.156209 1e-06 8.774829 -2e-06 -16.759895 18.03348 5.995024 -1.844033 2.498504 -2.507281 -10.163606 4.678945 4.621112 -20.976034 -6e-06 3e-06 -21.226295 2.451696 -3.593999 2e-06 -5e-06 0.0 -1.362683 2.240798 -0.746323 -21.334927 0.584909 3.008324 -13.82122 -3e-06 1e-06 -23.887182 -0.24908 -0.839484 -61.346794 2.639359 -1.048238 -0.294025 1.679686 0.833256 -14.218215 0.093214 1.300581 -34.212067 -0.287565 0.967173 -20.033222 0.964538 1.212847 -0.0 -0.0 -1e-06 -3.440391 0.788234 0.501657 -15.928192 -3.167311 2.999707 -6.338829 -2e-06 1e-06 -18.123457 3.648182 -4.905671 -3e-06 1e-06 -0.0 20.699873 13.742483 20.415525 48.023094 8.472673 21.090738 0.808024 44.749325 0.470039 -2.285804 -10.394123 -26.168179 2.243543 -5.255038 -3.18016 14.2829 -0.826595 6.952511 -2e-06 -12.69061 2e-06 15.99277 -17.164211 2.624754 1.665667 -1.955923 -2.878301 4.727801 -4.170589 4.99393 11.020535 4e-06 -1e-06 12.109059 -3.735717 -2.866785 -0.0 0.0 -1e-06 1.291986 -1.92855 -1.498091 14.800139 0.567468 3.865611 14.242582 -1.341735 -6.660661 19.631985 0.143927 -0.648244 49.190708 -0.490349 -6.326225 0.353029 -1.511151 -0.03194 20.222805 3.684313 2.316634 18.787289 4e-06 2e-06 10.751637 -0.479869 1.397906 0.0 -1e-06 1e-06 3.273808 0.305948 -0.580112 21.486828 11.830382 2.266134 8.162933 0.0 1e-06 18.399096 -3.798988 -4.940576 5e-06 0.0 -1e-06 8.098957 12.347511 19.316233 0.048426 -0.532782 10.511756 -2.955 -5.739485 -12.915274 1.832009 -1.727452 -5.266387 0.0 0.0 2e-06 6.112693 -16.837542 -21.659391 0.052479 -0.184669 7.522834 2.977095 -2.889004 14.918475 -1.36512 0.947142 -2.82375 0.0 0.0 -1e-06 
0.0 0.0 0.0 0.0 -0.0 0.0 -12.502414 96.652641 111.064301 -2.806839 -2.848822 -3.369508 2.099013 0.210515 -3.110121 0.035373 -0.161645 -6.706638 0.279545 -1.728229 18.559698 2.431214 1.288042 8.933916 -0.653427 0.819967 -3.60111 -0.440584 -0.522645 -12.834856 7.7e-05 -2.2e-05 6e-06 -0.002446 -0.02409 0.030027 0.642956 -3.727966 -10.45607 -0.643338 3.695149 -10.438839 -12.444293 -10.553514 16.825045 -53.409248 -15.6114 33.174767 0.136927 -35.790382 -0.139315 -4.192606 3.923003 -28.236879 -5.882107 9.861288 0.70259 -10.936876 -0.360575 7.156208 1e-06 8.774828 1e-06 -16.784155 18.111216 5.939988 -1.844032 2.498503 -2.507279 -10.163604 4.678946 4.621109 -20.976034 -8e-06 3e-06 -21.226295 2.451694 -3.593998 2e-06 -6e-06 0.0 -1.362681 2.240798 -0.746324 -21.334923 0.584908 3.008325 -13.821217 -3e-06 1e-06 -23.887178 -0.249081 -0.83948 -61.16991 2.574744 -1.054248 -0.294024 1.679687 0.833257 -14.218215 0.093213 1.30058 -34.212067 -0.287566 0.967171 -20.033222 0.964536 1.212846 0.0 1e-06 -0.0 -3.44039 0.788232 0.501656 -15.928192 -3.167311 2.999707 -6.338829 -1e-06 0.0 -18.123457 3.648182 -4.90567 -3e-06 -0.0 -0.0 20.24782 13.779902 20.51479 48.776798 8.448068 21.318924 0.711108 43.700157 0.308318 -1.929831 -10.514533 -26.449768 2.243541 -5.255033 -3.180157 14.282887 -0.826593 6.952502 -5e-06 -12.6906 2e-06 16.043898 -17.30612 2.602648 1.665666 -1.95592 -2.878299 4.727797 -4.170584 4.993925 11.020525 6e-06 -1e-06 12.10905 -3.735711 -2.866783 -1e-06 0.0 0.0 1.291985 -1.928548 -1.498088 14.800127 0.567472 3.865607 14.242568 -1.341731 -6.660656 19.631962 0.143928 -0.648244 49.397522 -0.509953 -6.276071 0.353029 -1.51115 -0.031939 20.222788 3.684313 2.316629 18.78727 7e-06 2e-06 10.751628 -0.479866 1.397907 0.0 -0.0 1e-06 3.273806 0.305948 -0.58011 21.486813 11.830374 2.266131 8.162927 4e-06 1e-06 18.399076 -3.798981 -4.940569 5e-06 0.0 -1e-06 9.896608 11.187529 18.783209 0.055953 -0.609397 15.701694 -3.458041 -5.542172 -10.347434 1.916885 -1.901011 -9.194227 0.0 0.0 2e-06 6.664124 -16.37166 -21.565619 0.095134 -0.207336 12.436933 0.379196 -2.312268 12.44663 -1.376559 0.932156 -1.805542 -0.0 0.0 -1e-06 
0.0 0.0 0.0 0.0 -0.0 0.0 -13.719972 96.967697 114.162216 -3.450971 -2.279272 -3.647606 2.270608 0.183965 -2.888997 0.086701 -0.312308 -6.642097 0.697491 -1.941221 18.142561 2.744642 1.287335 9.591762 -0.596403 0.648255 -3.60864 -0.474177 -0.322145 -13.284729 7.7e-05 -2.3e-05 6e-06 -0.006694 -0.044226 0.041993 0.65887 -3.753414 -10.452374 -0.666427 3.67991 -10.428009 -11.249283 -10.686561 17.140022 -55.100922 -15.178648 33.814217 0.075521 -35.704388 -0.102613 -4.035889 4.057845 -27.87294 -5.88211 9.861286 0.702591 -10.936874 -0.360574 7.156209 -0.0 8.774826 -1e-06 -16.77314 18.030174 5.8644 -1.844033 2.498505 -2.50728 -10.163602 4.678946 4.621111 -20.97603 -3e-06 2e-06 -21.226294 2.451697 -3.594 1e-06 -7e-06 -0.0 -1.362682 2.240798 -0.746324 -21.334921 0.58491 3.008324 -13.821218 -3e-06 1e-06 -23.887178 -0.249079 -0.839483 -61.002346 2.526171 -1.053771 -0.294024 1.679687 0.833257 -14.218211 0.093215 1.300581 -34.212063 -0.287565 0.96717 -20.033218 0.964537 1.212844 0.0 -0.0 -0.0 -3.440389 0.788234 0.501655 -15.928192 -3.16731 2.99971 -6.338827 -0.0 -0.0 -18.123453 3.648182 -4.90567 -2e-06 0.0 -0.0 19.53125 13.854849 20.564198 49.997967 8.565645 21.113106 0.829153 42.852089 0.36295 -1.578983 -10.870895 -26.824867 2.243543 -5.255037 -3.180159 14.282894 -0.826593 6.952505 -3e-06 -12.690607 1e-06 16.150063 -17.375278 2.589517 1.665667 -1.955922 -2.8783 4.727799 -4.170588 4.993925 11.020529 5e-06 -2e-06 12.109056 -3.735715 -2.866786 0.0 0.0 0.0 1.291986 -1.928549 -1.49809 14.800132 0.567469 3.865609 14.242577 -1.341733 -6.660662 19.631973 0.143929 -0.648246 49.446087 -0.532337 -6.307439 0.353029 -1.511152 -0.03194 20.222797 3.684313 2.31663 18.787279 7e-06 0.0 10.751632 -0.479867 1.397905 -1e-06 -1e-06 2e-06 3.273808 0.305947 -0.580112 21.48682 11.830378 2.266133 8.162928 2e-06 -0.0 18.399084 -3.798985 -4.940576 5e-06 0.0 -1e-06 11.362603 9.846848 16.518349 0.025301 -0.726548 23.531683 -3.554764 -5.120421 -6.253858 2.034978 -1.909995 -14.093367 0.0 -0.0 2e-06 7.101711 -16.015284 -20.193607 0.097699 -0.197974 15.012258 -1.16656 -2.572635 8.447623 -1.391839 0.877152 -1.137308 -0.0 0.0 -1e-06 
0.0 0.0 0.0 0.0 -0.0 0.0 -14.867538 97.404022 117.196533 -4.013115 -1.599287 -3.973737 2.543777 0.140947 -2.616858 0.118972 -0.351829 -6.5494 0.989551 -2.108588 17.761097 3.036565 1.247634 10.10399 -0.579767 0.467574 -3.620387 -0.4368 -0.346202 -13.519033 7.7e-05 -2.2e-05 6e-06 -0.00558 -0.019074 0.052971 0.673146 -3.735983 -10.470377 -0.677805 3.710879 -10.448146 -10.187231 -10.836143 17.476398 -56.259628 -15.194234 34.928883 0.021671 -35.926819 -0.059948 -4.783618 4.159972 -26.989119 -5.882108 9.86129 0.702589 -10.936874 -0.360576 7.156205 1e-06 8.774829 -1e-06 -16.809216 18.035835 5.758906 -1.844032 2.498505 -2.507278 -10.163603 4.678946 4.621108 -20.97603 -2e-06 1e-06 -21.226292 2.451697 -3.594003 0.0 -4e-06 -0.0 -1.362682 2.240798 -0.746325 -21.334917 0.584909 3.008322 -13.821217 -2e-06 2e-06 -23.887177 -0.249079 -0.839486 -60.826073 2.489239 -1.042946 -0.294025 1.679688 0.833255 -14.218213 0.093215 1.30058 -34.212051 -0.287562 0.967173 -20.033218 0.964537 1.212844 0.0 -0.0 0.0 -3.440389 0.788234 0.501654 -15.928189 -3.167312 2.999707 -6.338827 0.0 -0.0 -18.123447 3.648183 -4.905671 -4e-06 1e-06 -1e-06 18.903067 13.910516 20.630497 50.845543 8.578612 20.711918 1.003056 42.860237 0.501671 -1.350303 -10.977024 -27.432098 2.243543 -5.255038 -3.180158 14.282895 -0.826596 6.952505 -2e-06 -12.690611 1e-06 16.198528 -17.458109 2.631152 1.665666 -1.955922 -2.878299 4.727799 -4.170588 4.993925 11.020529 3e-06 -0.0 12.109056 -3.735717 -2.866784 0.0 -0.0 -1e-06 1.291986 -1.928549 -1.498089 14.800132 0.567469 3.865608 14.242576 -1.341737 -6.66066 19.631973 0.143927 -0.648245 49.456684 -0.585035 -6.32957 0.35303 -1.511152 -0.03194 20.222797 3.684309 2.31663 18.787279 4e-06 -1e-06 10.751631 -0.479869 1.397906 -1e-06 -1e-06 1e-06 3.273808 0.305946 -0.580112 21.48682 11.830381 2.266134 8.16293 1e-06 1e-06 18.399088 -3.798988 -4.940578 5e-06 0.0 -1e-06 12.5381 8.555821 12.552113 -0.064792 -0.77761 33.727489 -3.263445 -4.280508 -0.099046 2.126814 -1.81837 -17.529057 0.0 0.0 2e-06 7.489305 -16.019539 -17.912912 0.129098 -0.25413 15.708202 -2.324699 -3.070281 5.668277 -1.401476 0.819615 -0.667357 -0.0 1e-06 -1e-06 
0.0 0.0 0.0 0.0 -0.0 0.0 -15.901467 97.798584 120.097694 -4.527075 -0.914352 -4.366233 2.878821 0.15609 -2.291125 0.168903 -0.303777 -6.397342 1.252982 -2.218606 17.521461 3.248507 1.165998 10.331373 -0.578888 0.306336 -3.638 -0.385048 -0.489701 -13.563978 7.7e-05 -2.2e-05 6e-06 -0.001551 0.02461 0.054742 0.673924 -3.701158 -10.49064 -0.670817 3.760067 -10.471957 -9.514563 -10.917782 17.532 -56.772442 -15.495384 36.146393 0.000367 -36.615013 -0.025124 -5.669868 4.234025 -26.106585 -5.882108 9.861288 0.702592 -10.936872 -0.360573 7.156204 -1e-06 8.774826 -1e-06 -16.816465 18.050444 5.693871 -1.844033 2.498504 -2.507279 -10.163601 4.678947 4.621108 -20.976023 -1e-06 0.0 -21.226286 2.451698 -3.594002 -1e-06 -4e-06 -1e-06 -1.362682 2.240799 -0.746323 -21.334917 0.584912 3.008322 -13.821214 -0.0 2e-06 -23.887171 -0.249078 -0.839486 -60.724903 2.522714 -1.058347 -0.294024 1.679687 0.833257 -14.21821 0.093217 1.300581 -34.212051 -0.287563 0.967166 -20.033213 0.964538 1.212842 1e-06 -1e-06 0.0 -3.440389 0.788234 0.501655 -15.928187 -3.167309 2.999705 -6.338826 0.0 -0.0 -18.123453 3.648183 -4.905672 -3e-06 1e-06 2e-06 18.568432 14.076444 20.656986 50.814137 8.331816 20.78334 0.85278 43.865662 0.502022 -1.063492 -10.631888 -28.467112 2.243542 -5.255035 -3.180156 14.282889 -0.826594 6.9525 -3e-06 -12.6906 1e-06 16.199179 -17.557007 2.705283 1.665666 -1.955921 -2.878299 4.727798 -4.170586 4.993921 11.020526 4e-06 -2e-06 12.109052 -3.735715 -2.866785 -1e-06 -0.0 0.0 1.291986 -1.92855 -1.498089 14.800127 0.567467 3.865605 14.242572 -1.341736 -6.660658 19.631966 0.143926 -0.648247 49.464859 -0.618351 -6.349629 0.353029 -1.51115 -0.031939 20.222786 3.684309 2.316628 18.78727 6e-06 -2e-06 10.751625 -0.479868 1.397904 0.0 -0.0 1e-06 3.273807 0.305947 -0.580112 21.486809 11.830374 2.266129 8.162928 1e-06 -1e-06 18.39908 -3.798983 -4.940577 5e-06 0.0 -1e-06 13.350754 7.344464 7.40965 -0.150562 -0.700422 44.914879 -3.056314 -2.904988 6.613479 2.041337 -1.77434 -14.129901 0.0 -0.0 2e-06 7.859918 -16.406065 -15.265098 0.149223 -0.305535 15.522552 -3.040771 -3.494314 3.437723 -1.41463 0.796324 -0.528178 0.0 1e-06 -1e-06 
0.0 0.0 0.0 0.0 -0.0 0.0 -16.798708 98.086342 122.8853 -4.882783 -0.482861 -4.843253 3.19625 0.240946 -1.951794 0.204229 -0.174892 -6.245607 1.495131 -2.210766 17.544365 3.390985 1.088196 10.391175 -0.575402 0.208801 -3.651771 -0.357725 -0.667621 -13.642893 7.7e-05 -2.3e-05 6e-06 -0.001629 0.02016 0.047566 0.660213 -3.709474 -10.492118 -0.65834 3.757475 -10.475147 -9.405039 -10.72556 17.378668 -56.710167 -16.174648 36.979923 -0.03911 -37.461235 -0.025807 -6.009764 4.232131 -25.435438 -5.88211 9.861293 0.70259 -10.936879 -0.360577 7.156209 0.0 8.774831 -1e-06 -16.773153 18.062691 5.734669 -1.844034 2.498507 -2.507278 -10.163607 4.678948 4.621112 -20.97604 -5e-06 1e-06 -21.226301 2.451698 -3.594003 0.0 -5e-06 -0.0 -1.362683 2.240799 -0.746324 -21.33493 0.584909 3.008325 -13.821223 -3e-06 0.0 -23.887188 -0.249083 -0.839483 -60.774532 2.615572 -1.049883 -0.294025 1.679688 0.833257 -14.218219 0.093215 1.300581 -34.212074 -0.287567 0.967168 -20.03323 0.964534 1.212844 1e-06 1e-06 0.0 -3.440392 0.788234 0.501656 -15.928196 -3.167313 2.999707 -6.33883 0.0 0.0 -18.123459 3.648183 -4.905674 -5e-06 1e-06 -0.0 18.660051 14.341261 20.73608 49.669243 8.210028 21.435452 0.563251 45.133228 0.355862 -0.732641 -10.049713 -29.488403 2.243543 -5.255039 -3.18016 14.2829 -0.826596 6.952504 -1e-06 -12.690614 3e-06 16.161144 -17.545958 2.729061 1.665667 -1.955922 -2.8783 4.727802 -4.17059 4.993926 11.020535 3e-06 -1e-06 12.109059 -3.735717 -2.866786 -1e-06 0.0 0.0 1.291987 -1.928551 -1.49809 14.800139 0.567468 3.865609 14.242583 -1.341738 -6.660661 19.631985 0.143926 -0.648246 49.380936 -0.622187 -6.342097 0.353029 -1.511151 -0.031938 20.222805 3.68431 2.316628 18.787289 4e-06 -2e-06 10.751636 -0.479869 1.397906 2e-06 -0.0 1e-06 3.273809 0.305947 -0.580112 21.486828 11.830382 2.266131 8.162933 2e-06 -3e-06 18.399096 -3.798987 -4.94058 4e-06 0.0 -1e-06 13.53074 6.323029 2.200216 -0.158663 -0.554575 54.849541 -2.791195 -1.079105 11.15258 1.879077 -1.89975 -6.661651 0.0 0.0 5e-06 8.082895 -17.016317 -12.608924 0.107609 -0.307606 15.257555 -3.267037 -3.570612 1.353589 -1.419446 0.817934 -0.607698 0.0 0.0 -1e-06 
0.0 0.0 0.0 0.0 -0.0 0.0 -17.579136 98.362373 125.650284 -4.855356 -0.465326 -5.327264 3.346884 0.374302 -1.691902 0.185643 0.018322 -6.101227 1.609388 -1.988299 17.717604 3.50702 1.055184 10.491894 -0.60873 0.103378 -3.620236 -0.314343 -0.809966 -13.843606 7.7e-05 -2.2e-05 6e-06 -0.007048 -0.035685 0.048876 0.640417 -3.764685 -10.470802 -0.650828 3.701811 -10.455833 -9.577069 -10.339903 17.222807 -56.634682 -17.193562 37.256325 -0.047724 -37.762943 -0.044357 -5.52245 4.112791 -25.378506 -5.882111 9.861295 0.702589 -10.936882 -0.360577 7.156209 2e-06 8.774833 -1e-06 -16.712353 18.09478 5.782058 -1.844034 2.498507 -2.50728 -10.163611 4.678949 4.621113 -20.976044 -5e-06 3e-06 -21.226309 2.451696 -3.594001 1e-06 -4e-06 -1e-06 -1.362683 2.240801 -0.746323 -21.334936 0.584907 3.008326 -13.821227 -4e-06 2e-06 -23.88719 -0.249081 -0.839481 -60.835888 2.689637 -1.102146 -0.294025 1.679689 0.833255 -14.218224 0.093213 1.300582 -34.212078 -0.287568 0.967169 -20.033232 0.964536 1.212845 1e-06 -1e-06 1e-06 -3.440392 0.788233 0.501654 -15.928205 -3.167315 2.999709 -6.338832 -0.0 -0.0 -18.123468 3.648184 -4.905674 -3e-06 2e-06 -0.0 18.94092 14.666535 20.862116 48.020321 8.63343 22.401104 0.456914 45.572529 0.257869 -0.476465 -9.57711 -29.76298 2.243543 -5.25504 -3.18016 14.282898 -0.826593 6.952508 -2e-06 -12.690613 -1e-06 16.120687 -17.454342 2.711354 1.665667 -1.955922 -2.8783 4.727801 -4.17059 4.993927 11.020534 4e-06 -1e-06 12.109059 -3.735717 -2.866787 -0.0 0.0 0.0 1.291986 -1.92855 -1.498091 14.800136 0.56747 3.865609 14.24258 -1.341736 -6.660661 19.631983 0.143927 -0.648242 49.222118 -0.657139 -6.335325 0.353029 -1.511152 -0.031939 20.222803 3.684315 2.316632 18.787283 5e-06 2e-06 10.751637 -0.479868 1.397907 -0.0 -0.0 -1e-06 3.273808 0.305947 -0.580112 21.486828 11.830385 2.266138 8.162933 2e-06 0.0 18.399097 -3.798986 -4.940577 5e-06 0.0 -1e-06 13.00037 5.912747 -2.29614 -0.172651 -0.353849 62.046322 -2.632563 -0.260255 11.08344 1.8538 -1.975984 -4.093037 0.0 0.0 2e-06 7.862775 -17.54916 -9.951182 0.051998 -0.298669 14.968884 -3.153938 -3.301609 -0.516472 -1.412433 0.840557 -0.629728 0.0 0.0 -1e-06 
0.0 0.0 0.0 0.0 -0.0 0.0 -18.293688 98.661217 128.433945 -4.466627 -0.731076 -5.727877 3.311354 0.514176 -1.501985 0.10872 0.269594 -5.958708 1.529964 -1.668297 17.836683 3.598918 1.028752 10.703359 -0.649268 0.063615 -3.566717 -0.249268 -0.883657 -13.997448 7.7e-05 -2.2e-05 6e-06 -0.012455 -0.082004 0.056771 0.624538 -3.806742 -10.441366 -0.647129 3.652921 -10.428872 -9.639555 -9.969868 17.089006 -56.912983 -18.242636 36.980873 -0.03242 -37.517311 -0.035459 -4.546787 4.096004 -25.538187 -5.882113 9.861292 0.702591 -10.936878 -0.360572 7.156209 -2e-06 8.77483 -1e-06 -16.628384 18.156927 5.85481 -1.844034 2.498507 -2.507277 -10.163608 4.67895 4.62111 -20.976036 3e-06 0.0 -21.226301 2.451704 -3.594004 1e-06 -5e-06 -1e-06 -1.362684 2.2408 -0.746323 -21.334929 0.584915 3.008325 -13.82122 1e-06 -0.0 -23.887184 -0.249074 -0.839489 -60.85355 2.763205 -1.162273 -0.294025 1.679688 0.833256 -14.218218 0.093218 1.300581 -34.21207 -0.287556 0.967164 -20.03323 0.964539 1.212839 1e-06 0.0 -0.0 -3.440391 0.788236 0.501655 -15.928196 -3.167308 2.999708 -6.33883 2e-06 -0.0 -18.123459 3.648189 -4.905675 -4e-06 1e-06 1e-06 19.07893 15.069505 20.995977 46.730953 9.618943 23.310116 0.477538 44.896545 0.268815 -0.262313 -9.487493 -29.396742 2.243543 -5.255039 -3.180158 14.28289 -0.826598 6.952503 0.0 -12.690607 0.0 16.093128 -17.371 2.68614 1.665667 -1.955922 -2.878298 4.727799 -4.170589 4.993924 11.020527 1e-06 -1e-06 12.109054 -3.735718 -2.866786 -0.0 1e-06 -1e-06 1.291986 -1.928552 -1.498091 14.800129 0.567466 3.865606 14.242575 -1.341739 -6.660663 19.631969 0.143925 -0.648246 49.11684 -0.65683 -6.344037 0.353029 -1.511152 -0.031939 20.222795 3.684307 2.31663 18.787275 3e-06 -3e-06 10.751629 -0.47987 1.397907 1e-06 -0.0 0.0 3.273807 0.305947 -0.580112 21.486813 11.830374 2.266132 8.16293 0.0 -0.0 18.39909 -3.798988 -4.940581 5e-06 0.0 -2e-06 11.888202 6.088904 -6.318628 -0.181329 -0.147749 66.255829 -3.036169 -0.598109 8.659836 1.862127 -1.988322 -3.627697 -0.0 0.0 3e-06 7.214192 -17.817602 -7.237473 0.033787 -0.277214 14.431983 -2.938039 -2.932166 -2.110291 -1.403519 0.85213 -0.50857 0.0 0.0 -1e-06 
0.0 0.0 0.0 0.0 -0.0 0.0 -18.952202 98.953461 131.172531 -3.907065 -1.147979 -6.00234 3.181778 0.638158 -1.320613 0.009693 0.560009 -5.818853 1.301592 -1.349239 17.753298 3.622035 1.049864 10.995032 -0.669485 0.08903 -3.529483 -0.170682 -0.900928 -13.990108 7.7e-05 -2.2e-05 6e-06 -0.013532 -0.090226 0.064113 0.617123 -3.811678 -10.427368 -0.643203 3.642345 -10.416009 -9.599146 -9.739587 16.998323 -57.33231 -18.978365 36.218342 0.001728 -37.298016 -0.004352 -3.591935 4.27509 -25.796478 -5.882107 9.861288 0.70259 -10.936874 -0.360576 7.156204 1e-06 8.774828 1e-06 -16.544491 18.219891 5.922251 -1.844033 2.498504 -2.507279 -10.163602 4.678945 4.62111 -20.976028 -6e-06 1e-06 -21.226292 2.451694 -3.594001 3e-06 -7e-06 1e-06 -1.362682 2.240798 -0.746323 -21.334917 0.584907 3.008321 -13.821217 -4e-06 1e-06 -23.887175 -0.249082 -0.839485 -60.785973 2.820456 -1.221335 -0.294025 1.679688 0.833258 -14.218214 0.093214 1.300581 -34.212063 -0.287568 0.967169 -20.033218 0.964534 1.212844 1e-06 -0.0 1e-06 -3.440389 0.788233 0.501655 -15.928189 -3.16731 2.999705 -6.338828 -1e-06 0.0 -18.123451 3.648181 -4.905673 -5e-06 1e-06 -0.0 18.95532 15.560199 21.089703 46.105377 10.825548 24.024307 0.489763 43.650028 0.31545 -0.011836 -9.764549 -29.174368 2.243543 -5.255038 -3.180156 14.282892 -0.826594 6.952499 -3e-06 -12.690608 -1e-06 16.077869 -17.311724 2.66051 1.665667 -1.955922 -2.8783 4.727798 -4.170589 4.993922 11.020528 3e-06 -1e-06 12.109055 -3.735717 -2.866785 -0.0 1e-06 1e-06 1.291986 -1.928549 -1.49809 14.800129 0.567469 3.865606 14.242576 -1.341736 -6.66066 19.631971 0.143928 -0.648246 49.044415 -0.657306 -6.382488 0.353029 -1.511151 -0.03194 20.222794 3.684311 2.316627 18.787273 5e-06 -3e-06 10.751631 -0.479867 1.397904 1e-06 -1e-06 0.0 3.273807 0.305947 -0.580111 21.486818 11.830379 2.266133 8.162928 2e-06 -2e-06 18.39908 -3.798985 -4.940578 5e-06 0.0 -0.0 10.415462 6.699161 -10.074165 -0.166523 0.01302 67.448463 -3.735328 -1.1409 6.107941 1.855471 -1.988108 -3.542558 0.0 0.0 1e-06 6.35538 -17.836163 -4.421096 0.051334 -0.27154 13.490893 -2.757727 -2.614355 -3.463038 -1.398074 0.855898 -0.306241 0.0 0.0 -1e-06 
0.0 0.0 0.0 0.0 -0.0 0.0 -19.568781 99.179924 133.850784 -3.344255 -1.64436 -6.132444 3.038316 0.739851 -1.126652 -0.080824 0.839072 -5.702255 1.002892 -1.058015 17.498411 3.530513 1.134827 11.163204 -0.672005 0.16992 -3.517487 -0.083129 -0.852248 -13.833046 7.7e-05 -2.3e-05 6e-06 -0.012038 -0.073971 0.069937 0.623626 -3.79393 -10.431973 -0.648093 3.657225 -10.420759 -9.626075 -9.612927 16.921717 -57.531052 -19.311184 35.40551 0.08334 -37.493618 0.02377 -2.870005 4.451246 -26.183903 -5.882107 9.861286 0.702589 -10.936872 -0.360574 7.156209 -0.0 8.774826 -1e-06 -16.48884 18.254473 5.952819 -1.844033 2.498504 -2.50728 -10.163601 4.678946 4.621109 -20.976023 -2e-06 0.0 -21.22629 2.451697 -3.594004 2e-06 -7e-06 1e-06 -1.362682 2.240799 -0.746324 -21.334917 0.584911 3.008322 -13.821217 -1e-06 -0.0 -23.887177 -0.24908 -0.839485 -60.729229 2.846436 -1.287462 -0.294025 1.679688 0.833256 -14.21821 0.093216 1.300579 -34.212048 -0.287563 0.967166 -20.033216 0.964537 1.21284 0.0 -0.0 2e-06 -3.440389 0.788235 0.501655 -15.928189 -3.167309 2.999706 -6.338827 -1e-06 -1e-06 -18.123451 3.648184 -4.905674 -4e-06 -1e-06 -2e-06 18.616962 16.100904 21.109966 46.008797 11.942891 24.546955 0.387969 42.50275 0.306295 0.171366 -10.0805 -29.309872 2.243543 -5.255041 -3.180158 14.282898 -0.826598 6.952507 -1e-06 -12.690614 -0.0 16.077463 -17.280645 2.658628 1.665667 -1.955923 -2.878301 4.7278 -4.17059 4.993925 11.020531 1e-06 -0.0 12.109058 -3.735719 -2.866786 -0.0 -0.0 -1e-06 1.291987 -1.92855 -1.498091 14.800134 0.567469 3.86561 14.242579 -1.341738 -6.660661 19.631973 0.143925 -0.648246 49.046791 -0.693278 -6.397143 0.353029 -1.511152 -0.031941 20.222799 3.68431 2.316632 18.787277 3e-06 -1e-06 10.751631 -0.47987 1.397906 2e-06 -0.0 1e-06 3.273808 0.305948 -0.580112 21.48682 11.830382 2.266135 8.16293 2e-06 -0.0 18.399086 -3.798988 -4.940577 5e-06 0.0 -0.0 8.845774 7.665096 -13.499784 -0.116403 0.139649 65.701622 -4.632214 -1.532342 4.151268 1.82304 -1.975718 -3.505596 -0.0 -0.0 -0.0 5.535136 -17.751041 -1.817412 0.078206 -0.291192 12.30407 -2.612609 -2.289049 -4.519031 -1.398505 0.840522 -0.127143 0.0 0.0 -1e-06 
0.0 0.0 0.0 0.0 -0.0 0.0 -20.155008 99.304977 136.525864 -2.833544 -2.169534 -6.083553 2.896047 0.787407 -0.984516 -0.146308 1.110747 -5.623382 0.692694 -0.816676 17.214464 3.278185 1.313987 11.066765 -0.655166 0.263432 -3.53744 0.020924 -0.796916 -13.647944 7.7e-05 -2.2e-05 6e-06 -0.010746 -0.056723 0.073475 0.635896 -3.77748 -10.44501 -0.659118 3.674888 -10.435294 -9.86761 -9.476295 16.868595 -57.306866 -19.39163 34.829971 0.218671 -38.137936 -0.001553 -2.397023 4.455396 -26.448334 -5.88211 9.861292 0.702591 -10.936878 -0.360575 7.156209 -0.0 8.774831 -2e-06 -16.446762 18.268429 5.963921 -1.844034 2.498507 -2.507279 -10.163605 4.678948 4.62111 -20.976034 -1e-06 2e-06 -21.226299 2.451699 -3.594002 2e-06 -7e-06 1e-06 -1.362682 2.2408 -0.746323 -21.334929 0.584909 3.008324 -13.821222 -3e-06 1e-06 -23.887184 -0.249078 -0.839483 -60.714966 2.830366 -1.289269 -0.294026 1.679688 0.833259 -14.218217 0.093215 1.300582 -34.21207 -0.287563 0.967169 -20.033228 0.964539 1.212842 0.0 -0.0 1e-06 -3.44039 0.788234 0.501656 -15.928198 -3.167312 2.999709 -6.33883 -1e-06 -0.0 -18.123459 3.648185 -4.905674 -5e-06 -0.0 -3e-06 18.205702 16.605202 21.058762 46.102173 12.757134 24.706751 0.246962 42.059628 0.256191 0.119234 -10.120313 -29.86236 2.243541 -5.255037 -3.180158 14.282896 -0.826595 6.952507 -3e-06 -12.690609 1e-06 16.088902 -17.269115 2.677298 1.665666 -1.955922 -2.878299 4.727798 -4.170588 4.993926 11.020528 3e-06 -1e-06 12.109053 -3.735716 -2.866786 0.0 -0.0 -0.0 1.291986 -1.928551 -1.498089 14.800132 0.567469 3.86561 14.242576 -1.341736 -6.66066 19.631969 0.143926 -0.648243 49.122753 -0.713961 -6.341895 0.353029 -1.511149 -0.03194 20.222799 3.68431 2.316631 18.787281 5e-06 1e-06 10.751631 -0.479869 1.397907 1e-06 -0.0 1e-06 3.273808 0.305947 -0.580111 21.48682 11.830379 2.266132 8.16293 2e-06 2e-06 18.399088 -3.798985 -4.940573 5e-06 0.0 0.0 7.260082 8.885635 -16.501719 -0.029763 0.25529 61.187111 -5.312499 -1.450596 2.787862 1.790679 -1.955696 -3.421571 -0.0 -0.0 4e-06 4.765273 -17.735241 0.575936 0.096826 -0.300354 11.128226 -2.381325 -1.827906 -5.62682 -1.40502 0.816337 -0.053048 -0.0 0.0 -1e-06 
0.0 0.0 0.0 0.0 -0.0 0.0 -20.69405 99.302681 139.203827 -2.413469 -2.703145 -5.849719 2.77532 0.758337 -0.935333 -0.184684 1.372906 -5.594652 0.408796 -0.633071 16.999496 2.89884 1.565741 10.719727 -0.632439 0.360866 -3.586049 0.123688 -0.74817 -13.54134 7.7e-05 -2.3e-05 6e-06 -0.009696 -0.033245 0.071329 0.642473 -3.756876 -10.453267 -0.664854 3.700262 -10.445678 -10.285639 -9.292254 16.853003 -56.781788 -19.383684 34.53437 0.383895 -38.935501 -0.094281 -2.077995 4.274209 -26.61931 -5.882103 9.861279 0.702589 -10.936865 -0.360573 7.156201 -1e-06 8.77482 -3e-06 -16.39493 18.264423 5.979166 -1.84403 2.498503 -2.507276 -10.163594 4.678943 4.621106 -20.976011 -1e-06 3e-06 -21.226273 2.451699 -3.593999 2e-06 -7e-06 -0.0 -1.36268 2.240797 -0.746324 -21.3349 0.584912 3.008324 -13.821205 -1e-06 3e-06 -23.887154 -0.249074 -0.839484 -60.713127 2.778349 -1.187603 -0.294024 1.679687 0.833255 -14.218201 0.093215 1.300582 -34.212032 -0.287559 0.967173 -20.033201 0.96454 1.212844 0.0 1e-06 1e-06 -3.440387 0.788234 0.501655 -15.928177 -3.167305 2.999709 -6.33882 -1e-06 1e-06 -18.12344 3.648183 -4.905668 -4e-06 0.0 -1e-06 17.785992 17.029753 20.977613 46.190357 13.277532 24.459761 0.171561 42.482948 0.222185 -0.275019 -9.926558 -30.681627 2.243541 -5.255035 -3.180157 14.282887 -0.826595 6.952503 -2e-06 -12.690599 1e-06 16.106422 -17.285313 2.69764 1.665667 -1.955921 -2.878299 4.727797 -4.170586 4.993922 11.020523 1e-06 -2e-06 12.109048 -3.735714 -2.866782 0.0 -0.0 -0.0 1.291986 -1.92855 -1.498089 14.800125 0.567466 3.865605 14.24257 -1.341737 -6.660659 19.631962 0.143925 -0.648247 49.242958 -0.701991 -6.232016 0.353029 -1.511149 -0.031941 20.222786 3.684306 2.31663 18.78727 2e-06 -1e-06 10.751625 -0.47987 1.397906 1e-06 -1e-06 1e-06 3.273805 0.305947 -0.580111 21.486803 11.830369 2.266132 8.162926 1e-06 -0.0 18.399078 -3.798987 -4.940576 5e-06 0.0 -0.0 5.673839 10.217638 -18.918425 0.07746 0.35134 54.214226 -5.533432 -0.850666 2.26863 1.779573 -1.954362 -3.268497 -0.0 -0.0 2e-06 4.061123 -17.863771 2.683509 0.103707 -0.272356 10.115562 -2.096892 -1.185163 -6.901907 -1.414893 0.790982 -0.054119 0.0 0.0 -1e-06 
0.0 0.0 0.0 0.0 -0.0 0.0 -21.171513 99.181946 141.853958 -2.11026 -3.191256 -5.439466 2.686943 0.650543 -1.002798 -0.212115 1.597022 -5.621946 0.185258 -0.498621 16.869587 2.44948 1.835873 10.244411 -0.617223 0.489749 -3.625628 0.198117 -0.733894 -13.540922 7.7e-05 -2.2e-05 6e-06 -0.006575 -0.010873 0.069948 0.643364 -3.736382 -10.450788 -0.66057 3.723226 -10.447786 -10.756657 -9.103492 16.821451 -56.213753 -19.373028 34.573734 0.561494 -39.508121 -0.226276 -1.945027 3.937864 -26.661489 -5.882113 9.861292 0.702586 -10.936878 -0.360574 7.15621 -2e-06 8.774831 -1e-06 -16.342358 18.251335 5.987949 -1.844035 2.498506 -2.507281 -10.16361 4.67895 4.621109 -20.97604 0.0 -2e-06 -21.226307 2.451702 -3.59401 2e-06 -7e-06 -0.0 -1.362683 2.240802 -0.746324 -21.334929 0.584912 3.008324 -13.821221 -0.0 -2e-06 -23.887188 -0.249077 -0.839487 -60.66576 2.728916 -1.051589 -0.294026 1.679689 0.833257 -14.218219 0.093219 1.300577 -34.212082 -0.28756 0.967164 -20.033232 0.964538 1.21284 0.0 1e-06 2e-06 -3.440389 0.788235 0.501655 -15.928196 -3.16731 2.999708 -6.338829 -0.0 -0.0 -18.123459 3.648188 -4.905676 -4e-06 -0.0 -2e-06 17.419367 17.338346 20.907986 46.17067 13.62303 24.056162 0.119716 43.509861 0.187427 -0.883475 -9.600244 -31.372728 2.243544 -5.255041 -3.180161 14.2829 -0.826597 6.952505 -0.0 -12.690614 -0.0 16.126677 -17.338474 2.697432 1.665668 -1.955924 -2.878303 4.727803 -4.170592 4.993928 11.020534 2e-06 -3e-06 12.10906 -3.735719 -2.866788 0.0 -0.0 -0.0 1.291987 -1.928551 -1.498091 14.800139 0.567467 3.865611 14.242584 -1.341737 -6.660666 19.631979 0.143925 -0.64825 49.321297 -0.680348 -6.153708 0.353029 -1.511152 -0.03194 20.222805 3.684311 2.316629 18.787289 3e-06 -2e-06 10.751636 -0.47987 1.397903 1e-06 1e-06 1e-06 3.273809 0.305947 -0.580112 21.486824 11.830383 2.266132 8.162932 1e-06 0.0 18.399097 -3.798989 -4.940582 5e-06 1e-06 -1e-06 4.082398 11.491085 -20.661892 0.174902 0.427892 45.19072 -5.537397 -0.123486 3.166026 1.774237 -1.981194 -3.164083 0.0 -0.0 2e-06 3.439712 -18.13249 4.473025 0.098281 -0.196494 9.404324 -1.804391 -0.498288 -8.330793 -1.427254 0.775425 -0.050328 0.0 0.0 -1e-06 
0.0 0.0 0.0 0.0 -0.0 0.0 -21.552204 98.951622 144.474747 -1.96257 -3.585451 -4.885805 2.635673 0.501605 -1.18987 -0.246868 1.731834 -5.711396 0.086375 -0.380332 16.794519 2.005625 2.0521 9.792455 -0.586888 0.640465 -3.622003 0.214943 -0.736124 -13.599406 7.7e-05 -2.2e-05 6e-06 0.000556 0.009099 0.073892 0.647707 -3.717582 -10.450518 -0.65156 3.743686 -10.450858 -11.138512 -8.98185 16.755287 -55.864014 -19.388847 34.834648 0.659718 -39.591854 -0.317164 -2.024101 3.599721 -26.364105 -5.882106 9.861285 0.702591 -10.936873 -0.360575 7.156204 0.0 8.774827 1e-06 -16.27862 18.248537 6.007654 -1.844033 2.498505 -2.507278 -10.1636 4.678946 4.621109 -20.976023 -4e-06 -1e-06 -21.226288 2.451694 -3.594003 2e-06 -7e-06 1e-06 -1.362682 2.240801 -0.746324 -21.334913 0.584906 3.00832 -13.821215 -4e-06 0.0 -23.887167 -0.249081 -0.839482 -60.613052 2.725576 -0.951738 -0.294025 1.679689 0.833257 -14.21821 0.093214 1.300578 -34.212051 -0.287566 0.967169 -20.033215 0.964533 1.212844 0.0 1e-06 1e-06 -3.440388 0.788231 0.501657 -15.928185 -3.167311 2.999708 -6.338825 -2e-06 1e-06 -18.123444 3.648181 -4.905671 -4e-06 -0.0 -2e-06 17.123423 17.511511 20.864649 46.04604 13.87778 23.801146 0.004609 44.726551 0.11631 -1.470091 -9.269065 -31.624992 2.243541 -5.255037 -3.180158 14.282889 -0.826593 6.952503 -4e-06 -12.690605 1e-06 16.161093 -17.413221 2.680833 1.665666 -1.955921 -2.878299 4.727798 -4.170587 4.993925 11.020526 5e-06 -0.0 12.109051 -3.735715 -2.866784 0.0 0.0 -1e-06 1.291985 -1.928548 -1.498088 14.800129 0.56747 3.865607 14.24257 -1.341734 -6.660657 19.631969 0.143929 -0.648244 49.350563 -0.674664 -6.132353 0.353029 -1.511152 -0.03194 20.222794 3.684315 2.316631 18.787271 8e-06 1e-06 10.751628 -0.479867 1.397907 2e-06 0.0 1e-06 3.273807 0.305948 -0.58011 21.486818 11.83038 2.266134 8.162928 2e-06 0.0 18.39908 -3.798982 -4.940574 4e-06 1e-06 -1e-06 2.513222 12.751395 -21.553869 0.234395 0.515993 34.338379 -5.574565 0.480452 5.486082 1.760757 -1.992881 -3.060143 0.0 -0.0 2e-06 2.946037 -18.482409 5.976846 0.075362 -0.104496 8.9717 -1.49859 0.206962 -9.841869 -1.43662 0.791883 -0.033235 -0.0 0.0 -1e-06 
0.0 0.0 0.0 0.0 -0.0 0.0 -21.823278 98.606293 147.127335 -2.020011 -3.900955 -4.261204 2.626809 0.371731 -1.456164 -0.287079 1.699353 -5.84675 0.161604 -0.252192 16.732754 1.659715 2.172144 9.396576 -0.554587 0.72562 -3.59455 0.178456 -0.617965 -13.536677 7.7e-05 -2.2e-05 6e-06 0.010977 0.0264 0.076135 0.662391 -3.704774 -10.48004 -0.646154 3.764687 -10.472337 -11.336551 -8.919539 16.699045 -55.879005 -19.439571 35.143791 0.647676 -39.1007 -0.355891 -2.324924 3.380099 -25.819279 -5.882111 9.861294 0.702589 -10.936879 -0.360575 7.15621 -0.0 8.774832 -2e-06 -16.204947 18.251038 6.067828 -1.844034 2.498509 -2.50728 -10.163608 4.678948 4.621108 -20.97604 -4e-06 -3e-06 -21.226307 2.451696 -3.594009 3e-06 -5e-06 -1e-06 -1.362684 2.240801 -0.746323 -21.334929 0.58491 3.00832 -13.821223 -3e-06 -3e-06 -23.887188 -0.24908 -0.839487 -60.602856 2.7462 -0.851078 -0.294025 1.679689 0.833255 -14.218221 0.093215 1.300578 -34.212074 -0.287564 0.967167 -20.033228 0.964536 1.21284 0.0 1e-06 1e-06 -3.44039 0.788234 0.501657 -15.928196 -3.167312 2.999706 -6.33883 -0.0 -1e-06 -18.123459 3.648185 -4.905679 -4e-06 0.0 -1e-06 16.862997 17.593225 20.705715 45.953762 13.977861 23.807539 -0.122961 45.821217 0.033995 -1.885674 -9.049236 -31.44964 2.243543 -5.255039 -3.18016 14.282897 -0.826592 6.952504 -3e-06 -12.69061 1e-06 16.172592 -17.437374 2.692258 1.665667 -1.955922 -2.8783 4.7278 -4.170587 4.993925 11.020531 4e-06 -1e-06 12.109058 -3.735716 -2.866787 0.0 0.0 -0.0 1.291985 -1.92855 -1.498091 14.800134 0.567469 3.865608 14.242579 -1.341734 -6.660661 19.631973 0.143927 -0.648245 49.373501 -0.692559 -6.081335 0.353029 -1.511151 -0.031941 20.222801 3.684313 2.31663 18.787281 8e-06 -2e-06 10.751633 -0.479867 1.397904 2e-06 0.0 -0.0 3.273808 0.305947 -0.58011 21.486824 11.830384 2.266131 8.162935 2e-06 -1e-06 18.399092 -3.798983 -4.940579 3e-06 0.0 -1e-06 1.024745 14.022514 -21.44632 0.194465 0.60805 21.853247 -5.885381 0.631533 8.387941 1.752106 -1.966536 -2.682503 0.0 0.0 2e-06 2.627833 -18.751719 7.36109 0.034204 -0.063804 8.692464 -1.063939 0.862881 -11.387361 -1.439994 0.841169 -0.007708 -0.0 0.0 -1e-06 
0.0 0.0 0.0 0.0 -0.0 0.0 -22.011515 98.210518 149.863663 -2.251916 -4.170901 -3.635984 2.630741 0.287833 -1.788141 -0.284489 1.561821 -5.967327 0.326738 -0.231534 16.678677 1.456564 2.227376 8.993569 -0.580738 0.767585 -3.588046 0.144893 -0.368368 -13.25605 7.7e-05 -2.2e-05 6e-06 0.015997 0.030429 0.078275 0.674595 -3.707847 -10.519582 -0.649197 3.774118 -10.500667 -11.441245 -8.786356 16.702108 -56.146305 -19.486179 35.266926 0.517328 -38.105907 -0.32462 -2.659421 3.158041 -25.25152 -5.882109 9.86129 0.702588 -10.936877 -0.360574 7.156209 -0.0 8.774828 2e-06 -16.211967 18.252523 6.134574 -1.844033 2.498505 -2.507279 -10.163604 4.678948 4.621112 -20.97603 -1e-06 -1e-06 -21.226292 2.4517 -3.594005 2e-06 -6e-06 -0.0 -1.362683 2.2408 -0.746325 -21.334921 0.584912 3.008323 -13.821218 0.0 -0.0 -23.887178 -0.249077 -0.839486 -60.738354 2.743149 -0.733387 -0.294025 1.679689 0.833256 -14.218214 0.093217 1.300581 -34.212055 -0.287558 0.967168 -20.033226 0.96454 1.21284 0.0 1e-06 1e-06 -3.44039 0.788233 0.501657 -15.928192 -3.167308 2.999709 -6.338827 -2e-06 -1e-06 -18.123453 3.648184 -4.905673 -4e-06 1e-06 0.0 16.653351 17.657297 20.481749 45.903336 13.912119 24.067457 -0.216966 46.806305 -0.017218 -2.163641 -8.915538 -31.078703 2.243542 -5.255037 -3.180157 14.282887 -0.826594 6.952503 -3e-06 -12.690603 -0.0 16.167477 -17.420446 2.761081 1.665666 -1.95592 -2.878298 4.727797 -4.170585 4.993922 11.020522 3e-06 -2e-06 12.109049 -3.735713 -2.866785 0.0 1e-06 -2e-06 1.291985 -1.928548 -1.498088 14.800125 0.567469 3.865607 14.242568 -1.341735 -6.660658 19.631962 0.143927 -0.648245 49.47485 -0.742282 -5.980621 0.353029 -1.511151 -0.031939 20.222788 3.684309 2.31663 18.78727 5e-06 -2e-06 10.751625 -0.479868 1.397907 2e-06 1e-06 -0.0 3.273806 0.305946 -0.580112 21.486811 11.830376 2.266132 8.162928 2e-06 -1e-06 18.399076 -3.798985 -4.940574 3e-06 1e-06 -0.0 -0.306139 14.661334 -20.891344 0.033031 0.548037 9.403749 -6.847922 0.427153 10.26687 1.70084 -1.97304 -2.414347 -0.0 0.0 2e-06 2.479947 -18.720781 8.61532 0.007571 -0.124654 8.698021 -0.504187 1.191604 -12.707297 -1.440948 0.840246 -0.042664 0.0 0.0 -1e-06 
0.0 0.0 0.0 0.0 -0.0 0.0 -22.148149 97.769211 152.754822 -2.39642 -4.508483 -3.042562 2.515103 0.197809 -2.15189 -0.242345 1.467242 -6.058505 0.492705 -0.266021 16.671127 1.281463 2.262836 8.599024 -0.618715 0.895577 -3.578738 0.136019 -0.226476 -12.924955 7.7e-05 -2.3e-05 6e-06 0.013523 0.001174 0.089197 0.658332 -3.739967 -10.519027 -0.638664 3.746668 -10.497111 -11.756783 -8.646563 16.798677 -56.233768 -19.481262 35.092987 0.276588 -36.751034 -0.222523 -2.876016 2.748119 -24.975122 -5.882112 9.86129 0.702589 -10.936875 -0.360572 7.156201 -2e-06 8.774828 1e-06 -16.290674 18.277939 6.11141 -1.844034 2.498506 -2.507279 -10.163604 4.678949 4.621109 -20.97603 -0.0 -2e-06 -21.226294 2.451701 -3.594005 2e-06 -5e-06 -0.0 -1.362682 2.2408 -0.746324 -21.334923 0.584913 3.008319 -13.821218 -1e-06 -3e-06 -23.887178 -0.24908 -0.839489 -60.90173 2.754787 -0.783257 -0.294025 1.679689 0.833256 -14.218214 0.093218 1.300579 -34.212059 -0.28756 0.96716 -20.033218 0.964539 1.212838 0.0 -0.0 1e-06 -3.44039 0.788234 0.501656 -15.928192 -3.167308 2.999704 -6.338827 0.0 -1e-06 -18.123455 3.648185 -4.905678 -5e-06 2e-06 0.0 16.638823 17.645504 20.362648 45.67424 13.825027 24.423136 -0.151724 47.598228 0.047849 -2.285478 -8.715207 -30.864939 2.243542 -5.255041 -3.180159 14.282892 -0.826596 6.952501 -0.0 -12.690609 -1e-06 16.170275 -17.437832 2.799538 1.665667 -1.955922 -2.878299 4.727798 -4.17059 4.993923 11.020527 1e-06 -1e-06 12.109054 -3.735718 -2.866785 0.0 0.0 -0.0 1.291986 -1.92855 -1.49809 14.800129 0.567466 3.865607 14.242576 -1.341741 -6.660662 19.631969 0.143923 -0.648248 49.565159 -0.746877 -5.991285 0.353028 -1.51115 -0.03194 20.222794 3.684307 2.316632 18.787275 3e-06 -3e-06 10.751629 -0.47987 1.397906 2e-06 1e-06 -0.0 3.273806 0.305947 -0.580111 21.486813 11.830376 2.266133 8.162928 -1e-06 -0.0 18.399084 -3.798989 -4.940579 3e-06 1e-06 0.0 -1.506136 14.355837 -20.743708 -0.08684 0.368613 0.243568 -8.402499 0.810355 9.226195 1.591031 -2.055241 -2.632659 -0.0 0.0 3e-06 2.162886 -18.35379 9.823599 0.005642 -0.223782 9.115482 0.175523 1.420811 -13.942854 -1.443366 0.757795 -0.167804 0.0 0.0 -1e-06 
0.0 0.0 0.0 0.0 -0.0 0.0 -22.257978 97.302582 155.774658 -2.237677 -4.947299 -2.775677 2.24068 0.216103 -2.286788 -0.262187 1.483764 -6.076097 0.512267 -0.241819 16.727907 1.154794 2.244264 8.291907 -0.561221 0.821089 -3.569042 0.171474 -0.137718 -12.835815 7.7e-05 -2.3e-05 6e-06 0.00841 -0.046306 0.107106 0.646714 -3.781188 -10.483554 -0.637908 3.693469 -10.461679 -12.054338 -8.629286 16.873362 -56.13055 -19.432358 34.877361 0.023247 -35.387074 -0.061343 -3.116197 2.540617 -24.901045 -5.882108 9.86129 0.702586 -10.936875 -0.360576 7.156205 2e-06 8.77483 -0.0 -16.258507 18.203079 6.101993 -1.844033 2.498506 -2.507279 -10.163603 4.678946 4.621108 -20.97603 -3e-06 -1e-06 -21.226294 2.451696 -3.594002 2e-06 -5e-06 1e-06 -1.362681 2.240798 -0.746327 -21.334921 0.584908 3.008321 -13.821218 -5e-06 -1e-06 -23.887178 -0.249081 -0.839483 -60.929508 2.753832 -0.775476 -0.294025 1.679688 0.833257 -14.218215 0.093215 1.300578 -34.212067 -0.287569 0.967165 -20.033222 0.964532 1.212841 0.0 -0.0 1e-06 -3.440389 0.788234 0.501656 -15.928191 -3.167312 2.999705 -6.338828 -1e-06 0.0 -18.123453 3.648181 -4.905673 -4e-06 2e-06 -0.0 16.71034 17.618444 20.306149 45.636349 13.748629 24.711773 0.013586 47.826748 0.132452 -2.23286 -8.562488 -30.843468 2.243544 -5.255041 -3.180158 14.282898 -0.826598 6.952502 1e-06 -12.690616 -1e-06 16.223627 -17.434204 2.746191 1.665668 -1.955924 -2.878299 4.727802 -4.170592 4.993924 11.020535 1e-06 -1e-06 12.10906 -3.735719 -2.866788 0.0 0.0 -1e-06 1.291987 -1.92855 -1.498089 14.800139 0.567467 3.865607 14.242584 -1.341739 -6.660665 19.631985 0.143926 -0.648249 49.503506 -0.669106 -6.084248 0.35303 -1.511151 -0.03194 20.222803 3.684309 2.316629 18.787287 4e-06 -5e-06 10.751634 -0.479869 1.397903 2e-06 1e-06 -0.0 3.273809 0.305946 -0.580111 21.486822 11.830381 2.266133 8.162934 0.0 -2e-06 18.399097 -3.798989 -4.940583 3e-06 0.0 -1e-06 -2.622653 13.719538 -21.858875 -0.075335 0.265378 -1.418763 -9.378318 1.81291 7.05376 1.539316 -2.076937 -2.830063 0.0 0.0 1e-06 1.360958 -17.703833 11.43819 -0.020063 -0.239426 9.657411 0.90556 1.57699 -14.964716 -1.44209 0.72933 -0.50258 0.0 0.0 -1e-06 
0.0 0.0 0.0 0.0 -0.0 0.0 -22.320934 96.940865 158.998947 -1.604649 -5.643309 -2.949173 1.668474 0.321065 -2.339992 -0.309198 1.747755 -6.126663 0.273715 -0.218763 16.938023 1.212287 2.176569 8.32155 -0.550905 0.758267 -3.474448 0.249074 -0.097033 -12.73743 7.7e-05 -2.2e-05 6e-06 0.010663 0.010419 0.134327 0.648094 -3.737142 -10.484754 -0.633888 3.762111 -10.460138 -12.232459 -8.530268 16.902431 -56.057705 -19.17717 34.919895 0.040211 -34.226192 -0.037755 -3.490351 2.806552 -24.928312 -5.882108 9.861289 0.702593 -10.936873 -0.360572 7.156206 -1e-06 8.774828 -2e-06 -16.191849 18.131578 6.156038 -1.844033 2.498506 -2.507277 -10.163601 4.678948 4.621109 -20.976027 1e-06 -1e-06 -21.226292 2.451699 -3.594005 3e-06 -5e-06 1e-06 -1.362682 2.2408 -0.746324 -21.334917 0.584914 3.008322 -13.821214 1e-06 -1e-06 -23.887173 -0.249077 -0.839488 -60.932201 2.741639 -0.728624 -0.294025 1.679688 0.833257 -14.21821 0.093217 1.30058 -34.212048 -0.28756 0.967168 -20.033215 0.964538 1.212843 0.0 1e-06 -0.0 -3.440389 0.788233 0.501656 -15.928187 -3.167307 2.999708 -6.338827 0.0 2e-06 -18.123451 3.648186 -4.905674 -4e-06 1e-06 1e-06 17.005157 17.679911 20.496838 45.862061 13.717696 25.364592 -0.123257 47.138432 0.085969 -1.95235 -8.541682 -31.357601 2.243542 -5.255037 -3.180159 14.282887 -0.826595 6.952502 -0.0 -12.690601 -1e-06 16.231279 -17.380825 2.722354 1.665667 -1.955922 -2.878299 4.727799 -4.170587 4.993922 11.020524 1e-06 -1e-06 12.109052 -3.735716 -2.866785 0.0 0.0 -1e-06 1.291986 -1.928549 -1.498088 14.800125 0.567465 3.865607 14.242569 -1.341739 -6.660657 19.631962 0.143924 -0.648247 49.43074 -0.712446 -6.182828 0.353029 -1.51115 -0.031941 20.222786 3.684309 2.316629 18.78727 3e-06 -3e-06 10.751624 -0.47987 1.397905 1e-06 0.0 -0.0 3.273806 0.305946 -0.580112 21.486811 11.830373 2.266133 8.162928 2e-06 -0.0 18.39908 -3.798985 -4.940576 2e-06 0.0 0.0 -3.52384 12.880957 -21.396358 -0.045577 0.229115 -0.204735 -7.80735 1.626651 7.381187 1.592293 -2.086186 -2.881392 -0.0 0.0 3e-06 -0.04744 -16.860338 13.508945 -0.014086 -0.17636 10.269444 1.457121 1.781205 -15.232843 -1.46083 0.76545 -1.199126 0.0 0.0 -1e-06 
0.0 0.0 0.0 0.0 -0.0 0.0 -22.295622 96.826263 162.396774 -0.416162 -6.625107 -3.24379 0.72713 0.443421 -2.703627 -0.367983 2.091917 -6.29806 -0.062739 -0.019569 17.430981 1.214058 2.255597 8.486062 -0.639722 0.848836 -3.5291 0.399529 -0.150036 -11.993749 7.7e-05 -2.2e-05 6e-06 0.014684 -0.013513 0.123586 0.644711 -3.764341 -10.49541 -0.621461 3.741885 -10.478971 -13.061081 -8.130225 16.747915 -55.473881 -18.380116 34.75634 0.096359 -33.382282 -0.100284 -3.791139 3.052161 -25.355803 -5.882109 9.861288 0.702588 -10.936875 -0.360575 7.156208 1e-06 8.774827 1e-06 -16.279716 18.162266 6.276181 -1.844033 2.498505 -2.507279 -10.163604 4.678946 4.621109 -20.97603 -5e-06 0.0 -21.226292 2.451695 -3.594 1e-06 -5e-06 0.0 -1.362682 2.240798 -0.746324 -21.334921 0.58491 3.008324 -13.821218 -3e-06 1e-06 -23.887178 -0.24908 -0.839484 -60.926414 2.705691 -0.570509 -0.294025 1.679688 0.833257 -14.218214 0.093213 1.300581 -34.212063 -0.287564 0.967169 -20.033218 0.964537 1.212844 -1e-06 1e-06 -1e-06 -3.44039 0.788234 0.501655 -15.928192 -3.16731 2.999707 -6.338829 -1e-06 1e-06 -18.123455 3.648181 -4.905674 -4e-06 1e-06 -0.0 18.136511 17.67948 20.890326 45.462032 13.39036 26.175293 -0.318898 45.893734 -0.085291 -1.302784 -8.569415 -31.201551 2.243541 -5.255037 -3.180157 14.282889 -0.826594 6.952501 -3e-06 -12.690607 -0.0 16.088926 -17.303434 2.821577 1.665666 -1.955921 -2.878298 4.727798 -4.170588 4.993923 11.020525 4e-06 -2e-06 12.109052 -3.735714 -2.866785 -0.0 0.0 -1e-06 1.291986 -1.92855 -1.49809 14.800127 0.56747 3.865605 14.242573 -1.341735 -6.660657 19.631968 0.143928 -0.648245 49.525639 -0.703699 -6.106775 0.353029 -1.511152 -0.031941 20.22279 3.68431 2.31663 18.78727 4e-06 -1e-06 10.751627 -0.479867 1.397905 1e-06 0.0 1e-06 3.273807 0.305947 -0.580111 21.486813 11.830376 2.266131 8.162927 1e-06 -1e-06 18.39908 -3.798985 -4.940576 4e-06 2e-06 -1e-06 -4.448698 11.40836 -20.504101 -0.00429 0.26053 2.700637 -3.624106 0.624794 10.16168 1.713871 -2.03701 -2.967992 0.0 -0.0 2e-06 -2.350676 -15.928568 15.454922 0.008226 -0.09338 11.619365 2.188675 2.44925 -14.063846 -1.465398 0.850295 -2.464494 -0.0 0.0 -1e-06 
0.0 0.0 0.0 0.0 -0.0 0.0 -22.229313 96.812965 166.089706 1.038846 -7.789961 -3.5387 -0.281834 0.486831 -3.114328 -0.470579 2.467175 -6.519737 -0.51316 0.343852 17.791555 1.183133 2.375956 8.560236 -0.602943 1.05908 -3.5988 0.339528 -0.117223 -11.219897 7.7e-05 -2.2e-05 6e-06 0.021084 -0.061024 0.095582 0.633706 -3.800342 -10.477546 -0.597633 3.682642 -10.475588 -13.59931 -7.697938 16.75736 -55.145744 -17.54508 34.350731 0.093169 -32.763012 -0.082728 -3.886278 3.043185 -26.475105 -5.88211 9.861292 0.702591 -10.936877 -0.360575 7.156207 -0.0 8.774831 -0.0 -16.316078 18.086483 6.300511 -1.844034 2.498507 -2.507278 -10.163604 4.678948 4.621109 -20.97603 -3e-06 -2e-06 -21.226292 2.4517 -3.594007 1e-06 -6e-06 -1e-06 -1.362682 2.240799 -0.746324 -21.334923 0.584911 3.008319 -13.821218 -1e-06 -1e-06 -23.887182 -0.24908 -0.839489 -60.851864 2.699144 -0.449848 -0.294024 1.679688 0.833256 -14.218216 0.093216 1.300578 -34.212067 -0.287564 0.967165 -20.033222 0.964535 1.212841 -0.0 1e-06 1e-06 -3.440389 0.788234 0.501654 -15.928192 -3.167311 2.999704 -6.338828 -1e-06 -1e-06 -18.123457 3.648187 -4.905676 -3e-06 -0.0 -1e-06 19.222815 17.693312 21.221256 45.321175 12.788495 26.772127 -0.193594 44.49419 0.009028 -0.463271 -8.64978 -30.561466 2.243543 -5.25504 -3.180159 14.2829 -0.826594 6.952505 -3e-06 -12.690612 1e-06 16.052826 -17.192455 2.761874 1.665667 -1.955922 -2.878303 4.727801 -4.17059 4.993926 11.020534 3e-06 -2e-06 12.10906 -3.735718 -2.866787 -0.0 0.0 -0.0 1.291986 -1.92855 -1.49809 14.800136 0.567468 3.865608 14.242584 -1.341736 -6.660663 19.631979 0.143928 -0.648246 49.379787 -0.665716 -6.057014 0.353029 -1.511151 -0.031939 20.222803 3.684312 2.316627 18.787287 7e-06 -2e-06 10.751633 -0.479868 1.397906 1e-06 0.0 1e-06 3.273809 0.305948 -0.580112 21.486828 11.830386 2.266134 8.162933 3e-06 -2e-06 18.399088 -3.798987 -4.940576 5e-06 1e-06 -1e-06 -5.488453 9.941429 -19.79155 0.039175 0.308535 5.53326 -0.02643 0.862558 13.576046 1.766124 -1.942453 -2.544021 0.0 -0.0 2e-06 -5.144948 -14.917904 16.260025 -0.002236 -0.031247 15.085513 3.159221 3.429325 -12.662143 -1.46236 0.874385 -5.008125 0.0 0.0 -1e-06 
0.0 0.0 0.0 0.0 -0.0 0.0 -22.059744 96.762489 169.696793 2.124078 -8.563525 -3.985595 -0.807945 0.585142 -3.050707 -0.596448 2.586811 -6.582348 -1.059802 0.690336 17.597157 1.1948 2.432358 8.752523 -0.627524 1.195877 -3.66231 0.313269 -0.058903 -11.400022 7.7e-05 -2.2e-05 6e-06 0.03196 -0.008199 0.09715 0.657729 -3.740623 -10.473739 -0.601301 3.726698 -10.473414 -12.923388 -7.574751 16.941183 -55.934608 -16.78747 34.399616 0.381978 -32.61256 -0.247767 -3.936088 2.917887 -27.574448 -5.882113 9.861293 0.702592 -10.936878 -0.360573 7.156204 -1e-06 8.774831 0.0 -16.431896 18.074841 6.134543 -1.844035 2.498506 -2.507278 -10.16361 4.67895 4.621108 -20.976042 -1e-06 -2e-06 -21.226307 2.451699 -3.594005 -1e-06 -6e-06 -1e-06 -1.362683 2.2408 -0.746324 -21.33493 0.584912 3.008322 -13.821227 -1e-06 -2e-06 -23.887188 -0.249081 -0.839491 -60.737213 2.590925 -0.61378 -0.294024 1.679688 0.833257 -14.21822 0.093218 1.300578 -34.212078 -0.287563 0.967164 -20.03323 0.964536 1.21284 0.0 -0.0 1e-06 -3.440392 0.788234 0.501656 -15.928201 -3.167311 2.999705 -6.33883 -0.0 -0.0 -18.123463 3.648184 -4.905678 -3e-06 -0.0 -2e-06 18.714766 17.629469 21.342707 46.775097 12.480144 27.846397 -0.360537 43.193974 -0.048311 0.2564 -8.948273 -29.792887 2.243543 -5.255038 -3.180159 14.282896 -0.826594 6.952502 -2e-06 -12.69061 -1e-06 16.099659 -17.103676 2.672158 1.665667 -1.955923 -2.8783 4.7278 -4.170591 4.993926 11.020531 3e-06 -3e-06 12.109058 -3.735717 -2.866787 0.0 -0.0 -0.0 1.291986 -1.928549 -1.49809 14.800136 0.567469 3.865606 14.242581 -1.341736 -6.660663 19.631975 0.143929 -0.648246 49.438519 -0.62098 -6.050185 0.353029 -1.511153 -0.03194 20.222803 3.684314 2.316628 18.787283 7e-06 -2e-06 10.751633 -0.479868 1.397906 1e-06 0.0 1e-06 3.273808 0.305947 -0.580112 21.486828 11.830386 2.266131 8.16293 3e-06 -1e-06 18.399092 -3.798984 -4.94058 4e-06 -1e-06 -0.0 -6.154079 8.686592 -19.786966 0.037352 0.264241 10.569618 1.625207 1.961769 12.050458 1.712749 -1.918338 -1.184886 -0.0 -0.0 2e-06 -7.652587 -14.226013 15.840958 0.019231 0.063976 20.90008 3.576712 4.189919 -10.415685 -1.471944 0.848756 -8.844028 0.0 1e-06 -1e-06 
0.0 0.0 0.0 0.0 -0.0 0.0 -21.833799 96.790413 173.236374 3.18766 -9.157974 -4.569613 -1.287147 0.652041 -2.70834 -0.751064 2.628474 -6.469501 -1.491913 0.978736 17.127028 1.053145 2.403128 8.913223 -0.631849 1.236821 -3.621012 0.269303 0.23926 -12.063729 7.7e-05 -2.2e-05 6e-06 0.031777 -0.031989 0.107423 0.684345 -3.761784 -10.455858 -0.628988 3.698869 -10.449821 -11.747952 -7.687404 17.1115 -57.016666 -16.225681 34.628395 0.563561 -32.77145 -0.279277 -4.054005 2.68064 -28.272408 -5.882107 9.861288 0.70259 -10.936872 -0.360576 7.156203 0.0 8.774826 -1e-06 -16.483957 18.116396 5.961233 -1.844033 2.498506 -2.507277 -10.163601 4.678946 4.621107 -20.976027 -4e-06 0.0 -21.226288 2.451697 -3.594005 -1e-06 -6e-06 -0.0 -1.362682 2.240799 -0.746322 -21.334913 0.584909 3.008319 -13.821213 -1e-06 1e-06 -23.887171 -0.24908 -0.839484 -60.715847 2.591696 -0.993522 -0.294025 1.679687 0.833256 -14.21821 0.093214 1.300578 -34.212051 -0.287566 0.967167 -20.033216 0.964536 1.212841 -1e-06 1e-06 1e-06 -3.440389 0.788235 0.501656 -15.928185 -3.167311 2.999705 -6.338826 -1e-06 1e-06 -18.123449 3.648183 -4.905673 -2e-06 -0.0 -2e-06 17.376945 17.464369 21.337563 48.639477 12.320191 28.816805 -0.351748 42.45071 0.020504 0.907586 -9.275749 -28.931818 2.243543 -5.255039 -3.180161 14.282896 -0.826598 6.952504 1e-06 -12.690608 1e-06 16.211861 -17.320171 2.609655 1.665667 -1.955922 -2.8783 4.7278 -4.17059 4.993924 11.020531 0.0 -1e-06 12.109058 -3.735719 -2.866786 -1e-06 0.0 -0.0 1.291987 -1.92855 -1.49809 14.800132 0.567465 3.865607 14.242577 -1.341739 -6.660664 19.631973 0.143923 -0.648249 49.575325 -0.642091 -6.229792 0.353029 -1.511151 -0.03194 20.222797 3.684307 2.316628 18.787279 3e-06 -3e-06 10.751632 -0.47987 1.397904 1e-06 0.0 1e-06 3.273808 0.305945 -0.580113 21.486816 11.830376 2.26613 8.16293 -0.0 -0.0 18.399094 -3.798989 -4.94058 5e-06 1e-06 -1e-06 -7.160871 8.380817 -19.693945 0.059255 0.224542 16.089602 2.521432 2.820594 6.846736 1.689247 -1.894801 -0.272783 0.0 0.0 2e-06 -10.409532 -14.062523 13.939242 0.024576 0.196545 29.331593 3.858428 5.026064 -6.503765 -1.497564 0.83343 -13.10199 0.0 0.0 -1e-06 
0.0 0.0 0.0 0.0 -0.0 0.0 -21.593302 96.869926 176.551682 3.985065 -9.65301 -5.19149 -1.707713 0.665942 -2.331679 -0.834145 2.567342 -6.272233 -1.74089 1.083116 16.713657 0.810433 2.548917 9.036322 -0.607773 1.211806 -3.595434 0.189443 0.480232 -12.591466 7.7e-05 -2.2e-05 6e-06 0.029448 -0.043586 0.116148 0.700643 -3.769603 -10.436193 -0.650704 3.683151 -10.422759 -10.94892 -7.898616 17.358957 -57.409981 -15.867937 34.895889 0.645188 -33.092957 -0.27099 -4.198118 2.472491 -28.706169 -5.88211 9.86129 0.702592 -10.936878 -0.360575 7.156211 1e-06 8.774831 0.0 -16.54491 18.137619 5.82974 -1.844033 2.498504 -2.507278 -10.163605 4.678948 4.621112 -20.976034 -4e-06 4e-06 -21.226297 2.451697 -3.594001 0.0 -6e-06 -0.0 -1.362682 2.240798 -0.746324 -21.334929 0.58491 3.008326 -13.821221 -1e-06 2e-06 -23.887182 -0.249078 -0.839483 -60.714939 2.632478 -1.228923 -0.294025 1.679688 0.833256 -14.218217 0.093214 1.300581 -34.212074 -0.287565 0.967172 -20.033226 0.964536 1.212845 -1e-06 -0.0 -0.0 -3.44039 0.788233 0.501657 -15.928196 -3.167312 2.999708 -6.33883 -2e-06 2e-06 -18.123459 3.648182 -4.905674 -3e-06 -0.0 -2e-06 16.25757 17.351625 21.367413 49.769432 12.118994 29.44191 -0.311954 42.437046 0.08806 1.567066 -9.542459 -28.051428 2.243542 -5.255037 -3.180157 14.282896 -0.826594 6.952501 -3e-06 -12.690607 1e-06 16.309141 -17.42728 2.555509 1.665667 -1.955921 -2.8783 4.727801 -4.170588 4.993922 11.020531 4e-06 -1e-06 12.109058 -3.735715 -2.866785 -0.0 -0.0 1e-06 1.291986 -1.92855 -1.49809 14.800136 0.567469 3.865606 14.242579 -1.341735 -6.660659 19.631979 0.143928 -0.648246 49.589012 -0.615175 -6.30557 0.353029 -1.51115 -0.03194 20.222801 3.684313 2.316628 18.787283 6e-06 0.0 10.751633 -0.479867 1.397907 0.0 0.0 2e-06 3.273808 0.305948 -0.580112 21.48682 11.830381 2.266133 8.16293 3e-06 -1e-06 18.399092 -3.798984 -4.940577 5e-06 0.0 -1e-06 -8.02699 8.649634 -18.376629 0.039104 0.217636 18.989828 3.317514 3.120528 3.072936 1.664485 -1.89244 0.299003 0.0 -0.0 2e-06 -12.828056 -14.026037 10.801448 0.095224 0.26345 39.188828 3.859344 5.361827 -0.728306 -1.510113 0.782732 -15.587852 -0.0 1e-06 -1e-06 
0.0 0.0 0.0 0.0 -0.0 0.0 -21.380939 97.065964 179.697006 4.380118 -9.961272 -5.823899 -1.969064 0.593126 -2.009775 -0.86179 2.44161 -6.084246 -1.816372 1.012888 16.567999 0.540898 2.753816 9.228996 -0.507667 1.21235 -3.603174 0.004778 0.747554 -12.956017 7.7e-05 -2.3e-05 6e-06 0.028804 -0.053094 0.12273 0.707842 -3.776075 -10.421284 -0.659808 3.671374 -10.411259 -10.693567 -8.154516 17.59087 -56.963882 -15.809337 35.411274 0.592282 -33.225533 -0.234228 -4.331486 2.290662 -29.248137 -5.88211 9.86129 0.70259 -10.936878 -0.360576 7.156209 1e-06 8.774831 -0.0 -16.586735 18.090408 5.778456 -1.844033 2.498506 -2.507278 -10.163606 4.678946 4.621109 -20.976034 -4e-06 1e-06 -21.226301 2.451695 -3.594004 0.0 -6e-06 -1e-06 -1.362682 2.240798 -0.746323 -21.334927 0.584907 3.00832 -13.82122 -3e-06 0.0 -23.887184 -0.249081 -0.839484 -60.752621 2.623115 -1.285953 -0.294024 1.679688 0.833256 -14.218217 0.093212 1.300581 -34.21207 -0.287569 0.967174 -20.033226 0.964533 1.212846 -0.0 -0.0 -0.0 -3.440391 0.788234 0.501657 -15.928198 -3.167312 2.999708 -6.33883 -3e-06 -1e-06 -18.123457 3.648183 -4.905673 -4e-06 0.0 -2e-06 15.81039 17.135462 21.480623 50.000931 12.026054 29.369183 -0.208829 42.732121 0.117008 1.873087 -9.806617 -27.174126 2.243543 -5.255038 -3.180158 14.282896 -0.826596 6.952503 -1e-06 -12.69061 -2e-06 16.3755 -17.426542 2.532178 1.665667 -1.955921 -2.878298 4.727801 -4.170589 4.993925 11.02053 2e-06 -1e-06 12.109058 -3.735719 -2.866786 -1e-06 0.0 -0.0 1.291987 -1.928551 -1.498089 14.800136 0.567468 3.865609 14.242579 -1.341738 -6.660659 19.631975 0.143926 -0.648247 49.589916 -0.57605 -6.270555 0.35303 -1.511152 -0.03194 20.222801 3.68431 2.316629 18.787283 5e-06 -3e-06 10.751633 -0.479869 1.397904 0.0 1e-06 2e-06 3.273808 0.305947 -0.580111 21.486822 11.830379 2.266133 8.16293 1e-06 -3e-06 18.399094 -3.798988 -4.940582 4e-06 0.0 -1e-06 -8.512613 9.262224 -16.249096 0.058271 0.267019 20.213709 3.912665 2.900696 0.218376 1.637198 -1.927703 0.429488 0.0 0.0 2e-06 -14.423681 -13.967956 7.082162 0.149805 0.244194 48.888939 3.409144 4.375566 5.610617 -1.432809 0.748031 -12.623039 0.0 -0.0 -3e-06 
0.0 0.0 0.0 0.0 -0.0 0.0 -21.245749 97.335541 182.736145 4.371353 -10.047009 -6.405565 -2.05912 0.43325 -1.70926 -0.844548 2.301121 -5.963271 -1.738097 0.775254 16.637264 0.292842 2.93953 9.538656 -0.377324 1.206922 -3.642966 -0.17059 1.031938 -13.310253 7.7e-05 -2.2e-05 6e-06 0.030898 -0.03793 0.133521 0.70666 -3.760258 -10.407459 -0.654743 3.687882 -10.406636 -10.597529 -8.486635 17.767719 -56.198208 -16.175488 36.492722 0.552111 -32.880451 -0.249435 -4.467426 2.152166 -29.777323 -5.88211 9.86129 0.70259 -10.936877 -0.360575 7.156209 1e-06 8.77483 -1e-06 -16.576105 18.060837 5.847699 -1.844033 2.498505 -2.507278 -10.163604 4.678947 4.62111 -20.976032 -4e-06 0.0 -21.226297 2.451695 -3.594003 -0.0 -4e-06 -0.0 -1.362682 2.2408 -0.746324 -21.334927 0.584909 3.008321 -13.821219 -2e-06 -1e-06 -23.887182 -0.249081 -0.839486 -60.842075 2.558221 -1.217419 -0.294025 1.679687 0.833258 -14.218214 0.093215 1.300579 -34.212063 -0.287566 0.967169 -20.033222 0.964537 1.212843 1e-06 -0.0 1e-06 -3.440391 0.788234 0.501656 -15.928192 -3.16731 2.99971 -6.338828 -1e-06 2e-06 -18.123457 3.648183 -4.905676 -3e-06 1e-06 1e-06 15.675882 16.832769 21.569532 50.032124 12.143664 28.706083 -0.121336 42.791752 0.087578 1.385363 -10.009413 -26.578257 2.243543 -5.255039 -3.180159 14.282895 -0.826597 6.952507 -1e-06 -12.690605 -0.0 16.387911 -17.382198 2.549991 1.665666 -1.955922 -2.878299 4.7278 -4.17059 4.993925 11.020528 1e-06 -0.0 12.109055 -3.735718 -2.866786 -1e-06 -0.0 1e-06 1.291985 -1.92855 -1.498089 14.800132 0.567465 3.865612 14.242576 -1.341738 -6.660661 19.631973 0.143923 -0.648245 49.576923 -0.569897 -6.178693 0.353029 -1.51115 -0.031939 20.222797 3.684307 2.31663 18.787279 1e-06 1e-06 10.751631 -0.47987 1.397904 -0.0 0.0 1e-06 3.273807 0.305947 -0.580112 21.486816 11.830376 2.266136 8.162931 0.0 -1e-06 18.399088 -3.798988 -4.940575 4e-06 0.0 -1e-06 -8.526374 9.948374 -13.690798 0.100072 0.331858 20.513882 4.190753 2.402246 -2.115939 1.622685 -1.983188 0.332949 0.0 0.0 2e-06 -14.968672 -13.920641 3.3513 0.14387 0.113502 57.142136 2.068907 2.025614 10.0677 -1.310959 0.805577 -5.5626 -1e-06 -0.0 0.0 
0.0 0.0 0.0 0.0 -0.0 0.0 -21.199949 97.684578 185.62326 3.917132 -9.842903 -6.822285 -1.945426 0.266526 -1.458748 -0.789937 2.074418 -5.890571 -1.494335 0.390698 16.749489 0.130191 3.078012 9.922248 -0.313456 1.227613 -3.664109 -0.268877 1.208415 -13.566431 7.7e-05 -2.3e-05 6e-06 0.033734 0.004014 0.141041 0.698786 -3.720289 -10.408751 -0.640952 3.733745 -10.415009 -10.325341 -8.858894 17.841612 -55.635315 -16.913267 38.122345 0.624975 -32.17786 -0.325166 -4.633427 2.124333 -29.667425 -5.882108 9.861289 0.702593 -10.936875 -0.360575 7.15621 1e-06 8.77483 1e-06 -16.557709 18.122263 6.008107 -1.844032 2.498505 -2.507278 -10.163602 4.678947 4.621111 -20.97603 -5e-06 5e-06 -21.226292 2.451698 -3.593998 1e-06 -4e-06 0.0 -1.362682 2.240798 -0.746324 -21.334921 0.584908 3.008323 -13.821217 -2e-06 1e-06 -23.887177 -0.24908 -0.839482 -60.971783 2.524143 -1.059612 -0.294025 1.679687 0.833257 -14.218215 0.093214 1.300582 -34.212059 -0.287565 0.967172 -20.033222 0.964537 1.212845 1e-06 1e-06 1e-06 -3.44039 0.788234 0.501656 -15.928192 -3.16731 2.999707 -6.338828 -0.0 -0.0 -18.123457 3.648183 -4.905672 -5e-06 1e-06 -0.0 15.517353 16.534994 21.60243 50.344795 12.339729 27.551979 -0.041949 42.565655 0.072979 0.109054 -10.219204 -26.410332 2.243541 -5.255034 -3.180157 14.28289 -0.826594 6.9525 -4e-06 -12.6906 1e-06 16.369534 -17.375153 2.595731 1.665666 -1.95592 -2.878299 4.727798 -4.170584 4.993924 11.020524 5e-06 -0.0 12.10905 -3.735713 -2.866782 -1e-06 -0.0 -1e-06 1.291985 -1.928549 -1.498089 14.800129 0.56747 3.865608 14.242569 -1.341734 -6.660657 19.631966 0.143927 -0.648242 49.588428 -0.571158 -6.088933 0.353029 -1.51115 -0.03194 20.22279 3.68431 2.316631 18.78727 5e-06 2e-06 10.751626 -0.479869 1.397907 0.0 -1e-06 0.0 3.273806 0.305947 -0.580111 21.486813 11.830374 2.266134 8.16293 2e-06 2e-06 18.399078 -3.798984 -4.940572 4e-06 0.0 -2e-06 -8.008456 10.445276 -10.926486 0.100112 0.314053 20.059591 4.147604 1.901526 -3.912374 1.615472 -1.99587 0.310071 0.0 -0.0 2e-06 -14.446505 -14.161239 -0.02266 0.097252 -0.049824 62.965717 0.400538 -0.159746 10.419048 -1.292009 0.851913 -2.718228 -1e-06 -0.0 -0.0 
0.0 0.0 0.0 0.0 -0.0 0.0 -21.219679 98.086197 188.373001 3.126139 -9.396951 -7.076063 -1.671576 0.082734 -1.212964 -0.693092 1.774895 -5.819419 -1.129912 -0.053002 16.724195 0.046797 3.16707 10.340322 -0.283946 1.310724 -3.658844 -0.329639 1.267579 -13.649163 7.7e-05 -2.3e-05 6e-06 0.034389 0.043105 0.14238 0.696028 -3.68397 -10.425597 -0.636096 3.776434 -10.437154 -9.810818 -9.294956 17.895802 -55.415062 -17.786617 39.404778 0.641813 -31.629887 -0.349177 -4.784227 2.265181 -28.757586 -5.882106 9.861283 0.702589 -10.936874 -0.360576 7.156206 2e-06 8.774824 -1e-06 -16.556999 18.175964 6.131572 -1.844032 2.498503 -2.507277 -10.163601 4.678943 4.621108 -20.976027 -7e-06 3e-06 -21.226288 2.451696 -3.593996 2e-06 -6e-06 -1e-06 -1.362682 2.240798 -0.746323 -21.334919 0.584907 3.008322 -13.821217 -3e-06 2e-06 -23.887175 -0.24908 -0.839482 -61.09325 2.508036 -0.933699 -0.294024 1.679687 0.833256 -14.218212 0.093214 1.30058 -34.212055 -0.287566 0.967176 -20.033218 0.964536 1.212847 1e-06 1e-06 0.0 -3.440389 0.788233 0.501655 -15.928189 -3.167311 2.999708 -6.338828 -2e-06 -0.0 -18.123451 3.648178 -4.905669 -3e-06 1e-06 0.0 15.248895 16.269197 21.587456 50.895077 12.352275 26.186756 0.019561 42.588936 0.097616 -1.314456 -10.534982 -26.593536 2.243542 -5.255037 -3.180158 14.282896 -0.826593 6.952502 -5e-06 -12.690604 -0.0 16.34819 -17.399752 2.65519 1.665667 -1.955921 -2.878297 4.7278 -4.170588 4.993924 11.020532 5e-06 -1e-06 12.109056 -3.735713 -2.866783 -1e-06 -1e-06 1e-06 1.291986 -1.928549 -1.49809 14.800132 0.56747 3.865607 14.242577 -1.341733 -6.660655 19.631973 0.143927 -0.648243 49.624977 -0.568142 -6.026 0.353029 -1.51115 -0.03194 20.222801 3.68431 2.31663 18.787281 7e-06 1e-06 10.751633 -0.479868 1.397908 -0.0 -1e-06 -1e-06 3.273808 0.305948 -0.580111 21.486824 11.830378 2.266133 8.162931 3e-06 -2e-06 18.399084 -3.798983 -4.940575 5e-06 1e-06 -2e-06 -7.087814 10.633999 -8.063467 0.058357 0.228456 19.009298 3.847548 1.46892 -5.313124 1.613648 -1.969778 0.268885 -0.0 0.0 2e-06 -13.024282 -14.51761 -3.198687 0.058256 -0.163785 66.147202 -0.092274 -1.11351 8.84624 -1.289511 0.848748 -2.029224 -1e-06 -0.0 -0.0 
0.0 0.0 0.0 0.0 -0.0 0.0 -21.284338 98.466179 191.036301 2.228441 -8.803041 -7.209206 -1.363696 -0.105735 -0.969546 -0.569169 1.443009 -5.747912 -0.723841 -0.466662 16.585011 0.066949 3.17325 10.648722 -0.252892 1.392217 -3.64666 -0.34938 1.25039 -13.580632 7.7e-05 -2.3e-05 6e-06 0.032274 0.055348 0.136685 0.695498 -3.673841 -10.447639 -0.638653 3.790371 -10.462675 -9.29848 -9.762649 17.899057 -55.21463 -18.469595 39.730789 0.608894 -31.79549 -0.337866 -4.790314 2.403738 -27.697104 -5.882108 9.861288 0.702591 -10.936877 -0.360576 7.156205 1e-06 8.77483 -0.0 -16.560652 18.2274 6.18372 -1.844034 2.498506 -2.507278 -10.163604 4.678946 4.621109 -20.976034 -3e-06 3e-06 -21.226295 2.451697 -3.593999 2e-06 -6e-06 0.0 -1.362681 2.240798 -0.746324 -21.334925 0.584907 3.008323 -13.821221 -3e-06 4e-06 -23.887184 -0.24908 -0.839481 -61.159344 2.511242 -0.88165 -0.294025 1.679688 0.833256 -14.218216 0.093213 1.300581 -34.212074 -0.287567 0.967173 -20.033226 0.964535 1.212846 0.0 0.0 -1e-06 -3.44039 0.788233 0.501657 -15.928198 -3.167312 2.999709 -6.338829 -2e-06 0.0 -18.123457 3.648182 -4.905669 -2e-06 0.0 -1e-06 15.077373 16.010056 21.450974 51.205376 11.99847 25.163475 0.088936 43.253849 0.143819 -2.235808 -10.641348 -26.729137 2.243542 -5.255037 -3.180159 14.282894 -0.826592 6.952502 -5e-06 -12.690604 0.0 16.31184 -17.408777 2.697431 1.665667 -1.955922 -2.878299 4.727799 -4.170587 4.993925 11.020529 6e-06 -2e-06 12.109056 -3.735712 -2.866785 1e-06 -0.0 -1e-06 1.291986 -1.92855 -1.498089 14.800132 0.56747 3.865607 14.242579 -1.341732 -6.660659 19.631973 0.143929 -0.648245 49.615753 -0.575135 -6.008932 0.353029 -1.51115 -0.03194 20.222797 3.684314 2.316629 18.787279 9e-06 1e-06 10.751633 -0.479867 1.397909 -0.0 -0.0 -1e-06 3.273808 0.305949 -0.580111 21.486822 11.830381 2.266133 8.162931 4e-06 -0.0 18.399086 -3.798981 -4.940574 6e-06 1e-06 -1e-06 -6.022622 10.619235 -5.224401 0.009336 0.135088 17.634628 3.415066 1.027663 -6.423433 1.611888 -1.920319 0.23872 0.0 0.0 2e-06 -11.106795 -14.873326 -6.242064 0.036758 -0.229131 66.856224 0.536758 -0.936439 6.778213 -1.290531 0.824094 -1.892256 -1e-06 -0.0 -1e-06 
0.0 0.0 0.0 0.0 -0.0 0.0 -21.386593 98.756348 193.672531 1.379406 -8.177412 -7.257602 -1.063534 -0.253988 -0.768677 -0.448418 1.114353 -5.678409 -0.352234 -0.796507 16.472326 0.1956 3.104703 10.736458 -0.223397 1.439726 -3.637782 -0.326269 1.168559 -13.404695 7.7e-05 -2.2e-05 6e-06 0.029649 0.049894 0.126656 0.692834 -3.679832 -10.469516 -0.640055 3.784132 -10.486044 -9.071177 -10.137719 17.790977 -54.659958 -18.877764 39.217525 0.569241 -32.897705 -0.329883 -4.555401 2.415257 -26.831306 -5.88211 9.861292 0.702588 -10.936875 -0.360574 7.156204 -0.0 8.774828 -0.0 -16.53376 18.320955 6.197849 -1.844033 2.498507 -2.507279 -10.163604 4.678948 4.621106 -20.976034 -0.0 0.0 -21.226301 2.451698 -3.594007 2e-06 -6e-06 0.0 -1.362682 2.2408 -0.746323 -21.334921 0.584911 3.008319 -13.82122 -1e-06 -1e-06 -23.887177 -0.24908 -0.839488 -61.13805 2.534103 -0.877785 -0.294025 1.679688 0.833256 -14.218215 0.093216 1.300578 -34.212067 -0.287565 0.967163 -20.033222 0.964536 1.212841 0.0 1e-06 0.0 -3.440389 0.788234 0.501655 -15.928191 -3.167309 2.999705 -6.338829 -1e-06 -1e-06 -18.123453 3.648185 -4.905676 -2e-06 0.0 -1e-06 15.208741 15.730097 21.222679 50.984928 11.320899 24.528965 0.232581 44.562233 0.208572 -2.729386 -10.406041 -26.702635 2.243542 -5.255037 -3.180157 14.282895 -0.826597 6.952504 -1e-06 -12.690605 1e-06 16.261457 -17.402361 2.724909 1.665667 -1.955922 -2.878299 4.727801 -4.170588 4.993925 11.020529 1e-06 -1e-06 12.109055 -3.735718 -2.866784 0.0 -0.0 0.0 1.291986 -1.92855 -1.49809 14.800132 0.567466 3.865609 14.242577 -1.341738 -6.660661 19.631973 0.143924 -0.648246 49.539837 -0.599637 -6.019067 0.353029 -1.51115 -0.031941 20.222795 3.684307 2.316631 18.787279 1e-06 -1e-06 10.75163 -0.47987 1.397904 -1e-06 -0.0 -0.0 3.273808 0.305946 -0.580111 21.486816 11.830371 2.266133 8.16293 -1e-06 -2e-06 18.399092 -3.798989 -4.940577 6e-06 1e-06 -2e-06 -4.924633 10.496463 -2.459543 -0.031674 0.066869 16.247898 2.938316 0.567019 -7.547088 1.612089 -1.865892 0.219313 0.0 0.0 2e-06 -9.031195 -15.206602 -9.163918 0.01206 -0.277049 65.303719 1.56362 -0.306256 4.857379 -1.309171 0.801362 -2.041527 1e-06 0.0 -2e-06 
0.0 0.0 0.0 0.0 -0.0 0.0 -21.524754 98.915688 196.261185 0.700585 -7.651663 -7.233154 -0.80614 -0.33275 -0.630522 -0.353042 0.828789 -5.618272 -0.062147 -1.022738 16.433771 0.390306 2.973351 10.615647 -0.206329 1.465086 -3.627026 -0.235839 1.039981 -13.172578 7.7e-05 -2.2e-05 6e-06 0.027277 0.02389 0.116086 0.687525 -3.705781 -10.491162 -0.638519 3.756989 -10.50499 -9.128277 -10.388122 17.578228 -53.787453 -19.096426 38.205681 0.490789 -34.717392 -0.30235 -4.056251 2.345908 -26.196644 -5.88211 9.861293 0.70259 -10.936877 -0.360574 7.156208 -1e-06 8.774831 -3e-06 -16.473494 18.429148 6.197993 -1.844034 2.498507 -2.507278 -10.163606 4.678948 4.621114 -20.976038 0.0 1e-06 -21.226303 2.4517 -3.594007 1e-06 -5e-06 -1e-06 -1.362682 2.2408 -0.746325 -21.334927 0.584911 3.008323 -13.821221 1e-06 0.0 -23.887182 -0.249079 -0.839486 -61.073654 2.577675 -0.901126 -0.294025 1.679688 0.833256 -14.218216 0.093215 1.300582 -34.212067 -0.287561 0.967167 -20.033222 0.964536 1.21284 1e-06 1e-06 0.0 -3.44039 0.788233 0.501657 -15.928196 -3.167309 2.999708 -6.33883 -1e-06 -0.0 -18.123459 3.648186 -4.905676 -2e-06 1e-06 -2e-06 15.560155 15.454848 20.939165 50.429249 10.51202 24.097708 0.434817 46.140938 0.306526 -3.122901 -9.978705 -26.699907 2.243544 -5.25504 -3.180158 14.282896 -0.826598 6.952504 -0.0 -12.690615 -1e-06 16.229628 -17.395824 2.74072 1.665667 -1.955923 -2.878299 4.727802 -4.170593 4.993925 11.020531 1e-06 -1e-06 12.109059 -3.735721 -2.866786 0.0 0.0 0.0 1.291986 -1.928551 -1.49809 14.800136 0.567466 3.865608 14.242578 -1.341741 -6.660662 19.631973 0.143924 -0.648248 49.436447 -0.651091 -6.039068 0.353029 -1.51115 -0.031941 20.222801 3.684309 2.316631 18.787281 2e-06 -1e-06 10.751633 -0.47987 1.397905 -0.0 -1e-06 1e-06 3.273809 0.305946 -0.580112 21.486824 11.830381 2.266135 8.162931 -0.0 -2e-06 18.399096 -3.79899 -4.940582 6e-06 0.0 -1e-06 -4.039774 10.398129 -0.046344 -0.056635 0.025432 15.044033 2.604745 0.136032 -8.610766 1.618996 -1.819965 0.251519 -0.0 -0.0 2e-06 -6.998269 -15.46162 -11.969242 -0.030457 -0.311434 61.767361 2.501533 0.104173 3.318628 -1.338879 0.793799 -2.290475 0.0 -0.0 -3e-06 
0.0 0.0 0.0 0.0 -0.0 0.0 -21.688339 98.964851 198.791046 0.223523 -7.302674 -7.123452 -0.595162 -0.333195 -0.563037 -0.29307 0.606988 -5.586391 0.121946 -1.163302 16.457928 0.651299 2.79029 10.368696 -0.220807 1.485184 -3.618833 -0.093258 0.896066 -12.918863 7.7e-05 -2.3e-05 6e-06 0.024029 -0.01887 0.108628 0.676594 -3.748573 -10.504458 -0.63343 3.714626 -10.51142 -9.36574 -10.567221 17.332226 -52.816734 -19.267466 37.12495 0.365609 -36.706799 -0.229747 -3.435294 2.252265 -25.954138 -5.882115 9.8613 0.702591 -10.936888 -0.360576 7.156215 1e-06 8.774837 -2e-06 -16.410875 18.509773 6.188961 -1.844035 2.498507 -2.507282 -10.163615 4.678951 4.621114 -20.976055 -5e-06 0.0 -21.226322 2.451699 -3.594006 0.0 -5e-06 -0.0 -1.362683 2.240802 -0.746323 -21.334948 0.58491 3.008324 -13.821238 -4e-06 1e-06 -23.887207 -0.249084 -0.839485 -60.983475 2.639164 -0.918548 -0.294024 1.679689 0.833256 -14.21823 0.093215 1.30058 -34.212105 -0.287567 0.967169 -20.033247 0.964536 1.212842 2e-06 -0.0 2e-06 -3.440393 0.788234 0.501653 -15.928209 -3.167314 2.999708 -6.338836 -2e-06 -0.0 -18.123476 3.648185 -4.905679 -4e-06 1e-06 -2e-06 15.994813 15.177768 20.71755 49.848366 9.889354 23.597187 0.690305 47.441471 0.436319 -3.584375 -9.579846 -26.811863 2.243545 -5.255045 -3.180162 14.282907 -0.826597 6.952507 -1e-06 -12.690626 -1e-06 16.229656 -17.410238 2.749775 1.665669 -1.955924 -2.878301 4.727804 -4.170594 4.993927 11.020541 4e-06 -3e-06 12.10907 -3.735721 -2.866791 0.0 1e-06 0.0 1.291987 -1.928553 -1.498092 14.800146 0.567468 3.86561 14.24259 -1.341739 -6.660666 19.631992 0.143928 -0.648248 49.384865 -0.717327 -6.053767 0.35303 -1.511154 -0.03194 20.222815 3.684316 2.316629 18.787296 6e-06 -3e-06 10.751643 -0.479867 1.397906 -0.0 -1e-06 1e-06 3.273811 0.305946 -0.580112 21.486837 11.830393 2.266133 8.162937 2e-06 -3e-06 18.399103 -3.79899 -4.940587 6e-06 0.0 -0.0 -3.34654 10.42718 2.190345 -0.064644 -0.004956 13.867053 2.400098 -0.245271 -9.666177 1.629123 -1.795775 0.360706 -0.0 0.0 2e-06 -5.102082 -15.658712 -14.566772 -0.090192 -0.326077 56.572281 3.126741 -0.137626 2.221334 -1.362719 0.794091 -2.555803 0.0 1e-06 -3e-06 
0.0 0.0 0.0 0.0 -0.0 0.0 -21.879002 98.912201 201.312668 -0.077992 -7.116435 -6.889767 -0.429494 -0.286072 -0.587992 -0.262824 0.436956 -5.598297 0.18445 -1.256335 16.507072 0.969491 2.578693 10.105797 -0.26166 1.492838 -3.609829 0.050251 0.776655 -12.692825 7.7e-05 -2.2e-05 6e-06 0.019404 -0.0643 0.108484 0.660123 -3.791896 -10.498067 -0.625836 3.668664 -10.49642 -9.650036 -10.724843 17.119574 -52.00779 -19.477512 36.329693 0.263485 -38.271351 -0.145705 -2.928741 2.219526 -26.027826 -5.882106 9.861287 0.702593 -10.936874 -0.360577 7.156207 2e-06 8.77483 1e-06 -16.360224 18.559769 6.191072 -1.844033 2.498504 -2.507279 -10.163601 4.678945 4.621112 -20.976028 -5e-06 5e-06 -21.226292 2.451697 -3.593999 1e-06 -7e-06 -0.0 -1.362681 2.240798 -0.746324 -21.334921 0.584908 3.008325 -13.821218 -4e-06 3e-06 -23.887175 -0.249081 -0.83948 -60.910194 2.685219 -0.915244 -0.294024 1.679687 0.833257 -14.218212 0.093213 1.300582 -34.212063 -0.287566 0.967174 -20.033218 0.964534 1.212845 2e-06 -0.0 1e-06 -3.440389 0.788233 0.501656 -15.928189 -3.167313 2.999706 -6.338827 -2e-06 2e-06 -18.123447 3.648182 -4.905668 -4e-06 2e-06 -2e-06 16.423901 14.919293 20.551781 49.435501 9.553403 23.060163 0.932783 48.154415 0.544023 -4.083792 -9.307125 -26.997887 2.243542 -5.255038 -3.180158 14.282896 -0.826596 6.952503 -3e-06 -12.690608 3e-06 16.232916 -17.427139 2.760293 1.665666 -1.95592 -2.878299 4.7278 -4.170587 4.993926 11.020529 4e-06 -0.0 12.109055 -3.735714 -2.866782 1e-06 1e-06 0.0 1.291986 -1.92855 -1.49809 14.800132 0.567468 3.865608 14.242576 -1.341737 -6.660658 19.631973 0.143926 -0.648244 49.390995 -0.774386 -6.052015 0.353029 -1.511151 -0.031941 20.222797 3.684311 2.316631 18.787283 6e-06 0.0 10.75163 -0.479869 1.397906 0.0 -1e-06 1e-06 3.273808 0.305947 -0.580112 21.48682 11.830377 2.266133 8.162929 2e-06 -0.0 18.399086 -3.798986 -4.940576 5e-06 -0.0 1e-06 -2.812976 10.599313 4.231972 -0.065995 -0.02966 12.691082 2.25697 -0.645235 -10.723144 1.639908 -1.794185 0.469222 0.0 0.0 2e-06 -3.351856 -15.854406 -16.843597 -0.127321 -0.298907 50.110878 3.62835 -0.749297 1.813138 -1.385793 0.810972 -2.80419 -0.0 -0.0 -0.0 
0.0 0.0 0.0 0.0 -0.0 0.0 -22.108126 98.762833 203.866486 -0.247978 -7.033787 -6.515287 -0.289959 -0.238709 -0.721086 -0.240605 0.289025 -5.651502 0.118793 -1.30891 16.564369 1.303476 2.33712 9.846988 -0.310629 1.460357 -3.595787 0.195847 0.729262 -12.497952 7.7e-05 -2.2e-05 6e-06 0.013522 -0.084926 0.113131 0.642029 -3.811105 -10.483196 -0.619271 3.648007 -10.474266 -9.935738 -10.889228 16.931341 -51.440376 -19.680672 35.809849 0.200399 -39.219757 -0.071223 -2.688176 2.270435 -26.26263 -5.882113 9.861295 0.702589 -10.936881 -0.360574 7.156215 -1e-06 8.774833 0.0 -16.320662 18.576723 6.200941 -1.844035 2.498508 -2.507281 -10.16361 4.678951 4.621112 -20.976042 -1e-06 -0.0 -21.226311 2.451699 -3.594008 0.0 -6e-06 -1e-06 -1.362684 2.2408 -0.746323 -21.334936 0.584913 3.008325 -13.821229 -0.0 1e-06 -23.887194 -0.249079 -0.839487 -60.843761 2.709689 -0.903154 -0.294026 1.679688 0.833256 -14.218223 0.093216 1.300582 -34.212086 -0.287561 0.967168 -20.033234 0.964537 1.212842 1e-06 -0.0 1e-06 -3.440391 0.788236 0.501657 -15.928203 -3.167312 2.999711 -6.338833 -1e-06 1e-06 -18.123468 3.648187 -4.905679 -4e-06 1e-06 -1e-06 16.817278 14.698673 20.394836 49.210335 9.409914 22.586922 1.117502 48.367641 0.615132 -4.542168 -9.163134 -27.168425 2.243545 -5.255043 -3.180161 14.282905 -0.826599 6.952506 -0.0 -12.690616 1e-06 16.223066 -17.420565 2.775221 1.665669 -1.955924 -2.878301 4.727805 -4.170592 4.993928 11.020538 -0.0 -2e-06 12.109067 -3.735721 -2.866787 1e-06 0.0 0.0 1.291988 -1.928552 -1.49809 14.800142 0.567465 3.865608 14.242588 -1.341739 -6.660666 19.631987 0.143923 -0.648249 49.432693 -0.790651 -6.038168 0.35303 -1.511153 -0.03194 20.222809 3.684309 2.31663 18.787294 3e-06 -4e-06 10.751639 -0.47987 1.397903 0.0 -1e-06 0.0 3.27381 0.305946 -0.580111 21.486834 11.830384 2.266132 8.162937 -1e-06 -2e-06 18.399103 -3.798991 -4.940586 4e-06 1e-06 1e-06 -2.370824 10.790912 6.281862 -0.059908 -0.037077 11.505994 2.074443 -1.002615 -11.836987 1.647556 -1.810081 0.52422 0.0 0.0 2e-06 -1.645969 -16.227821 -18.721189 -0.096337 -0.214553 42.392452 4.148199 -1.469219 2.396374 -1.411331 0.854225 -3.050642 -0.0 -0.0 -2e-06 
0.0 0.0 0.0 0.0 -0.0 0.0 -22.388762 98.550423 206.464691 -0.364922 -7.033544 -5.981662 -0.115235 -0.198547 -0.972926 -0.220259 0.152064 -5.751412 -0.053633 -1.330995 16.63279 1.597825 2.093961 9.580178 -0.324231 1.412119 -3.576277 0.332456 0.751249 -12.313471 7.7e-05 -2.3e-05 6e-06 0.006547 -0.078291 0.113797 0.626202 -3.805389 -10.476687 -0.617197 3.655964 -10.466977 -10.252166 -11.027946 16.796932 -51.08239 -19.851261 35.446774 0.151237 -39.543747 -0.024232 -2.729989 2.346612 -26.502649 -5.882108 9.861286 0.702589 -10.936874 -0.360576 7.156206 0.0 8.774825 -1e-06 -16.317749 18.55122 6.166099 -1.844033 2.498505 -2.507276 -10.163604 4.678946 4.621109 -20.97603 -3e-06 3e-06 -21.226295 2.451697 -3.594001 0.0 -5e-06 -1e-06 -1.362682 2.240797 -0.746322 -21.334919 0.58491 3.008322 -13.821217 -1e-06 0.0 -23.887171 -0.249079 -0.839486 -60.759911 2.720487 -0.900755 -0.294024 1.679688 0.833255 -14.218212 0.093215 1.300579 -34.212059 -0.287561 0.967171 -20.03322 0.964537 1.212842 1e-06 -0.0 1e-06 -3.44039 0.788233 0.501656 -15.928189 -3.16731 2.999707 -6.338829 -2e-06 3e-06 -18.123451 3.648184 -4.905671 -4e-06 1e-06 0.0 17.195448 14.495717 20.231197 49.081581 9.353436 22.263157 1.248948 48.28738 0.656556 -4.900214 -9.116921 -27.357754 2.243542 -5.255038 -3.180158 14.282896 -0.826595 6.952507 -1e-06 -12.690607 -1e-06 16.205805 -17.381725 2.786694 1.665666 -1.955923 -2.878299 4.727801 -4.17059 4.993926 11.02053 2e-06 1e-06 12.109055 -3.735717 -2.866784 1e-06 0.0 0.0 1.291986 -1.92855 -1.498089 14.800134 0.567469 3.865612 14.242573 -1.341739 -6.660658 19.631973 0.143923 -0.648242 49.520142 -0.753427 -6.017048 0.353029 -1.511151 -0.031939 20.222801 3.684309 2.316635 18.787281 3e-06 3e-06 10.75163 -0.47987 1.397908 1e-06 -1e-06 0.0 3.273808 0.305947 -0.580112 21.48682 11.830376 2.266138 8.16293 1e-06 2e-06 18.39909 -3.798988 -4.940576 5e-06 1e-06 1e-06 -1.997111 10.970003 8.242853 -0.044151 -0.022472 10.037472 1.872447 -1.321149 -12.812931 1.65088 -1.832559 0.516124 0.0 0.0 2e-06 0.205291 -16.995461 -20.162596 -0.024601 -0.126048 33.451637 4.766519 -2.201939 3.827824 -1.432157 0.917764 -3.197824 -0.0 -0.0 -1e-06 
0.0 0.0 0.0 0.0 -0.0 0.0 -22.732212 98.288673 209.087036 -0.466947 -7.072528 -5.320869 0.104815 -0.141055 -1.316764 -0.201825 0.048389 -5.892791 -0.282887 -1.354645 16.687292 1.828085 1.871691 9.282324 -0.278651 1.377212 -3.55653 0.431326 0.761803 -12.106977 7.7e-05 -2.3e-05 6e-06 -0.001069 -0.054275 0.110458 0.617619 -3.785804 -10.486818 -0.623599 3.683965 -10.481899 -10.592045 -11.114862 16.79306 -50.953712 -20.008612 35.076469 0.093872 -39.339191 0.024541 -2.99383 2.480397 -26.62364 -5.88211 9.86129 0.702591 -10.936877 -0.360575 7.156206 -1e-06 8.774827 -1e-06 -16.393665 18.494484 6.043726 -1.844034 2.498506 -2.507277 -10.163605 4.678947 4.621107 -20.976038 -3e-06 1e-06 -21.226301 2.451698 -3.594004 1e-06 -6e-06 -1e-06 -1.362682 2.2408 -0.746324 -21.334925 0.584911 3.008322 -13.821221 -1e-06 -0.0 -23.88718 -0.249081 -0.839486 -60.709831 2.743532 -0.972384 -0.294024 1.679688 0.833257 -14.218215 0.093215 1.300579 -34.212067 -0.287565 0.967164 -20.033226 0.964536 1.212841 1e-06 -0.0 1e-06 -3.44039 0.788233 0.501656 -15.928192 -3.167309 2.999705 -6.338829 1e-06 1e-06 -18.123457 3.648185 -4.905675 -6e-06 0.0 -2e-06 17.529741 14.285081 20.04385 49.058079 9.272902 22.180021 1.288329 48.043926 0.670142 -5.059301 -9.114745 -27.668257 2.243544 -5.25504 -3.180159 14.282897 -0.826596 6.952504 -1e-06 -12.690609 0.0 16.194656 -17.348125 2.786569 1.665667 -1.955922 -2.878301 4.727801 -4.170589 4.993926 11.020532 3e-06 -3e-06 12.109058 -3.735718 -2.866786 1e-06 0.0 -1e-06 1.291986 -1.92855 -1.498089 14.800136 0.567466 3.865608 14.24258 -1.341738 -6.660662 19.631981 0.143926 -0.648249 49.679771 -0.681471 -6.018395 0.35303 -1.511152 -0.031941 20.222801 3.684308 2.316629 18.787283 4e-06 -3e-06 10.751634 -0.479869 1.397904 0.0 -0.0 1e-06 3.273809 0.305946 -0.580111 21.486824 11.830379 2.266131 8.162931 1e-06 -3e-06 18.399097 -3.798988 -4.940581 5e-06 1e-06 -0.0 -1.63471 11.13132 10.320827 -0.014857 0.008444 8.054779 1.63569 -1.57664 -13.55411 1.647512 -1.851797 0.453042 -0.0 -0.0 2e-06 2.318815 -18.239025 -21.004522 0.045753 -0.129198 23.378599 5.74257 -2.931641 5.468274 -1.435101 0.981639 -3.13516 -0.0 -1e-06 -1e-06 
0.0 0.0 0.0 0.0 -0.0 0.0 -23.183578 97.932915 211.81839 -0.497168 -7.075406 -4.602502 0.312261 -0.073552 -1.719142 -0.211124 -0.012004 -6.064972 -0.543541 -1.384186 16.703184 2.079674 1.715518 8.954716 -0.253622 1.316149 -3.553327 0.488506 0.681735 -11.789526 7.7e-05 -2.3e-05 6e-06 -0.004695 -0.016097 0.10015 0.624424 -3.750296 -10.516692 -0.637552 3.725399 -10.516912 -10.911048 -11.196703 16.900684 -51.000042 -20.065207 34.909485 0.126388 -38.8461 0.053207 -3.401252 2.682092 -26.903538 -5.882114 9.8613 0.702592 -10.936889 -0.360575 7.156215 1e-06 8.774839 2e-06 -16.478563 18.423876 5.926737 -1.844036 2.498507 -2.507281 -10.163616 4.678953 4.621116 -20.976055 -4e-06 4e-06 -21.226322 2.4517 -3.594005 1e-06 -6e-06 -0.0 -1.362684 2.240802 -0.746324 -21.334946 0.584911 3.008324 -13.821237 -2e-06 1e-06 -23.887205 -0.24908 -0.839483 -60.66988 2.758727 -1.147158 -0.294024 1.67969 0.833257 -14.218231 0.093214 1.300581 -34.212105 -0.287567 0.96717 -20.033247 0.964535 1.212844 1e-06 1e-06 1e-06 -3.440394 0.788235 0.501657 -15.928209 -3.167315 2.999708 -6.338836 -2e-06 1e-06 -18.123476 3.648188 -4.905677 -5e-06 0.0 -2e-06 17.823755 14.04206 19.807369 49.176651 9.060392 22.330669 1.234936 47.735844 0.657433 -4.977232 -9.137984 -28.088503 2.243545 -5.255042 -3.180161 14.282904 -0.826592 6.952502 -4e-06 -12.690614 1e-06 16.158054 -17.337202 2.781078 1.665669 -1.955923 -2.878302 4.727802 -4.170589 4.993925 11.02054 5e-06 -5e-06 12.109064 -3.735717 -2.86679 2e-06 1e-06 -1e-06 1.291987 -1.928552 -1.49809 14.800142 0.567469 3.865605 14.24259 -1.341736 -6.660665 19.63199 0.143931 -0.648249 49.821075 -0.606237 -6.066899 0.353029 -1.511152 -0.03194 20.222813 3.684316 2.316625 18.787296 1.2e-05 -5e-06 10.751637 -0.479865 1.397904 0.0 -1e-06 0.0 3.27381 0.305949 -0.580112 21.486834 11.830389 2.266129 8.162935 2e-06 -5e-06 18.399103 -3.798982 -4.940583 5e-06 1e-06 -1e-06 -1.275889 11.38087 12.52291 0.011879 0.021942 5.780423 1.361544 -1.920382 -14.145678 1.645017 -1.837457 0.329973 0.0 0.0 2e-06 4.529366 -19.648457 -21.237627 0.129012 -0.256871 12.870145 7.623746 -3.439448 6.583183 -1.396266 1.035422 -2.99558 0.0 -0.0 -1e-06 
0.0 0.0 0.0 0.0 -0.0 0.0 -23.74054 97.488747 214.7034 -0.451343 -6.997093 -3.906907 0.482058 -0.020247 -2.14698 -0.251327 -0.0227 -6.254433 -0.809882 -1.4303 16.676403 2.340776 1.650037 8.695732 -0.255602 1.251594 -3.581882 0.490874 0.565673 -11.339814 7.7e-05 -2.3e-05 6e-06 -0.00157 0.022977 0.079369 0.641554 -3.709839 -10.551613 -0.648334 3.764693 -10.549967 -11.128275 -11.311906 16.838539 -51.171097 -19.794218 35.250362 0.201308 -38.383522 -0.027409 -3.983916 2.936378 -27.2188 -5.882109 9.861288 0.70259 -10.936871 -0.360572 7.156204 -2e-06 8.774828 -1e-06 -16.469872 18.370592 5.903247 -1.844033 2.498505 -2.507277 -10.1636 4.678947 4.621109 -20.976021 2e-06 -0.0 -21.22629 2.451701 -3.594005 1e-06 -5e-06 -0.0 -1.362682 2.240799 -0.746322 -21.334913 0.584914 3.00832 -13.821213 2e-06 -1e-06 -23.887171 -0.249076 -0.839486 -60.674129 2.754075 -1.303398 -0.294025 1.679688 0.833255 -14.218207 0.093219 1.300581 -34.212048 -0.287557 0.967164 -20.033211 0.96454 1.212838 1e-06 -0.0 1e-06 -3.440388 0.788234 0.501655 -15.928185 -3.167306 2.999709 -6.338826 -1e-06 1e-06 -18.123444 3.648185 -4.905671 -5e-06 1e-06 -2e-06 18.162271 13.803555 19.540663 49.323025 8.63449 22.83007 0.923479 47.438465 0.558771 -4.470674 -9.183088 -28.417238 2.243541 -5.255037 -3.180157 14.282887 -0.826595 6.952503 -0.0 -12.690603 -1e-06 16.101881 -17.326004 2.771439 1.665665 -1.95592 -2.878299 4.727798 -4.170588 4.993923 11.020523 3e-06 -1e-06 12.109048 -3.735717 -2.866783 2e-06 1e-06 0.0 1.291985 -1.92855 -1.498089 14.800125 0.567466 3.865609 14.242568 -1.341738 -6.660656 19.631962 0.143923 -0.648246 49.802876 -0.571016 -6.15442 0.353029 -1.511151 -0.03194 20.222786 3.684306 2.316633 18.78727 2e-06 0.0 10.751624 -0.479869 1.397906 0.0 -0.0 0.0 3.273806 0.305946 -0.58011 21.486805 11.830368 2.266134 8.162925 0.0 -1e-06 18.39908 -3.798989 -4.940576 5e-06 1e-06 -2e-06 -0.903763 11.633368 14.231563 0.005254 -0.005135 4.784343 1.114542 -2.330212 -14.871516 1.654119 -1.779495 0.084749 0.0 0.0 2e-06 6.384772 -20.222647 -21.148788 0.206641 -0.357888 3.719338 9.963065 -3.942578 6.945391 -1.305924 1.078619 -2.883318 -1e-06 -0.0 -1e-06 
0.0 0.0 0.0 0.0 -0.0 0.0 -24.344582 97.055351 217.682861 -0.399274 -6.788579 -3.366182 0.662041 -0.024294 -2.529478 -0.285574 -0.078882 -6.374106 -1.054625 -1.480233 16.665731 2.541201 1.575673 8.45011 -0.252715 1.335998 -3.565829 0.310711 0.439204 -11.088243 7.7e-05 -2.3e-05 6e-06 0.002153 0.020687 0.05903 0.648353 -3.711295 -10.573942 -0.647948 3.763369 -10.567909 -11.049319 -11.372565 16.551773 -51.727386 -19.393179 35.979546 0.142727 -37.848846 -0.030684 -4.458673 2.952887 -27.222757 -5.882106 9.86129 0.702591 -10.936872 -0.360576 7.156205 1e-06 8.774828 -1e-06 -16.469984 18.3102 5.877264 -1.844033 2.498505 -2.507277 -10.1636 4.678948 4.621109 -20.976027 -5e-06 1e-06 -21.226288 2.451695 -3.594003 1e-06 -6e-06 1e-06 -1.362681 2.240799 -0.746323 -21.334913 0.584907 3.008323 -13.821215 -3e-06 2e-06 -23.887171 -0.249082 -0.839483 -60.862144 2.757462 -1.345099 -0.294024 1.679688 0.833255 -14.21821 0.093214 1.300578 -34.212048 -0.287567 0.96717 -20.033215 0.964534 1.212843 1e-06 -0.0 1e-06 -3.440388 0.788234 0.501655 -15.928187 -3.167312 2.999706 -6.338826 -0.0 0.0 -18.123447 3.648183 -4.905671 -5e-06 0.0 -1e-06 18.471859 13.574447 19.453751 49.426495 8.336583 23.345821 0.642798 47.03162 0.469186 -3.717841 -9.31823 -28.522278 2.243545 -5.255042 -3.180159 14.282905 -0.826597 6.952506 0.0 -12.690618 0.0 16.092775 -17.425552 2.737698 1.665669 -1.955924 -2.878301 4.727804 -4.170593 4.993927 11.020538 3e-06 -3e-06 12.109064 -3.735721 -2.866789 1e-06 1e-06 0.0 1.291987 -1.928552 -1.498091 14.800142 0.567467 3.865608 14.242589 -1.341738 -6.660665 19.631989 0.143927 -0.648249 49.577839 -0.687295 -6.347088 0.353029 -1.511151 -0.03194 20.222809 3.684311 2.316626 18.787292 5e-06 -4e-06 10.751639 -0.479867 1.397905 1e-06 0.0 0.0 3.27381 0.305947 -0.580111 21.486834 11.830383 2.26613 8.162935 1e-06 -3e-06 18.399101 -3.798988 -4.940586 5e-06 0.0 -1e-06 -0.445816 11.691502 15.640203 -0.010067 -0.044292 4.903357 0.833199 -2.670211 -15.403308 1.707218 -1.724429 -0.257992 0.0 -0.0 2e-06 7.523219 -19.658028 -21.345619 0.167842 -0.292867 -1.093509 11.399089 -4.383761 6.35589 -1.240867 1.082875 -2.809976 -0.0 1e-06 -0.0 
0.0 0.0 0.0 0.0 -0.0 0.0 -24.946577 96.636131 220.694946 -0.425238 -6.534948 -3.042848 0.827975 0.047051 -2.806635 -0.305474 -0.253134 -6.447988 -1.119264 -1.542021 16.748837 2.589022 1.522644 8.254678 -0.222465 1.386835 -3.53368 0.144137 0.365459 -11.136878 7.7e-05 -2.3e-05 6e-06 0.004309 0.028371 0.065474 0.651813 -3.701013 -10.556756 -0.646727 3.769222 -10.54393 -10.970117 -11.409321 16.58308 -52.356831 -19.154638 36.544018 0.047468 -37.442287 -0.02487 -4.895661 3.060636 -26.939507 -5.882109 9.861288 0.702588 -10.936873 -0.360574 7.156206 -2e-06 8.774828 -2e-06 -16.513952 18.238373 5.88448 -1.844034 2.498505 -2.507279 -10.163603 4.678947 4.621107 -20.976027 -1e-06 2e-06 -21.226294 2.451698 -3.594003 1e-06 -6e-06 0.0 -1.362682 2.240799 -0.746323 -21.334917 0.584911 3.008323 -13.821216 -2e-06 1e-06 -23.887171 -0.249078 -0.839485 -60.918491 2.7859 -1.201669 -0.294024 1.679688 0.833255 -14.218212 0.093214 1.30058 -34.212051 -0.287561 0.967169 -20.033216 0.964538 1.212843 1e-06 1e-06 1e-06 -3.44039 0.788235 0.501656 -15.928191 -3.167308 2.999709 -6.338828 -0.0 1e-06 -18.123453 3.648185 -4.905674 -5e-06 1e-06 -1e-06 18.708366 13.322087 19.436279 49.394047 8.25059 24.017828 0.390136 46.502151 0.333315 -3.031227 -9.354468 -28.784042 2.243545 -5.255044 -3.180161 14.282902 -0.826598 6.952507 2e-06 -12.690619 -0.0 16.135193 -17.389339 2.690004 1.665668 -1.955925 -2.878301 4.727804 -4.170593 4.993928 11.020536 -1e-06 -2e-06 12.109064 -3.735723 -2.866789 1e-06 -0.0 0.0 1.291987 -1.928552 -1.49809 14.800139 0.567466 3.865608 14.242585 -1.341741 -6.660666 19.631985 0.143923 -0.648249 49.483276 -0.633763 -6.388437 0.35303 -1.511152 -0.031941 20.222807 3.684308 2.316631 18.787291 2e-06 -3e-06 10.751637 -0.47987 1.397905 1e-06 -0.0 0.0 3.27381 0.305946 -0.580111 21.486828 11.830384 2.266135 8.162937 -0.0 -2e-06 18.399099 -3.798994 -4.940585 5e-06 0.0 -1e-06 0.25725 11.860836 16.926037 0.01394 -0.15461 5.93004 0.505341 -3.269008 -15.44335 1.734629 -1.751821 -1.158538 -0.0 -0.0 2e-06 7.754273 -18.405998 -21.41864 0.166804 -0.188206 -1.228996 10.186604 -4.362218 6.588149 -1.287942 1.068756 -2.9932 0.0 0.0 -1e-06 
0.0 0.0 0.0 0.0 -0.0 0.0 -25.604959 96.454018 223.811462 -0.951244 -6.151316 -2.683119 1.303959 0.114941 -3.167816 -0.249787 -0.417609 -6.60078 -1.011473 -1.713597 17.003305 2.617231 1.399065 8.053785 -0.263969 1.405969 -3.504865 0.014485 0.22864 -11.03071 7.7e-05 -2.3e-05 6e-06 0.003736 0.034988 0.068778 0.645991 -3.689609 -10.52446 -0.64105 3.772235 -10.511508 -11.336159 -11.441461 16.595491 -52.621529 -18.714085 37.189739 -0.008602 -37.07201 -0.009211 -5.292205 3.120673 -26.486313 -5.882106 9.861284 0.702592 -10.936873 -0.360575 7.156207 1e-06 8.774826 -1e-06 -16.505239 18.164032 5.904647 -1.844032 2.498504 -2.507277 -10.163601 4.678945 4.621108 -20.976023 -4e-06 5e-06 -21.226288 2.451697 -3.593999 0.0 -6e-06 0.0 -1.362681 2.240797 -0.746322 -21.334913 0.584908 3.008327 -13.821213 -2e-06 4e-06 -23.887169 -0.249079 -0.839478 -60.833946 2.735198 -1.069891 -0.294025 1.679688 0.833257 -14.21821 0.093213 1.300582 -34.212051 -0.287564 0.967175 -20.033215 0.964538 1.212847 1e-06 1e-06 0.0 -3.440389 0.788232 0.501657 -15.928187 -3.16731 2.999708 -6.338826 -0.0 1e-06 -18.123444 3.648182 -4.905667 -5e-06 0.0 -2e-06 19.375092 12.997494 19.470039 48.795174 8.162848 24.50157 0.288897 45.84074 0.208334 -2.547451 -9.401144 -28.952297 2.243541 -5.255035 -3.180157 14.28289 -0.826595 6.952503 -2e-06 -12.690603 -0.0 16.175173 -17.364069 2.671582 1.665666 -1.955922 -2.878298 4.727798 -4.170587 4.993924 11.020524 2e-06 -1e-06 12.10905 -3.735715 -2.866782 2e-06 0.0 1e-06 1.291986 -1.92855 -1.498089 14.800125 0.567469 3.865608 14.24257 -1.341735 -6.660656 19.631962 0.143926 -0.648243 49.563324 -0.587359 -6.356344 0.353029 -1.511149 -0.031939 20.222786 3.684309 2.31663 18.78727 4e-06 0.0 10.751625 -0.479868 1.397906 -0.0 0.0 0.0 3.273806 0.305947 -0.580111 21.486811 11.830372 2.266133 8.162926 2e-06 -0.0 18.399076 -3.798985 -4.940573 5e-06 0.0 -1e-06 1.72773 12.118433 18.116442 0.040177 -0.236531 7.36887 0.03285 -4.196671 -14.31601 1.769778 -1.781366 -2.831303 0.0 0.0 2e-06 7.861636 -16.612425 -21.223629 0.169883 -0.143361 0.831609 6.315679 -4.09025 8.622656 -1.369479 1.035865 -3.232838 0.0 0.0 -0.0 
0.0 0.0 0.0 0.0 -0.0 0.0 -26.343452 96.484779 227.058868 -1.812129 -5.734516 -2.358022 1.875981 0.145004 -3.494677 -0.119055 -0.541916 -6.792924 -0.688627 -2.015686 17.240654 2.663907 1.329632 7.996087 -0.350742 1.498083 -3.535136 -0.173943 0.096283 -10.806561 7.7e-05 -2.3e-05 6e-06 0.002376 0.02898 0.048482 0.646954 -3.692323 -10.510399 -0.643267 3.76357 -10.499165 -11.862534 -11.468616 16.574268 -52.940304 -18.002596 37.682896 -0.105789 -36.532856 0.008658 -5.506842 3.138113 -25.836563 -5.882114 9.861296 0.702591 -10.936881 -0.360574 7.156214 -0.0 8.774833 1e-06 -16.505196 18.127012 5.895251 -1.844034 2.498506 -2.507279 -10.163608 4.678949 4.621112 -20.97604 -2e-06 1e-06 -21.226307 2.451699 -3.594006 1e-06 -6e-06 1e-06 -1.362683 2.2408 -0.746325 -21.334934 0.584911 3.008323 -13.821225 -0.0 -0.0 -23.887188 -0.249079 -0.839488 -60.727055 2.64276 -1.003587 -0.294024 1.679689 0.833256 -14.218223 0.093216 1.300582 -34.212078 -0.287562 0.967169 -20.033232 0.964537 1.212842 0.0 0.0 -1e-06 -3.440392 0.788233 0.501657 -15.928201 -3.167311 2.999708 -6.338832 -0.0 1e-06 -18.123466 3.648185 -4.905678 -4e-06 -0.0 -2e-06 20.145899 12.798142 19.495701 48.141472 8.050652 24.676758 0.276383 44.807564 0.140864 -2.076683 -9.466796 -28.873003 2.243542 -5.255037 -3.180159 14.282896 -0.826592 6.952504 -4e-06 -12.690608 1e-06 16.170715 -17.340309 2.63375 1.665667 -1.955921 -2.8783 4.727799 -4.170588 4.993926 11.02053 5e-06 -1e-06 12.109056 -3.735715 -2.866785 1e-06 0.0 0.0 1.291986 -1.92855 -1.49809 14.800136 0.56747 3.865608 14.242578 -1.341734 -6.66066 19.631973 0.143929 -0.648244 49.667751 -0.554199 -6.320355 0.353029 -1.511151 -0.031941 20.222801 3.684315 2.316631 18.787283 6e-06 0.0 10.751633 -0.479868 1.397908 0.0 -1e-06 0.0 3.273808 0.305948 -0.580111 21.48682 11.830382 2.266134 8.16293 4e-06 -0.0 18.399084 -3.798983 -4.940574 6e-06 0.0 -2e-06 3.797802 12.349836 19.779425 0.035898 -0.299842 8.546382 -0.60257 -5.23175 -11.122907 1.817518 -1.800875 -5.758301 0.0 0.0 2e-06 8.156609 -14.726638 -21.196594 0.122247 -0.147208 3.875336 2.119252 -3.923313 10.732149 -1.39331 0.973002 -3.062234 -0.0 -0.0 -1e-06 
0.0 0.0 0.0 0.0 -0.0 0.0 -27.128452 96.637161 230.415634 -2.597532 -5.383233 -2.18913 2.281769 0.034505 -3.661904 -0.052991 -0.656294 -6.941679 -0.14986 -2.330937 17.169977 2.626101 1.445163 8.253284 -0.451489 1.278087 -3.599063 -0.240327 0.165412 -10.737208 7.7e-05 -2.3e-05 6e-06 -0.006786 0.019013 0.016154 0.644177 -3.695518 -10.503551 -0.65536 3.744364 -10.491418 -11.87908 -11.333961 16.757412 -53.939083 -17.181902 37.998714 -0.129201 -36.074959 -0.030137 -5.771633 3.087961 -25.320217 -5.882108 9.86129 0.702591 -10.936875 -0.360576 7.156204 1e-06 8.774829 -1e-06 -16.450071 18.083134 5.962106 -1.844033 2.498505 -2.507276 -10.163604 4.678946 4.621108 -20.976028 -4e-06 3e-06 -21.226295 2.451697 -3.594001 1e-06 -7e-06 1e-06 -1.362682 2.240798 -0.746324 -21.334921 0.584908 3.008322 -13.821218 -3e-06 1e-06 -23.887178 -0.249082 -0.839481 -60.638256 2.63887 -0.99419 -0.294025 1.679687 0.833255 -14.218212 0.093215 1.300578 -34.212063 -0.287566 0.967167 -20.033218 0.964536 1.212843 0.0 2e-06 -1e-06 -3.44039 0.788234 0.501656 -15.928189 -3.167311 2.999705 -6.338828 -1e-06 0.0 -18.123453 3.648183 -4.905672 -2e-06 1e-06 -2e-06 20.150768 12.760724 19.614475 48.321423 8.258834 24.192535 0.887467 43.253132 0.511298 -1.607254 -9.636205 -28.708361 2.243543 -5.255038 -3.180158 14.282896 -0.826594 6.952501 -3e-06 -12.690607 1e-06 16.171892 -17.32023 2.591747 1.665667 -1.955922 -2.878299 4.727799 -4.170588 4.993924 11.020531 3e-06 -3e-06 12.109056 -3.735716 -2.866785 2e-06 0.0 1e-06 1.291986 -1.92855 -1.49809 14.800134 0.567468 3.865605 14.242579 -1.341736 -6.660661 19.631973 0.143928 -0.648248 49.583706 -0.488854 -6.346457 0.353029 -1.511149 -0.03194 20.222797 3.684312 2.316629 18.787281 6e-06 -4e-06 10.751631 -0.479867 1.397905 -0.0 -1e-06 0.0 3.273808 0.305946 -0.580111 21.486824 11.830379 2.266131 8.16293 3e-06 -2e-06 18.399088 -3.798985 -4.940581 5e-06 1e-06 -1e-06 5.884848 12.60364 20.138918 0.057289 -0.392749 12.224277 -1.076795 -6.393607 -7.826683 1.914929 -1.778598 -10.122795 0.0 -0.0 1e-06 8.460942 -13.34849 -20.991776 0.032528 -0.177268 7.291043 -0.761948 -3.831197 12.425418 -1.376872 0.884764 -2.356251 0.0 0.0 -1e-06 
0.0 0.0 0.0 0.0 -0.0 0.0 -27.982613 96.8507 233.71344 -3.187684 -5.090164 -2.420097 2.497354 -0.006535 -3.451452 0.060193 -0.846376 -6.910088 0.321475 -2.452755 16.752541 2.559069 1.538227 8.764824 -0.496523 1.203089 -3.616042 -0.179976 -0.041579 -11.103378 7.7e-05 -2.3e-05 6e-06 -0.003709 0.032472 0.027266 0.668092 -3.672388 -10.46557 -0.672114 3.749562 -10.450806 -11.168366 -11.410651 16.983576 -55.332596 -16.275585 38.482059 -0.069799 -36.127598 -0.049112 -6.143867 3.218912 -25.114752 -5.882105 9.861283 0.702591 -10.936873 -0.360576 7.156208 0.0 8.774824 -2e-06 -16.547012 18.2167 5.840144 -1.844032 2.498504 -2.507279 -10.1636 4.678944 4.621109 -20.976023 -3e-06 4e-06 -21.226286 2.451697 -3.593999 0.0 -6e-06 1e-06 -1.362681 2.240798 -0.746323 -21.334913 0.584908 3.008325 -13.821213 -1e-06 3e-06 -23.887167 -0.249081 -0.83948 -60.456913 2.619535 -1.108527 -0.294025 1.679687 0.833255 -14.218208 0.093214 1.30058 -34.212048 -0.287565 0.96717 -20.033211 0.964537 1.212844 1e-06 2e-06 -0.0 -3.440388 0.788232 0.501657 -15.928185 -3.16731 2.999709 -6.338827 -1e-06 1e-06 -18.123444 3.648181 -4.905667 -3e-06 0.0 -2e-06 19.370722 12.859536 19.633146 49.368198 8.638462 24.191593 0.916352 41.445877 0.465732 -0.929694 -9.611138 -29.337971 2.243541 -5.255037 -3.180157 14.282892 -0.826594 6.952501 -3e-06 -12.690604 1e-06 16.261209 -17.477325 2.58466 1.665666 -1.955921 -2.878298 4.727798 -4.170587 4.993924 11.020526 4e-06 -1e-06 12.10905 -3.735714 -2.866782 -0.0 -0.0 -0.0 1.291985 -1.928549 -1.498089 14.800129 0.56747 3.865607 14.242573 -1.341735 -6.660656 19.631968 0.143926 -0.648244 49.714909 -0.564561 -6.376668 0.353029 -1.511151 -0.03194 20.222794 3.684311 2.316629 18.787273 5e-06 -1e-06 10.751627 -0.479868 1.397905 -0.0 -0.0 -0.0 3.273807 0.305947 -0.580112 21.486814 11.830374 2.266132 8.162928 3e-06 -1e-06 18.399084 -3.798983 -4.940575 5e-06 0.0 -1e-06 7.619547 12.369539 19.237211 0.069077 -0.563847 18.425283 -1.259204 -6.695744 -3.539794 2.043825 -1.864456 -14.895429 -0.0 0.0 2e-06 8.696867 -12.978821 -20.379444 0.103766 -0.266535 11.318726 -3.207026 -3.584282 10.273842 -1.384966 0.865026 -1.271954 0.0 0.0 -1e-06 
0.0 0.0 0.0 0.0 -0.0 0.0 -28.865147 97.106369 237.014603 -3.856008 -4.663938 -2.812573 2.830212 -0.053059 -3.141133 0.140059 -0.905037 -6.77465 0.655855 -2.596068 16.370327 2.689331 1.587046 9.071007 -0.549588 0.848794 -3.604331 -0.225401 -0.031585 -11.484522 7.7e-05 -2.2e-05 6e-06 -0.003453 0.024487 0.042756 0.682055 -3.687033 -10.469998 -0.685164 3.746083 -10.447471 -10.277837 -11.475466 17.097076 -56.356796 -15.647726 39.063629 -0.110471 -36.433304 -0.026091 -6.696597 3.149671 -24.594393 -5.88211 9.861288 0.702591 -10.936873 -0.360572 7.156204 -0.0 8.774828 1e-06 -16.611477 18.13232 5.737445 -1.844034 2.498505 -2.507279 -10.163602 4.678948 4.62111 -20.976027 0.0 2e-06 -21.226292 2.451698 -3.594003 0.0 -7e-06 -1e-06 -1.362682 2.240798 -0.746325 -21.334917 0.584914 3.008324 -13.821216 0.0 1e-06 -23.887175 -0.249077 -0.839485 -60.329369 2.539145 -1.148918 -0.294025 1.679688 0.833257 -14.218211 0.093217 1.30058 -34.212055 -0.287558 0.967167 -20.033218 0.964539 1.212842 -0.0 1e-06 -0.0 -3.44039 0.788234 0.501655 -15.928189 -3.167307 2.999708 -6.338829 -0.0 2e-06 -18.123453 3.648185 -4.905674 -3e-06 1e-06 -2e-06 18.806917 13.067268 19.555634 50.036106 8.635982 24.04126 0.895476 40.637299 0.47434 -0.383629 -9.533937 -30.147728 2.243543 -5.255039 -3.180159 14.28289 -0.826595 6.952503 -2e-06 -12.690609 2e-06 16.333916 -17.609324 2.633365 1.665667 -1.955923 -2.8783 4.727798 -4.170589 4.993926 11.020527 3e-06 -2e-06 12.109053 -3.735717 -2.866787 1e-06 0.0 -0.0 1.291986 -1.928549 -1.49809 14.800129 0.567468 3.865607 14.242576 -1.341738 -6.660661 19.631969 0.143928 -0.648248 49.745598 -0.607441 -6.43129 0.353029 -1.511152 -0.03194 20.222792 3.68431 2.316628 18.787279 4e-06 -3e-06 10.751627 -0.479868 1.397905 1e-06 -0.0 -1e-06 3.273807 0.305947 -0.580111 21.486814 11.830378 2.266131 8.162928 1e-06 -2e-06 18.399082 -3.798986 -4.940577 5e-06 0.0 -1e-06 9.358241 11.97349 16.559723 -0.002648 -0.674736 27.396143 -1.287828 -6.439221 1.876253 2.120137 -1.779698 -18.227322 -0.0 -0.0 2e-06 8.982326 -12.754457 -19.175348 0.126459 -0.320802 14.665822 -4.456781 -4.156495 6.260312 -1.403066 0.824832 -0.747862 0.0 0.0 -1e-06 
0.0 0.0 0.0 0.0 -0.0 0.0 -29.714457 97.37571 240.17186 -4.553184 -4.210883 -3.284194 3.204349 -0.057955 -2.786832 0.201597 -0.862142 -6.600591 0.958983 -2.705339 16.171089 2.822539 1.546718 9.123867 -0.558942 0.601861 -3.605997 -0.308634 -0.125297 -11.731037 7.7e-05 -2.2e-05 6e-06 -0.00056 0.04144 0.045827 0.691569 -3.675532 -10.482428 -0.689383 3.766085 -10.461979 -9.736462 -11.434227 17.106768 -56.703426 -15.478148 39.572662 -0.23065 -36.699009 0.03087 -7.145216 3.043513 -24.006742 -5.882109 9.861286 0.70259 -10.936873 -0.360574 7.156202 -0.0 8.774825 -1e-06 -16.594563 18.087126 5.769344 -1.844034 2.498506 -2.507277 -10.163602 4.678947 4.621106 -20.976027 -1e-06 0.0 -21.226294 2.451698 -3.594004 0.0 -7e-06 -2e-06 -1.362682 2.240797 -0.746321 -21.334917 0.584911 3.008318 -13.821215 -2e-06 -0.0 -23.887173 -0.24908 -0.839484 -60.357487 2.553533 -1.115556 -0.294025 1.679688 0.833255 -14.218212 0.093216 1.30058 -34.212055 -0.287561 0.967165 -20.033218 0.964537 1.212839 1e-06 1e-06 1e-06 -3.440389 0.788234 0.501654 -15.928189 -3.167309 2.999704 -6.338829 -1e-06 0.0 -18.123451 3.648182 -4.905674 -3e-06 1e-06 -2e-06 18.641676 13.298921 19.510675 49.872444 8.441482 23.944237 0.802412 40.79818 0.496926 -0.111387 -9.254809 -30.918255 2.243543 -5.25504 -3.180158 14.282896 -0.826596 6.952503 0.0 -12.690609 -1e-06 16.311653 -17.676672 2.720982 1.665667 -1.955923 -2.8783 4.727801 -4.170588 4.993924 11.020529 1e-06 -2e-06 12.109058 -3.735719 -2.866785 -0.0 -0.0 -0.0 1.291986 -1.928549 -1.49809 14.800132 0.567466 3.865608 14.242578 -1.341738 -6.660662 19.631973 0.143925 -0.648246 49.742485 -0.607172 -6.393024 0.353029 -1.511151 -0.031939 20.222799 3.684309 2.316631 18.787283 2e-06 -2e-06 10.751633 -0.479869 1.397905 1e-06 -1e-06 -1e-06 3.273808 0.305947 -0.580111 21.486818 11.830377 2.266135 8.16293 0.0 -2e-06 18.39909 -3.798988 -4.94058 5e-06 0.0 -1e-06 10.895584 11.471007 12.454717 -0.111014 -0.622064 38.221909 -1.571058 -5.464268 7.771524 2.051476 -1.717905 -16.066784 0.0 -0.0 4e-06 9.390059 -12.722105 -17.050735 0.11505 -0.368425 16.093346 -5.212912 -4.891556 3.32051 -1.416435 0.804114 -0.538013 -0.0 0.0 -1e-06 
0.0 0.0 0.0 0.0 -0.0 0.0 -30.499094 97.630219 243.144684 -5.038801 -3.886555 -3.793842 3.445528 0.017719 -2.454675 0.232234 -0.757038 -6.431285 1.213594 -2.746081 16.19412 2.960511 1.441051 9.148153 -0.553709 0.49498 -3.629828 -0.413073 -0.214337 -11.978508 7.7e-05 -2.3e-05 6e-06 -0.001876 0.041382 0.037386 0.686694 -3.677871 -10.490398 -0.688234 3.767175 -10.471087 -9.596347 -11.279524 17.061426 -56.594635 -15.833681 39.841198 -0.361976 -36.594292 0.064881 -7.277597 2.967021 -23.825241 -5.882106 9.861286 0.702587 -10.936867 -0.360574 7.1562 -1e-06 8.774824 -2e-06 -16.519552 18.076708 5.900476 -1.844032 2.498504 -2.507277 -10.163597 4.678945 4.621106 -20.976017 -1e-06 -0.0 -21.226284 2.451698 -3.594005 -1e-06 -6e-06 -2e-06 -1.362681 2.240799 -0.746326 -21.334906 0.584911 3.008316 -13.82121 -1e-06 0.0 -23.887159 -0.249078 -0.839487 -60.566452 2.653326 -1.058481 -0.294025 1.679687 0.833256 -14.218205 0.093217 1.300579 -34.212036 -0.28756 0.967162 -20.033209 0.964536 1.212839 0.0 1e-06 -0.0 -3.440387 0.788233 0.501655 -15.928181 -3.167307 2.999701 -6.338825 -1e-06 -0.0 -18.123444 3.648186 -4.905674 -4e-06 1e-06 -2e-06 18.790873 13.561067 19.551304 48.870007 8.487028 24.261169 0.682094 41.24942 0.431685 0.052712 -8.83226 -31.387609 2.243542 -5.255037 -3.180158 14.282888 -0.826595 6.952499 -2e-06 -12.690605 0.0 16.243534 -17.643431 2.781741 1.665666 -1.95592 -2.878298 4.727797 -4.170587 4.993921 11.020525 3e-06 -3e-06 12.10905 -3.735715 -2.866786 1e-06 0.0 1e-06 1.291986 -1.928548 -1.498088 14.800125 0.567468 3.865604 14.242569 -1.341736 -6.660659 19.631968 0.143929 -0.648248 49.689857 -0.560737 -6.309545 0.353029 -1.51115 -0.031939 20.222788 3.68431 2.316627 18.78727 7e-06 -5e-06 10.751629 -0.479867 1.397904 -1e-06 -1e-06 0.0 3.273807 0.305946 -0.580111 21.486809 11.830374 2.266129 8.162926 2e-06 -1e-06 18.399076 -3.798982 -4.940577 5e-06 1e-06 -1e-06 11.625097 10.892101 7.733568 -0.144107 -0.47832 48.67939 -1.528905 -3.439437 11.810503 1.873509 -1.835995 -8.354209 0.0 0.0 2e-06 9.628804 -13.009406 -14.55386 0.062991 -0.369529 16.58593 -5.457254 -5.231385 0.863917 -1.419622 0.824883 -0.555003 -0.0 0.0 -1e-06 
0.0 0.0 0.0 0.0 -0.0 0.0 -31.187418 97.924515 246.054382 -5.161831 -3.777337 -4.311316 3.503773 0.112302 -2.201428 0.211026 -0.586329 -6.286675 1.307597 -2.628779 16.350594 3.121405 1.312595 9.375532 -0.554963 0.493116 -3.634631 -0.421379 -0.294507 -12.295786 7.7e-05 -2.3e-05 6e-06 -0.006173 0.014473 0.029642 0.669362 -3.704314 -10.493883 -0.680669 3.740484 -10.472439 -9.552992 -11.031539 17.042294 -56.487091 -16.601704 39.838402 -0.378582 -35.979794 0.061263 -7.043924 2.993431 -24.06752 -5.882112 9.861292 0.70259 -10.936878 -0.360574 7.156209 -0.0 8.774831 -1e-06 -16.440674 18.11939 6.016495 -1.844035 2.498505 -2.507279 -10.163606 4.678948 4.621111 -20.976038 -0.0 1e-06 -21.226301 2.451698 -3.594006 -1e-06 -8e-06 -1e-06 -1.362683 2.240799 -0.746324 -21.334929 0.584912 3.00832 -13.821221 0.0 -2e-06 -23.887186 -0.249077 -0.839487 -60.770626 2.756703 -1.055341 -0.294025 1.679689 0.833257 -14.218217 0.093217 1.300582 -34.212074 -0.287562 0.967165 -20.033228 0.964535 1.212841 1e-06 1e-06 1e-06 -3.440391 0.788234 0.501656 -15.928194 -3.16731 2.999707 -6.33883 -1e-06 -1e-06 -18.123457 3.648185 -4.905674 -4e-06 1e-06 -1e-06 18.959085 13.855947 19.670359 47.576977 9.102541 25.01017 0.673168 41.236137 0.368556 0.110893 -8.540594 -31.261654 2.243543 -5.255038 -3.180156 14.282894 -0.826596 6.952502 0.0 -12.690607 -0.0 16.216074 -17.559776 2.792036 1.665667 -1.955923 -2.878298 4.7278 -4.170591 4.993924 11.020529 1e-06 -3e-06 12.109056 -3.735719 -2.866785 -0.0 -0.0 0.0 1.291986 -1.928551 -1.49809 14.800132 0.567468 3.865607 14.242576 -1.341737 -6.660658 19.631969 0.143925 -0.648246 49.591953 -0.541386 -6.255058 0.353029 -1.511152 -0.031939 20.222795 3.684308 2.316628 18.787279 3e-06 -3e-06 10.751633 -0.479868 1.397905 -1e-06 -1e-06 1e-06 3.273807 0.305947 -0.580111 21.486816 11.830376 2.266132 8.162928 2e-06 -1e-06 18.39909 -3.798988 -4.940581 5e-06 1e-06 -1e-06 11.454149 10.514333 3.175321 -0.152657 -0.341338 56.921909 -0.961925 -1.914833 11.688604 1.83402 -1.943376 -4.651987 0.0 -0.0 2e-06 9.573183 -13.485202 -11.815917 0.00451 -0.365017 16.326 -5.409195 -5.1643 -1.048575 -1.410014 0.853144 -0.531068 -0.0 0.0 -1e-06 
0.0 0.0 0.0 0.0 -0.0 0.0 -31.779268 98.275513 248.962738 -4.900942 -3.884243 -4.852786 3.401524 0.221183 -1.985295 0.114783 -0.339339 -6.148111 1.176649 -2.365355 16.506369 3.280472 1.214162 9.827518 -0.544364 0.502568 -3.615033 -0.345682 -0.325954 -12.465967 7.7e-05 -2.2e-05 6e-06 -0.008496 -0.020775 0.027109 0.648506 -3.738599 -10.490504 -0.665197 3.705247 -10.465533 -9.358512 -10.785266 17.047472 -56.601269 -17.405153 39.431606 -0.313813 -35.302734 0.06126 -6.526656 3.259628 -24.333473 -5.882106 9.861286 0.702591 -10.93687 -0.360574 7.156205 -0.0 8.774827 -2e-06 -16.399071 18.170708 6.097614 -1.844032 2.498504 -2.507279 -10.163601 4.678946 4.621109 -20.976023 -1e-06 2e-06 -21.226286 2.451697 -3.594003 1e-06 -7e-06 -1e-06 -1.362681 2.240798 -0.746322 -21.334915 0.58491 3.008322 -13.821213 -1e-06 2e-06 -23.887171 -0.249079 -0.839484 -60.862717 2.835939 -1.07242 -0.294024 1.679687 0.833255 -14.218208 0.093215 1.300581 -34.212048 -0.287563 0.967171 -20.033215 0.964536 1.212842 -0.0 -0.0 -0.0 -3.440389 0.788233 0.501655 -15.928185 -3.16731 2.999708 -6.338826 0.0 1e-06 -18.123449 3.648184 -4.905673 -3e-06 1e-06 -1e-06 18.941734 14.226165 19.892591 46.596157 10.23145 25.879023 0.662939 40.61937 0.348693 0.159621 -8.557302 -30.868443 2.243542 -5.255038 -3.180158 14.282896 -0.826594 6.952505 -2e-06 -12.69061 1e-06 16.20536 -17.486044 2.778197 1.665667 -1.955924 -2.878299 4.7278 -4.170589 4.993927 11.020529 3e-06 -2e-06 12.109057 -3.735717 -2.866786 0.0 0.0 -1e-06 1.291986 -1.92855 -1.498091 14.800136 0.567468 3.86561 14.242579 -1.341737 -6.660661 19.631975 0.143926 -0.648245 49.503887 -0.538412 -6.266278 0.353029 -1.511149 -0.031938 20.222799 3.684311 2.316632 18.787281 5e-06 2e-06 10.751635 -0.479868 1.397906 -1e-06 -1e-06 0.0 3.273808 0.305947 -0.58011 21.486824 11.83038 2.266135 8.16293 1e-06 -0.0 18.399092 -3.798987 -4.940577 5e-06 0.0 -1e-06 10.567114 10.497572 -1.166423 -0.170109 -0.166322 62.322109 -0.189652 -0.827505 9.193447 1.858279 -1.972699 -3.776455 0.0 -0.0 2e-06 9.011078 -13.934391 -8.721913 -0.012134 -0.365993 15.324008 -5.129494 -4.858275 -2.545621 -1.397998 0.875389 -0.434059 -0.0 0.0 -1e-06 
0.0 0.0 0.0 0.0 -0.0 0.0 -32.30135 98.618477 251.784348 -4.397811 -4.165303 -5.378059 3.242951 0.352081 -1.716465 -0.007572 -0.01744 -6.000139 0.879466 -2.012342 16.494381 3.286962 1.21092 10.316792 -0.534501 0.515455 -3.582891 -0.203081 -0.404607 -12.434216 7.7e-05 -2.3e-05 6e-06 -0.007575 -0.033172 0.031921 0.638416 -3.750487 -10.483968 -0.653991 3.692543 -10.456361 -9.110974 -10.514436 17.003475 -56.736034 -17.859451 38.632118 -0.207505 -35.281246 0.085003 -5.867725 3.660684 -24.671066 -5.882108 9.861288 0.702592 -10.936873 -0.360574 7.156204 -1e-06 8.774828 -1e-06 -16.381084 18.190838 6.118274 -1.844033 2.498506 -2.507277 -10.163604 4.678946 4.621109 -20.97603 -1e-06 1e-06 -21.226292 2.4517 -3.594001 2e-06 -5e-06 0.0 -1.362681 2.2408 -0.746321 -21.334917 0.584911 3.008322 -13.821215 -1e-06 -0.0 -23.887175 -0.249077 -0.839483 -60.836208 2.87121 -1.122238 -0.294025 1.679688 0.833257 -14.218212 0.093215 1.30058 -34.212051 -0.287561 0.967168 -20.033215 0.964537 1.212842 -1e-06 -0.0 -1e-06 -3.44039 0.788234 0.501655 -15.928189 -3.16731 2.999707 -6.338828 -0.0 -0.0 -18.123453 3.648185 -4.905671 -3e-06 1e-06 -1e-06 18.616074 14.704991 20.077765 46.174538 11.420192 26.544771 0.649985 39.876263 0.361075 0.112971 -8.76095 -30.764696 2.243542 -5.255037 -3.180157 14.282895 -0.826596 6.952503 -1e-06 -12.690606 -0.0 16.200813 -17.429552 2.743731 1.665667 -1.955922 -2.878299 4.7278 -4.170589 4.993924 11.020528 1e-06 -2e-06 12.109056 -3.735718 -2.866785 -1e-06 -0.0 -1e-06 1.291986 -1.928551 -1.498089 14.800132 0.567467 3.865608 14.242576 -1.34174 -6.660658 19.631969 0.143923 -0.648244 49.412918 -0.561088 -6.322242 0.35303 -1.511151 -0.031939 20.222794 3.684307 2.316631 18.787279 3e-06 -2e-06 10.751631 -0.47987 1.397906 -1e-06 -0.0 -1e-06 3.273808 0.305946 -0.580111 21.486816 11.830376 2.266132 8.162931 0.0 -0.0 18.39909 -3.79899 -4.940579 5e-06 1e-06 -1e-06 9.24052 10.801502 -5.296079 -0.157906 0.020716 64.664742 0.231441 -0.004472 6.550992 1.864591 -1.975439 -3.552279 0.0 0.0 5e-06 8.031938 -14.183579 -5.453065 0.005777 -0.3642 13.996819 -4.651384 -4.509334 -3.845495 -1.391233 0.88068 -0.311936 -0.0 0.0 -1e-06 
0.0 0.0 0.0 0.0 -0.0 0.0 -32.788071 98.873329 254.534409 -3.787273 -4.59248 -5.820648 3.081035 0.476974 -1.417164 -0.107636 0.362675 -5.854427 0.515631 -1.583799 16.351402 3.038931 1.351832 10.626509 -0.538061 0.494556 -3.56073 0.000947 -0.547705 -12.289663 7.7e-05 -2.2e-05 6e-06 -0.005319 -0.031341 0.041163 0.643268 -3.748901 -10.482658 -0.655325 3.694011 -10.457995 -9.107939 -10.127741 16.89053 -56.548168 -17.889404 37.572681 -0.042632 -36.120041 0.093615 -5.10317 3.869974 -25.063421 -5.882107 9.861285 0.702587 -10.936873 -0.360575 7.156208 -0.0 8.774824 -0.0 -16.360537 18.225306 6.104846 -1.844033 2.498506 -2.507278 -10.163602 4.678947 4.621109 -20.976027 -3e-06 1e-06 -21.22629 2.451698 -3.594001 2e-06 -5e-06 0.0 -1.362683 2.2408 -0.746324 -21.334917 0.58491 3.008323 -13.821216 -2e-06 1e-06 -23.887175 -0.249079 -0.839484 -60.798717 2.872524 -1.186245 -0.294024 1.679687 0.833255 -14.21821 0.093215 1.300581 -34.212051 -0.287564 0.967171 -20.033215 0.964535 1.212844 1e-06 1e-06 -0.0 -3.440389 0.788233 0.501655 -15.928189 -3.16731 2.999707 -6.338828 -2e-06 -0.0 -18.123446 3.648184 -4.905671 -3e-06 1e-06 0.0 18.175184 15.266675 20.183598 45.99184 12.380322 26.986044 0.569192 39.44836 0.356707 -0.107921 -8.856613 -30.913816 2.243542 -5.255037 -3.180156 14.282894 -0.826594 6.952505 -2e-06 -12.690605 0.0 16.185507 -17.391027 2.724628 1.665667 -1.955922 -2.878299 4.727799 -4.170588 4.993925 11.020528 3e-06 -1e-06 12.109053 -3.735717 -2.866784 1e-06 -1e-06 -0.0 1.291986 -1.928551 -1.498088 14.800132 0.567468 3.865608 14.242574 -1.341738 -6.660658 19.631969 0.143927 -0.648246 49.334801 -0.617429 -6.351586 0.353029 -1.51115 -0.031939 20.222795 3.684309 2.316629 18.787275 4e-06 0.0 10.751631 -0.479868 1.397905 -1e-06 0.0 0.0 3.273808 0.305947 -0.580111 21.486818 11.830376 2.266133 8.162929 1e-06 -1e-06 18.399086 -3.798985 -4.940576 4e-06 1e-06 -2e-06 7.744471 11.349701 -9.104782 -0.105794 0.200689 64.021202 -0.088224 0.370576 4.489389 1.838785 -1.963959 -3.473799 -0.0 0.0 1e-06 7.055427 -14.268267 -2.354959 0.037354 -0.372774 12.574462 -4.255428 -4.042307 -4.968718 -1.391475 0.861334 -0.18406 0.0 0.0 -1e-06 
0.0 0.0 0.0 0.0 -0.0 0.0 -33.248936 99.001976 257.251373 -3.195895 -5.118433 -6.118062 2.932682 0.557613 -1.186438 -0.178804 0.77595 -5.718093 0.168196 -1.144575 16.221437 2.588912 1.632431 10.618879 -0.538113 0.413923 -3.563266 0.214414 -0.664183 -12.096632 7.7e-05 -2.3e-05 6e-06 -0.004523 -0.031194 0.049336 0.654499 -3.74959 -10.483088 -0.66631 3.694058 -10.465622 -9.456108 -9.601146 16.740667 -55.958321 -17.665298 36.428814 0.139652 -37.504536 0.053124 -4.149127 3.754993 -25.47756 -5.882106 9.861283 0.70259 -10.936873 -0.360575 7.156205 0.0 8.774822 -1e-06 -16.344015 18.299671 6.092498 -1.844032 2.498504 -2.507278 -10.163599 4.678944 4.621108 -20.976025 -3e-06 4e-06 -21.226288 2.451696 -3.593997 2e-06 -5e-06 0.0 -1.362682 2.240799 -0.746324 -21.334913 0.58491 3.008324 -13.821215 -1e-06 2e-06 -23.887173 -0.249079 -0.839483 -60.819584 2.837997 -1.20508 -0.294025 1.679686 0.833256 -14.218208 0.093215 1.300581 -34.212051 -0.287562 0.967172 -20.033215 0.964537 1.212843 1e-06 1e-06 -0.0 -3.440388 0.788233 0.501655 -15.928189 -3.167308 2.999707 -6.338827 -0.0 1e-06 -18.123449 3.648183 -4.905671 -5e-06 1e-06 -1e-06 17.851555 15.844349 20.24169 45.692238 13.057779 27.246248 0.376883 39.592167 0.287141 -0.53439 -8.746891 -31.101254 2.243541 -5.255037 -3.180159 14.282894 -0.826597 6.952508 -3e-06 -12.690603 4e-06 16.15992 -17.342226 2.744388 1.665666 -1.95592 -2.878298 4.727799 -4.170588 4.993926 11.020527 3e-06 1e-06 12.109054 -3.735716 -2.866783 0.0 -0.0 -0.0 1.291986 -1.928549 -1.498091 14.800129 0.567466 3.865612 14.242571 -1.341736 -6.660657 19.631969 0.143924 -0.648242 49.316929 -0.675445 -6.27701 0.35303 -1.511152 -0.03194 20.222795 3.684308 2.316633 18.787273 3e-06 3e-06 10.751631 -0.47987 1.397907 -0.0 0.0 0.0 3.273807 0.305947 -0.580109 21.486816 11.830373 2.266134 8.16293 1e-06 1e-06 18.399084 -3.798988 -4.940571 5e-06 1e-06 -1e-06 6.331892 12.028717 -12.410572 -0.02325 0.351804 60.584839 -1.155424 0.196343 3.106164 1.803837 -1.94171 -3.420766 -0.0 -0.0 0.0 5.997927 -14.27708 0.513917 0.06497 -0.374903 11.283456 -3.755789 -3.44189 -6.236515 -1.397637 0.833719 -0.06147 0.0 0.0 -1e-06 
0.0 0.0 0.0 0.0 -0.0 0.0 -33.65892 99.020073 259.90567 -2.66543 -5.659391 -6.232377 2.789611 0.582509 -1.065971 -0.227503 1.190948 -5.632069 -0.149962 -0.748769 16.180613 2.071627 1.979324 10.336065 -0.548103 0.376234 -3.579853 0.391642 -0.732451 -11.909303 7.7e-05 -2.2e-05 6e-06 -0.004393 -0.033368 0.054956 0.664161 -3.753129 -10.480575 -0.677189 3.692215 -10.471151 -10.036063 -9.054811 16.586485 -55.138634 -17.370115 35.369278 0.281848 -38.90831 -0.021236 -3.166157 3.442762 -25.853403 -5.882116 9.861301 0.702591 -10.936889 -0.360574 7.156216 0.0 8.774839 1e-06 -16.309772 18.366144 6.100544 -1.844037 2.498509 -2.507283 -10.163618 4.678955 4.621113 -20.976061 -3e-06 0.0 -21.226328 2.451701 -3.594009 2e-06 -6e-06 -1e-06 -1.362684 2.240802 -0.746326 -21.334953 0.584912 3.008326 -13.821238 0.0 -0.0 -23.887211 -0.249079 -0.839487 -60.862553 2.782683 -1.142367 -0.294026 1.67969 0.833257 -14.218234 0.093215 1.300581 -34.212112 -0.287568 0.967167 -20.033247 0.964537 1.212844 -1e-06 -0.0 1e-06 -3.440394 0.788235 0.501657 -15.928213 -3.167314 2.999709 -6.338837 1e-06 -0.0 -18.12348 3.648189 -4.905683 -4e-06 1e-06 -1e-06 17.694542 16.35568 20.30007 45.227524 13.577199 27.303806 0.181375 40.192429 0.194682 -1.12028 -8.526555 -31.180849 2.243545 -5.255044 -3.180162 14.282912 -0.826598 6.952509 -2e-06 -12.690624 1e-06 16.145693 -17.294447 2.766365 1.665669 -1.955924 -2.878301 4.727806 -4.170595 4.99393 11.020544 3e-06 -0.0 12.109072 -3.735722 -2.866786 -1e-06 -0.0 1e-06 1.291988 -1.928552 -1.498091 14.800151 0.567467 3.865611 14.242596 -1.341738 -6.660667 19.631998 0.143926 -0.648249 49.338852 -0.6995 -6.143096 0.353029 -1.511152 -0.03194 20.222824 3.684314 2.316631 18.787302 5e-06 -3e-06 10.751648 -0.479867 1.397908 1e-06 -0.0 -1e-06 3.273812 0.305948 -0.580111 21.486849 11.830393 2.266134 8.16294 2e-06 -3e-06 18.399113 -3.79899 -4.940586 5e-06 0.0 -1e-06 5.045214 12.72268 -15.114917 0.07099 0.45508 54.82682 -2.559362 -0.134913 2.609272 1.779961 -1.926451 -3.324393 -0.0 0.0 1e-06 5.019449 -14.250895 2.976474 0.077926 -0.362684 10.256822 -3.315861 -2.844426 -7.540814 -1.405872 0.81417 0.019555 0.0 0.0 -1e-06 
0.0 0.0 0.0 0.0 -0.0 0.0 -33.9884 98.9431 262.497009 -2.206102 -6.140446 -6.151727 2.633968 0.557508 -1.057722 -0.270848 1.56845 -5.617444 -0.418037 -0.423546 16.222342 1.572709 2.296315 9.908246 -0.559596 0.454439 -3.596132 0.47758 -0.740862 -11.784571 7.7e-05 -2.2e-05 6e-06 -0.003235 -0.027864 0.057363 0.668253 -3.748868 -10.477463 -0.680339 3.697868 -10.476693 -10.663418 -8.594235 16.49571 -54.328377 -17.139069 34.530548 0.428094 -39.940563 -0.139616 -2.436374 3.083369 -26.091745 -5.882107 9.861288 0.702592 -10.936877 -0.360576 7.156208 1e-06 8.77483 -0.0 -16.284767 18.390598 6.095418 -1.844032 2.498505 -2.507277 -10.163604 4.678946 4.621111 -20.97603 -5e-06 4e-06 -21.226292 2.451697 -3.593999 2e-06 -4e-06 -1e-06 -1.362682 2.2408 -0.746323 -21.334925 0.584909 3.008324 -13.821218 -4e-06 2e-06 -23.887182 -0.24908 -0.839481 -60.853668 2.734188 -1.043424 -0.294025 1.679689 0.833255 -14.218215 0.093213 1.300582 -34.212067 -0.287565 0.967173 -20.033226 0.964535 1.212844 0.0 -0.0 1e-06 -3.44039 0.788232 0.501655 -15.928192 -3.167311 2.999705 -6.338828 -2e-06 1e-06 -18.123453 3.648184 -4.90567 -3e-06 1e-06 -1e-06 17.604774 16.796576 20.356897 44.734348 14.0799 27.277817 0.009424 40.963455 0.102132 -1.699386 -8.310916 -31.053904 2.243543 -5.25504 -3.18016 14.282901 -0.826595 6.952507 -3e-06 -12.690614 -1e-06 16.124949 -17.256756 2.777769 1.665668 -1.955922 -2.878302 4.727801 -4.170589 4.993927 11.020535 4e-06 -0.0 12.10906 -3.735717 -2.866787 -1e-06 -0.0 1e-06 1.291986 -1.92855 -1.49809 14.80014 0.56747 3.865609 14.242581 -1.341737 -6.660663 19.631985 0.143928 -0.648245 49.334827 -0.688878 -6.015485 0.353029 -1.511152 -0.03194 20.222803 3.684314 2.316631 18.787287 7e-06 -0.0 10.751636 -0.479868 1.397908 1e-06 1e-06 -0.0 3.273809 0.305947 -0.58011 21.486832 11.830384 2.266135 8.162933 2e-06 -1e-06 18.399096 -3.798986 -4.94058 4e-06 0.0 -1e-06 3.823392 13.26865 -17.236113 0.156145 0.504958 47.25639 -3.783297 -0.050851 3.178546 1.769271 -1.939093 -3.19771 0.0 0.0 3e-06 4.130142 -14.247638 5.001223 0.080296 -0.310347 9.633287 -2.936821 -2.289759 -8.9149 -1.414793 0.803995 0.089444 0.0 0.0 -1e-06 
0.0 0.0 0.0 0.0 -0.0 0.0 -34.2285 98.767487 265.075836 -1.855275 -6.475671 -5.863018 2.460331 0.485737 -1.157236 -0.323433 1.858075 -5.666111 -0.593098 -0.173221 16.280426 1.141842 2.504477 9.458616 -0.545567 0.642202 -3.597862 0.485829 -0.715923 -11.733163 7.7e-05 -2.2e-05 6e-06 0.000791 -0.007792 0.06058 0.66932 -3.729557 -10.473016 -0.674446 3.718013 -10.481156 -11.162148 -8.288227 16.441763 -53.740566 -16.98403 34.090256 0.623345 -40.388332 -0.317015 -2.131685 2.846477 -26.142904 -5.88211 9.861289 0.702589 -10.936877 -0.360575 7.156209 1e-06 8.774829 0.0 -16.256189 18.384212 6.088775 -1.844033 2.498506 -2.507277 -10.163605 4.678947 4.621111 -20.976034 -3e-06 3e-06 -21.226297 2.451699 -3.594 2e-06 -4e-06 -1e-06 -1.362682 2.240799 -0.746323 -21.334925 0.584909 3.008323 -13.821221 -2e-06 2e-06 -23.887184 -0.249079 -0.839483 -60.806469 2.720895 -0.954416 -0.294025 1.679688 0.833255 -14.218215 0.093215 1.300582 -34.212067 -0.287561 0.967172 -20.033222 0.964537 1.212847 0.0 -0.0 1e-06 -3.44039 0.788234 0.501656 -15.928194 -3.167312 2.999709 -6.338829 -1e-06 -0.0 -18.123457 3.648183 -4.905673 -4e-06 -0.0 -1e-06 17.49773 17.132317 20.368923 44.349415 14.586395 27.331808 -0.142259 41.753338 0.003989 -2.09078 -8.194348 -30.722761 2.243541 -5.255038 -3.180158 14.282894 -0.826595 6.952504 -1e-06 -12.690609 -2e-06 16.101402 -17.250473 2.775976 1.665667 -1.955922 -2.878299 4.727799 -4.170589 4.993923 11.020528 3e-06 -1e-06 12.109055 -3.735718 -2.866785 0.0 -1e-06 -0.0 1.291986 -1.928549 -1.49809 14.800129 0.567468 3.865611 14.242573 -1.341739 -6.66066 19.631969 0.143925 -0.648243 49.291237 -0.666518 -5.940639 0.353029 -1.51115 -0.03194 20.222792 3.684309 2.31663 18.787273 4e-06 2e-06 10.751631 -0.479868 1.397905 1e-06 1e-06 -0.0 3.273807 0.305949 -0.58011 21.486813 11.830376 2.266134 8.162928 -0.0 0.0 18.399084 -3.798986 -4.940578 4e-06 1e-06 0.0 2.693794 13.674417 -18.732859 0.215865 0.526581 38.273777 -4.453839 0.514129 4.780416 1.756546 -1.961755 -3.1379 0.0 0.0 2e-06 3.385539 -14.267333 6.57187 0.069304 -0.216733 9.457075 -2.596622 -1.825434 -10.393807 -1.422509 0.812123 0.131069 0.0 0.0 -1e-06 
0.0 0.0 0.0 0.0 -0.0 0.0 -34.37886 98.477242 267.702484 -1.677723 -6.666157 -5.364463 2.307791 0.395799 -1.342036 -0.389267 1.980191 -5.758955 -0.624914 0.054082 16.285625 0.791109 2.631923 9.028525 -0.508977 0.805887 -3.585949 0.457493 -0.637922 -11.706287 7.7e-05 -2.2e-05 6e-06 0.007761 0.022356 0.065548 0.675091 -3.701773 -10.481237 -0.667116 3.75032 -10.491994 -11.451392 -8.123817 16.37645 -53.469948 -16.850992 33.961853 0.756572 -40.276058 -0.467436 -2.232109 2.8258 -25.951473 -5.882107 9.861286 0.702589 -10.936875 -0.360577 7.156207 2e-06 8.774828 0.0 -16.200813 18.3818 6.113457 -1.844033 2.498505 -2.507279 -10.163603 4.678946 4.621109 -20.97603 -4e-06 2e-06 -21.226295 2.451697 -3.593999 3e-06 -6e-06 -0.0 -1.362683 2.2408 -0.746323 -21.334921 0.584908 3.008322 -13.821218 -4e-06 -0.0 -23.887178 -0.249082 -0.839481 -60.770012 2.75233 -0.895712 -0.294026 1.679688 0.833257 -14.218214 0.093214 1.300581 -34.212059 -0.287565 0.967171 -20.03322 0.964537 1.212846 0.0 -0.0 1e-06 -3.440389 0.788232 0.501656 -15.928192 -3.167312 2.999707 -6.338828 -3e-06 -1e-06 -18.123453 3.648181 -4.905668 -3e-06 -0.0 -1e-06 17.324095 17.357986 20.26445 44.133389 14.993679 27.519903 -0.233251 42.603271 -0.062191 -2.258778 -8.167843 -30.208439 2.243542 -5.255038 -3.180159 14.282896 -0.826596 6.952505 -3e-06 -12.690607 -0.0 16.082466 -17.258028 2.768517 1.665666 -1.955922 -2.8783 4.7278 -4.170588 4.993925 11.020529 4e-06 -1e-06 12.109055 -3.735717 -2.866785 -1e-06 -1e-06 -0.0 1.291986 -1.92855 -1.49809 14.800129 0.567469 3.865608 14.242576 -1.341736 -6.660661 19.631969 0.143925 -0.648245 49.23642 -0.657324 -5.917268 0.353029 -1.511151 -0.031941 20.222797 3.684311 2.316631 18.787275 6e-06 -1e-06 10.751633 -0.479868 1.397906 2e-06 2e-06 -2e-06 3.273807 0.305947 -0.58011 21.486816 11.830378 2.266135 8.162929 2e-06 -0.0 18.399088 -3.798985 -4.940577 5e-06 0.0 0.0 1.684009 14.091323 -19.54413 0.239705 0.580605 27.904795 -4.705836 1.177341 6.774241 1.744083 -1.959144 -2.933768 0.0 0.0 2e-06 2.766233 -14.277199 7.681041 0.032862 -0.125254 9.649468 -2.154356 -1.442274 -12.039512 -1.426926 0.84153 0.150785 -0.0 0.0 -1e-06 
0.0 0.0 0.0 0.0 -0.0 0.0 -34.467907 98.07106 270.445648 -1.712292 -6.738692 -4.697954 2.213147 0.336602 -1.596714 -0.444477 1.927787 -5.867612 -0.508424 0.225598 16.244831 0.5351 2.713531 8.553345 -0.490971 0.84882 -3.578038 0.413983 -0.431308 -11.61956 7.7e-05 -2.3e-05 6e-06 0.015081 0.041889 0.069185 0.690112 -3.687355 -10.510127 -0.66827 3.774076 -10.513073 -11.532542 -8.045495 16.292593 -53.532017 -16.711222 33.908726 0.708779 -39.703472 -0.502577 -2.613388 2.983054 -25.478182 -5.882109 9.861288 0.702589 -10.936873 -0.360575 7.156206 1e-06 8.77483 -0.0 -16.162249 18.361311 6.170088 -1.844034 2.498506 -2.50728 -10.163603 4.678948 4.621109 -20.976032 -5e-06 -3e-06 -21.226297 2.451697 -3.594005 1e-06 -4e-06 0.0 -1.362682 2.240798 -0.746324 -21.334921 0.584908 3.008322 -13.821218 -4e-06 -1e-06 -23.887177 -0.249082 -0.839486 -60.804852 2.790554 -0.821682 -0.294025 1.679688 0.833259 -14.218214 0.093214 1.300579 -34.212063 -0.287568 0.967167 -20.03322 0.964533 1.21284 0.0 -0.0 1e-06 -3.44039 0.788234 0.501655 -15.928189 -3.167311 2.999706 -6.338827 -1e-06 -1e-06 -18.123455 3.648184 -4.905674 -4e-06 1e-06 -1e-06 17.084816 17.504845 20.031761 44.062115 15.17589 27.78194 -0.248651 43.67321 -0.072218 -2.263445 -8.222851 -29.5014 2.243545 -5.255041 -3.180159 14.282902 -0.826598 6.952506 0.0 -12.690616 -0.0 16.079721 -17.264023 2.783733 1.665668 -1.955923 -2.878302 4.727803 -4.170592 4.993926 11.020535 1e-06 -2e-06 12.109064 -3.735721 -2.866787 0.0 -0.0 -1e-06 1.291987 -1.928551 -1.49809 14.80014 0.567467 3.865609 14.242585 -1.34174 -6.660664 19.631985 0.143925 -0.648248 49.278416 -0.667948 -5.898391 0.35303 -1.511151 -0.031939 20.222805 3.684309 2.316628 18.787289 2e-06 -4e-06 10.751636 -0.47987 1.397904 2e-06 1e-06 -1e-06 3.27381 0.305946 -0.580111 21.48683 11.830383 2.266131 8.162931 -1e-06 -4e-06 18.399103 -3.798986 -4.940584 5e-06 0.0 0.0 0.800416 14.487014 -19.788057 0.177162 0.624272 16.876507 -5.09205 1.567131 8.373603 1.718333 -1.943082 -2.68402 0.0 -0.0 2e-06 2.386116 -14.243529 8.738713 -0.020732 -0.092819 9.902141 -1.607177 -1.243359 -13.716432 -1.429202 0.866631 0.146713 0.0 0.0 -1e-06 
0.0 0.0 0.0 0.0 -0.0 0.0 -34.492268 97.622986 273.323273 -1.754971 -6.705677 -3.94381 2.068515 0.282193 -1.92812 -0.452902 1.816255 -5.958216 -0.362159 0.268312 16.184841 0.298523 2.743603 7.989183 -0.511651 0.899226 -3.564452 0.390962 -0.182384 -11.4834 7.7e-05 -2.2e-05 6e-06 0.015736 0.034962 0.075564 0.695487 -3.699945 -10.531672 -0.673169 3.771047 -10.525758 -11.564992 -7.98614 16.3002 -53.730869 -16.564587 33.784275 0.515353 -38.828289 -0.411806 -3.152215 3.120406 -25.034466 -5.882113 9.861293 0.702589 -10.936881 -0.360574 7.156207 -1e-06 8.774833 -1e-06 -16.221844 18.343609 6.168981 -1.844035 2.498507 -2.507277 -10.16361 4.678948 4.621107 -20.97604 -2e-06 -1e-06 -21.226307 2.451698 -3.594005 1e-06 -4e-06 1e-06 -1.362682 2.240799 -0.746325 -21.334934 0.584912 3.008322 -13.821226 -3e-06 -2e-06 -23.887192 -0.24908 -0.839488 -60.897667 2.811882 -0.802122 -0.294024 1.679688 0.833256 -14.218222 0.093215 1.300577 -34.212082 -0.287567 0.967168 -20.033232 0.964534 1.212843 -1e-06 -0.0 1e-06 -3.440391 0.788234 0.501656 -15.928201 -3.167312 2.999708 -6.338832 -1e-06 -0.0 -18.123463 3.648183 -4.905677 -4e-06 1e-06 0.0 16.8029 17.619144 19.724861 44.125965 15.081394 28.017097 -0.150354 45.00922 -0.001936 -2.079004 -8.274869 -28.620161 2.243545 -5.255041 -3.18016 14.282898 -0.826596 6.952502 -0.0 -12.69061 -0.0 16.095594 -17.313221 2.810833 1.665669 -1.955925 -2.878301 4.727801 -4.170588 4.993924 11.020534 3e-06 -1e-06 12.109059 -3.735719 -2.866785 -1e-06 -1e-06 1e-06 1.291986 -1.92855 -1.498088 14.800136 0.567468 3.865606 14.242579 -1.341738 -6.660662 19.631975 0.143927 -0.648247 49.437359 -0.71557 -5.915184 0.353029 -1.511152 -0.031939 20.222801 3.68431 2.316627 18.787283 6e-06 -5e-06 10.751634 -0.479868 1.397903 2e-06 3e-06 -2e-06 3.273808 0.305948 -0.580111 21.486824 11.830379 2.26613 8.16293 0.0 -2e-06 18.399092 -3.798985 -4.940581 5e-06 1e-06 0.0 -0.16815 14.495586 -20.007151 0.049171 0.513562 7.063915 -6.106309 1.778661 8.717908 1.643332 -1.972715 -2.713093 0.0 -1e-06 2e-06 1.974915 -14.126094 9.796291 -0.054063 -0.141665 10.16299 -0.915686 -1.190744 -15.18987 -1.433751 0.835201 0.047613 0.0 0.0 -1e-06 
0.0 0.0 0.0 0.0 -0.0 0.0 -34.454975 97.174904 276.246185 -1.58041 -6.73456 -3.299906 1.801626 0.25878 -2.226825 -0.449179 1.780261 -6.025098 -0.312499 0.233848 16.149612 0.040222 2.751549 7.48585 -0.492213 0.922887 -3.5464 0.422196 -0.006446 -11.380739 7.7e-05 -2.2e-05 6e-06 0.010504 0.001294 0.082773 0.678288 -3.735599 -10.524764 -0.666938 3.73909 -10.512004 -11.746287 -7.960493 16.388908 -53.765408 -16.422611 33.764473 0.246606 -37.758232 -0.249515 -3.858057 3.109045 -24.978359 -5.88211 9.861291 0.70259 -10.936873 -0.360574 7.156207 -2e-06 8.77483 -1e-06 -16.332544 18.284628 6.085502 -1.844033 2.498507 -2.507279 -10.163603 4.678948 4.621108 -20.97603 2e-06 -3e-06 -21.226292 2.451699 -3.594007 2e-06 -5e-06 -0.0 -1.362681 2.2408 -0.746327 -21.334919 0.584914 3.008322 -13.821218 -1e-06 -2e-06 -23.887178 -0.249078 -0.839489 -60.995872 2.812545 -0.824258 -0.294025 1.679689 0.833257 -14.218212 0.093216 1.30058 -34.212051 -0.28756 0.967163 -20.033215 0.964538 1.212838 0.0 -0.0 1e-06 -3.440389 0.788234 0.501654 -15.928189 -3.167308 2.999707 -6.338826 1e-06 -0.0 -18.123457 3.648185 -4.905677 -4e-06 1e-06 -0.0 16.667969 17.700497 19.499283 44.153217 14.858389 28.308357 0.017137 46.307133 0.091708 -1.727959 -8.151636 -27.963638 2.243543 -5.255039 -3.180158 14.282896 -0.826598 6.952503 1e-06 -12.690609 1e-06 16.142021 -17.367188 2.794747 1.665667 -1.955923 -2.878299 4.7278 -4.170589 4.993923 11.020529 2e-06 -1e-06 12.109057 -3.735718 -2.866785 0.0 -0.0 -1e-06 1.291986 -1.928549 -1.49809 14.800131 0.567467 3.865607 14.242576 -1.341738 -6.660659 19.631973 0.143925 -0.648248 49.474937 -0.733621 -6.032505 0.353029 -1.51115 -0.031939 20.222795 3.684308 2.316629 18.787275 3e-06 -3e-06 10.75163 -0.47987 1.397907 2e-06 2e-06 -2e-06 3.273808 0.305947 -0.580111 21.486818 11.830376 2.266134 8.162928 -1e-06 -2e-06 18.399092 -3.79899 -4.940579 5e-06 1e-06 0.0 -1.284721 14.182283 -20.479488 -0.018423 0.366247 0.815074 -7.225079 2.376741 8.295907 1.582492 -2.009885 -2.940662 0.0 -0.0 3e-06 1.278593 -13.844622 10.937656 -0.070477 -0.188525 10.516097 -0.183008 -1.068579 -16.39325 -1.440469 0.78235 -0.185357 -0.0 0.0 -1e-06 
0.0 0.0 0.0 0.0 -0.0 0.0 -34.376911 96.802521 279.213165 -1.045939 -6.877629 -2.957101 1.349812 0.326212 -2.428787 -0.487838 1.92219 -6.107316 -0.457193 0.205453 16.270615 -0.052008 2.711851 7.141053 -0.448223 0.814809 -3.46069 0.462226 0.074803 -11.366041 7.7e-05 -2.2e-05 6e-06 0.011859 0.025069 0.105586 0.677752 -3.71503 -10.504749 -0.663492 3.766181 -10.491034 -12.11376 -8.065886 16.38088 -53.47982 -16.209929 34.054333 0.132394 -36.674751 -0.163397 -4.818337 3.212497 -25.142761 -5.882118 9.8613 0.702589 -10.936889 -0.360576 7.156212 -1e-06 8.774837 -3e-06 -16.371677 18.135626 5.955418 -1.844037 2.498508 -2.507279 -10.163618 4.678951 4.621109 -20.976057 -2e-06 -1e-06 -21.226322 2.4517 -3.594007 2e-06 -5e-06 -0.0 -1.362684 2.240802 -0.746326 -21.334946 0.584911 3.008321 -13.821235 -4e-06 -3e-06 -23.887211 -0.249081 -0.839488 -60.978127 2.769803 -0.841984 -0.294025 1.679689 0.833254 -14.218231 0.093215 1.300578 -34.212105 -0.287565 0.967163 -20.033245 0.964533 1.21284 0.0 1e-06 -0.0 -3.440394 0.788235 0.501655 -15.928211 -3.167314 2.999707 -6.338836 -0.0 -1e-06 -18.123476 3.648183 -4.905681 -4e-06 1e-06 1e-06 16.996267 17.722046 19.53751 43.993649 14.642124 28.820482 -0.082668 47.089458 0.150515 -1.323757 -7.908174 -27.778963 2.243548 -5.255048 -3.180163 14.282914 -0.826598 6.952509 -1e-06 -12.690626 0.0 16.157614 -17.369627 2.75978 1.66567 -1.955925 -2.878304 4.727807 -4.170596 4.993929 11.020544 1e-06 -5e-06 12.109075 -3.735723 -2.866793 -1e-06 -0.0 -0.0 1.291989 -1.928553 -1.498093 14.800153 0.567467 3.865609 14.2426 -1.341739 -6.660674 19.632002 0.143927 -0.648252 49.412323 -0.79633 -6.167334 0.353029 -1.511153 -0.03194 20.222822 3.684314 2.316628 18.787306 7e-06 -8e-06 10.751646 -0.479868 1.397903 2e-06 2e-06 -2e-06 3.273811 0.305948 -0.580115 21.486849 11.830393 2.266129 8.16294 0.0 -4e-06 18.399117 -3.798989 -4.940591 4e-06 1e-06 -1e-06 -2.437823 13.56454 -21.322756 -0.003563 0.268961 0.009752 -6.75407 2.774073 8.567977 1.594226 -2.009414 -2.960809 0.0 -0.0 4e-06 0.109123 -13.384744 12.509161 -0.06638 -0.200662 10.637204 0.416337 -1.002065 -16.980221 -1.456159 0.749916 -0.684758 -0.0 0.0 -1e-06 
0.0 0.0 0.0 0.0 -0.0 0.0 -34.225094 96.564537 282.324554 -0.096618 -7.092519 -2.873296 0.637218 0.418339 -2.786792 -0.55234 2.12109 -6.231713 -0.742517 0.271646 16.628447 -0.050424 2.673371 7.002316 -0.492783 0.823363 -3.491433 0.605247 -0.058886 -10.943838 7.7e-05 -2.3e-05 6e-06 0.01534 0.010707 0.111396 0.677046 -3.736473 -10.516574 -0.655432 3.759788 -10.50341 -12.748923 -8.004905 16.299543 -52.991543 -15.890118 34.429626 0.095178 -35.582874 -0.137179 -5.614827 3.337345 -25.364944 -5.882107 9.86129 0.70259 -10.936873 -0.360576 7.156204 -0.0 8.77483 -1e-06 -16.424623 18.155844 6.014168 -1.844033 2.498507 -2.50728 -10.163603 4.678946 4.621109 -20.97603 -4e-06 -0.0 -21.226292 2.451696 -3.594003 2e-06 -5e-06 0.0 -1.362682 2.240798 -0.746324 -21.334917 0.584908 3.008322 -13.821215 -3e-06 0.0 -23.887178 -0.249082 -0.839487 -60.986759 2.776074 -0.731139 -0.294025 1.679688 0.833254 -14.218212 0.093215 1.30058 -34.212059 -0.287567 0.967165 -20.033215 0.964536 1.212842 0.0 0.0 -0.0 -3.440389 0.788233 0.501655 -15.928189 -3.167312 2.999707 -6.338826 -1e-06 -0.0 -18.123453 3.648179 -4.905674 -3e-06 2e-06 1e-06 17.841722 17.637936 19.747873 43.711315 14.395343 29.642933 -0.480247 47.000896 -0.124034 -0.940635 -7.646372 -27.490139 2.243542 -5.255037 -3.180156 14.282896 -0.826597 6.952505 -2e-06 -12.690609 3e-06 16.098236 -17.329155 2.766826 1.665668 -1.955922 -2.878299 4.727802 -4.170591 4.993927 11.020531 2e-06 -1e-06 12.109059 -3.735718 -2.866786 -1e-06 0.0 -0.0 1.291986 -1.92855 -1.498091 14.800132 0.567466 3.865609 14.242579 -1.341737 -6.660661 19.631973 0.143924 -0.648246 49.351421 -0.693929 -6.174724 0.353029 -1.511152 -0.031939 20.222801 3.684309 2.316628 18.787283 4e-06 -2e-06 10.751633 -0.479869 1.397904 2e-06 1e-06 -2e-06 3.273809 0.305946 -0.580112 21.48682 11.830376 2.26613 8.162933 1e-06 -2e-06 18.399092 -3.798989 -4.940578 4e-06 1e-06 -1e-06 -3.521685 12.569098 -21.664133 0.044707 0.272154 2.537357 -4.79696 1.994118 10.528411 1.674569 -1.985066 -2.817492 0.0 -0.0 2e-06 -1.617805 -12.783188 14.49066 -0.048855 -0.118817 10.584414 0.93972 -0.955627 -16.615286 -1.456679 0.826862 -1.402463 -0.0 1e-06 -1e-06 
0.0 0.0 0.0 0.0 -0.0 0.0 -34.010159 96.510223 285.670044 1.264671 -7.487182 -2.895774 -0.271922 0.481288 -3.312033 -0.627752 2.385113 -6.509687 -1.166769 0.483635 17.120432 -0.102384 2.715711 7.015842 -0.540074 0.876663 -3.549671 0.756685 -0.182904 -10.141875 7.7e-05 -2.2e-05 6e-06 0.023097 -0.014764 0.097056 0.668396 -3.768551 -10.525051 -0.630976 3.742276 -10.522396 -13.633842 -7.873516 16.205658 -52.381676 -15.325648 34.806564 0.0936 -34.578411 -0.133237 -5.965154 3.29 -26.144638 -5.882102 9.861278 0.702589 -10.936865 -0.360575 7.156203 1e-06 8.774821 2e-06 -16.537018 18.195948 6.10884 -1.844032 2.498501 -2.507277 -10.163594 4.678941 4.621109 -20.976013 -5e-06 3e-06 -21.226273 2.451694 -3.593996 0.0 -4e-06 -0.0 -1.362681 2.240796 -0.746323 -21.334904 0.584908 3.008323 -13.821205 -3e-06 1e-06 -23.887157 -0.249082 -0.839481 -61.001457 2.743707 -0.568463 -0.294024 1.679685 0.833256 -14.218199 0.093214 1.30058 -34.212032 -0.287569 0.967173 -20.033203 0.964533 1.212845 1e-06 1e-06 1e-06 -3.440387 0.788233 0.501655 -15.928179 -3.16731 2.999707 -6.338821 0.0 1e-06 -18.12344 3.648177 -4.905666 -4e-06 2e-06 -1e-06 19.119295 17.476501 20.032129 43.305027 14.049111 30.356817 -0.613801 46.105667 -0.236369 -0.647702 -7.517605 -26.904856 2.24354 -5.255036 -3.180158 14.282887 -0.826595 6.952507 -3e-06 -12.690601 2e-06 15.993815 -17.310375 2.78966 1.665666 -1.955921 -2.878297 4.727798 -4.170585 4.993924 11.020524 4e-06 -1e-06 12.10905 -3.735716 -2.866782 -1e-06 0.0 1e-06 1.291986 -1.928549 -1.498089 14.800125 0.567467 3.865609 14.242569 -1.341736 -6.660656 19.631968 0.143925 -0.648243 49.375027 -0.67028 -6.131358 0.353029 -1.511151 -0.031939 20.222788 3.684308 2.316633 18.78727 5e-06 -1e-06 10.751627 -0.479869 1.397907 1e-06 2e-06 -2e-06 3.273806 0.305947 -0.58011 21.486813 11.83037 2.266134 8.162926 -0.0 -1e-06 18.39908 -3.798986 -4.940573 4e-06 1e-06 0.0 -4.796252 11.485728 -21.401348 0.093413 0.309684 5.259264 -2.063501 0.94671 13.876334 1.726678 -1.959338 -2.333774 -0.0 0.0 2e-06 -4.028702 -12.286744 16.577698 -0.051778 -0.054629 10.793338 1.680311 -0.614706 -14.882291 -1.454096 0.909724 -2.865028 0.0 0.0 -1e-06 
0.0 0.0 0.0 0.0 -0.0 0.0 -33.749992 96.47924 289.10498 2.643721 -7.859149 -2.981745 -1.071593 0.537776 -3.740063 -0.700155 2.547435 -6.752617 -1.750273 0.742157 17.305799 0.016687 2.928233 7.228656 -0.532183 0.907137 -3.661492 0.732653 -0.401861 -9.576665 7.7e-05 -2.3e-05 6e-06 0.031895 0.013037 0.095136 0.666625 -3.729944 -10.507465 -0.612894 3.758071 -10.506422 -13.836176 -7.692801 16.488319 -52.580353 -14.966887 34.811085 0.050287 -33.746044 -0.119992 -5.899902 3.404313 -26.92029 -5.882109 9.86129 0.70259 -10.936877 -0.360576 7.156206 1e-06 8.77483 -2e-06 -16.625977 18.036093 6.047412 -1.844034 2.498505 -2.507279 -10.163606 4.678946 4.621109 -20.976036 -5e-06 -0.0 -21.226297 2.451694 -3.594002 1e-06 -7e-06 -1e-06 -1.362682 2.240799 -0.746325 -21.334927 0.584908 3.008321 -13.821218 -5e-06 0.0 -23.887182 -0.249082 -0.839485 -61.019539 2.640793 -0.602052 -0.294025 1.679688 0.833254 -14.218216 0.093214 1.30058 -34.21207 -0.287568 0.967167 -20.033226 0.964534 1.212843 -0.0 1e-06 0.0 -3.440391 0.788233 0.501656 -15.928194 -3.167313 2.999706 -6.338829 -2e-06 -1e-06 -18.123457 3.64818 -4.905674 -5e-06 -0.0 -2e-06 19.747063 17.375471 20.271868 43.947086 13.671103 30.822752 -0.929618 44.70929 -0.397556 -0.367246 -7.723946 -26.103931 2.243542 -5.255039 -3.180159 14.282894 -0.826595 6.952503 -3e-06 -12.690608 -0.0 15.974672 -16.956739 2.627033 1.665666 -1.955922 -2.878299 4.727799 -4.17059 4.993927 11.020529 4e-06 -3e-06 12.109056 -3.735715 -2.866786 -0.0 0.0 -0.0 1.291986 -1.928549 -1.49809 14.800132 0.567469 3.865607 14.242577 -1.341737 -6.660662 19.631973 0.143928 -0.648246 49.176983 -0.547731 -6.0149 0.353029 -1.51115 -0.03194 20.222801 3.684311 2.316628 18.787277 7e-06 -3e-06 10.751629 -0.479869 1.397905 2e-06 2e-06 -2e-06 3.273808 0.305947 -0.580111 21.486816 11.83038 2.266131 8.16293 3e-06 -2e-06 18.399084 -3.798985 -4.940578 4e-06 1e-06 0.0 -5.866642 10.097787 -21.033403 0.060081 0.286956 8.519338 -0.109984 1.145535 14.327674 1.69148 -1.878971 -1.382079 -0.0 0.0 2e-06 -6.656508 -11.86094 17.554398 0.013968 -0.06039 13.11452 2.289516 -0.144893 -12.958168 -1.455536 0.857919 -5.462518 0.0 0.0 -1e-06 
0.0 0.0 0.0 0.0 -0.0 0.0 -33.412495 96.653839 292.493866 3.84993 -8.121932 -3.29678 -1.586248 0.54173 -3.781703 -0.823372 2.703658 -6.852819 -2.312036 1.064096 17.176916 0.081198 2.832918 7.551637 -0.620724 1.008693 -3.668396 0.780527 -0.434202 -9.821334 7.7e-05 -2.3e-05 6e-06 0.037157 -0.007315 0.094947 0.680941 -3.748128 -10.4903 -0.61681 3.734636 -10.494766 -13.436828 -7.673193 16.652132 -53.420444 -14.65573 35.177643 0.104466 -33.088409 -0.06776 -5.813333 3.327016 -27.696386 -5.88211 9.86129 0.702591 -10.936875 -0.360575 7.156209 -1e-06 8.774828 -2e-06 -16.559937 17.913664 5.953417 -1.844034 2.498506 -2.507277 -10.163604 4.678947 4.621111 -20.97603 -3e-06 1e-06 -21.226292 2.451699 -3.594002 -0.0 -6e-06 -1e-06 -1.362682 2.240799 -0.746324 -21.334925 0.584911 3.008326 -13.821219 -2e-06 2e-06 -23.887182 -0.249078 -0.839485 -60.895084 2.505296 -0.779898 -0.294025 1.679688 0.833256 -14.218214 0.093215 1.300581 -34.212067 -0.287563 0.967172 -20.033222 0.964535 1.212845 -0.0 1e-06 0.0 -3.44039 0.788234 0.501655 -15.928189 -3.16731 2.999707 -6.338828 -1e-06 -1e-06 -18.123457 3.648184 -4.90567 -5e-06 -0.0 -2e-06 19.226748 17.061483 20.277115 45.710514 13.502067 30.688368 -0.763296 43.413803 -0.242955 -0.662151 -8.376546 -25.613186 2.243544 -5.255041 -3.18016 14.282901 -0.826599 6.952507 -0.0 -12.690612 2e-06 16.017757 -17.075089 2.589409 1.665668 -1.955923 -2.878301 4.727803 -4.170592 4.993928 11.020534 1e-06 -1e-06 12.109058 -3.735719 -2.866786 -0.0 0.0 -0.0 1.291986 -1.928551 -1.498092 14.800139 0.567466 3.865611 14.242581 -1.341738 -6.660662 19.631979 0.143924 -0.648245 49.334644 -0.608872 -6.106366 0.353029 -1.511152 -0.031941 20.222803 3.684308 2.316633 18.787287 2e-06 -1e-06 10.751633 -0.479873 1.397909 0.0 2e-06 -2e-06 3.273809 0.305946 -0.580111 21.486826 11.83038 2.266135 8.162933 0.0 -1e-06 18.399097 -3.79899 -4.940581 5e-06 1e-06 -1e-06 -7.087518 9.444684 -21.149044 0.123722 0.255517 13.644334 0.955653 1.494867 9.539829 1.67881 -1.871345 -0.75172 -0.0 0.0 2e-06 -9.313902 -12.097142 17.334814 -0.014776 0.082301 17.911179 2.461676 0.335736 -10.473624 -1.467226 0.877757 -8.712271 0.0 1e-06 -1e-06 
0.0 0.0 0.0 0.0 -0.0 0.0 -33.082928 96.926346 295.843018 4.768163 -8.453198 -3.817033 -1.921762 0.546686 -3.625229 -0.894634 2.817873 -6.802267 -2.749092 1.260957 16.878777 0.025332 2.802902 7.858034 -0.652988 0.976294 -3.639302 0.81725 -0.388592 -10.039311 7.7e-05 -2.3e-05 6e-06 0.038796 -0.009578 0.099077 0.688818 -3.742827 -10.45499 -0.62148 3.723655 -10.46417 -12.952628 -7.747353 16.948738 -54.39064 -14.471176 35.509701 0.214934 -32.502918 -0.049809 -5.903817 3.173077 -28.166601 -5.882108 9.861287 0.70259 -10.936873 -0.360576 7.156204 1e-06 8.774827 -0.0 -16.491087 17.880131 5.928269 -1.844033 2.498506 -2.507278 -10.163604 4.678946 4.621109 -20.97603 -4e-06 -0.0 -21.226297 2.451698 -3.594003 0.0 -7e-06 0.0 -1.362682 2.240799 -0.746325 -21.334919 0.584908 3.008321 -13.821215 -2e-06 1e-06 -23.887175 -0.24908 -0.839486 -60.856113 2.480647 -0.919275 -0.294024 1.679687 0.833254 -14.218211 0.093215 1.300581 -34.212055 -0.287566 0.967169 -20.033218 0.964536 1.212844 -0.0 -1e-06 -1e-06 -3.440389 0.788234 0.501655 -15.928191 -3.167311 2.999709 -6.338827 -2e-06 -2e-06 -18.123451 3.648183 -4.905674 -3e-06 -1e-06 -2e-06 18.108858 16.797087 20.348373 47.787182 13.320951 29.970091 -0.499945 42.812675 -0.057776 -1.146473 -9.100289 -25.76985 2.243541 -5.255035 -3.180156 14.282885 -0.826594 6.952502 -3e-06 -12.6906 1e-06 16.109079 -17.217285 2.574152 1.665666 -1.955919 -2.878296 4.727797 -4.170584 4.993919 11.02052 3e-06 -1e-06 12.109046 -3.735713 -2.866784 1e-06 0.0 -1e-06 1.291984 -1.928548 -1.49809 14.800122 0.567469 3.865604 14.242566 -1.341735 -6.660654 19.631958 0.143927 -0.648244 49.493851 -0.656491 -6.177389 0.353029 -1.511151 -0.031939 20.222784 3.684309 2.316629 18.787266 5e-06 -1e-06 10.751624 -0.479869 1.397906 1e-06 0.0 -0.0 3.273805 0.305948 -0.580111 21.486801 11.830371 2.266132 8.162924 2e-06 0.0 18.399075 -3.79898 -4.940572 6e-06 1e-06 0.0 -8.052479 9.447589 -19.628994 0.073606 0.206207 16.021606 1.926065 1.645219 5.990995 1.67636 -1.869663 -0.189342 -0.0 -0.0 2e-06 -11.745885 -12.512125 15.875576 0.001816 0.207786 24.923988 2.257829 0.584151 -6.477762 -1.493879 0.860482 -12.677279 0.0 0.0 -1e-06 
0.0 0.0 0.0 0.0 -0.0 0.0 -32.788139 97.276917 299.158691 5.259006 -8.841411 -4.422883 -2.101454 0.561152 -3.426082 -0.897744 2.821329 -6.663217 -2.923294 1.293299 16.625639 -0.138311 2.866072 7.991186 -0.638356 0.924952 -3.602544 0.847161 -0.321432 -9.974239 7.7e-05 -2.2e-05 6e-06 0.040358 -0.002369 0.098641 0.69015 -3.724192 -10.41293 -0.61962 3.717015 -10.424066 -12.84034 -7.852127 17.146948 -54.931953 -14.235271 35.909058 0.343701 -32.149723 -0.064688 -6.082304 3.076257 -28.359932 -5.882108 9.86129 0.702591 -10.936878 -0.360578 7.156209 3e-06 8.774831 1e-06 -16.547546 17.9119 5.862459 -1.844033 2.498505 -2.50728 -10.163606 4.678946 4.621111 -20.97604 -9e-06 3e-06 -21.226301 2.451692 -3.593999 1e-06 -6e-06 -1e-06 -1.362682 2.240798 -0.746325 -21.334929 0.584904 3.008324 -13.821223 -7e-06 2e-06 -23.887188 -0.249083 -0.83948 -60.897449 2.527817 -1.073351 -0.294025 1.679688 0.833257 -14.218219 0.093211 1.300581 -34.212074 -0.287575 0.967173 -20.033228 0.96453 1.212847 -1e-06 -0.0 0.0 -3.440391 0.788233 0.501655 -15.9282 -3.167316 2.999707 -6.338831 -4e-06 -2e-06 -18.123457 3.64818 -4.905674 -5e-06 0.0 -1e-06 17.229891 16.555361 20.440407 48.92382 12.92872 29.274174 -0.191051 43.288807 0.147142 -1.333187 -9.338881 -26.127176 2.243541 -5.255037 -3.180157 14.282896 -0.826592 6.952502 -5e-06 -12.690609 -2e-06 16.226637 -17.340338 2.557769 1.665666 -1.955922 -2.878299 4.7278 -4.170589 4.993925 11.020528 5e-06 -1e-06 12.109055 -3.735713 -2.866782 1e-06 -0.0 -1e-06 1.291986 -1.928548 -1.498087 14.800134 0.567471 3.865608 14.242576 -1.341733 -6.660657 19.631969 0.143929 -0.648243 49.659122 -0.650043 -6.205557 0.353029 -1.51115 -0.031939 20.222795 3.684312 2.31663 18.787273 9e-06 -0.0 10.751629 -0.479867 1.397907 2e-06 0.0 -0.0 3.273807 0.305948 -0.580111 21.48682 11.830383 2.266133 8.16293 4e-06 -0.0 18.399088 -3.798982 -4.940573 6e-06 1e-06 -1e-06 -8.552558 9.732329 -17.305901 0.013802 0.179756 17.052467 2.648161 1.738328 3.116829 1.669661 -1.87134 0.246157 0.0 0.0 2e-06 -13.771139 -13.105885 13.303659 0.058237 0.275064 33.438171 1.631872 0.591394 -0.262729 -1.517903 0.803886 -15.955379 0.0 -0.0 -1e-06 
0.0 0.0 0.0 0.0 -0.0 0.0 -32.518974 97.615601 302.319336 5.438234 -9.143413 -5.022293 -2.196613 0.536289 -3.153721 -0.863938 2.715644 -6.464029 -2.91811 1.2014 16.426418 -0.289737 3.00607 7.936453 -0.569307 0.964431 -3.578791 0.779206 -0.135839 -9.880216 7.7e-05 -2.2e-05 6e-06 0.041296 0.003698 0.101389 0.692114 -3.712989 -10.379539 -0.619785 3.716023 -10.394706 -13.005391 -7.969186 17.232067 -54.937119 -14.0692 36.356216 0.358908 -32.12175 -0.058154 -6.10742 3.037854 -28.746979 -5.882106 9.861286 0.702592 -10.93687 -0.360575 7.156204 1e-06 8.774826 -1e-06 -16.72464 17.884718 5.703398 -1.844032 2.498505 -2.507276 -10.163598 4.678945 4.621108 -20.976021 -3e-06 3e-06 -21.226282 2.451698 -3.593999 1e-06 -6e-06 -1e-06 -1.362681 2.240798 -0.746324 -21.334909 0.584911 3.008324 -13.82121 -2e-06 2e-06 -23.887163 -0.249076 -0.839482 -60.897961 2.552312 -1.198972 -0.294025 1.679688 0.833256 -14.218207 0.093215 1.300581 -34.212048 -0.287562 0.967171 -20.033211 0.964539 1.212844 -0.0 -1e-06 0.0 -3.440388 0.788233 0.501657 -15.928185 -3.167309 2.99971 -6.338825 -0.0 2e-06 -18.123444 3.648185 -4.905671 -5e-06 0.0 -2e-06 16.78944 16.404591 20.453896 49.020821 12.475755 29.033066 0.090121 44.345242 0.32426 -0.988487 -9.184165 -26.369066 2.243542 -5.255037 -3.180156 14.282887 -0.826595 6.952499 -2e-06 -12.690603 -1e-06 16.284092 -17.383427 2.550426 1.665666 -1.955922 -2.878298 4.727798 -4.170587 4.993921 11.020524 2e-06 -2e-06 12.109051 -3.735716 -2.866784 1e-06 -0.0 -0.0 1.291986 -1.92855 -1.498088 14.800125 0.567468 3.865606 14.242568 -1.341736 -6.660655 19.631962 0.143926 -0.648245 49.698833 -0.622047 -6.192215 0.353029 -1.511151 -0.03194 20.222788 3.684307 2.316627 18.78727 4e-06 -2e-06 10.751627 -0.479869 1.397906 1e-06 2e-06 -0.0 3.273807 0.305946 -0.58011 21.486809 11.830371 2.266131 8.162927 3e-06 -2e-06 18.39908 -3.798983 -4.940576 5e-06 0.0 -1e-06 -8.747532 10.109729 -14.681131 0.005221 0.18828 17.336618 3.132977 1.743713 0.724186 1.655054 -1.886706 0.21054 -0.0 0.0 2e-06 -15.212059 -13.692535 9.862615 0.118328 0.234696 42.610203 0.538084 -0.025719 6.857972 -1.470903 0.747338 -14.515306 0.0 1e-06 -4e-06 
0.0 0.0 0.0 0.0 -0.0 0.0 -32.269432 97.854439 305.253937 5.492243 -9.331747 -5.605797 -2.292845 0.44839 -2.757048 -0.840275 2.591959 -6.272623 -2.789913 1.023203 16.297173 -0.459629 3.187894 7.904704 -0.407124 0.999353 -3.587363 0.61855 0.228382 -10.121481 7.7e-05 -2.2e-05 6e-06 0.043045 0.016697 0.111494 0.703316 -3.70269 -10.374542 -0.627974 3.732595 -10.397843 -13.200208 -8.164404 17.28046 -54.554749 -14.305371 37.005936 0.302897 -32.240681 -0.092979 -6.123058 2.948865 -29.286459 -5.88211 9.86129 0.702587 -10.936878 -0.360576 7.156207 1e-06 8.77483 -0.0 -16.863647 17.853003 5.581525 -1.844034 2.498505 -2.50728 -10.163606 4.678947 4.621109 -20.97604 -5e-06 -2e-06 -21.226301 2.451694 -3.594003 1e-06 -5e-06 1e-06 -1.362682 2.240799 -0.746324 -21.334929 0.584908 3.008319 -13.82122 -3e-06 -1e-06 -23.887184 -0.249082 -0.839486 -60.801647 2.490664 -1.207714 -0.294025 1.679688 0.833255 -14.218219 0.093214 1.300578 -34.212074 -0.287566 0.967167 -20.033226 0.964534 1.212842 0.0 -1e-06 0.0 -3.440391 0.788233 0.501655 -15.928192 -3.167311 2.999705 -6.338829 -1e-06 0.0 -18.123459 3.648181 -4.905674 -4e-06 1e-06 -1e-06 16.606632 16.31797 20.387928 48.556107 12.335987 29.275898 0.200542 45.200283 0.362751 -0.128112 -9.142076 -26.039139 2.243543 -5.255039 -3.180159 14.282896 -0.826596 6.952505 -2e-06 -12.690608 1e-06 16.232792 -17.307533 2.582723 1.665667 -1.955923 -2.878299 4.727801 -4.17059 4.993927 11.020531 2e-06 -1e-06 12.109058 -3.735719 -2.866783 -0.0 0.0 -0.0 1.291986 -1.92855 -1.498091 14.800136 0.567466 3.865609 14.242577 -1.341737 -6.66066 19.631973 0.143925 -0.648245 49.549591 -0.65255 -6.123311 0.353029 -1.51115 -0.031939 20.222797 3.684309 2.31663 18.787279 3e-06 -1e-06 10.751632 -0.479868 1.397906 1e-06 1e-06 -0.0 3.273808 0.305947 -0.580111 21.486824 11.830378 2.266134 8.16293 1e-06 1e-06 18.399092 -3.798987 -4.940576 5e-06 0.0 -1e-06 -8.83313 10.45186 -12.107487 0.057211 0.230121 17.406118 3.487635 1.728533 -1.393689 1.643841 -1.918347 -0.057062 -0.0 0.0 2e-06 -15.981103 -14.063027 6.018446 0.145009 0.08748 51.308693 -1.046062 -1.15907 12.421613 -1.363842 0.805803 -6.865253 -0.0 0.0 0.0 
0.0 0.0 0.0 0.0 -0.0 0.0 -32.099403 98.062347 308.103912 5.344924 -9.280588 -6.116922 -2.34524 0.348324 -2.348978 -0.846109 2.356827 -6.127104 -2.521486 0.778676 16.260187 -0.521079 3.274134 8.038667 -0.320795 1.053638 -3.608004 0.518046 0.545706 -10.63609 7.7e-05 -2.2e-05 6e-06 0.040025 0.027183 0.126583 0.708812 -3.694723 -10.389584 -0.639724 3.748897 -10.41103 -13.182555 -8.456529 17.276234 -54.160835 -15.045988 37.933865 0.274161 -32.183784 -0.187126 -5.968585 2.797854 -29.717464 -5.882116 9.8613 0.702589 -10.936885 -0.360575 7.156208 -1e-06 8.774837 -1e-06 -16.880047 17.912661 5.651577 -1.844035 2.498508 -2.507281 -10.163614 4.678952 4.621108 -20.976053 -1e-06 -1e-06 -21.226315 2.451701 -3.594009 1e-06 -5e-06 -0.0 -1.362684 2.240801 -0.746325 -21.334942 0.584913 3.008322 -13.82123 0.0 -1e-06 -23.887203 -0.24908 -0.83949 -60.822021 2.454897 -1.09969 -0.294025 1.67969 0.833256 -14.218229 0.093217 1.30058 -34.212097 -0.287561 0.967163 -20.033241 0.964536 1.212841 0.0 -1e-06 0.0 -3.440393 0.788234 0.501655 -15.928206 -3.167311 2.999707 -6.338834 -0.0 0.0 -18.123472 3.648188 -4.905682 -4e-06 1e-06 1e-06 16.466127 16.302982 20.278044 48.19923 12.624039 29.672262 0.159796 45.141251 0.270901 0.424596 -9.46941 -25.196009 2.243544 -5.255042 -3.180161 14.282904 -0.826596 6.952505 -0.0 -12.690617 2e-06 16.155352 -17.218964 2.635242 1.665667 -1.955922 -2.878302 4.727803 -4.170593 4.993927 11.020536 2e-06 -3e-06 12.109062 -3.73572 -2.866788 1e-06 0.0 -0.0 1.291987 -1.928552 -1.498091 14.800142 0.567468 3.865608 14.242586 -1.341739 -6.660665 19.631987 0.143925 -0.648245 49.439903 -0.696647 -6.055208 0.35303 -1.511153 -0.031939 20.222809 3.684311 2.31663 18.787289 4e-06 -3e-06 10.751637 -0.479871 1.397906 1e-06 0.0 -0.0 3.27381 0.305947 -0.580112 21.486832 11.830384 2.266135 8.162936 0.0 -2e-06 18.399103 -3.79899 -4.940583 5e-06 0.0 -1e-06 -8.682887 10.608508 -9.457491 0.100666 0.244195 17.148325 3.666429 1.716184 -3.256994 1.624358 -1.933617 -0.089313 -0.0 0.0 2e-06 -15.920264 -14.356009 2.412946 0.133926 -0.045726 58.210377 -1.859816 -1.5588 13.35371 -1.351308 0.874585 -3.224473 -0.0 -0.0 -1e-06 
0.0 0.0 0.0 0.0 -0.0 0.0 -32.005428 98.311798 310.909424 4.798366 -9.004516 -6.438613 -2.162859 0.229729 -2.058373 -0.814478 2.060854 -6.026664 -2.167771 0.492127 16.306494 -0.442602 3.306316 8.274748 -0.328139 1.108656 -3.614775 0.530687 0.682354 -11.013213 7.7e-05 -2.2e-05 6e-06 0.035366 0.039271 0.129883 0.703123 -3.683825 -10.412619 -0.642948 3.76522 -10.430959 -13.023443 -8.806175 17.252377 -53.898865 -16.054525 38.345467 0.147252 -31.956871 -0.208037 -5.539196 2.753306 -29.589643 -5.88211 9.861289 0.702592 -10.936877 -0.360574 7.156212 0.0 8.774829 -0.0 -16.843307 18.006069 5.77455 -1.844033 2.498504 -2.507278 -10.163604 4.678948 4.621112 -20.976036 -5e-06 2e-06 -21.226297 2.451695 -3.594001 -0.0 -4e-06 -1e-06 -1.362682 2.240798 -0.746324 -21.334925 0.58491 3.008324 -13.821218 -2e-06 0.0 -23.88718 -0.249079 -0.839485 -60.868603 2.45344 -0.973821 -0.294025 1.679688 0.833255 -14.218215 0.093214 1.30058 -34.212067 -0.287565 0.967172 -20.033226 0.964538 1.212844 1e-06 1e-06 0.0 -3.440391 0.788233 0.501657 -15.928198 -3.16731 2.999708 -6.338828 1e-06 1e-06 -18.123453 3.648183 -4.905672 -5e-06 0.0 -0.0 16.364264 16.30595 20.281229 48.191765 13.167539 29.511011 0.113011 44.336857 0.203219 0.249929 -10.051743 -24.091978 2.243541 -5.255037 -3.180161 14.282896 -0.826594 6.952507 -4e-06 -12.690609 1e-06 16.094889 -17.151833 2.677949 1.665666 -1.955922 -2.8783 4.7278 -4.170588 4.993928 11.020529 3e-06 -1e-06 12.109056 -3.735716 -2.866785 1e-06 0.0 -0.0 1.291985 -1.928549 -1.49809 14.800134 0.567471 3.86561 14.242575 -1.341734 -6.660659 19.631973 0.143927 -0.648243 49.401302 -0.677818 -5.983374 0.353029 -1.511151 -0.031939 20.222801 3.684313 2.316632 18.787283 7e-06 -0.0 10.751633 -0.479869 1.397907 1e-06 0.0 -0.0 3.273809 0.305948 -0.580111 21.486824 11.83038 2.266135 8.16293 2e-06 -0.0 18.399092 -3.798986 -4.940575 6e-06 1e-06 -1e-06 -8.081407 10.580027 -6.734361 0.087222 0.195487 16.444307 3.613763 1.600208 -4.823712 1.613822 -1.941494 -0.054533 -0.0 0.0 2e-06 -14.807743 -14.679742 -0.920191 0.111523 -0.140196 62.542023 -1.850152 -1.478033 11.191194 -1.361903 0.889857 -2.493964 -0.0 -0.0 -0.0 
0.0 0.0 0.0 0.0 -0.0 0.0 -31.982347 98.565094 313.623871 3.960407 -8.596902 -6.597716 -1.825605 0.100889 -1.845995 -0.725676 1.760414 -5.935081 -1.772493 0.152305 16.320385 -0.278888 3.285414 8.53319 -0.332583 1.154761 -3.605791 0.53544 0.68293 -11.133619 7.7e-05 -2.2e-05 6e-06 0.032371 0.053575 0.123012 0.694385 -3.671733 -10.433743 -0.639359 3.782981 -10.453498 -12.674875 -9.241198 17.175585 -53.805012 -17.015524 38.289722 0.001325 -31.932238 -0.170926 -5.032504 2.805404 -29.109194 -5.882109 9.861289 0.702592 -10.936874 -0.360574 7.156207 -1e-06 8.774826 -1e-06 -16.776972 18.039625 5.867156 -1.844034 2.498505 -2.507278 -10.163602 4.678946 4.621108 -20.976027 -0.0 1e-06 -21.226292 2.451699 -3.594004 0.0 -4e-06 0.0 -1.362682 2.240799 -0.746324 -21.334917 0.584912 3.008321 -13.821216 -0.0 -1e-06 -23.887175 -0.249077 -0.839486 -60.833702 2.474153 -0.888359 -0.294026 1.679687 0.833257 -14.218212 0.093217 1.300582 -34.212059 -0.28756 0.967165 -20.033215 0.964537 1.212842 1e-06 1e-06 -0.0 -3.440389 0.788233 0.501653 -15.928189 -3.167309 2.999705 -6.338827 1e-06 -0.0 -18.123453 3.648184 -4.905676 -3e-06 0.0 1e-06 16.269411 16.231054 20.322538 48.388962 13.650248 28.816917 0.12803 43.64315 0.222499 -0.307084 -10.529285 -23.443245 2.243543 -5.255039 -3.180158 14.282898 -0.826597 6.952505 -1e-06 -12.690611 -1e-06 16.040565 -17.120989 2.72084 1.665668 -1.955923 -2.878299 4.727801 -4.17059 4.993926 11.020534 2e-06 -2e-06 12.109059 -3.73572 -2.866786 -1e-06 0.0 -0.0 1.291986 -1.928549 -1.498088 14.800134 0.567466 3.865608 14.24258 -1.341739 -6.660661 19.631981 0.143925 -0.648247 49.335415 -0.643103 -5.962027 0.353028 -1.51115 -0.03194 20.222801 3.684309 2.316629 18.787281 4e-06 -3e-06 10.75163 -0.479868 1.397906 1e-06 0.0 -2e-06 3.273808 0.305946 -0.580112 21.486822 11.83038 2.266131 8.16293 1e-06 -2e-06 18.399094 -3.798987 -4.940581 5e-06 -0.0 -2e-06 -7.186662 10.438656 -4.124352 0.048063 0.10913 15.481734 3.434995 1.405791 -6.102368 1.613458 -1.936396 -0.009556 -0.0 0.0 2e-06 -12.95507 -15.099749 -4.118369 0.090849 -0.21188 64.375336 -1.511501 -1.299793 8.716208 -1.351455 0.871211 -2.292112 -0.0 1e-06 -0.0 
0.0 0.0 0.0 0.0 -0.0 0.0 -32.030739 98.766205 316.175171 2.995992 -8.114296 -6.666727 -1.468271 -0.031986 -1.636642 -0.610618 1.427704 -5.85401 -1.348866 -0.20981 16.295244 -0.022394 3.183619 8.702304 -0.300811 1.20405 -3.581733 0.466919 0.644239 -11.097479 7.7e-05 -2.3e-05 6e-06 0.03063 0.053048 0.112668 0.690895 -3.673335 -10.44841 -0.638114 3.783229 -10.469246 -12.257045 -9.700082 17.103624 -53.606903 -17.789204 37.939465 -0.102108 -32.460068 -0.123753 -4.712436 2.826792 -28.648884 -5.882106 9.861286 0.702592 -10.936873 -0.360577 7.156206 1e-06 8.774826 -1e-06 -16.702175 18.050543 5.908358 -1.844032 2.498505 -2.507278 -10.163602 4.678946 4.621109 -20.97603 -5e-06 2e-06 -21.226292 2.451694 -3.594 2e-06 -5e-06 -0.0 -1.362681 2.240798 -0.746324 -21.334917 0.584908 3.008325 -13.821216 -3e-06 2e-06 -23.887175 -0.249082 -0.839481 -60.751022 2.529156 -0.861292 -0.294025 1.679688 0.833256 -14.218211 0.093214 1.300583 -34.212048 -0.287568 0.967171 -20.033218 0.964534 1.212845 0.0 1e-06 -1e-06 -3.440389 0.788232 0.501656 -15.928189 -3.167313 2.999707 -6.338826 -0.0 0.0 -18.123453 3.648182 -4.905673 -2e-06 2e-06 0.0 16.305252 16.077009 20.275888 48.510807 13.79425 27.919275 0.195082 43.632305 0.274351 -0.749016 -10.661434 -23.43825 2.243542 -5.255038 -3.180159 14.282898 -0.826594 6.952507 -4e-06 -12.690609 1e-06 15.988681 -17.123415 2.74431 1.665667 -1.955922 -2.878301 4.727801 -4.170589 4.993925 11.020534 5e-06 -1e-06 12.109058 -3.735717 -2.866784 -1e-06 0.0 -0.0 1.291985 -1.928549 -1.49809 14.800138 0.567469 3.865611 14.242579 -1.341735 -6.66066 19.631977 0.143928 -0.648243 49.233109 -0.62814 -6.012957 0.353029 -1.511151 -0.03194 20.222803 3.684313 2.316633 18.787285 5e-06 3e-06 10.751635 -0.479868 1.397909 2e-06 2e-06 -1e-06 3.273808 0.305947 -0.580111 21.486826 11.83038 2.266135 8.162931 3e-06 -1e-06 18.399092 -3.798987 -4.940575 3e-06 0.0 -1e-06 -6.029472 10.227354 -1.679067 0.005405 0.023179 14.543524 3.055943 1.144001 -7.338354 1.617696 -1.90504 0.063925 -0.0 -0.0 2e-06 -10.662095 -15.534834 -7.224008 0.066652 -0.276436 63.916939 -0.786586 -0.994173 6.585167 -1.34054 0.839592 -2.310014 -1e-06 0.0 -1e-06 
0.0 0.0 0.0 0.0 -0.0 0.0 -32.143547 98.86824 318.611542 2.075562 -7.63799 -6.676528 -1.144127 -0.123765 -1.442595 -0.498714 1.115999 -5.788039 -0.954354 -0.557768 16.292858 0.269711 3.004645 8.759881 -0.255604 1.270862 -3.564791 0.379377 0.578668 -11.01971 7.7e-05 -2.2e-05 6e-06 0.029145 0.033261 0.101061 0.692008 -3.692672 -10.464135 -0.640897 3.762516 -10.48001 -11.955564 -10.116805 17.024435 -53.078213 -18.352337 37.429337 -0.185689 -33.592407 -0.075489 -4.579954 2.774554 -28.117887 -5.882109 9.861292 0.702587 -10.936874 -0.360574 7.156208 -1e-06 8.774829 -1e-06 -16.63269 18.090799 5.915066 -1.844034 2.498507 -2.50728 -10.163604 4.678947 4.621107 -20.97603 -1e-06 -2e-06 -21.226297 2.4517 -3.594005 2e-06 -5e-06 -1e-06 -1.362682 2.240799 -0.746322 -21.334917 0.584912 3.008322 -13.821217 -2e-06 -1e-06 -23.887175 -0.249077 -0.839489 -60.682289 2.582443 -0.874521 -0.294024 1.679687 0.833256 -14.218212 0.093216 1.300579 -34.212059 -0.287562 0.967163 -20.03322 0.964537 1.21284 1e-06 -0.0 0.0 -3.44039 0.788235 0.501654 -15.928189 -3.167309 2.999709 -6.338828 -1e-06 -0.0 -18.123453 3.648185 -4.905675 -4e-06 1e-06 -1e-06 16.534065 15.834251 20.1779 48.450077 13.659462 27.038351 0.291134 44.181061 0.319458 -1.005469 -10.500477 -23.770542 2.243543 -5.255038 -3.180157 14.282891 -0.826596 6.952499 -1e-06 -12.690605 -2e-06 15.955625 -17.151316 2.76765 1.665667 -1.955922 -2.878299 4.7278 -4.170589 4.993921 11.020529 1e-06 -1e-06 12.109055 -3.735719 -2.866786 -1e-06 -0.0 -0.0 1.291986 -1.928549 -1.498089 14.800129 0.567465 3.865606 14.242571 -1.341739 -6.660661 19.631968 0.143925 -0.648247 49.164772 -0.661037 -6.069185 0.353029 -1.511152 -0.031939 20.222794 3.684309 2.316627 18.787271 3e-06 -4e-06 10.751629 -0.47987 1.397905 2e-06 2e-06 -1e-06 3.273808 0.305946 -0.58011 21.486813 11.830374 2.26613 8.162929 2e-06 -2e-06 18.399084 -3.798985 -4.940579 3e-06 1e-06 -1e-06 -4.868871 9.989591 0.535963 -0.02064 -0.035066 13.862496 2.698095 0.869841 -8.700868 1.625951 -1.858308 0.158152 -0.0 0.0 2e-06 -8.220408 -15.816845 -10.19313 0.023111 -0.34516 61.345005 0.018302 -0.86186 4.840199 -1.348243 0.818506 -2.445759 1e-06 1e-06 -2e-06 
0.0 0.0 0.0 0.0 -0.0 0.0 -32.327919 98.889328 321.026337 1.265402 -7.241807 -6.593833 -0.830161 -0.154139 -1.304092 -0.395562 0.868582 -5.759108 -0.620772 -0.84693 16.34462 0.549308 2.801297 8.745108 -0.22984 1.311078 -3.5565 0.308517 0.493449 -10.960919 7.7e-05 -2.2e-05 6e-06 0.028869 0.003635 0.090636 0.693371 -3.720389 -10.474035 -0.641658 3.731055 -10.480563 -11.812557 -10.463468 16.899479 -52.312065 -18.782125 36.941154 -0.227572 -35.044544 -0.028473 -4.461385 2.687405 -27.567272 -5.882112 9.861297 0.702592 -10.936883 -0.360575 7.156212 1e-06 8.774836 -1e-06 -16.542397 18.178202 5.943324 -1.844033 2.498507 -2.507281 -10.16361 4.67895 4.621113 -20.976044 -5e-06 1e-06 -21.226309 2.451698 -3.594002 2e-06 -6e-06 0.0 -1.362683 2.2408 -0.746324 -21.334938 0.58491 3.008325 -13.821229 -2e-06 2e-06 -23.887196 -0.249079 -0.839484 -60.623878 2.625063 -0.897708 -0.294025 1.67969 0.833259 -14.218225 0.093214 1.300581 -34.212086 -0.287567 0.967169 -20.033236 0.964537 1.212845 1e-06 -0.0 0.0 -3.440392 0.788234 0.501656 -15.928205 -3.167313 2.999708 -6.338832 -0.0 0.0 -18.123466 3.648187 -4.905678 -5e-06 1e-06 -1e-06 16.916252 15.520381 20.08732 48.236431 13.37091 26.163263 0.411592 44.933006 0.350969 -1.1645 -10.161304 -24.21051 2.243544 -5.255042 -3.180159 14.282902 -0.826596 6.952506 -3e-06 -12.690612 -1e-06 15.960129 -17.213804 2.781676 1.665668 -1.955922 -2.878299 4.727802 -4.170591 4.993926 11.020536 4e-06 -1e-06 12.109062 -3.735719 -2.866786 -1e-06 -0.0 -0.0 1.291986 -1.928551 -1.49809 14.800139 0.567468 3.865608 14.242584 -1.341737 -6.660661 19.631985 0.143927 -0.648246 49.181427 -0.720335 -6.107335 0.353029 -1.511152 -0.031939 20.222807 3.684313 2.31663 18.787289 5e-06 -2e-06 10.751636 -0.479868 1.397905 2e-06 1e-06 1e-06 3.27381 0.305947 -0.580112 21.486832 11.830384 2.266134 8.162935 3e-06 -1e-06 18.399096 -3.798985 -4.940581 4e-06 0.0 -1e-06 -3.80369 9.748957 2.55674 -0.030905 -0.053645 13.22124 2.436995 0.618262 -9.921584 1.635087 -1.808171 0.248054 -0.0 0.0 2e-06 -5.816965 -15.849543 -12.909258 -0.043937 -0.409322 56.7831 0.655968 -1.188178 3.469673 -1.366846 0.815302 -2.641925 -0.0 1e-06 -3e-06 
0.0 0.0 0.0 0.0 -0.0 0.0 -32.594318 98.828873 323.481598 0.633799 -6.935503 -6.408036 -0.549375 -0.149027 -1.227105 -0.307902 0.670401 -5.769996 -0.362578 -1.04221 16.4242 0.808735 2.56818 8.704152 -0.24585 1.275366 -3.554953 0.276193 0.434444 -10.968281 7.7e-05 -2.2e-05 6e-06 0.02634 -0.039769 0.084986 0.688428 -3.761916 -10.480454 -0.640879 3.686392 -10.475756 -11.75562 -10.760496 16.741892 -51.522537 -19.094477 36.320091 -0.254885 -36.608448 0.021711 -4.217813 2.659281 -27.172626 -5.882105 9.861285 0.702588 -10.93687 -0.360575 7.156202 0.0 8.774824 -2e-06 -16.43104 18.290037 5.987387 -1.844032 2.498504 -2.507276 -10.163599 4.678943 4.621105 -20.976021 -2e-06 -0.0 -21.226286 2.451694 -3.594002 0.0 -6e-06 -0.0 -1.362681 2.240798 -0.746323 -21.334911 0.584909 3.00832 -13.82121 -2e-06 0.0 -23.887163 -0.249081 -0.839485 -60.589897 2.65734 -0.943801 -0.294024 1.679687 0.833254 -14.218207 0.093216 1.300579 -34.212048 -0.287564 0.967165 -20.033213 0.964536 1.21284 1e-06 -0.0 1e-06 -3.440389 0.788234 0.501656 -15.928183 -3.167309 2.999702 -6.338824 -0.0 0.0 -18.123444 3.648181 -4.905673 -4e-06 0.0 -1e-06 17.346195 15.162789 19.99839 48.051895 13.042032 25.247961 0.578889 45.50132 0.391716 -1.332043 -9.753686 -24.609524 2.243542 -5.255037 -3.180158 14.282891 -0.826595 6.952499 1e-06 -12.690607 -2e-06 16.009747 -17.297554 2.77778 1.665667 -1.955922 -2.878298 4.7278 -4.170588 4.993923 11.020526 1e-06 -2e-06 12.109055 -3.735718 -2.866786 0.0 0.0 1e-06 1.291985 -1.928549 -1.498089 14.800127 0.567466 3.865608 14.242569 -1.341741 -6.660657 19.631968 0.143921 -0.648247 49.262264 -0.795958 -6.149412 0.353029 -1.511151 -0.031939 20.222788 3.684307 2.316629 18.78727 1e-06 -1e-06 10.751629 -0.479871 1.397903 2e-06 0.0 -0.0 3.273806 0.305948 -0.580111 21.486809 11.830373 2.266134 8.162929 -0.0 -1e-06 18.399082 -3.798987 -4.940578 4e-06 1e-06 -1e-06 -2.922824 9.513836 4.504083 -0.027474 -0.045836 12.460548 2.244258 0.455594 -11.166261 1.643511 -1.773387 0.354625 0.0 0.0 2e-06 -3.589512 -15.703137 -15.303558 -0.098985 -0.414352 50.239292 1.104405 -1.802964 2.703998 -1.386553 0.837163 -2.903758 -0.0 1e-06 -1e-06 
0.0 0.0 0.0 0.0 -0.0 0.0 -32.929665 98.685776 325.958313 0.224909 -6.724599 -6.101623 -0.310071 -0.133251 -1.259491 -0.249789 0.497789 -5.807323 -0.218747 -1.12614 16.506794 1.03718 2.348893 8.671163 -0.292415 1.168508 -3.566638 0.270124 0.390438 -11.030277 7.7e-05 -2.3e-05 6e-06 0.020578 -0.072385 0.088364 0.673657 -3.796095 -10.481697 -0.636976 3.655874 -10.467527 -11.730838 -10.990715 16.591269 -50.901855 -19.239155 35.624996 -0.201819 -38.040642 0.020289 -3.880482 2.663064 -27.112858 -5.882107 9.861286 0.70259 -10.936871 -0.360574 7.156206 -0.0 8.774824 0.0 -16.359987 18.38035 6.008399 -1.844032 2.498505 -2.507278 -10.163601 4.678946 4.621109 -20.976021 -0.0 1e-06 -21.226288 2.451695 -3.594005 0.0 -7e-06 -1e-06 -1.362682 2.240799 -0.746324 -21.334913 0.584912 3.008321 -13.821215 -0.0 1e-06 -23.887173 -0.249079 -0.839485 -60.548759 2.666096 -0.980397 -0.294026 1.679686 0.833256 -14.218211 0.093217 1.300582 -34.212051 -0.287561 0.967165 -20.033213 0.964538 1.212841 1e-06 -0.0 0.0 -3.440389 0.788232 0.501653 -15.928185 -3.167307 2.999706 -6.338825 -1e-06 1e-06 -18.123444 3.648183 -4.905674 -5e-06 0.0 -3e-06 17.730824 14.847327 19.897537 48.033878 12.723635 24.369158 0.767773 45.627735 0.432171 -1.572555 -9.367286 -24.876127 2.243543 -5.255037 -3.180157 14.282892 -0.826598 6.952503 0.0 -12.690601 0.0 16.074518 -17.371803 2.774889 1.665667 -1.955922 -2.878299 4.727801 -4.170588 4.993925 11.020528 2e-06 -2e-06 12.109055 -3.735717 -2.866783 0.0 0.0 -1e-06 1.291986 -1.928549 -1.498089 14.800129 0.567465 3.865606 14.242576 -1.341737 -6.660659 19.631971 0.143923 -0.648247 49.367989 -0.860296 -6.171503 0.35303 -1.51115 -0.031941 20.222795 3.684305 2.316629 18.787273 3e-06 -2e-06 10.751633 -0.47987 1.397904 0.0 0.0 -1e-06 3.273808 0.305946 -0.58011 21.486814 11.83037 2.266134 8.16293 -1e-06 -0.0 18.39909 -3.798988 -4.94058 3e-06 1e-06 -0.0 -2.273498 9.30817 6.391139 -0.023389 -0.019984 11.485282 2.083536 0.336473 -12.291256 1.649936 -1.768201 0.481707 0.0 -0.0 2e-06 -1.688053 -15.518111 -17.178146 -0.090459 -0.321622 42.189816 1.294771 -2.657077 2.912755 -1.403836 0.887113 -3.131642 -0.0 1e-06 -2e-06 
0.0 0.0 0.0 0.0 -0.0 0.0 -33.30714 98.481041 328.416656 -0.02183 -6.591391 -5.655298 -0.054375 -0.121825 -1.431032 -0.208994 0.348407 -5.873393 -0.206722 -1.120664 16.590008 1.178161 2.178112 8.632754 -0.324857 0.987464 -3.578826 0.276447 0.360411 -11.072301 7.7e-05 -2.2e-05 6e-06 0.0126 -0.080982 0.096635 0.655677 -3.809322 -10.484986 -0.634482 3.651749 -10.464409 -11.765849 -11.132542 16.477167 -50.478317 -19.231657 34.948708 -0.070834 -39.176804 -0.038457 -3.531875 2.633951 -27.334133 -5.882108 9.861292 0.702588 -10.936877 -0.360578 7.156204 2e-06 8.77483 -1e-06 -16.362801 18.421892 5.980014 -1.844034 2.498507 -2.507278 -10.163604 4.678945 4.621108 -20.976034 -8e-06 1e-06 -21.226297 2.451694 -3.594001 1e-06 -6e-06 -1e-06 -1.362682 2.240799 -0.746324 -21.334925 0.584906 3.00832 -13.821221 -5e-06 1e-06 -23.887182 -0.249085 -0.839483 -60.484215 2.665917 -0.996673 -0.294025 1.67969 0.833254 -14.218216 0.093213 1.300577 -34.212067 -0.287573 0.967166 -20.033226 0.964533 1.212843 0.0 1e-06 1e-06 -3.440389 0.788233 0.501655 -15.928196 -3.167316 2.999706 -6.338829 -2e-06 2e-06 -18.123453 3.64818 -4.905675 -4e-06 1e-06 -3e-06 18.056448 14.585951 19.731859 48.184734 12.378423 23.568783 0.981188 45.276772 0.494871 -1.963732 -9.054719 -25.16363 2.243544 -5.255041 -3.180157 14.282896 -0.826596 6.9525 -0.0 -12.690614 -0.0 16.127832 -17.40814 2.778678 1.665667 -1.955921 -2.878298 4.727799 -4.170589 4.993921 11.020529 3e-06 -3e-06 12.109058 -3.735717 -2.866789 0.0 -0.0 -0.0 1.291986 -1.92855 -1.498091 14.800132 0.567468 3.865605 14.242579 -1.341739 -6.660663 19.631973 0.143926 -0.648248 49.484665 -0.877962 -6.155115 0.353029 -1.511152 -0.03194 20.222801 3.68431 2.316627 18.787277 6e-06 -4e-06 10.751634 -0.479866 1.397903 -0.0 0.0 0.0 3.273808 0.305947 -0.580112 21.48682 11.83038 2.26613 8.16293 1e-06 -3e-06 18.399092 -3.798984 -4.940581 5e-06 0.0 -0.0 -1.786451 9.165525 8.31882 -0.021898 0.029688 10.158316 1.941153 0.211408 -13.232328 1.652736 -1.788543 0.555513 -0.0 0.0 2e-06 -0.043079 -15.496731 -18.489294 -0.016865 -0.183215 32.790276 1.162799 -3.578747 4.356534 -1.41735 0.958604 -3.197138 0.0 -0.0 -1e-06 
0.0 0.0 0.0 0.0 -0.0 0.0 -33.742359 98.232529 330.901489 -0.186466 -6.478039 -5.092719 0.253916 -0.097614 -1.711169 -0.167601 0.250402 -5.978577 -0.308652 -1.116893 16.66997 1.194539 2.086306 8.560542 -0.322151 0.787926 -3.586072 0.289218 0.313286 -11.040076 7.7e-05 -2.3e-05 6e-06 0.003702 -0.073041 0.101071 0.643935 -3.805563 -10.505033 -0.64027 3.663491 -10.482404 -11.876581 -11.201624 16.445969 -50.228779 -19.142368 34.335541 0.054387 -39.891926 -0.084973 -3.278739 2.578865 -27.534662 -5.882108 9.861287 0.702588 -10.936874 -0.360575 7.156205 0.0 8.774826 -2e-06 -16.418835 18.398737 5.901108 -1.844033 2.498505 -2.507278 -10.163601 4.678946 4.621108 -20.976027 -4e-06 0.0 -21.22629 2.451695 -3.594 1e-06 -7e-06 -1e-06 -1.362681 2.240798 -0.746325 -21.334919 0.584909 3.008324 -13.821218 -2e-06 1e-06 -23.887175 -0.24908 -0.839483 -60.439442 2.694625 -1.027183 -0.294024 1.679687 0.833256 -14.218213 0.093214 1.300581 -34.212063 -0.287567 0.967171 -20.033218 0.964537 1.212844 0.0 1e-06 0.0 -3.44039 0.788234 0.501655 -15.928189 -3.16731 2.999709 -6.338827 -2e-06 0.0 -18.123447 3.648184 -4.905674 -5e-06 1e-06 -2e-06 18.301498 14.350212 19.543646 48.445339 11.99974 22.889359 1.156957 44.557995 0.557771 -2.41771 -8.840961 -25.556168 2.243541 -5.255037 -3.180158 14.282893 -0.826594 6.952504 -3e-06 -12.690605 2e-06 16.167509 -17.404911 2.786717 1.665666 -1.955921 -2.878299 4.727798 -4.170588 4.993924 11.020526 3e-06 1e-06 12.109053 -3.735715 -2.866785 0.0 0.0 -1e-06 1.291986 -1.92855 -1.498089 14.800131 0.567469 3.865608 14.242575 -1.341737 -6.660657 19.631969 0.143927 -0.648244 49.642788 -0.825065 -6.106293 0.353029 -1.511151 -0.03194 20.222797 3.684311 2.316631 18.787273 6e-06 -0.0 10.751627 -0.47987 1.397908 -0.0 -0.0 1e-06 3.273807 0.305947 -0.580111 21.486816 11.830377 2.266133 8.16293 1e-06 1e-06 18.399084 -3.798985 -4.940575 5e-06 1e-06 -0.0 -1.300588 9.105013 10.467717 -0.012951 0.085244 8.085245 1.696955 0.058963 -13.878936 1.652863 -1.82348 0.512679 0.0 -0.0 2e-06 1.457679 -15.869526 -19.196131 0.076897 -0.09388 22.360321 1.131431 -4.130016 6.501012 -1.420606 1.016524 -3.019869 0.0 1e-06 -1e-06 
0.0 0.0 0.0 0.0 -0.0 0.0 -34.292393 97.895058 333.518402 -0.237766 -6.311262 -4.471834 0.572967 -0.041064 -2.035697 -0.138471 0.199672 -6.126764 -0.506893 -1.135618 16.710855 1.167941 2.063668 8.435836 -0.330606 0.641834 -3.579831 0.255585 0.168184 -10.897865 7.7e-05 -2.2e-05 6e-06 -0.001474 -0.046678 0.099304 0.644734 -3.780234 -10.533924 -0.651542 3.691425 -10.514511 -12.063587 -11.245111 16.488466 -50.075745 -19.006296 34.027557 0.197285 -40.160412 -0.113209 -3.295496 2.567654 -27.587641 -5.882112 9.861295 0.70259 -10.936878 -0.360574 7.156208 -0.0 8.774833 -1e-06 -16.509396 18.351913 5.817825 -1.844035 2.498506 -2.50728 -10.16361 4.678951 4.621113 -20.97604 -2e-06 0.0 -21.226307 2.4517 -3.594007 1e-06 -6e-06 -1e-06 -1.362684 2.240802 -0.746325 -21.33493 0.584913 3.008323 -13.821225 -1e-06 -1e-06 -23.887188 -0.249079 -0.839489 -60.452831 2.748658 -1.16064 -0.294026 1.679688 0.833257 -14.218221 0.093216 1.300578 -34.212082 -0.287563 0.967162 -20.033232 0.964535 1.212838 1e-06 1e-06 0.0 -3.440392 0.788235 0.501655 -15.928201 -3.16731 2.999708 -6.33883 1e-06 1e-06 -18.123463 3.648186 -4.90568 -5e-06 1e-06 -2e-06 18.495016 14.12475 19.358667 48.716129 11.49698 22.448483 1.24166 43.766911 0.587943 -2.727977 -8.748592 -26.033741 2.243545 -5.255043 -3.180161 14.282896 -0.826595 6.952505 0.0 -12.690616 0.0 16.175747 -17.374647 2.792008 1.665668 -1.955924 -2.878302 4.7278 -4.17059 4.993925 11.020534 4e-06 -4e-06 12.109059 -3.735719 -2.866789 -1e-06 0.0 -1e-06 1.291987 -1.928551 -1.498091 14.800136 0.567466 3.865607 14.24258 -1.341738 -6.660666 19.631977 0.143928 -0.648251 49.8386 -0.726742 -6.082253 0.35303 -1.511152 -0.03194 20.222803 3.684311 2.316627 18.787285 5e-06 -4e-06 10.751634 -0.479868 1.397905 -0.0 -1e-06 1e-06 3.273809 0.305947 -0.580112 21.486824 11.830383 2.266131 8.16293 -1e-06 -3e-06 18.399096 -3.798986 -4.940583 6e-06 1e-06 -1e-06 -0.855412 9.212897 13.033362 0.00715 0.088881 5.313056 1.379816 -0.270623 -14.170827 1.655324 -1.83712 0.302711 -0.0 -0.0 2e-06 2.771831 -16.654377 -19.386829 0.172784 -0.131287 11.831212 2.300013 -4.068481 7.975296 -1.407772 1.053701 -2.86189 0.0 -0.0 -1e-06 
0.0 0.0 0.0 0.0 -0.0 0.0 -34.966206 97.445229 336.273132 -0.183376 -6.100474 -3.875563 0.854215 0.022377 -2.345512 -0.140679 0.195742 -6.303162 -0.755142 -1.172436 16.70599 1.179155 2.08023 8.321468 -0.346897 0.610191 -3.583238 0.131256 0.007926 -10.602073 7.7e-05 -2.2e-05 6e-06 0.001891 -0.003454 0.08384 0.653728 -3.73649 -10.560842 -0.654033 3.736178 -10.54461 -12.304853 -11.303761 16.506565 -49.930859 -18.758299 34.309727 0.491355 -40.086697 -0.267995 -3.750136 2.711397 -27.455101 -5.882107 9.861287 0.702593 -10.936875 -0.360575 7.156205 1e-06 8.774826 -2e-06 -16.550217 18.343649 5.825212 -1.844034 2.498505 -2.507275 -10.163603 4.678946 4.621109 -20.97603 -6e-06 2e-06 -21.226292 2.451696 -3.594 0.0 -6e-06 -1e-06 -1.362681 2.240799 -0.746324 -21.334919 0.584907 3.008321 -13.821217 -3e-06 3e-06 -23.887175 -0.249082 -0.83948 -60.51918 2.770849 -1.327344 -0.294025 1.679686 0.833255 -14.218212 0.093214 1.30058 -34.212063 -0.287568 0.967172 -20.03322 0.964535 1.212843 1e-06 -0.0 0.0 -3.44039 0.788233 0.501654 -15.928192 -3.16731 2.999705 -6.338827 -1e-06 1e-06 -18.123451 3.64818 -4.905672 -5e-06 1e-06 -1e-06 18.793531 13.980096 19.221066 48.803249 10.779752 22.41227 1.087433 43.183029 0.546949 -2.652087 -8.80581 -26.600229 2.243542 -5.255037 -3.180157 14.282892 -0.826594 6.952501 -3e-06 -12.690606 0.0 16.127487 -17.31875 2.791033 1.665667 -1.95592 -2.878298 4.727799 -4.170588 4.993923 11.020528 3e-06 -3e-06 12.109053 -3.735716 -2.866785 1e-06 0.0 -1e-06 1.291986 -1.928551 -1.498089 14.800129 0.567468 3.865605 14.242576 -1.341736 -6.660657 19.631969 0.143928 -0.648245 49.909119 -0.66039 -6.114263 0.353029 -1.51115 -0.031941 20.222795 3.684311 2.316628 18.787273 7e-06 -1e-06 10.751627 -0.479868 1.397907 -0.0 -0.0 0.0 3.273807 0.305947 -0.580112 21.486818 11.830378 2.266131 8.162929 2e-06 -1e-06 18.399082 -3.798985 -4.940578 5e-06 -0.0 -2e-06 -0.359126 9.451838 14.323408 0.018521 -0.006049 5.340637 1.018921 -0.792735 -15.083438 1.667545 -1.786814 -0.075528 0.0 0.0 2e-06 3.733902 -17.118793 -19.392807 0.241328 -0.218812 2.843821 5.203131 -3.906041 7.782563 -1.350422 1.107712 -2.91377 -0.0 -0.0 -1e-06 
0.0 0.0 0.0 0.0 -0.0 0.0 -35.727493 96.991905 339.179626 -0.155548 -5.790074 -3.365039 1.146595 0.036043 -2.631312 -0.161667 0.159781 -6.41273 -1.016559 -1.203491 16.73189 1.273286 2.028957 8.085217 -0.338072 0.77576 -3.562775 -0.16695 -0.07128 -10.331942 7.7e-05 -2.3e-05 6e-06 0.01086 0.007856 0.062199 0.653469 -3.725515 -10.566151 -0.636519 3.750922 -10.553057 -12.488723 -11.317764 16.265059 -49.926254 -18.335649 34.734367 0.568746 -39.718433 -0.346636 -4.300118 2.753156 -27.092915 -5.88211 9.86129 0.702591 -10.936878 -0.360574 7.156207 -0.0 8.77483 -2e-06 -16.526953 18.345741 5.86436 -1.844035 2.498507 -2.507277 -10.163605 4.678947 4.621109 -20.976034 -1e-06 2e-06 -21.226299 2.451697 -3.594003 1e-06 -6e-06 -1e-06 -1.362682 2.2408 -0.746325 -21.334925 0.584913 3.008324 -13.82122 -1e-06 2e-06 -23.887182 -0.249078 -0.839487 -60.773014 2.788964 -1.418132 -0.294025 1.679688 0.833256 -14.218216 0.093216 1.300581 -34.212067 -0.287563 0.967168 -20.033226 0.964536 1.212844 1e-06 1e-06 1e-06 -3.440391 0.788234 0.501656 -15.928198 -3.167309 2.99971 -6.338829 -1e-06 1e-06 -18.123459 3.648185 -4.905675 -4e-06 0.0 -2e-06 19.224802 13.908147 19.240274 48.689674 10.096712 22.489391 0.887051 42.716782 0.512162 -2.294901 -9.031803 -27.08576 2.243543 -5.255039 -3.180159 14.282894 -0.826596 6.952503 -1e-06 -12.690609 0.0 16.107723 -17.369787 2.757375 1.665667 -1.955922 -2.878299 4.727799 -4.17059 4.993925 11.020529 2e-06 -3e-06 12.109055 -3.735717 -2.866786 1e-06 -0.0 -1e-06 1.291986 -1.928551 -1.49809 14.800132 0.567467 3.865606 14.242576 -1.341738 -6.660662 19.631973 0.143926 -0.648248 49.672779 -0.772297 -6.310009 0.353029 -1.511152 -0.031939 20.222797 3.684309 2.316627 18.787275 4e-06 -2e-06 10.751628 -0.479869 1.397904 -0.0 -0.0 0.0 3.273808 0.305946 -0.580111 21.486816 11.830377 2.266129 8.16293 1e-06 -1e-06 18.399088 -3.798987 -4.940579 6e-06 1e-06 -1e-06 0.26875 9.492765 15.554721 0.003572 -0.123356 5.85855 0.587634 -1.328755 -15.653936 1.721493 -1.706074 -0.536084 -0.0 -0.0 2e-06 4.328894 -16.67918 -19.908529 0.159383 -0.230306 -2.271922 8.064952 -4.203915 6.47639 -1.271519 1.128553 -2.967155 -0.0 -0.0 -1e-06 
0.0 0.0 0.0 0.0 -0.0 0.0 -36.538044 96.538582 342.133057 -0.196078 -5.477605 -3.074409 1.385779 0.133879 -2.809764 -0.180956 -0.020453 -6.464806 -1.143117 -1.214094 16.876411 1.30375 1.986027 7.796859 -0.295868 0.949293 -3.534137 -0.431344 -0.06232 -10.405319 7.7e-05 -2.2e-05 6e-06 0.013509 0.01024 0.065754 0.648374 -3.71877 -10.537952 -0.626112 3.750694 -10.520496 -12.659784 -11.308378 16.363779 -50.067127 -18.0905 34.457264 0.386719 -39.245651 -0.335011 -4.629648 2.985706 -26.372534 -5.882105 9.861284 0.702588 -10.936867 -0.360575 7.1562 -0.0 8.774823 -3e-06 -16.578953 18.321234 5.929379 -1.844032 2.498504 -2.507279 -10.163597 4.678944 4.621107 -20.976019 -2e-06 -4e-06 -21.226286 2.451694 -3.594005 1e-06 -6e-06 -0.0 -1.362681 2.240798 -0.746324 -21.334906 0.58491 3.008318 -13.82121 -1e-06 -2e-06 -23.887165 -0.24908 -0.839487 -60.960052 2.756029 -1.245788 -0.294024 1.679686 0.833255 -14.218205 0.093216 1.300577 -34.212036 -0.287565 0.967164 -20.033209 0.964534 1.212839 0.0 1e-06 0.0 -3.440387 0.788234 0.501655 -15.928183 -3.16731 2.999702 -6.338825 -0.0 -1e-06 -18.123444 3.64818 -4.905674 -5e-06 0.0 -1e-06 19.590677 13.803127 19.352274 48.454124 9.745997 22.984114 0.562365 42.338493 0.339192 -1.956128 -9.189716 -27.521902 2.243543 -5.255038 -3.180157 14.282896 -0.826598 6.952503 -0.0 -12.690607 0.0 16.153486 -17.338865 2.716622 1.665667 -1.955922 -2.8783 4.727801 -4.170591 4.993926 11.020531 2e-06 -1e-06 12.109058 -3.735717 -2.866784 -0.0 -0.0 1e-06 1.291987 -1.92855 -1.498089 14.800134 0.567465 3.865608 14.242579 -1.341737 -6.66066 19.631975 0.143924 -0.648246 49.553265 -0.738638 -6.391814 0.353029 -1.511151 -0.03194 20.222799 3.684306 2.316631 18.787281 2e-06 -3e-06 10.751632 -0.479871 1.397905 0.0 -1e-06 0.0 3.273808 0.305946 -0.58011 21.486818 11.830372 2.266131 8.162931 1e-06 -2e-06 18.39909 -3.798988 -4.94058 5e-06 0.0 -1e-06 1.052504 9.40554 16.673517 0.019754 -0.264944 7.235707 0.09233 -1.801965 -15.841921 1.748814 -1.719627 -1.398367 -0.0 0.0 2e-06 4.392818 -15.508799 -20.692333 0.105339 -0.147055 -2.130229 7.960329 -4.349032 5.851543 -1.283036 1.127504 -3.214916 -0.0 -1e-06 -1e-06 
0.0 0.0 0.0 0.0 -0.0 0.0 -37.415169 96.2985 345.160309 -0.719078 -5.147175 -2.75082 1.869112 0.264228 -3.103326 -0.111466 -0.15539 -6.585011 -1.107056 -1.360317 17.206675 1.272789 1.925153 7.376391 -0.294956 1.078985 -3.494221 -0.656128 -0.110359 -10.386998 7.7e-05 -2.3e-05 6e-06 0.009925 0.012448 0.072284 0.641423 -3.709306 -10.504776 -0.625622 3.747178 -10.492446 -13.092542 -11.265733 16.472654 -50.182652 -17.653194 34.077053 0.223094 -38.630085 -0.265003 -4.687184 3.152627 -25.730701 -5.882108 9.861285 0.702592 -10.936876 -0.360576 7.156204 1e-06 8.774827 -1e-06 -16.630781 18.28635 5.963852 -1.844033 2.498506 -2.507279 -10.163604 4.678946 4.621109 -20.976034 -4e-06 -0.0 -21.226299 2.451694 -3.594001 1e-06 -7e-06 0.0 -1.362683 2.240799 -0.746324 -21.334921 0.584907 3.008321 -13.821218 -2e-06 1e-06 -23.88718 -0.249085 -0.839484 -60.992218 2.708613 -1.083168 -0.294025 1.679688 0.833258 -14.218214 0.093213 1.300578 -34.212063 -0.287569 0.967168 -20.033218 0.964534 1.212843 1e-06 -0.0 0.0 -3.44039 0.788234 0.501656 -15.928192 -3.167312 2.999706 -6.338827 -0.0 -2e-06 -18.123453 3.648183 -4.905674 -5e-06 1e-06 -2e-06 20.347589 13.532449 19.586124 47.61322 9.656997 23.581137 0.398953 42.018784 0.169719 -1.806868 -9.227409 -27.26757 2.243541 -5.255035 -3.180156 14.28289 -0.826594 6.952499 -2e-06 -12.690601 -1e-06 16.16818 -17.28933 2.699412 1.665666 -1.955921 -2.878299 4.727799 -4.170586 4.993922 11.020528 4e-06 -2e-06 12.109053 -3.735714 -2.866784 1e-06 -0.0 0.0 1.291985 -1.928548 -1.49809 14.800129 0.567469 3.865604 14.242574 -1.341734 -6.660657 19.631969 0.143927 -0.648244 49.56778 -0.669793 -6.363559 0.353029 -1.51115 -0.031939 20.222794 3.68431 2.316627 18.787275 6e-06 -1e-06 10.751629 -0.479866 1.397904 0.0 -1e-06 0.0 3.273807 0.305947 -0.580111 21.486814 11.830374 2.266131 8.162928 1e-06 -1e-06 18.399084 -3.798982 -4.940575 5e-06 1e-06 -1e-06 2.503434 9.33217 17.789291 0.052138 -0.350111 8.948905 -0.391321 -2.389412 -14.663122 1.782616 -1.76912 -3.0271 -0.0 0.0 2e-06 4.582365 -13.814278 -21.344225 0.118574 -0.10716 1.276273 4.571925 -4.149181 7.71177 -1.360165 1.112372 -3.436563 0.0 0.0 -0.0 
0.0 0.0 0.0 0.0 -0.0 0.0 -38.374836 96.276131 348.35672 -1.579314 -4.847828 -2.468019 2.404652 0.213416 -3.470422 -0.001568 -0.0515 -6.742908 -0.813496 -1.694874 17.486038 1.222069 1.902382 7.235226 -0.320815 1.279297 -3.51971 -0.853142 -0.156324 -10.197245 7.7e-05 -2.3e-05 6e-06 0.005055 0.029331 0.052598 0.643696 -3.686216 -10.492963 -0.634327 3.759552 -10.49791 -13.570824 -11.124834 16.490494 -50.508823 -16.814323 33.919552 0.033424 -37.948944 -0.23575 -4.634592 3.230661 -25.518532 -5.88211 9.861293 0.70259 -10.93688 -0.360577 7.156206 1e-06 8.774831 -1e-06 -16.624811 18.219313 5.974357 -1.844035 2.498507 -2.507279 -10.163608 4.678948 4.621111 -20.97604 -5e-06 0.0 -21.226303 2.451696 -3.594004 2e-06 -6e-06 -1e-06 -1.362682 2.240799 -0.746325 -21.334929 0.584908 3.008322 -13.821221 -4e-06 -0.0 -23.887186 -0.249083 -0.839482 -60.838642 2.614555 -0.943579 -0.294025 1.679688 0.833258 -14.218222 0.093213 1.30058 -34.212078 -0.287572 0.96717 -20.03323 0.964534 1.212844 1e-06 0.0 -0.0 -3.440391 0.788234 0.501655 -15.928201 -3.167314 2.999707 -6.33883 -1e-06 -1e-06 -18.123463 3.648184 -4.905675 -4e-06 1e-06 -1e-06 21.110283 13.225505 19.803694 46.841793 9.549162 23.743408 0.631099 41.741043 0.300829 -1.694568 -9.236472 -26.476961 2.243545 -5.255042 -3.180157 14.282907 -0.826594 6.952504 -3e-06 -12.690616 0.0 16.037926 -17.236408 2.697415 1.665668 -1.955923 -2.878301 4.727802 -4.170591 4.993926 11.02054 4e-06 -4e-06 12.109066 -3.735718 -2.866788 -0.0 -0.0 -1e-06 1.291987 -1.928551 -1.49809 14.800146 0.567471 3.865607 14.242588 -1.341737 -6.660666 19.631994 0.143929 -0.648248 49.556377 -0.586557 -6.292323 0.353029 -1.511152 -0.03194 20.222815 3.684315 2.316628 18.787291 8e-06 -3e-06 10.751641 -0.479867 1.397905 0.0 -1e-06 0.0 3.273811 0.305947 -0.580112 21.486839 11.83039 2.266131 8.162935 3e-06 -3e-06 18.399101 -3.798985 -4.940582 5e-06 0.0 -1e-06 4.451579 9.269467 18.114296 0.083127 -0.401354 12.276134 -0.860931 -3.201684 -13.107619 1.851597 -1.80274 -5.888908 0.0 -0.0 2e-06 5.202013 -12.282928 -22.110144 0.100779 -0.140803 5.685979 0.998905 -4.220426 10.630177 -1.396265 1.062536 -3.084064 0.0 0.0 -1e-06 
0.0 0.0 0.0 0.0 -0.0 0.0 -39.442257 96.248657 351.679993 -2.203698 -4.628578 -2.46271 2.590442 0.129598 -3.54171 0.063067 -0.249746 -6.802709 -0.330328 -1.879565 17.267614 1.157165 1.981039 7.328665 -0.337082 1.275228 -3.594542 -0.932141 0.106543 -10.177593 7.7e-05 -2.2e-05 6e-06 0.000541 0.042299 0.020584 0.655708 -3.673178 -10.494139 -0.653892 3.770077 -10.487251 -13.081277 -10.959956 16.6255 -52.062054 -15.832674 34.251709 -0.022804 -36.966206 -0.187164 -4.58776 3.391872 -25.325602 -5.882108 9.861288 0.702591 -10.936875 -0.360575 7.156209 1e-06 8.774828 -1e-06 -16.659418 18.053217 5.92834 -1.844033 2.498505 -2.507277 -10.163604 4.678946 4.621109 -20.976032 -5e-06 2e-06 -21.226297 2.451696 -3.594002 2e-06 -5e-06 -0.0 -1.362682 2.240798 -0.746324 -21.334921 0.584909 3.008323 -13.821218 -3e-06 1e-06 -23.887178 -0.24908 -0.839483 -60.840988 2.554374 -0.981743 -0.294025 1.679688 0.833257 -14.218214 0.093214 1.300578 -34.212063 -0.287566 0.967171 -20.033224 0.964537 1.212842 0.0 1e-06 -0.0 -3.440389 0.788233 0.501656 -15.928192 -3.167312 2.999707 -6.338827 -1e-06 -1e-06 -18.123453 3.648181 -4.905671 -5e-06 1e-06 0.0 20.860626 13.137829 20.037224 47.345165 9.746091 24.119482 0.929568 41.07748 0.413488 -1.485016 -9.298842 -25.66934 2.243542 -5.255039 -3.180156 14.282887 -0.826595 6.952499 -1e-06 -12.690605 1e-06 16.001692 -17.217926 2.67109 1.665666 -1.955922 -2.878299 4.727798 -4.170589 4.993923 11.020524 2e-06 -1e-06 12.10905 -3.735719 -2.866784 -1e-06 0.0 -2e-06 1.291985 -1.92855 -1.498088 14.800127 0.567468 3.865607 14.242569 -1.341737 -6.66066 19.63196 0.143925 -0.648245 49.4813 -0.523598 -6.335958 0.353029 -1.511151 -0.03194 20.222786 3.684309 2.31663 18.78727 4e-06 0.0 10.751625 -0.479869 1.397906 -1e-06 -1e-06 0.0 3.273806 0.305946 -0.580109 21.486809 11.830376 2.266134 8.162927 2e-06 0.0 18.399076 -3.798988 -4.940578 6e-06 0.0 -1e-06 6.161881 9.095867 17.904339 0.090192 -0.46328 17.101646 -1.295564 -3.456671 -10.456463 1.92304 -1.793967 -10.064027 0.0 0.0 1e-06 5.677342 -11.306322 -22.367161 0.040496 -0.144222 10.341329 -1.218123 -4.396197 11.801951 -1.386616 0.956454 -2.264218 -0.0 0.0 -1e-06 
0.0 0.0 0.0 0.0 -0.0 0.0 -40.560608 96.487465 354.949951 -2.701519 -4.498531 -2.663088 2.687765 0.124177 -3.332745 0.14139 -0.445558 -6.779032 0.0692 -2.072856 16.668699 1.136166 2.103564 7.730989 -0.340775 1.288313 -3.607236 -0.851434 0.130282 -10.379215 7.7e-05 -2.2e-05 6e-06 0.002657 0.054462 0.024748 0.687281 -3.656084 -10.461239 -0.680065 3.778638 -10.453411 -11.969097 -10.994569 16.936062 -54.127674 -14.989858 35.092701 -0.083939 -35.916138 -0.108795 -4.833798 3.862781 -25.494192 -5.882112 9.861294 0.702592 -10.936882 -0.360575 7.15621 -0.0 8.774833 -2e-06 -16.734999 18.136438 5.851499 -1.844035 2.498507 -2.507279 -10.16361 4.67895 4.621109 -20.976048 -3e-06 0.0 -21.226313 2.451699 -3.594003 1e-06 -6e-06 -2e-06 -1.362683 2.2408 -0.746324 -21.334934 0.584909 3.008327 -13.821225 -3e-06 2e-06 -23.887192 -0.24908 -0.839483 -60.6852 2.52679 -1.031889 -0.294026 1.679689 0.833257 -14.218224 0.093215 1.30058 -34.212082 -0.287566 0.967169 -20.033234 0.964535 1.212845 0.0 1e-06 -1e-06 -3.440392 0.788234 0.501654 -15.928201 -3.167312 2.999709 -6.338833 -2e-06 1e-06 -18.123463 3.648185 -4.905675 -4e-06 1e-06 0.0 19.802265 13.184947 19.964792 48.763466 10.019768 25.156273 0.852327 40.204811 0.368588 -1.065955 -9.283628 -25.667065 2.243543 -5.255043 -3.180162 14.282904 -0.826595 6.952511 -3e-06 -12.69062 1e-06 16.094032 -17.339054 2.600199 1.665668 -1.955924 -2.878302 4.727803 -4.170592 4.99393 11.020536 3e-06 -1e-06 12.109063 -3.735719 -2.866787 -1e-06 -0.0 1e-06 1.291987 -1.928552 -1.498089 14.800142 0.567468 3.86561 14.242585 -1.341737 -6.660666 19.631987 0.143927 -0.648247 49.623077 -0.568955 -6.329408 0.353029 -1.511153 -0.03194 20.222809 3.684315 2.316633 18.787291 5e-06 -1e-06 10.751639 -0.479869 1.397906 -1e-06 -1e-06 0.0 3.27381 0.305947 -0.580113 21.486834 11.830392 2.266135 8.162937 2e-06 -0.0 18.399099 -3.79899 -4.94058 5e-06 1e-06 -1e-06 7.706727 8.953971 16.513294 0.106484 -0.599787 24.051563 -1.17496 -3.472103 -6.472963 2.05038 -1.869497 -14.955214 -0.0 -0.0 2e-06 6.193841 -11.288568 -22.408556 0.085248 -0.222162 15.633063 -3.089004 -4.328496 8.782011 -1.390793 0.91918 -1.215313 -0.0 0.0 -1e-06 
0.0 0.0 0.0 0.0 -0.0 0.0 -41.720535 96.822273 358.24527 -3.341885 -4.227004 -3.007523 2.933481 0.094155 -3.066072 0.207746 -0.540258 -6.670401 0.377209 -2.312023 16.122356 1.308265 2.133699 8.126321 -0.326843 1.076294 -3.599428 -0.76003 0.348173 -10.563352 7.7e-05 -2.2e-05 6e-06 0.003497 0.050362 0.035658 0.706822 -3.668717 -10.469913 -0.696879 3.779269 -10.453056 -10.70373 -11.170444 17.115084 -55.962524 -14.377861 36.381012 -0.077036 -35.140129 -0.061544 -5.769553 4.254574 -24.846588 -5.882109 9.86129 0.70259 -10.936875 -0.360575 7.156206 1e-06 8.774829 -1e-06 -16.864187 18.054468 5.735968 -1.844034 2.498505 -2.507277 -10.163604 4.678947 4.621109 -20.976036 -5e-06 -2e-06 -21.226299 2.451694 -3.594005 1e-06 -4e-06 -1e-06 -1.362682 2.240799 -0.746323 -21.334925 0.584909 3.008321 -13.82122 -3e-06 -1e-06 -23.887178 -0.249081 -0.839485 -60.676682 2.477613 -1.104645 -0.294025 1.679688 0.833257 -14.218215 0.093214 1.300576 -34.212067 -0.287569 0.967167 -20.033226 0.964535 1.212844 1e-06 1e-06 -0.0 -3.44039 0.788233 0.501656 -15.928194 -3.167312 2.999707 -6.33883 -3e-06 -0.0 -18.123457 3.648182 -4.905674 -4e-06 1e-06 0.0 18.917006 13.354399 19.934313 49.837105 10.109428 25.661736 1.005455 40.009377 0.491613 -0.642052 -9.4977 -26.21541 2.243542 -5.255036 -3.180159 14.282894 -0.826592 6.952501 -4e-06 -12.690602 0.0 16.216921 -17.433973 2.557043 1.665667 -1.95592 -2.878299 4.727798 -4.170586 4.993923 11.020529 5e-06 -3e-06 12.109056 -3.735713 -2.866784 -1e-06 -0.0 -1e-06 1.291986 -1.928549 -1.49809 14.800129 0.567471 3.865606 14.242576 -1.341733 -6.66066 19.631969 0.143931 -0.648247 49.629765 -0.571453 -6.390821 0.353029 -1.51115 -0.03194 20.222797 3.684313 2.316625 18.787275 1e-05 -0.0 10.751633 -0.479865 1.397905 -1e-06 -1e-06 0.0 3.273808 0.305948 -0.58011 21.48682 11.830376 2.266128 8.162928 3e-06 -2e-06 18.399084 -3.798979 -4.940574 5e-06 0.0 -0.0 9.479024 9.00382 13.534655 0.027743 -0.708822 33.439167 -0.564234 -3.173899 -0.785706 2.120141 -1.770287 -18.500565 0.0 0.0 1e-06 6.908509 -11.792917 -20.783213 0.144141 -0.265948 17.999447 -4.0959 -4.348396 5.174698 -1.394601 0.867254 -0.644535 0.0 0.0 -1e-06 
0.0 0.0 0.0 0.0 -0.0 0.0 -42.843956 97.13942 361.386353 -4.059242 -3.752662 -3.430632 3.245258 0.068944 -2.754972 0.262009 -0.540132 -6.53302 0.702443 -2.483806 15.825945 1.547067 2.018826 8.216034 -0.308542 0.920051 -3.619385 -0.654992 0.318162 -10.566956 7.7e-05 -2.2e-05 6e-06 0.009413 0.06855 0.027245 0.712137 -3.656371 -10.491966 -0.689949 3.799207 -10.472548 -9.985258 -11.242966 17.130157 -56.778637 -14.179733 37.751373 -0.080107 -35.123837 -0.044369 -6.869877 4.551561 -23.953272 -5.882111 9.861294 0.70259 -10.93688 -0.360575 7.156209 0.0 8.774833 -2e-06 -16.970837 18.028412 5.685992 -1.844034 2.498507 -2.507277 -10.163607 4.678948 4.62111 -20.97604 -4e-06 -0.0 -21.226301 2.451696 -3.594005 0.0 -6e-06 -2e-06 -1.362683 2.240801 -0.746325 -21.33493 0.58491 3.008322 -13.821226 -4e-06 -0.0 -23.88719 -0.249079 -0.839486 -60.740551 2.501642 -1.117012 -0.294025 1.679688 0.833254 -14.21822 0.093215 1.300579 -34.212078 -0.287566 0.96717 -20.03323 0.964535 1.212844 1e-06 0.0 -0.0 -3.440392 0.788234 0.501656 -15.928201 -3.167312 2.999709 -6.338831 -1e-06 -1e-06 -18.123466 3.648185 -4.905676 -5e-06 2e-06 -0.0 18.561728 13.544632 19.881046 49.947708 9.836223 25.98287 1.071448 40.681507 0.60975 -0.397025 -9.460005 -26.988918 2.243543 -5.255041 -3.180159 14.2829 -0.826597 6.952507 -1e-06 -12.690613 -0.0 16.239164 -17.493618 2.606431 1.665667 -1.955923 -2.878302 4.727802 -4.170591 4.993926 11.020532 1e-06 -2e-06 12.109058 -3.735719 -2.866786 -1e-06 -0.0 0.0 1.291986 -1.92855 -1.49809 14.800136 0.567468 3.865611 14.24258 -1.341738 -6.660663 19.631977 0.143924 -0.648246 49.637367 -0.587602 -6.367327 0.353029 -1.511152 -0.031941 20.222803 3.68431 2.316631 18.787287 3e-06 -1e-06 10.751636 -0.47987 1.397906 0.0 -0.0 0.0 3.273808 0.305947 -0.580111 21.486824 11.830379 2.266133 8.16293 0.0 -2e-06 18.399096 -3.798988 -4.94058 5e-06 1e-06 -1e-06 11.217381 9.064941 9.135254 -0.085283 -0.664569 44.392807 0.068703 -2.168369 5.263623 2.028983 -1.728264 -15.15079 0.0 0.0 2e-06 7.673759 -12.668416 -18.479937 0.192483 -0.315694 18.964516 -4.503211 -4.207567 2.288585 -1.400007 0.851604 -0.394877 -0.0 0.0 -1e-06 
0.0 0.0 0.0 0.0 -0.0 0.0 -43.890041 97.384979 364.36676 -4.659045 -3.264186 -3.901034 3.521069 0.100467 -2.423815 0.29357 -0.456018 -6.371715 1.018482 -2.530604 15.780862 1.841039 1.839384 8.091139 -0.293458 0.856948 -3.649919 -0.5321 0.218395 -10.725007 7.7e-05 -2.2e-05 6e-06 0.009342 0.050472 0.012794 0.700742 -3.678448 -10.503523 -0.679129 3.783369 -10.479879 -9.935382 -11.101452 17.003561 -56.708611 -14.485097 38.794144 -0.118678 -35.570107 -0.066832 -7.368891 4.64125 -23.469593 -5.882111 9.861292 0.70259 -10.936877 -0.360573 7.156208 -1e-06 8.774829 1e-06 -16.917393 18.018215 5.781374 -1.844034 2.498506 -2.507279 -10.163604 4.67895 4.62111 -20.976034 -0.0 -1e-06 -21.226299 2.4517 -3.594007 -1e-06 -5e-06 -2e-06 -1.362683 2.240799 -0.746324 -21.334927 0.584914 3.008323 -13.821221 -0.0 -1e-06 -23.887182 -0.249077 -0.839489 -60.904976 2.609131 -1.0692 -0.294025 1.679688 0.833256 -14.218216 0.093217 1.300579 -34.212067 -0.28756 0.967165 -20.033226 0.964536 1.212839 1e-06 -0.0 1e-06 -3.44039 0.788234 0.501657 -15.928192 -3.167308 2.999707 -6.338829 -1e-06 -0.0 -18.123459 3.648186 -4.905676 -4e-06 0.0 -0.0 18.73255 13.796888 19.858742 48.978867 9.553037 26.691473 0.956605 41.601715 0.527466 -0.289107 -9.107893 -27.624821 2.243541 -5.255038 -3.18016 14.282895 -0.826594 6.952506 -2e-06 -12.690608 0.0 16.176317 -17.444408 2.650936 1.665666 -1.955922 -2.8783 4.7278 -4.170588 4.993926 11.020529 4e-06 -1e-06 12.109055 -3.735717 -2.866784 0.0 -0.0 -1e-06 1.291986 -1.928549 -1.498089 14.800131 0.567468 3.865608 14.242576 -1.341738 -6.66066 19.631971 0.143925 -0.648244 49.560036 -0.601508 -6.307435 0.353029 -1.51115 -0.03194 20.222797 3.684311 2.316634 18.787273 4e-06 1e-06 10.75163 -0.479871 1.397907 0.0 -0.0 0.0 3.273807 0.305947 -0.580112 21.48682 11.830379 2.266136 8.16293 2e-06 0.0 18.399086 -3.798987 -4.940574 5e-06 1e-06 -1e-06 12.344685 9.224154 4.041198 -0.119895 -0.536868 54.827061 0.972839 0.139919 9.331905 1.839645 -1.878933 -6.389328 0.0 -0.0 4e-06 8.31217 -13.741158 -16.009083 0.15308 -0.302901 19.394228 -4.48175 -3.894115 -0.244085 -1.402565 0.901653 -0.461551 0.0 0.0 -1e-06 
0.0 0.0 0.0 0.0 -0.0 0.0 -44.794102 97.698471 367.345154 -4.771943 -3.173379 -4.357031 3.613608 0.20033 -2.190659 0.252994 -0.273613 -6.220664 1.142019 -2.323958 15.919726 2.146038 1.725041 8.057408 -0.32854 0.772454 -3.638211 -0.405718 0.150954 -11.115861 7.7e-05 -2.3e-05 6e-06 0.002052 -0.003824 0.01103 0.685125 -3.732328 -10.508795 -0.679034 3.730092 -10.483616 -10.125894 -10.72394 16.90987 -56.56419 -15.271999 39.060837 -0.223852 -35.783855 -0.022421 -6.856236 4.597572 -23.789022 -5.88211 9.86129 0.702589 -10.936878 -0.360574 7.156209 -0.0 8.774828 -1e-06 -16.766148 18.027832 5.880685 -1.844033 2.498506 -2.507277 -10.163605 4.678947 4.62111 -20.976038 -1e-06 2e-06 -21.226299 2.451698 -3.594002 0.0 -7e-06 -1e-06 -1.362682 2.240798 -0.746324 -21.334929 0.584912 3.008325 -13.821221 -1e-06 1e-06 -23.887184 -0.249076 -0.839483 -60.971161 2.682906 -1.076402 -0.294025 1.679688 0.833256 -14.218217 0.093217 1.300582 -34.21207 -0.287559 0.967168 -20.033226 0.964539 1.212842 1e-06 -0.0 1e-06 -3.440391 0.788234 0.501656 -15.928194 -3.167309 2.999707 -6.33883 -1e-06 -0.0 -18.123459 3.648186 -4.905673 -4e-06 0.0 -1e-06 19.087742 14.099627 19.914268 47.559071 9.889229 27.862629 0.87256 41.593624 0.399707 -0.280001 -8.740121 -27.662994 2.24354 -5.255035 -3.180157 14.282885 -0.826595 6.952501 -1e-06 -12.690601 1e-06 16.117361 -17.335745 2.660714 1.665666 -1.955922 -2.878298 4.727797 -4.170587 4.993923 11.02052 2e-06 0.0 12.109048 -3.735716 -2.866782 -0.0 -0.0 -0.0 1.291985 -1.928549 -1.49809 14.800122 0.567467 3.865608 14.242566 -1.341738 -6.660657 19.631954 0.143924 -0.648244 49.427788 -0.651843 -6.263508 0.353029 -1.51115 -0.03194 20.222784 3.684307 2.316631 18.787266 2e-06 -0.0 10.751624 -0.479869 1.397904 -0.0 -0.0 -1e-06 3.273805 0.305946 -0.58011 21.486801 11.830368 2.266133 8.162924 0.0 -0.0 18.399075 -3.798987 -4.940575 3e-06 0.0 -2e-06 12.328341 9.645421 -0.612841 -0.140359 -0.346206 62.433079 1.270915 1.016502 8.159082 1.819912 -1.953218 -3.764917 0.0 -0.0 2e-06 8.353864 -14.627012 -13.223025 0.078517 -0.268267 19.09861 -4.224193 -3.390703 -2.34794 -1.397976 0.922938 -0.508542 0.0 0.0 -1e-06 
0.0 0.0 0.0 0.0 -0.0 0.0 -45.578117 98.073677 370.308167 -4.432933 -3.410635 -4.810602 3.517275 0.320426 -2.013718 0.135483 0.006592 -6.093707 1.043067 -1.967685 16.045925 2.405113 1.661973 8.266625 -0.367402 0.759245 -3.595968 -0.297138 0.084266 -11.31836 7.7e-05 -2.2e-05 6e-06 -0.003495 -0.03703 0.01996 0.668487 -3.760166 -10.491096 -0.674407 3.693268 -10.46922 -10.124463 -10.344802 16.811928 -56.861221 -16.045586 38.373596 -0.444403 -35.807507 0.146028 -5.702599 4.703142 -24.415237 -5.88211 9.861292 0.702591 -10.936877 -0.360575 7.156207 0.0 8.77483 -1e-06 -16.629164 18.060877 5.923397 -1.844034 2.498507 -2.507279 -10.163605 4.678947 4.621108 -20.976034 -4e-06 1e-06 -21.226299 2.451695 -3.594003 2e-06 -6e-06 -1e-06 -1.362682 2.240798 -0.746324 -21.334929 0.584909 3.008321 -13.82122 -1e-06 1e-06 -23.887182 -0.24908 -0.839485 -60.880695 2.747342 -1.133972 -0.294024 1.679689 0.833255 -14.218217 0.093216 1.300582 -34.212067 -0.287567 0.967167 -20.03323 0.964537 1.212842 -0.0 -0.0 -0.0 -3.440391 0.788233 0.501655 -15.928194 -3.16731 2.999706 -6.33883 -2e-06 -1e-06 -18.123457 3.648183 -4.905673 -5e-06 1e-06 0.0 19.227865 14.516538 20.05245 46.641483 10.888066 29.087017 0.765042 40.375404 0.341128 -0.269413 -8.760547 -27.315145 2.243544 -5.255041 -3.180161 14.282907 -0.826596 6.952508 -3e-06 -12.690614 -0.0 16.098806 -17.243412 2.66166 1.665668 -1.955924 -2.878302 4.727804 -4.17059 4.993927 11.020538 4e-06 -2e-06 12.109064 -3.735717 -2.866786 -1e-06 -0.0 1e-06 1.291987 -1.92855 -1.49809 14.800144 0.567467 3.86561 14.242586 -1.341735 -6.660665 19.631987 0.143927 -0.648247 49.354759 -0.659487 -6.243192 0.353029 -1.511152 -0.03194 20.222813 3.684313 2.316631 18.787292 6e-06 -2e-06 10.751638 -0.479868 1.397905 1e-06 0.0 1e-06 3.27381 0.305947 -0.580111 21.486834 11.830385 2.266133 8.162936 2e-06 -1e-06 18.399103 -3.798985 -4.940581 4e-06 0.0 -2e-06 11.31673 10.270953 -4.867888 -0.156552 -0.147335 66.772575 1.085019 0.755672 5.174638 1.831867 -1.953581 -3.516403 0.0 0.0 3e-06 7.770922 -15.142364 -10.122783 0.064846 -0.26551 18.135832 -3.898021 -2.884481 -4.023989 -1.394477 0.922226 -0.416577 -0.0 0.0 -1e-06 
0.0 0.0 0.0 0.0 -0.0 0.0 -46.29311 98.411407 373.211884 -3.908597 -3.795639 -5.23403 3.36913 0.446035 -1.802961 0.009484 0.333126 -5.964268 0.789598 -1.559538 15.990424 2.49681 1.662662 8.569934 -0.393915 0.778378 -3.548138 -0.150739 -0.05695 -11.255542 7.7e-05 -2.2e-05 6e-06 -0.004564 -0.043069 0.032972 0.659676 -3.762642 -10.46849 -0.668768 3.684472 -10.449636 -9.99986 -10.048591 16.661018 -57.295555 -16.505852 37.377899 -0.54871 -36.16399 0.278767 -4.585088 4.882931 -25.147268 -5.882109 9.86129 0.702589 -10.936873 -0.360572 7.156208 -2e-06 8.774826 1e-06 -16.565836 18.116076 5.90348 -1.844033 2.498506 -2.507278 -10.163604 4.678948 4.62111 -20.976027 2e-06 3e-06 -21.22629 2.451705 -3.594004 1e-06 -5e-06 -1e-06 -1.362682 2.240799 -0.746322 -21.334921 0.584914 3.008323 -13.821217 1e-06 2e-06 -23.887175 -0.249071 -0.839486 -60.746738 2.81426 -1.247012 -0.294026 1.679688 0.833257 -14.218211 0.093218 1.300582 -34.212051 -0.287555 0.967168 -20.033215 0.96454 1.212842 0.0 0.0 -1e-06 -3.440389 0.788235 0.501657 -15.928189 -3.167306 2.999711 -6.338828 1e-06 -1e-06 -18.123453 3.648186 -4.905672 -3e-06 2e-06 -0.0 19.011921 15.076424 20.114586 46.452457 12.017196 30.095863 0.657449 38.81617 0.361561 -0.259328 -9.099065 -27.287252 2.243541 -5.255037 -3.180158 14.282889 -0.826595 6.952503 -1e-06 -12.690603 1e-06 16.128155 -17.196991 2.65854 1.665666 -1.955922 -2.878298 4.727798 -4.170588 4.993924 11.020524 3e-06 0.0 12.10905 -3.735716 -2.866783 -1e-06 -0.0 1e-06 1.291985 -1.92855 -1.49809 14.800129 0.567466 3.865607 14.242574 -1.341737 -6.660657 19.631968 0.143924 -0.648246 49.274548 -0.679151 -6.284205 0.353029 -1.511149 -0.031939 20.222786 3.684309 2.31663 18.78727 4e-06 1e-06 10.751628 -0.479867 1.397907 -0.0 0.0 2e-06 3.273807 0.305946 -0.580111 21.486809 11.830373 2.266133 8.162928 2e-06 1e-06 18.399086 -3.798986 -4.940575 5e-06 0.0 1e-06 9.794765 11.015336 -8.845991 -0.151553 -0.010525 68.129883 0.47289 0.245986 2.322701 1.828249 -1.952202 -3.568508 0.0 0.0 1e-06 6.909616 -15.35525 -6.946254 0.095098 -0.300749 16.851294 -3.602811 -2.462459 -5.436362 -1.394056 0.89515 -0.268568 0.0 0.0 -1e-06 
0.0 0.0 0.0 0.0 -0.0 0.0 -46.973309 98.634956 376.046478 -3.422569 -4.255834 -5.536614 3.257212 0.561214 -1.618362 -0.074549 0.675607 -5.846578 0.511939 -1.176754 15.885113 2.356426 1.761781 8.713592 -0.392889 0.790287 -3.51545 0.042296 -0.224375 -11.108302 7.7e-05 -2.2e-05 6e-06 -0.003746 -0.036079 0.042762 0.661189 -3.755598 -10.457693 -0.669869 3.691603 -10.442268 -10.107505 -9.711897 16.486448 -57.31892 -16.805763 36.717613 -0.421466 -36.951546 0.290884 -3.780085 4.884394 -25.789255 -5.882109 9.86129 0.702589 -10.936874 -0.360574 7.156207 0.0 8.774828 -0.0 -16.565948 18.167742 5.877302 -1.844033 2.498504 -2.507279 -10.163604 4.678947 4.621109 -20.97603 -1e-06 0.0 -21.226297 2.451698 -3.594004 2e-06 -6e-06 1e-06 -1.362683 2.240799 -0.746324 -21.334921 0.584911 3.008323 -13.821216 -1e-06 0.0 -23.887178 -0.249081 -0.839486 -60.725922 2.868828 -1.299849 -0.294024 1.679689 0.833254 -14.218215 0.093215 1.300579 -34.212063 -0.287564 0.967168 -20.033222 0.964533 1.212841 1e-06 -1e-06 -0.0 -3.44039 0.788235 0.501656 -15.928191 -3.16731 2.999707 -6.338828 -1e-06 -0.0 -18.123453 3.648183 -4.905673 -4e-06 1e-06 -0.0 18.702665 15.695734 20.104162 46.459911 12.881743 30.728134 0.475631 37.962513 0.343149 -0.312053 -9.319047 -27.687449 2.243542 -5.255037 -3.180157 14.282889 -0.826594 6.952501 -1e-06 -12.690603 -2e-06 16.148418 -17.188936 2.68042 1.665667 -1.955923 -2.878299 4.727798 -4.170587 4.993924 11.020525 2e-06 -2e-06 12.109052 -3.735716 -2.866785 -1e-06 -0.0 0.0 1.291986 -1.928549 -1.49809 14.800125 0.567468 3.865607 14.24257 -1.341737 -6.660658 19.631968 0.143926 -0.648245 49.226479 -0.698754 -6.323059 0.353029 -1.511151 -0.03194 20.222788 3.684309 2.316631 18.78727 3e-06 -1e-06 10.751625 -0.479871 1.397905 -0.0 0.0 1e-06 3.273806 0.305946 -0.58011 21.486811 11.830373 2.266134 8.162926 3e-06 -0.0 18.399078 -3.798983 -4.940574 4e-06 0.0 -0.0 8.262924 11.843694 -12.50023 -0.107308 0.120542 66.927925 -0.36708 -0.088051 0.03731 1.809449 -1.943676 -3.61454 0.0 -0.0 0.0 6.105319 -15.374927 -3.905483 0.1222 -0.345121 15.568199 -3.354736 -2.058279 -6.805716 -1.397648 0.854445 -0.181563 0.0 0.0 -1e-06 
0.0 0.0 0.0 0.0 -0.0 0.0 -47.624557 98.721786 378.832855 -3.019974 -4.743543 -5.686061 3.172691 0.639495 -1.508953 -0.122388 1.025116 -5.742144 0.254414 -0.841742 15.815285 2.070721 1.954233 8.651734 -0.386159 0.784935 -3.51604 0.2641 -0.350931 -10.99148 7.7e-05 -2.3e-05 6e-06 -0.00462 -0.033825 0.04793 0.668441 -3.753475 -10.453047 -0.680236 3.693672 -10.440184 -10.472551 -9.319512 16.30501 -56.897713 -17.072001 36.263412 -0.214203 -37.925777 0.22966 -3.100853 4.704326 -26.274906 -5.882109 9.861288 0.70259 -10.936875 -0.360575 7.156202 1e-06 8.774828 -1e-06 -16.571444 18.217289 5.88384 -1.844034 2.498505 -2.507278 -10.163603 4.678948 4.621106 -20.97603 -1e-06 -0.0 -21.226292 2.451699 -3.594 2e-06 -5e-06 1e-06 -1.362682 2.240799 -0.746324 -21.334921 0.58491 3.00832 -13.821218 -2e-06 -1e-06 -23.887178 -0.249079 -0.839485 -60.758228 2.866337 -1.258711 -0.294024 1.679687 0.833255 -14.218214 0.093215 1.300578 -34.212063 -0.287565 0.967164 -20.03322 0.964534 1.212842 0.0 -0.0 1e-06 -3.440389 0.788234 0.501656 -15.928192 -3.167311 2.999705 -6.338829 -1e-06 1e-06 -18.123457 3.648182 -4.905674 -4e-06 1e-06 0.0 18.448656 16.269361 20.029036 46.35387 13.465682 31.00913 0.267513 38.108128 0.26209 -0.438861 -9.291498 -28.055969 2.243542 -5.255036 -3.180157 14.282892 -0.826592 6.952499 -5e-06 -12.690605 -0.0 16.142843 -17.191744 2.720913 1.665666 -1.955921 -2.878299 4.727798 -4.170587 4.993923 11.020526 5e-06 0.0 12.109053 -3.735713 -2.866782 0.0 -0.0 0.0 1.291986 -1.928548 -1.498089 14.800129 0.567471 3.865604 14.242571 -1.341734 -6.660657 19.631969 0.143929 -0.648244 49.254341 -0.718866 -6.277167 0.353029 -1.51115 -0.03194 20.222794 3.684314 2.316629 18.787273 9e-06 -1e-06 10.751629 -0.479866 1.397907 1e-06 0.0 -1e-06 3.273808 0.305947 -0.580111 21.486818 11.830378 2.26613 8.162927 5e-06 -0.0 18.399082 -3.798981 -4.940574 5e-06 -0.0 -1e-06 6.848639 12.699508 -15.800216 -0.017092 0.261014 63.430321 -1.274459 -0.278841 -1.682343 1.787854 -1.923096 -3.585747 -0.0 0.0 4e-06 5.407457 -15.367573 -1.27261 0.127161 -0.354147 14.508507 -3.118923 -1.621321 -8.152862 -1.404689 0.829915 -0.156985 -0.0 0.0 -1e-06 
0.0 0.0 0.0 0.0 -0.0 0.0 -48.221924 98.68898 381.603882 -2.651473 -5.227045 -5.692207 3.061 0.648431 -1.459625 -0.157025 1.354656 -5.679432 0.022813 -0.548104 15.795477 1.732724 2.16401 8.46055 -0.392961 0.800118 -3.545014 0.462498 -0.438608 -10.951296 7.7e-05 -2.3e-05 6e-06 -0.004798 -0.025831 0.049151 0.675818 -3.746216 -10.455452 -0.689186 3.701265 -10.447056 -10.964523 -8.92727 16.161556 -56.236256 -17.359329 35.852707 -0.04632 -38.791477 0.140611 -2.435326 4.415524 -26.675549 -5.88211 9.861289 0.70259 -10.936877 -0.360576 7.156205 0.0 8.774828 -1e-06 -16.529757 18.262577 5.91443 -1.844034 2.498505 -2.507278 -10.163604 4.678946 4.621108 -20.976036 -5e-06 -2e-06 -21.226295 2.451695 -3.594002 2e-06 -4e-06 -0.0 -1.362683 2.240799 -0.746322 -21.334929 0.584909 3.008319 -13.821221 -3e-06 -3e-06 -23.887188 -0.249081 -0.839485 -60.743835 2.807992 -1.147496 -0.294026 1.679689 0.833257 -14.218219 0.093214 1.300577 -34.212074 -0.287568 0.967165 -20.033228 0.964535 1.212842 0.0 -0.0 1e-06 -3.440391 0.788234 0.501657 -15.928194 -3.167313 2.999705 -6.338829 -2e-06 -2e-06 -18.123457 3.64818 -4.905675 -4e-06 2e-06 -1e-06 18.281771 16.75919 19.965952 46.083607 13.934921 31.009256 0.120343 39.012714 0.161776 -0.683488 -9.103219 -28.103916 2.243541 -5.255037 -3.18016 14.282896 -0.826595 6.952502 -4e-06 -12.690607 3e-06 16.110685 -17.185833 2.737847 1.665667 -1.955921 -2.878299 4.727799 -4.170588 4.993925 11.020528 4e-06 -3e-06 12.109055 -3.735714 -2.866785 0.0 -0.0 -0.0 1.291986 -1.92855 -1.49809 14.800132 0.567468 3.865606 14.242578 -1.341734 -6.660661 19.631973 0.14393 -0.648246 49.302933 -0.724326 -6.168242 0.353029 -1.511149 -0.031941 20.222797 3.684312 2.316627 18.787279 6e-06 -1e-06 10.751632 -0.479867 1.397906 1e-06 1e-06 1e-06 3.273808 0.305946 -0.580113 21.486824 11.830381 2.26613 8.16293 3e-06 0.0 18.39909 -3.798986 -4.940576 5e-06 -0.0 -2e-06 5.492679 13.528929 -18.576216 0.090189 0.366762 57.882099 -2.276874 -0.461558 -2.434799 1.776966 -1.909529 -3.464801 0.0 -0.0 2e-06 4.744938 -15.324183 1.024785 0.124074 -0.32783 13.711115 -2.855127 -1.230098 -9.590882 -1.413784 0.821547 -0.105036 -0.0 0.0 -1e-06 
0.0 0.0 0.0 0.0 -0.0 0.0 -48.750027 98.55587 384.322479 -2.309148 -5.688844 -5.549808 2.917618 0.57348 -1.464647 -0.18651 1.649816 -5.680727 -0.171442 -0.271329 15.810208 1.370784 2.3459 8.230283 -0.396086 0.867181 -3.577963 0.612985 -0.485126 -10.970888 7.7e-05 -2.3e-05 6e-06 -0.001613 -0.003588 0.047853 0.678832 -3.725309 -10.461755 -0.686889 3.723464 -10.458611 -11.482434 -8.597719 16.035988 -55.521675 -17.648581 35.553692 0.110423 -39.374386 0.006545 -1.840823 4.088112 -26.977795 -5.882109 9.861288 0.702589 -10.936873 -0.360573 7.156208 -0.0 8.774827 2e-06 -16.449686 18.287901 5.932627 -1.844033 2.498503 -2.507277 -10.163602 4.678946 4.621111 -20.976027 -1e-06 -0.0 -21.226292 2.451701 -3.593999 1e-06 -5e-06 -0.0 -1.362682 2.2408 -0.746324 -21.334923 0.584911 3.008324 -13.821217 -0.0 -0.0 -23.887178 -0.249076 -0.839486 -60.658958 2.736252 -1.043604 -0.294024 1.679687 0.833254 -14.218213 0.093216 1.30058 -34.212059 -0.28756 0.967169 -20.033218 0.964539 1.212844 0.0 -0.0 1e-06 -3.440389 0.788234 0.501656 -15.928189 -3.167309 2.999707 -6.338829 -1e-06 -0.0 -18.123455 3.648185 -4.905674 -3e-06 -0.0 -1e-06 18.122078 17.179638 19.908964 45.769566 14.4028 30.905842 0.01346 40.341316 0.077926 -1.013484 -8.862491 -27.974045 2.243541 -5.255034 -3.180156 14.28289 -0.826595 6.952503 -3e-06 -12.690601 1e-06 16.082848 -17.195873 2.724951 1.665666 -1.955921 -2.8783 4.727798 -4.170587 4.993922 11.020524 4e-06 -0.0 12.109051 -3.735713 -2.866782 -1e-06 0.0 -1e-06 1.291985 -1.928549 -1.498089 14.800125 0.56747 3.865607 14.242569 -1.341736 -6.660655 19.631962 0.143926 -0.648241 49.309738 -0.722218 -6.065135 0.353029 -1.511149 -0.031939 20.222788 3.684311 2.316632 18.78727 6e-06 -1e-06 10.751627 -0.479868 1.397907 2e-06 1e-06 -1e-06 3.273807 0.305946 -0.58011 21.486813 11.830377 2.266135 8.162928 3e-06 0.0 18.399078 -3.798984 -4.940573 5e-06 -1e-06 0.0 4.11483 14.357681 -20.808357 0.186748 0.429315 50.503078 -3.276919 -0.48614 -1.987101 1.774248 -1.916853 -3.334656 0.0 0.0 2e-06 4.117971 -15.223609 3.04967 0.117715 -0.258871 13.137026 -2.587703 -0.940915 -11.10369 -1.422563 0.828595 0.001329 -0.0 0.0 -1e-06 
0.0 0.0 0.0 0.0 -0.0 0.0 -49.195599 98.337494 387.011444 -2.034409 -6.052524 -5.236324 2.783634 0.456945 -1.550393 -0.216696 1.871205 -5.74452 -0.312318 -0.025811 15.844528 0.984544 2.485346 8.006001 -0.384584 1.0033 -3.58521 0.75012 -0.507902 -11.049784 7.7e-05 -2.3e-05 6e-06 0.005864 0.035395 0.048498 0.680258 -3.688511 -10.469707 -0.674213 3.763983 -10.470407 -11.949986 -8.36988 15.912608 -54.897003 -17.902275 35.476971 0.28262 -39.569809 -0.140811 -1.448684 3.796399 -27.037134 -5.882109 9.861288 0.702591 -10.936875 -0.360576 7.156205 0.0 8.774828 -2e-06 -16.338974 18.29743 5.957606 -1.844033 2.498505 -2.507278 -10.163604 4.678945 4.621108 -20.97603 -4e-06 1e-06 -21.226292 2.451696 -3.594 2e-06 -6e-06 -0.0 -1.362682 2.240799 -0.746325 -21.334921 0.584911 3.008322 -13.821217 -2e-06 0.0 -23.887178 -0.249081 -0.839485 -60.576286 2.717249 -0.974605 -0.294025 1.679688 0.833255 -14.218215 0.093216 1.30058 -34.212067 -0.287564 0.967168 -20.033222 0.964535 1.212844 -1e-06 1e-06 1e-06 -3.44039 0.788234 0.501655 -15.928192 -3.167309 2.999706 -6.338828 -1e-06 -0.0 -18.123455 3.648183 -4.905672 -3e-06 0.0 -2e-06 17.894211 17.533352 19.856916 45.568207 14.865316 30.809385 -0.102398 41.754517 0.006611 -1.393403 -8.649305 -27.839783 2.243542 -5.255037 -3.180158 14.282893 -0.826593 6.952503 -4e-06 -12.690606 0.0 16.090668 -17.243851 2.692254 1.665666 -1.955921 -2.878298 4.727799 -4.170587 4.993926 11.020528 4e-06 -1e-06 12.109055 -3.735714 -2.866786 -1e-06 0.0 -0.0 1.291985 -1.928549 -1.49809 14.800131 0.567471 3.865608 14.242571 -1.341734 -6.660657 19.631964 0.143927 -0.648241 49.277451 -0.718678 -6.024451 0.353028 -1.511152 -0.031941 20.222797 3.684313 2.316633 18.787271 7e-06 1e-06 10.751629 -0.479867 1.397906 2e-06 2e-06 -2e-06 3.273807 0.305948 -0.58011 21.48682 11.830379 2.266135 8.16293 3e-06 -1e-06 18.399086 -3.798982 -4.940573 4e-06 1e-06 0.0 2.728243 15.180642 -22.408909 0.25515 0.475978 41.7509 -4.275854 -0.341836 -0.349692 1.768381 -1.932808 -3.272296 -0.0 -0.0 2e-06 3.599499 -15.071301 4.790253 0.09498 -0.167504 12.645758 -2.371614 -0.748736 -12.601369 -1.427708 0.850792 0.101976 -0.0 0.0 -1e-06 
0.0 0.0 0.0 0.0 -0.0 0.0 -49.555923 98.047676 389.701691 -1.87782 -6.346488 -4.754534 2.694563 0.366781 -1.708408 -0.255905 1.970989 -5.844853 -0.352784 0.19754 15.86012 0.601922 2.604212 7.761016 -0.382266 1.125935 -3.566188 0.863826 -0.461815 -11.113076 7.7e-05 -2.3e-05 6e-06 0.01659 0.07394 0.051168 0.688992 -3.653971 -10.48906 -0.662363 3.806225 -10.485687 -12.294551 -8.215199 15.772422 -54.46777 -18.11364 35.584362 0.443266 -39.408482 -0.266142 -1.356003 3.605677 -26.769812 -5.882106 9.861281 0.702592 -10.93687 -0.360574 7.156208 1e-06 8.774823 3e-06 -16.21747 18.307323 6.011494 -1.844033 2.498503 -2.507277 -10.163598 4.678943 4.621107 -20.976023 -5e-06 -1e-06 -21.22628 2.451694 -3.594001 2e-06 -6e-06 -1e-06 -1.362682 2.240798 -0.746324 -21.334913 0.58491 3.008324 -13.821213 -2e-06 -2e-06 -23.887171 -0.249082 -0.839482 -60.552628 2.755647 -0.924633 -0.294025 1.679687 0.833257 -14.218208 0.093216 1.300581 -34.212048 -0.287562 0.967172 -20.033215 0.964537 1.212844 0.0 1e-06 1e-06 -3.440387 0.788235 0.501657 -15.928185 -3.16731 2.999705 -6.338824 -2e-06 0.0 -18.123444 3.648181 -4.905671 -4e-06 -0.0 -1e-06 17.538921 17.845257 19.710018 45.584709 15.22694 30.716454 -0.185291 43.069958 -0.037627 -1.74894 -8.458397 -27.686361 2.243541 -5.255035 -3.180155 14.282887 -0.826594 6.952504 -2e-06 -12.690603 -1e-06 16.127062 -17.307051 2.668517 1.665666 -1.955922 -2.878294 4.727798 -4.170588 4.993924 11.020522 3e-06 -1e-06 12.10905 -3.735715 -2.866783 -1e-06 0.0 -0.0 1.291985 -1.92855 -1.498087 14.800125 0.567468 3.865607 14.242566 -1.341736 -6.660654 19.63196 0.143927 -0.648246 49.275337 -0.712856 -6.027975 0.353029 -1.511151 -0.03194 20.222786 3.684309 2.316632 18.78727 6e-06 -0.0 10.751624 -0.47987 1.397906 2e-06 2e-06 -3e-06 3.273807 0.305947 -0.58011 21.486805 11.830372 2.266134 8.162925 2e-06 -0.0 18.399076 -3.798987 -4.940573 4e-06 1e-06 -1e-06 1.326583 16.091276 -23.24474 0.278682 0.547998 31.439474 -5.424587 -0.172683 1.958512 1.756616 -1.9186 -3.048103 -0.0 -0.0 2e-06 3.215314 -14.883924 6.419926 0.048879 -0.096613 12.005915 -2.163914 -0.571351 -13.984557 -1.427871 0.891469 0.167752 -0.0 0.0 -1e-06 
0.0 0.0 0.0 0.0 -0.0 0.0 -49.821503 97.689499 392.43042 -1.881559 -6.607489 -4.154285 2.65179 0.334784 -1.931118 -0.289735 1.936644 -5.946867 -0.251527 0.356851 15.849259 0.272047 2.729377 7.413053 -0.417096 1.160169 -3.569025 0.8816 -0.272322 -11.04515 7.7e-05 -2.2e-05 6e-06 0.024743 0.088907 0.052016 0.701521 -3.645116 -10.526249 -0.659576 3.8264 -10.512276 -12.444721 -8.074365 15.687603 -54.369591 -18.307558 35.602425 0.488632 -38.909885 -0.321827 -1.579786 3.577705 -26.067013 -5.882108 9.86129 0.70259 -10.936874 -0.360573 7.156209 -1e-06 8.77483 -2e-06 -16.184687 18.291224 6.065632 -1.844033 2.498506 -2.507279 -10.163603 4.678947 4.621114 -20.976027 -2e-06 -1e-06 -21.226292 2.451699 -3.594003 1e-06 -5e-06 -1e-06 -1.362682 2.2408 -0.746326 -21.334921 0.584912 3.008324 -13.821218 -1e-06 -0.0 -23.88718 -0.249078 -0.839485 -60.652744 2.785903 -0.860687 -0.294025 1.679689 0.833255 -14.218214 0.093215 1.300581 -34.212059 -0.287562 0.967169 -20.033222 0.964538 1.212842 -1e-06 1e-06 1e-06 -3.440389 0.788234 0.501658 -15.928192 -3.16731 2.999709 -6.338827 -1e-06 0.0 -18.123453 3.648184 -4.905676 -4e-06 1e-06 -1e-06 17.013432 18.148674 19.415819 45.861488 15.444177 30.717983 -0.201887 44.157181 -0.039391 -1.940652 -8.269249 -27.376043 2.243544 -5.25504 -3.180157 14.282896 -0.826596 6.952503 1e-06 -12.690609 -2e-06 16.129618 -17.325592 2.690543 1.665667 -1.955921 -2.878298 4.727802 -4.17059 4.993924 11.020531 0.0 -0.0 12.109058 -3.735721 -2.866784 0.0 -0.0 1e-06 1.291986 -1.928549 -1.498089 14.800136 0.567465 3.865608 14.24258 -1.341741 -6.660659 19.631975 0.143922 -0.648248 49.327778 -0.729782 -6.025575 0.35303 -1.511151 -0.031939 20.222801 3.684307 2.316633 18.787283 2e-06 -4e-06 10.751633 -0.47987 1.397904 2e-06 2e-06 -3e-06 3.273808 0.305946 -0.580111 21.48682 11.830379 2.266133 8.162933 1e-06 -2e-06 18.399096 -3.798988 -4.940581 4e-06 1e-06 -1e-06 -0.043977 16.877924 -23.513569 0.187525 0.577163 20.431824 -6.849894 -0.035719 3.683698 1.72378 -1.902934 -2.78495 0.0 -0.0 2e-06 2.933838 -14.659768 8.189043 0.004329 -0.089756 10.990046 -1.885805 -0.408884 -15.213707 -1.427943 0.906256 0.166754 0.0 0.0 -1e-06 
0.0 0.0 0.0 0.0 -0.0 0.0 -49.993042 97.26899 395.186798 -1.884739 -6.878554 -3.524305 2.534698 0.296048 -2.212533 -0.287921 1.873083 -6.00841 -0.081973 0.376706 15.817839 -0.084514 2.84114 6.986476 -0.470069 1.254834 -3.564057 0.795243 -0.048329 -10.875925 7.7e-05 -2.2e-05 6e-06 0.025044 0.07247 0.060754 0.69883 -3.668788 -10.54857 -0.657347 3.815668 -10.530199 -12.58199 -7.938928 15.71991 -54.397362 -18.408751 35.440411 0.400269 -38.13044 -0.267623 -1.878581 3.511137 -25.269068 -5.882112 9.861294 0.702589 -10.936878 -0.360575 7.15621 -0.0 8.774831 -1e-06 -16.206282 18.2675 6.099444 -1.844034 2.498507 -2.507278 -10.163608 4.678948 4.621108 -20.97604 -3e-06 -1e-06 -21.226307 2.451698 -3.594007 2e-06 -5e-06 -1e-06 -1.362683 2.240801 -0.746324 -21.33493 0.584912 3.008321 -13.821225 -2e-06 -1e-06 -23.887192 -0.249083 -0.839488 -60.782829 2.819652 -0.85041 -0.294026 1.679689 0.833257 -14.218221 0.093215 1.300578 -34.212074 -0.287565 0.967165 -20.03323 0.964536 1.212841 0.0 -0.0 1e-06 -3.440391 0.788234 0.501657 -15.928201 -3.167309 2.999708 -6.338831 -1e-06 -0.0 -18.123459 3.648185 -4.905677 -4e-06 0.0 0.0 16.492739 18.460093 19.195103 46.153225 15.624682 31.009274 -0.226162 44.981705 -0.093489 -1.821273 -8.150394 -26.829159 2.243543 -5.255039 -3.180161 14.282896 -0.826596 6.952502 -1e-06 -12.690609 -1e-06 16.113699 -17.346724 2.750179 1.665668 -1.955922 -2.878299 4.7278 -4.170588 4.993923 11.020528 2e-06 -3e-06 12.109055 -3.735717 -2.866788 0.0 0.0 1e-06 1.291986 -1.928551 -1.49809 14.800132 0.567469 3.865605 14.242579 -1.341737 -6.660662 19.631975 0.143927 -0.648248 49.428284 -0.779477 -6.051014 0.35303 -1.511152 -0.03194 20.222801 3.68431 2.31663 18.787281 7e-06 -5e-06 10.751633 -0.479867 1.397903 1e-06 2e-06 -1e-06 3.273807 0.305949 -0.580111 21.48682 11.830381 2.266131 8.162928 2e-06 -3e-06 18.399086 -3.798984 -4.940579 4e-06 1e-06 -1e-06 -1.325902 16.863916 -23.80986 0.0285 0.472413 11.15902 -8.325243 0.206302 3.62558 1.640324 -1.953083 -2.842946 -0.0 -0.0 4e-06 2.534644 -14.380033 9.519986 -0.027426 -0.145768 10.929249 -1.451555 -0.21822 -16.419641 -1.430425 0.846446 0.019563 0.0 0.0 -1e-06 
0.0 0.0 0.0 0.0 -0.0 0.0 -50.116032 96.801689 398.049652 -1.715463 -7.199836 -3.096286 2.297539 0.289594 -2.41849 -0.280669 1.836219 -6.018013 0.014597 0.348898 15.835389 -0.484581 2.952815 6.658298 -0.448405 1.257617 -3.561217 0.713243 0.114786 -10.706655 7.7e-05 -2.3e-05 6e-06 0.018448 0.008488 0.075156 0.675606 -3.733314 -10.526176 -0.647969 3.752385 -10.501414 -12.882672 -7.942694 15.801631 -54.211815 -18.339218 35.191666 0.193732 -37.292145 -0.115068 -2.255602 3.338438 -24.640827 -5.882107 9.861286 0.702591 -10.936873 -0.360575 7.156209 1e-06 8.774826 2e-06 -16.227526 18.209293 6.101892 -1.844032 2.498504 -2.50728 -10.163601 4.678946 4.621109 -20.976027 -2e-06 2e-06 -21.226288 2.451696 -3.594001 2e-06 -5e-06 0.0 -1.362682 2.240799 -0.746323 -21.334919 0.584911 3.008326 -13.821217 -3e-06 1e-06 -23.887175 -0.249075 -0.839482 -60.878944 2.834279 -0.841901 -0.294025 1.679687 0.833257 -14.218212 0.093215 1.300581 -34.212063 -0.287563 0.967171 -20.033218 0.964539 1.212845 0.0 -0.0 1e-06 -3.440389 0.788235 0.501656 -15.928189 -3.167309 2.999708 -6.338826 0.0 2e-06 -18.123447 3.648185 -4.905673 -5e-06 1e-06 -1e-06 16.252934 18.640488 19.093861 46.206474 15.764138 31.451424 -0.212921 45.546288 -0.129395 -1.423356 -8.074996 -26.316994 2.243541 -5.255035 -3.180156 14.282887 -0.826595 6.952504 -4e-06 -12.690603 0.0 16.140108 -17.362858 2.743589 1.665666 -1.955922 -2.878298 4.727798 -4.170586 4.993925 11.020524 3e-06 -1e-06 12.109052 -3.735715 -2.866785 0.0 0.0 2e-06 1.291985 -1.928547 -1.498089 14.800125 0.567468 3.865611 14.242569 -1.341736 -6.660653 19.631968 0.143927 -0.648242 49.368458 -0.77086 -6.156749 0.353029 -1.511149 -0.031938 20.222794 3.684309 2.316632 18.78727 5e-06 -0.0 10.751625 -0.479871 1.397905 2e-06 1e-06 -0.0 3.273808 0.305947 -0.58011 21.486813 11.830376 2.266134 8.162928 1e-06 -2e-06 18.399088 -3.798985 -4.940574 4e-06 0.0 -1e-06 -2.409203 16.14197 -24.451912 -0.017754 0.377616 6.355843 -9.017182 0.941905 2.203294 1.57829 -2.020112 -3.04549 -0.0 0.0 2e-06 1.833976 -13.998713 10.556283 -0.070678 -0.168484 11.888959 -0.933915 0.058048 -17.631479 -1.43355 0.79131 -0.243441 -0.0 0.0 -1e-06 
0.0 0.0 0.0 0.0 -0.0 0.0 -50.224907 96.435127 401.098633 -1.13878 -7.53137 -3.089136 1.796229 0.395272 -2.530375 -0.318514 1.958363 -6.057013 -0.131039 0.261592 16.117569 -0.663287 2.975596 6.51878 -0.400587 1.204565 -3.489042 0.633204 0.183528 -10.74107 7.7e-05 -2.2e-05 6e-06 0.017582 0.036917 0.102802 0.669479 -3.704067 -10.490386 -0.643423 3.780822 -10.463977 -13.356494 -8.143312 15.785327 -53.598801 -18.02067 35.154697 0.068695 -36.591827 -0.007833 -2.986237 3.247833 -24.313181 -5.882102 9.861279 0.702591 -10.936865 -0.360574 7.156205 -1e-06 8.774819 1e-06 -16.201559 18.086998 6.065331 -1.844031 2.498504 -2.507276 -10.163594 4.678943 4.621109 -20.976009 -0.0 3e-06 -21.226271 2.451698 -3.593997 2e-06 -5e-06 -0.0 -1.36268 2.240796 -0.746323 -21.334902 0.584909 3.008324 -13.821204 -1e-06 3e-06 -23.887156 -0.249076 -0.839482 -60.894348 2.820338 -0.791254 -0.294024 1.679687 0.833255 -14.218199 0.093215 1.30058 -34.212032 -0.28756 0.96717 -20.033201 0.964539 1.212843 0.0 1e-06 1e-06 -3.440386 0.788233 0.501657 -15.928176 -3.167306 2.999709 -6.33882 0.0 2e-06 -18.123436 3.648182 -4.905666 -4e-06 1e-06 -1e-06 16.606321 18.646601 19.235409 45.947975 15.834085 31.854574 -0.370806 45.677631 -0.138113 -1.134514 -7.958593 -26.189926 2.243541 -5.255036 -3.180158 14.282887 -0.826594 6.952499 -1e-06 -12.6906 -2e-06 16.139765 -17.338816 2.700738 1.665667 -1.955921 -2.878297 4.727798 -4.170588 4.993923 11.020527 1e-06 -1e-06 12.109053 -3.735714 -2.866785 0.0 0.0 2e-06 1.291985 -1.92855 -1.49809 14.800125 0.567467 3.865605 14.24257 -1.341738 -6.660659 19.631966 0.143927 -0.64825 49.237919 -0.840094 -6.27038 0.353029 -1.511149 -0.031941 20.222786 3.68431 2.316629 18.78727 6e-06 -4e-06 10.751625 -0.479868 1.397905 1e-06 2e-06 0.0 3.273807 0.305946 -0.58011 21.486809 11.830368 2.266132 8.162925 2e-06 -2e-06 18.399076 -3.798985 -4.940577 3e-06 1e-06 -0.0 -3.369265 14.95312 -25.039921 0.027417 0.316724 6.934038 -7.433009 1.552599 1.781177 1.591944 -2.048359 -2.973848 0.0 0.0 1e-06 0.572351 -13.589633 12.355173 -0.090736 -0.129699 12.468378 -0.573927 0.384158 -18.012922 -1.448456 0.765875 -0.835775 -0.0 0.0 -1e-06 
0.0 0.0 0.0 0.0 -0.0 0.0 -50.29266 96.290909 404.394897 -0.200864 -7.853877 -3.322637 1.029151 0.474021 -2.86135 -0.381433 2.144209 -6.162311 -0.426556 0.265187 16.636505 -0.712256 2.988719 6.585494 -0.415004 1.290412 -3.532831 0.680339 0.132116 -10.418912 7.7e-05 -2.2e-05 6e-06 0.019715 0.030481 0.106918 0.663206 -3.711135 -10.502004 -0.632341 3.77609 -10.478639 -14.148856 -8.128951 15.713699 -52.637238 -17.487164 35.438908 0.002463 -35.874058 -0.033144 -3.652736 3.135623 -24.187952 -5.88211 9.86129 0.702589 -10.936874 -0.360575 7.156204 -1e-06 8.774828 -1e-06 -16.186148 18.169786 6.192403 -1.844035 2.498506 -2.507278 -10.163604 4.678947 4.621106 -20.976034 -4e-06 -4e-06 -21.226299 2.451695 -3.594007 2e-06 -5e-06 0.0 -1.362683 2.240799 -0.746322 -21.334921 0.58491 3.008319 -13.821218 -4e-06 -1e-06 -23.887178 -0.249081 -0.839488 -60.859505 2.802098 -0.675325 -0.294025 1.679689 0.833256 -14.218213 0.093216 1.300576 -34.212063 -0.287568 0.967164 -20.03322 0.964532 1.21284 1e-06 1e-06 1e-06 -3.44039 0.788234 0.501654 -15.928191 -3.16731 2.999706 -6.338828 -1e-06 -1e-06 -18.123453 3.648183 -4.905676 -4e-06 1e-06 -1e-06 17.601074 18.437952 19.555046 45.472225 15.662216 32.369846 -0.585192 45.135357 -0.309003 -1.10162 -7.594497 -26.055681 2.243543 -5.255039 -3.180162 14.282898 -0.826595 6.952503 -2e-06 -12.690612 -1e-06 16.068954 -17.320032 2.700739 1.665668 -1.955923 -2.878301 4.727803 -4.170589 4.993927 11.020534 3e-06 -0.0 12.109059 -3.735718 -2.866785 -0.0 0.0 2e-06 1.291986 -1.92855 -1.498092 14.800136 0.567468 3.865608 14.242581 -1.341735 -6.660662 19.631977 0.143928 -0.648249 49.16729 -0.773015 -6.26534 0.35303 -1.511151 -0.031939 20.222803 3.684313 2.316627 18.787285 6e-06 -6e-06 10.751635 -0.479868 1.397906 1e-06 2e-06 -2e-06 3.273808 0.305947 -0.580112 21.486824 11.830383 2.266131 8.162933 1e-06 -2e-06 18.399094 -3.798986 -4.940577 3e-06 0.0 -1e-06 -4.098923 13.394377 -24.797188 0.076984 0.330375 9.98582 -3.843513 0.995017 3.795387 1.686834 -2.017615 -2.810244 0.0 0.0 3e-06 -1.247888 -13.14216 14.884929 -0.077084 -0.050447 12.371987 -0.19765 0.888519 -16.756109 -1.448027 0.838059 -1.843937 -0.0 0.0 -1e-06 
0.0 0.0 0.0 0.0 -0.0 0.0 -50.34325 96.329445 407.866425 0.930927 -8.237133 -3.579939 0.224668 0.523245 -3.321897 -0.448406 2.394582 -6.410211 -0.929506 0.39679 17.159637 -0.688867 2.989762 6.747773 -0.435667 1.392807 -3.564546 0.791168 0.133481 -9.974508 7.7e-05 -2.3e-05 6e-06 0.028755 0.02077 0.091007 0.661534 -3.720534 -10.510975 -0.611903 3.765932 -10.498875 -14.889724 -8.00584 15.617395 -51.814621 -16.840645 35.961781 -0.095088 -34.98526 -0.048841 -4.18071 2.956876 -24.608709 -5.882108 9.86129 0.702592 -10.936876 -0.360575 7.156206 1e-06 8.77483 -0.0 -16.226393 18.244867 6.250989 -1.844034 2.498504 -2.507278 -10.163605 4.678946 4.621111 -20.976034 -4e-06 0.0 -21.226299 2.451696 -3.594002 2e-06 -6e-06 1e-06 -1.362683 2.240799 -0.746324 -21.334927 0.584909 3.008323 -13.82122 -3e-06 2e-06 -23.887182 -0.24908 -0.839483 -60.70739 2.730238 -0.646147 -0.294025 1.679688 0.833258 -14.218215 0.093214 1.300579 -34.212067 -0.287565 0.967171 -20.033222 0.964536 1.212842 1e-06 1e-06 1e-06 -3.440391 0.788233 0.501657 -15.928192 -3.167311 2.999707 -6.338829 -1e-06 1e-06 -18.123457 3.64818 -4.905674 -4e-06 1e-06 -1e-06 18.775913 18.11624 19.919567 45.256378 15.202065 32.7523 -0.590753 44.044979 -0.286666 -1.1033 -7.235413 -25.926569 2.243541 -5.255037 -3.180158 14.282893 -0.826592 6.952503 -4e-06 -12.690607 -0.0 15.969662 -17.299744 2.736837 1.665666 -1.955921 -2.878299 4.727798 -4.170588 4.993925 11.020528 3e-06 -1e-06 12.109055 -3.735716 -2.866787 1e-06 0.0 2e-06 1.291986 -1.92855 -1.498091 14.800134 0.567471 3.865608 14.242577 -1.341733 -6.660659 19.631969 0.143927 -0.648244 49.224323 -0.759692 -6.213521 0.353029 -1.51115 -0.031938 20.222795 3.684312 2.316632 18.787273 8e-06 -1e-06 10.751627 -0.479869 1.397907 1e-06 2e-06 -2e-06 3.273807 0.305948 -0.580112 21.486818 11.830381 2.266129 8.162927 1e-06 -2e-06 18.399084 -3.798983 -4.940574 3e-06 0.0 0.0 -4.755399 11.640615 -23.940691 0.136076 0.350168 12.362427 -0.277168 0.303288 7.387093 1.735256 -1.962433 -2.381328 0.0 -0.0 2e-06 -3.341072 -12.597368 17.7409 -0.075697 -0.002032 11.833186 0.418749 1.285023 -13.822987 -1.445863 0.911742 -3.715357 0.0 0.0 -1e-06 
0.0 0.0 0.0 0.0 -0.0 0.0 -50.349533 96.394745 411.310822 2.051044 -8.670544 -3.769755 -0.434986 0.54213 -3.683342 -0.535942 2.677035 -6.630238 -1.532415 0.684666 17.245377 -0.615038 2.990954 6.944126 -0.446725 1.410747 -3.588256 0.869567 0.055576 -9.76068 7.7e-05 -2.3e-05 6e-06 0.03325 -0.010002 0.082236 0.667492 -3.74135 -10.500797 -0.608688 3.72358 -10.495511 -14.877055 -7.874 15.823072 -51.950249 -16.439529 36.380764 -0.130808 -33.980042 -0.015727 -4.592659 2.947181 -25.537298 -5.882117 9.8613 0.702591 -10.936887 -0.360573 7.156213 -1e-06 8.774838 2e-06 -16.141905 18.173069 6.291309 -1.844036 2.498508 -2.507281 -10.163616 4.678953 4.621111 -20.976055 -0.0 -3e-06 -21.22632 2.451702 -3.59401 2e-06 -6e-06 -0.0 -1.362684 2.240802 -0.746325 -21.334946 0.584915 3.008323 -13.821235 -1e-06 -2e-06 -23.887205 -0.249081 -0.839488 -60.586525 2.751009 -0.657704 -0.294026 1.67969 0.833257 -14.218231 0.093218 1.30058 -34.212105 -0.287561 0.967163 -20.033243 0.964536 1.212839 1e-06 -0.0 1e-06 -3.440394 0.788236 0.501657 -15.928209 -3.167309 2.999706 -6.338835 1e-06 -3e-06 -18.123476 3.648189 -4.905683 -5e-06 1e-06 0.0 18.977163 17.835541 20.080324 46.406399 14.561006 33.011971 -0.311935 42.445427 -0.096484 -1.036597 -7.17601 -25.818348 2.243544 -5.255041 -3.180161 14.282896 -0.826599 6.952506 0.0 -12.69061 0.0 15.935016 -17.194574 2.629617 1.665668 -1.955923 -2.8783 4.727801 -4.170592 4.993922 11.020531 1e-06 -2e-06 12.109058 -3.73572 -2.866785 2e-06 -0.0 2e-06 1.291987 -1.92855 -1.498088 14.800132 0.567464 3.865608 14.242579 -1.34174 -6.660661 19.631973 0.143922 -0.648248 49.058479 -0.703715 -6.221182 0.35303 -1.511152 -0.03194 20.222799 3.684307 2.316628 18.787283 3e-06 -5e-06 10.751633 -0.479871 1.397905 1e-06 1e-06 -2e-06 3.273808 0.305947 -0.580112 21.486818 11.830376 2.266135 8.16293 1e-06 -3e-06 18.399094 -3.798988 -4.940581 4e-06 0.0 -1e-06 -5.352327 9.997769 -22.867998 0.12969 0.315391 14.508587 1.578244 0.603388 8.912999 1.765623 -1.859694 -1.866578 -0.0 -0.0 2e-06 -5.5001 -11.953511 19.424479 -0.073272 0.066148 13.215651 1.056085 1.662561 -10.799069 -1.454457 0.926557 -6.765127 0.0 0.0 -1e-06 
0.0 0.0 0.0 0.0 -0.0 0.0 -50.275349 96.518257 414.720581 2.939984 -9.028136 -3.980279 -0.868816 0.608029 -3.726578 -0.599651 2.874307 -6.754584 -2.045198 1.009148 16.83699 -0.550736 2.969001 7.072962 -0.512275 1.353383 -3.62696 1.080085 -0.088291 -9.752825 7.7e-05 -2.2e-05 6e-06 0.041385 0.013484 0.094688 0.692672 -3.71722 -10.502782 -0.618364 3.743057 -10.491881 -14.33925 -7.93302 16.045216 -53.048309 -15.777949 36.57172 0.147315 -33.2803 -0.179647 -4.746548 3.230342 -26.299944 -5.882107 9.861289 0.702586 -10.936871 -0.360575 7.156204 -1e-06 8.774826 -2e-06 -16.268957 18.099464 6.185774 -1.844033 2.498506 -2.507278 -10.163599 4.678948 4.621107 -20.976027 -1e-06 -2e-06 -21.22629 2.451699 -3.594007 1e-06 -4e-06 -1e-06 -1.362682 2.2408 -0.746326 -21.334913 0.584911 3.00832 -13.821213 -1e-06 -3e-06 -23.887167 -0.249078 -0.839489 -60.681095 2.633026 -0.831491 -0.294025 1.679688 0.833255 -14.218208 0.093217 1.300578 -34.212048 -0.287564 0.967163 -20.033215 0.964534 1.212837 0.0 0.0 -1e-06 -3.440388 0.788234 0.501653 -15.928185 -3.167309 2.999703 -6.338825 1e-06 1e-06 -18.123446 3.648186 -4.905677 -3e-06 1e-06 1e-06 17.945847 17.68243 20.005873 48.875847 13.903563 33.963848 -0.507255 40.351357 -0.16607 -0.373757 -7.571966 -26.179399 2.243542 -5.255037 -3.180159 14.282893 -0.826599 6.9525 1e-06 -12.690604 -1e-06 16.026995 -17.14502 2.587238 1.665668 -1.955922 -2.878297 4.727801 -4.170588 4.993923 11.020528 0.0 -2e-06 12.109055 -3.735719 -2.866787 1e-06 0.0 -0.0 1.291986 -1.92855 -1.498089 14.800132 0.567464 3.865607 14.242579 -1.34174 -6.660657 19.631969 0.143923 -0.648248 49.309975 -0.701751 -6.203143 0.353029 -1.511151 -0.03194 20.222795 3.684305 2.316628 18.787279 1e-06 -5e-06 10.751631 -0.479869 1.397904 0.0 1e-06 -2e-06 3.273807 0.305946 -0.580112 21.486811 11.830369 2.266129 8.16293 2e-06 -3e-06 18.399092 -3.798988 -4.94058 5e-06 1e-06 -1e-06 -5.77072 8.333311 -21.569174 0.078477 0.240941 16.803604 2.547137 1.775888 7.709237 1.72165 -1.832604 -0.740285 0.0 -0.0 2e-06 -7.589875 -11.623991 19.73834 -0.011255 0.120963 16.753235 1.171224 2.082348 -6.946599 -1.480934 0.885378 -11.107909 0.0 0.0 -1e-06 
0.0 0.0 0.0 0.0 -0.0 0.0 -50.1297 96.817108 417.960358 3.827253 -9.482655 -4.259733 -1.253332 0.672594 -3.643775 -0.683158 3.041227 -6.726462 -2.425078 1.336316 16.437265 -0.684765 2.953914 6.8425 -0.596903 1.260384 -3.606595 1.264141 -0.056503 -9.902682 7.7e-05 -2.2e-05 6e-06 0.038867 -0.014768 0.098006 0.706138 -3.744416 -10.475758 -0.637181 3.712204 -10.467624 -13.889415 -7.939528 16.155943 -54.058971 -15.130196 36.215034 0.292637 -33.071613 -0.167552 -4.715771 3.429648 -27.053335 -5.882114 9.861299 0.702589 -10.936881 -0.360574 7.15621 -1e-06 8.774835 -3e-06 -16.383749 18.067711 6.04038 -1.844035 2.498507 -2.507278 -10.16361 4.67895 4.621111 -20.976044 -3e-06 -2e-06 -21.226309 2.451698 -3.59401 1e-06 -5e-06 0.0 -1.362684 2.240801 -0.746323 -21.334934 0.58491 3.008319 -13.821225 -2e-06 -3e-06 -23.887192 -0.249081 -0.839487 -60.790035 2.64391 -1.082366 -0.294025 1.679689 0.833258 -14.218223 0.093216 1.300579 -34.212078 -0.287568 0.967163 -20.033232 0.964531 1.21284 0.0 1e-06 -0.0 -3.440392 0.788235 0.501656 -15.928201 -3.167313 2.999705 -6.338833 -1e-06 1e-06 -18.123466 3.648183 -4.90568 -3e-06 1e-06 1e-06 16.762333 17.626019 20.000519 50.95797 13.329119 34.503918 -0.243243 38.73386 0.005975 0.560212 -8.075892 -25.909702 2.243546 -5.255041 -3.18016 14.282905 -0.826599 6.952505 1e-06 -12.690614 -1e-06 16.201159 -17.289877 2.562832 1.665669 -1.955924 -2.878301 4.727805 -4.170593 4.993925 11.020539 0.0 -3e-06 12.109069 -3.735723 -2.866789 -0.0 -1e-06 -1e-06 1.291988 -1.928552 -1.49809 14.800142 0.567465 3.865608 14.242589 -1.34174 -6.660666 19.631985 0.143924 -0.648252 49.572109 -0.70119 -6.316419 0.353029 -1.511152 -0.03194 20.222809 3.684308 2.316627 18.787296 3e-06 -7e-06 10.751637 -0.47987 1.397904 -1e-06 1e-06 -0.0 3.27381 0.305946 -0.580114 21.486834 11.830383 2.266131 8.162934 1e-06 -3e-06 18.399103 -3.79899 -4.940587 3e-06 0.0 -0.0 -6.592492 7.546031 -20.06205 0.058101 0.157798 18.570881 3.252989 2.85815 4.621688 1.696574 -1.849221 -0.166768 -0.0 0.0 2e-06 -10.055664 -12.005575 18.274717 0.007864 0.204862 23.1695 1.031583 2.760053 -2.092519 -1.51354 0.837628 -15.516919 0.0 0.0 -1e-06 
0.0 0.0 0.0 0.0 -0.0 0.0 -49.97065 97.133377 421.122498 4.649288 -10.037473 -4.684386 -1.647054 0.733149 -3.431741 -0.739375 3.097559 -6.578714 -2.659002 1.56819 16.177946 -0.99921 3.143987 6.404691 -0.602813 1.20254 -3.593077 1.364117 0.004658 -10.09536 7.7e-05 -2.3e-05 6e-06 0.037282 -0.024238 0.098385 0.713171 -3.749606 -10.435279 -0.648003 3.697682 -10.430882 -13.734758 -7.874927 16.323206 -54.497368 -14.515298 35.546658 0.420771 -33.58643 -0.123182 -4.581501 3.493993 -27.763605 -5.882114 9.861297 0.70259 -10.936881 -0.360573 7.156209 -1e-06 8.774835 -2e-06 -16.535566 18.012159 5.854886 -1.844035 2.498507 -2.507279 -10.163612 4.678952 4.621112 -20.976051 -1e-06 -1e-06 -21.226315 2.4517 -3.594008 2e-06 -6e-06 -0.0 -1.362684 2.240802 -0.746325 -21.334938 0.584913 3.008323 -13.821229 0.0 -1e-06 -23.887199 -0.249076 -0.839489 -60.862114 2.671572 -1.253421 -0.294025 1.679689 0.833256 -14.218225 0.093217 1.300581 -34.212086 -0.28756 0.967166 -20.033236 0.964539 1.212841 -0.0 -0.0 1e-06 -3.440392 0.788236 0.501655 -15.928203 -3.167311 2.999708 -6.338833 -2e-06 -1e-06 -18.12347 3.648187 -4.90568 -3e-06 -0.0 -0.0 15.91071 17.737232 20.132956 51.997601 12.80266 34.941757 0.09075 38.16531 0.172384 1.943652 -8.424208 -25.119576 2.243545 -5.255041 -3.180161 14.282904 -0.826596 6.952507 -3e-06 -12.690612 0.0 16.311008 -17.347681 2.529667 1.665668 -1.955922 -2.878302 4.727802 -4.17059 4.993926 11.020535 3e-06 0.0 12.10906 -3.735717 -2.866786 -0.0 -0.0 -1e-06 1.291986 -1.92855 -1.498092 14.800139 0.567468 3.865609 14.242584 -1.341736 -6.660662 19.631985 0.143926 -0.648248 49.624432 -0.631208 -6.356251 0.35303 -1.511152 -0.03194 20.222807 3.684312 2.31663 18.787289 6e-06 -2e-06 10.751637 -0.479869 1.397906 -1e-06 1e-06 1e-06 3.27381 0.305947 -0.580111 21.486834 11.830384 2.266133 8.162934 4e-06 -2e-06 18.399097 -3.798985 -4.94058 4e-06 -0.0 -2e-06 -7.461568 7.473211 -17.891041 0.010277 0.121547 19.176628 3.643707 3.56434 2.104751 1.6671 -1.88201 0.087907 0.0 0.0 2e-06 -12.695027 -12.796397 15.163913 0.086055 0.234376 32.189415 0.600953 3.135832 3.812258 -1.519085 0.767829 -17.406313 -0.0 1e-06 -2e-06 
0.0 0.0 0.0 0.0 -0.0 0.0 -49.831886 97.387352 424.2034 5.353483 -10.530757 -5.275187 -2.04412 0.711124 -3.061585 -0.774224 3.05556 -6.36488 -2.772346 1.678321 16.085432 -1.380552 3.420784 6.088346 -0.473891 1.190571 -3.593855 1.248158 0.256733 -10.570477 7.7e-05 -2.2e-05 6e-06 0.038547 -0.027929 0.101626 0.716646 -3.75547 -10.40552 -0.649845 3.6973 -10.415135 -13.783317 -7.812806 16.492922 -54.258846 -14.036037 35.041027 0.422517 -34.612713 -0.068933 -4.465989 3.239321 -28.628614 -5.882114 9.861295 0.702589 -10.936883 -0.360574 7.156213 1e-06 8.774833 0.0 -16.618441 17.938543 5.708885 -1.844033 2.498506 -2.507282 -10.163611 4.678949 4.621112 -20.976044 -3e-06 1e-06 -21.226309 2.451699 -3.594004 1e-06 -6e-06 0.0 -1.362684 2.240801 -0.746323 -21.334938 0.584911 3.008324 -13.821228 -2e-06 -1e-06 -23.887199 -0.249081 -0.839486 -60.806984 2.637365 -1.3117 -0.294026 1.679688 0.833257 -14.218225 0.093216 1.30058 -34.212086 -0.287563 0.967166 -20.033241 0.964538 1.212842 -1e-06 -0.0 1e-06 -3.440392 0.788233 0.501655 -15.928203 -3.16731 2.999708 -6.338833 -0.0 1e-06 -18.12347 3.648185 -4.905678 -4e-06 -1e-06 -2e-06 15.589507 17.75482 20.30125 51.947269 12.426741 35.330647 0.293375 38.740692 0.217585 3.463717 -8.529095 -24.195286 2.243543 -5.25504 -3.18016 14.282901 -0.826596 6.952508 -3e-06 -12.690612 1e-06 16.283829 -17.308397 2.517663 1.665668 -1.955923 -2.878301 4.727803 -4.170591 4.993928 11.020536 2e-06 0.0 12.109062 -3.735719 -2.866787 -1e-06 -1e-06 -1e-06 1.291987 -1.92855 -1.498091 14.800139 0.567467 3.865611 14.242585 -1.341737 -6.660665 19.631985 0.143925 -0.648247 49.494118 -0.602368 -6.340903 0.35303 -1.511152 -0.031938 20.222803 3.684312 2.316629 18.787287 5e-06 -3e-06 10.751636 -0.479868 1.397907 1e-06 -0.0 1e-06 3.273809 0.305947 -0.580111 21.48683 11.830383 2.266131 8.162933 1e-06 -1e-06 18.399097 -3.798987 -4.94058 4e-06 1e-06 -2e-06 -8.270204 7.943501 -15.375984 0.028168 0.157074 19.321663 3.812255 3.699468 -0.181254 1.640962 -1.921205 -0.073635 0.0 -0.0 2e-06 -14.996331 -13.693661 11.073942 0.161983 0.171472 42.28587 -0.309178 2.09988 9.439807 -1.421072 0.744534 -12.022812 1e-06 -0.0 -2e-06 
0.0 0.0 0.0 0.0 -0.0 0.0 -49.774487 97.599594 427.232605 5.781998 -10.806349 -5.91915 -2.359634 0.610495 -2.658563 -0.791224 2.920924 -6.178053 -2.748215 1.589112 16.185671 -1.692628 3.633521 6.161446 -0.304619 1.210838 -3.607057 1.045784 0.6306 -11.361007 7.7e-05 -2.2e-05 6e-06 0.039937 -0.029494 0.1138 0.712533 -3.760402 -10.38499 -0.643564 3.702312 -10.40847 -13.840539 -7.874775 16.585382 -53.649044 -13.819119 35.017941 0.339125 -35.451828 -0.092334 -4.249918 2.771209 -29.504967 -5.882111 9.861292 0.702588 -10.93688 -0.360575 7.156209 0.0 8.774831 -2e-06 -16.596302 17.917318 5.696763 -1.844034 2.498507 -2.507277 -10.16361 4.678948 4.621111 -20.97604 -3e-06 2e-06 -21.226301 2.451699 -3.594001 1e-06 -6e-06 0.0 -1.362683 2.2408 -0.746325 -21.33493 0.584911 3.008327 -13.821221 -2e-06 2e-06 -23.887184 -0.249079 -0.839482 -60.737999 2.544305 -1.251346 -0.294025 1.679687 0.833254 -14.218221 0.093216 1.300581 -34.212074 -0.287561 0.96717 -20.033226 0.964539 1.212843 -1e-06 1e-06 -0.0 -3.440392 0.788235 0.501657 -15.928201 -3.167313 2.99971 -6.338829 -0.0 -0.0 -18.123463 3.648184 -4.905675 -4e-06 -0.0 -2e-06 15.629304 17.524836 20.373236 51.358315 12.262946 35.485847 0.311356 39.833836 0.190075 4.088832 -8.519155 -23.720245 2.243543 -5.255042 -3.180161 14.282904 -0.826594 6.952507 -4e-06 -12.690619 0.0 16.208168 -17.245955 2.519208 1.665668 -1.955924 -2.878301 4.727803 -4.170592 4.993927 11.020538 3e-06 -0.0 12.109063 -3.735719 -2.866788 1e-06 0.0 -1e-06 1.291987 -1.928551 -1.498091 14.800144 0.56747 3.865611 14.242585 -1.341737 -6.660663 19.63199 0.143928 -0.648245 49.363503 -0.6179 -6.275496 0.353029 -1.511152 -0.031941 20.222811 3.684315 2.316631 18.787289 8e-06 -3e-06 10.751638 -0.479866 1.397905 -0.0 -0.0 1e-06 3.27381 0.305948 -0.58011 21.486839 11.830391 2.266135 8.162935 3e-06 -2e-06 18.399101 -3.798984 -4.940581 3e-06 0.0 -2e-06 -8.762139 8.593759 -12.644031 0.090697 0.220768 19.178253 3.822302 3.44103 -2.299677 1.623594 -1.965633 -0.26873 0.0 -0.0 2e-06 -16.383619 -14.523214 6.917294 0.169917 0.032166 51.271141 -2.095366 0.122504 12.645079 -1.338591 0.822959 -4.765748 -0.0 0.0 -1e-06 
0.0 0.0 0.0 0.0 -0.0 0.0 -49.811058 97.839615 430.13443 5.60847 -10.753361 -6.416571 -2.384902 0.47713 -2.324645 -0.768117 2.631942 -6.039524 -2.540834 1.260665 16.393341 -1.78327 3.744069 6.538956 -0.258038 1.257357 -3.623146 0.935951 0.867673 -12.14059 7.7e-05 -2.2e-05 6e-06 0.039329 -0.028464 0.121453 0.69958 -3.757973 -10.38437 -0.631549 3.70479 -10.409996 -13.750675 -8.081588 16.662668 -53.100521 -14.043018 35.206097 0.175986 -35.425713 -0.126911 -3.885516 2.389827 -29.599545 -5.882114 9.861299 0.702589 -10.936882 -0.360574 7.156209 -1e-06 8.774835 -2e-06 -16.536619 17.974001 5.794426 -1.844035 2.498507 -2.507279 -10.16361 4.678951 4.621106 -20.976044 -2e-06 -1e-06 -21.226311 2.451701 -3.594008 2e-06 -6e-06 -1e-06 -1.362684 2.240801 -0.746324 -21.334934 0.584914 3.00832 -13.821227 -1e-06 -2e-06 -23.887194 -0.249079 -0.839489 -60.766151 2.489074 -1.113594 -0.294025 1.67969 0.833255 -14.218223 0.093217 1.300579 -34.21209 -0.287565 0.967165 -20.033236 0.964537 1.212841 -1e-06 1e-06 -0.0 -3.440392 0.788235 0.501656 -15.928203 -3.167313 2.999707 -6.338832 -1e-06 -1e-06 -18.12347 3.648184 -4.90568 -4e-06 -1e-06 -0.0 15.744363 17.113794 20.298325 50.888733 12.292189 34.916985 0.245755 40.612816 0.133626 3.327254 -8.537107 -23.618681 2.243545 -5.255042 -3.18016 14.282903 -0.826597 6.952503 0.0 -12.690616 -0.0 16.212912 -17.270052 2.510098 1.665668 -1.955924 -2.878301 4.727803 -4.170592 4.993924 11.020536 0.0 -1e-06 12.109063 -3.735721 -2.866787 -1e-06 -0.0 -1e-06 1.291987 -1.928552 -1.498091 14.80014 0.567466 3.865606 14.242587 -1.341739 -6.660666 19.631985 0.143926 -0.64825 49.392845 -0.632325 -6.236824 0.35303 -1.511152 -0.031938 20.222805 3.684309 2.316629 18.787289 5e-06 -5e-06 10.751637 -0.479869 1.397907 0.0 0.0 1e-06 3.27381 0.305947 -0.580111 21.486832 11.830384 2.266132 8.16293 1e-06 -1e-06 18.399097 -3.798988 -4.940584 5e-06 2e-06 -1e-06 -8.561517 9.026697 -9.880922 0.113752 0.218256 18.775763 3.693166 3.101005 -4.158999 1.614345 -1.994741 -0.204379 -0.0 -0.0 2e-06 -16.333284 -15.322306 3.110326 0.142862 -0.082799 57.900852 -3.442891 -1.265918 11.589917 -1.363222 0.866879 -2.774654 -1e-06 -0.0 -1e-06 
0.0 0.0 0.0 0.0 -0.0 0.0 -49.921364 98.100548 432.873047 4.810718 -10.458055 -6.684308 -2.093467 0.29556 -2.022721 -0.688031 2.266368 -5.918512 -2.156618 0.765951 16.509708 -1.717063 3.764168 7.020363 -0.238521 1.364235 -3.641065 0.854423 0.966369 -12.549694 7.7e-05 -2.2e-05 6e-06 0.038483 -0.016882 0.118873 0.68858 -3.744153 -10.392676 -0.62118 3.715323 -10.415658 -13.439937 -8.478566 16.797628 -52.928066 -14.659584 35.4673 -0.0058 -34.414814 -0.108908 -3.665578 2.409447 -28.904272 -5.882106 9.861287 0.70259 -10.936873 -0.360576 7.156206 2e-06 8.774828 -1e-06 -16.52359 17.976595 5.885579 -1.844033 2.498505 -2.507278 -10.163601 4.678945 4.621107 -20.976028 -6e-06 2e-06 -21.22629 2.451695 -3.594002 1e-06 -5e-06 -0.0 -1.362682 2.240798 -0.746323 -21.334917 0.584908 3.008322 -13.821214 -3e-06 1e-06 -23.887173 -0.249081 -0.839482 -60.842384 2.428979 -0.975685 -0.294024 1.679688 0.833255 -14.218211 0.093215 1.30058 -34.212055 -0.287566 0.967171 -20.033215 0.964537 1.212847 0.0 -1e-06 -1e-06 -3.440389 0.788233 0.501656 -15.928191 -3.16731 2.999708 -6.338826 -1e-06 1e-06 -18.123455 3.648181 -4.905674 -2e-06 1e-06 1e-06 15.799432 16.634102 20.203598 50.774563 12.469487 33.465225 0.247048 40.907574 0.143257 1.746358 -8.574708 -23.975311 2.243543 -5.25504 -3.180159 14.282898 -0.826595 6.952507 -3e-06 -12.690609 2e-06 16.236273 -17.330629 2.541239 1.665667 -1.955922 -2.878299 4.7278 -4.170589 4.993927 11.020531 3e-06 -2e-06 12.109058 -3.735716 -2.866785 -1e-06 0.0 -1e-06 1.291986 -1.92855 -1.49809 14.800132 0.567469 3.865608 14.242577 -1.341736 -6.66066 19.631973 0.143927 -0.648246 49.515717 -0.631123 -6.183632 0.353029 -1.511151 -0.031943 20.222801 3.684313 2.316631 18.787283 6e-06 -2e-06 10.751634 -0.479869 1.397908 0.0 1e-06 1e-06 3.273808 0.305949 -0.580111 21.486824 11.830379 2.266137 8.16293 2e-06 1e-06 18.39909 -3.798985 -4.940574 5e-06 0.0 -2e-06 -7.657392 9.15199 -7.26964 0.083523 0.158927 18.358887 3.469967 2.768205 -5.90144 1.61644 -1.980629 -0.084329 -0.0 0.0 2e-06 -14.765918 -15.94028 -0.500348 0.098392 -0.195362 61.868679 -4.049733 -2.029802 9.42767 -1.382922 0.874382 -2.337847 -1e-06 -0.0 -0.0 
0.0 0.0 0.0 0.0 -0.0 0.0 -50.076748 98.368446 435.472107 3.692545 -10.026626 -6.809144 -1.679723 0.087505 -1.679731 -0.572425 1.83925 -5.799307 -1.670782 0.196175 16.470976 -1.516032 3.678331 7.400189 -0.178044 1.507576 -3.643223 0.744709 1.043578 -12.599769 7.7e-05 -2.3e-05 6e-06 0.037041 0.000944 0.109352 0.684518 -3.725812 -10.411617 -0.618409 3.732367 -10.428403 -12.922657 -9.069 16.962193 -53.079365 -15.405161 35.861515 -0.073896 -32.97879 -0.092095 -3.789479 2.756301 -28.071772 -5.882115 9.861299 0.702589 -10.936883 -0.360573 7.156211 -1e-06 8.774835 -0.0 -16.538445 17.944147 5.934859 -1.844036 2.498508 -2.507278 -10.163612 4.678952 4.621113 -20.976048 0.0 -1e-06 -21.226315 2.451701 -3.594008 1e-06 -6e-06 -1e-06 -1.362683 2.240801 -0.746324 -21.334938 0.584914 3.008324 -13.821229 -0.0 -3e-06 -23.887199 -0.249078 -0.839489 -60.863815 2.412605 -0.880832 -0.294025 1.679689 0.833255 -14.218225 0.093219 1.30058 -34.212086 -0.287559 0.967163 -20.033241 0.964538 1.21284 0.0 0.0 -1e-06 -3.440393 0.788236 0.501655 -15.928205 -3.16731 2.999709 -6.338834 -0.0 -1e-06 -18.12347 3.648189 -4.905681 -3e-06 1e-06 1e-06 15.803197 16.201479 20.077953 50.844723 12.634967 31.524876 0.388625 41.079536 0.267688 0.270101 -8.594781 -24.702065 2.243543 -5.255038 -3.180157 14.282896 -0.826596 6.952504 -1e-06 -12.690609 -1e-06 16.228218 -17.354362 2.586273 1.665667 -1.955922 -2.878299 4.727801 -4.170589 4.993921 11.020532 2e-06 -1e-06 12.10906 -3.735718 -2.866784 -1e-06 -1e-06 -0.0 1.291987 -1.928552 -1.49809 14.800134 0.567467 3.865609 14.24258 -1.341738 -6.660659 19.631973 0.143924 -0.648246 49.560581 -0.608522 -6.134472 0.353029 -1.511152 -0.031939 20.222801 3.684309 2.316628 18.787283 4e-06 -1e-06 10.751633 -0.479869 1.397907 2e-06 0.0 0.0 3.273808 0.305947 -0.580113 21.486824 11.830378 2.266137 8.162933 3e-06 -1e-06 18.39909 -3.798987 -4.940578 5e-06 0.0 0.0 -6.361327 9.046615 -4.837984 0.032861 0.072978 17.745991 3.106013 2.491745 -7.327288 1.61972 -1.929869 0.055294 -0.0 0.0 2e-06 -12.218342 -16.30015 -4.037383 0.050946 -0.300241 63.277824 -3.882457 -2.231016 7.526191 -1.382117 0.864602 -2.27101 -1e-06 -0.0 -1e-06 
0.0 0.0 0.0 0.0 -0.0 0.0 -50.288074 98.60218 438.031769 2.561594 -9.579947 -6.833779 -1.270799 -0.097927 -1.343524 -0.451022 1.394115 -5.696193 -1.18475 -0.332871 16.402752 -1.215884 3.497556 7.578624 -0.087238 1.65002 -3.625323 0.612054 1.112391 -12.496531 7.7e-05 -2.2e-05 6e-06 0.034839 0.005868 0.098619 0.688112 -3.718931 -10.433324 -0.624712 3.734256 -10.44351 -12.450689 -9.714855 17.107065 -53.116344 -15.972997 36.026516 -0.090437 -32.063232 -0.081292 -4.092515 3.080737 -27.269276 -5.88211 9.861291 0.702588 -10.936878 -0.360576 7.156209 1e-06 8.774829 -2e-06 -16.543825 17.954325 5.966814 -1.844033 2.498507 -2.507277 -10.163606 4.678946 4.62111 -20.976036 -4e-06 -0.0 -21.226301 2.451696 -3.594004 2e-06 -5e-06 1e-06 -1.362682 2.240798 -0.746325 -21.334927 0.584908 3.008322 -13.82122 -3e-06 0.0 -23.887182 -0.249081 -0.839485 -60.833626 2.440744 -0.852611 -0.294025 1.679689 0.833255 -14.218217 0.093214 1.300579 -34.212074 -0.287566 0.96717 -20.033226 0.964534 1.212846 -1e-06 -0.0 -1e-06 -3.44039 0.788233 0.501657 -15.928198 -3.167313 2.999708 -6.33883 -2e-06 -0.0 -18.123459 3.648181 -4.905674 -2e-06 1e-06 -0.0 15.94153 15.822379 19.914167 50.701942 12.696164 29.702211 0.50158 41.413185 0.350832 -0.666361 -8.513626 -25.379572 2.243543 -5.255038 -3.18016 14.2829 -0.826595 6.952509 -4e-06 -12.690611 2e-06 16.207014 -17.353764 2.625059 1.665668 -1.955923 -2.878302 4.727802 -4.170589 4.993927 11.020536 4e-06 -2e-06 12.10906 -3.735717 -2.866786 0.0 -1e-06 -0.0 1.291986 -1.928551 -1.49809 14.800138 0.567468 3.865609 14.242584 -1.341734 -6.660661 19.631985 0.143927 -0.648245 49.535461 -0.605713 -6.103239 0.35303 -1.511152 -0.03194 20.222805 3.684313 2.316632 18.787287 6e-06 -0.0 10.751637 -0.479868 1.397907 0.0 0.0 1e-06 3.273809 0.305947 -0.580111 21.486832 11.830384 2.266132 8.162935 3e-06 0.0 18.399096 -3.798987 -4.940577 5e-06 1e-06 -1e-06 -5.01017 8.839851 -2.396128 -0.011983 0.003391 16.885201 2.637009 2.230184 -8.621399 1.621915 -1.869014 0.211918 -0.0 0.0 2e-06 -9.340025 -16.413307 -7.508082 0.011816 -0.373409 62.116009 -2.931275 -1.799576 5.887312 -1.368515 0.842244 -2.388942 1e-06 1e-06 -2e-06 
0.0 0.0 0.0 0.0 -0.0 0.0 -50.558418 98.760513 440.591614 1.634643 -9.235422 -6.758323 -0.915258 -0.205734 -1.087441 -0.346624 1.009376 -5.625274 -0.772482 -0.757 16.398176 -0.89857 3.281366 7.572182 -0.015063 1.7334 -3.601782 0.49978 1.177054 -12.423976 7.7e-05 -2.3e-05 6e-06 0.031385 -0.012127 0.090459 0.693068 -3.731894 -10.449465 -0.635105 3.709963 -10.452877 -12.172076 -10.231642 17.167088 -52.873535 -16.264389 35.69302 -0.149608 -32.092506 -0.045358 -4.229362 3.238053 -26.506437 -5.88211 9.861292 0.702589 -10.936877 -0.360574 7.156209 -1e-06 8.77483 -1e-06 -16.526585 18.014978 5.988952 -1.844034 2.498507 -2.50728 -10.163605 4.678948 4.621107 -20.976034 -2e-06 -0.0 -21.226299 2.451699 -3.594002 1e-06 -6e-06 0.0 -1.362682 2.240799 -0.746324 -21.334925 0.58491 3.00832 -13.821218 -0.0 -0.0 -23.887182 -0.249078 -0.839486 -60.81102 2.483513 -0.886861 -0.294025 1.679689 0.833257 -14.218215 0.093217 1.30058 -34.212063 -0.287564 0.967168 -20.033222 0.964538 1.212841 0.0 0.0 -1e-06 -3.440389 0.788233 0.501656 -15.928192 -3.16731 2.999708 -6.33883 -1e-06 -1e-06 -18.123457 3.648184 -4.905676 -2e-06 1e-06 -1e-06 16.270823 15.494872 19.733988 50.195557 12.612757 28.331068 0.51328 41.961315 0.356211 -1.202096 -8.361191 -25.709425 2.243542 -5.25504 -3.180158 14.282889 -0.826595 6.952503 -1e-06 -12.690607 -2e-06 16.190666 -17.34936 2.658616 1.665666 -1.955922 -2.878299 4.727798 -4.170588 4.993924 11.020524 1e-06 -1e-06 12.109048 -3.735717 -2.866786 0.0 -0.0 -1e-06 1.291985 -1.92855 -1.498091 14.800125 0.567468 3.865606 14.242571 -1.341738 -6.660658 19.631968 0.143925 -0.648245 49.503418 -0.657405 -6.089278 0.353029 -1.511151 -0.031941 20.222788 3.684309 2.31663 18.78727 3e-06 0.0 10.751627 -0.479868 1.397907 -1e-06 -0.0 -1e-06 3.273806 0.305947 -0.580111 21.486809 11.830376 2.266135 8.162928 2e-06 -0.0 18.39908 -3.798985 -4.940577 5e-06 0.0 -1e-06 -3.875865 8.564402 -0.034488 -0.033409 -0.027364 15.778978 2.213719 2.022467 -9.754973 1.628153 -1.817004 0.37296 -0.0 0.0 2e-06 -6.64386 -16.313177 -10.728909 -0.022543 -0.387473 58.437637 -1.464792 -0.927185 4.603354 -1.364148 0.828757 -2.610284 1e-06 -0.0 -2e-06 
0.0 0.0 0.0 0.0 -0.0 0.0 -50.885902 98.84433 443.112427 0.913591 -9.022912 -6.54792 -0.590251 -0.231258 -0.936298 -0.259548 0.717613 -5.600221 -0.433276 -1.057248 16.449095 -0.602908 3.072565 7.448386 -0.003725 1.754758 -3.586376 0.462565 1.196981 -12.382935 7.7e-05 -2.2e-05 6e-06 0.026524 -0.048834 0.083384 0.689605 -3.764472 -10.459689 -0.640114 3.668865 -10.452482 -12.019164 -10.614387 17.138884 -52.487682 -16.38929 35.063427 -0.196918 -32.867229 1.4e-05 -4.081717 3.308674 -25.927422 -5.882109 9.86129 0.702589 -10.936873 -0.360575 7.156204 -1e-06 8.774827 -2e-06 -16.472563 18.115719 6.030151 -1.844034 2.498506 -2.507277 -10.163602 4.678946 4.621111 -20.976027 -2e-06 1e-06 -21.226295 2.451698 -3.594003 1e-06 -6e-06 -1e-06 -1.362682 2.240798 -0.746324 -21.334919 0.584913 3.008321 -13.821218 -2e-06 -1e-06 -23.887175 -0.249078 -0.839486 -60.816074 2.550278 -0.949871 -0.294025 1.679688 0.833255 -14.218214 0.093217 1.300579 -34.212063 -0.287563 0.967164 -20.033222 0.964537 1.212839 0.0 0.0 -1e-06 -3.44039 0.788235 0.501657 -15.928189 -3.167308 2.999706 -6.338829 -0.0 -1e-06 -18.123455 3.648185 -4.905676 -2e-06 1e-06 -1e-06 16.705965 15.2011 19.585321 49.469467 12.446573 27.258873 0.525191 42.556999 0.350586 -1.581922 -8.179969 -25.762066 2.243542 -5.255037 -3.180159 14.282895 -0.826597 6.952504 0.0 -12.690609 0.0 16.181787 -17.360748 2.6849 1.665666 -1.955921 -2.878299 4.7278 -4.170589 4.993925 11.020526 1e-06 -1e-06 12.109052 -3.735718 -2.866784 0.0 -0.0 -0.0 1.291985 -1.928548 -1.498089 14.800132 0.567467 3.865608 14.242576 -1.34174 -6.660658 19.631969 0.143922 -0.648244 49.485565 -0.736208 -6.098994 0.353029 -1.51115 -0.03194 20.222795 3.684308 2.316631 18.787275 3e-06 0.0 10.751629 -0.479871 1.397905 -0.0 0.0 0.0 3.273807 0.305947 -0.58011 21.486816 11.830376 2.266134 8.16293 1e-06 0.0 18.399088 -3.798988 -4.940577 6e-06 1e-06 -1e-06 -2.971443 8.280633 2.241511 -0.035565 -0.025071 14.425964 1.935175 1.890662 -10.735483 1.638309 -1.788517 0.526771 -0.0 0.0 2e-06 -4.252538 -16.12854 -13.576523 -0.054855 -0.351572 52.507008 0.013025 -0.363349 3.830614 -1.369572 0.832365 -2.892617 -0.0 1e-06 -3e-06 
0.0 0.0 0.0 0.0 -0.0 0.0 -51.261776 98.809875 445.596375 0.413899 -8.925545 -6.191265 -0.298058 -0.204623 -0.905882 -0.194965 0.506619 -5.613235 -0.193037 -1.240385 16.524694 -0.344996 2.89676 7.279497 -0.049265 1.744901 -3.577286 0.48151 1.178609 -12.359417 7.7e-05 -2.2e-05 6e-06 0.019507 -0.083094 0.081477 0.672927 -3.798665 -10.461628 -0.63657 3.635396 -10.441024 -11.912556 -10.879851 17.018774 -52.102055 -16.407555 34.398376 -0.181802 -34.11161 0.029041 -3.709835 3.295967 -25.761621 -5.882109 9.861288 0.70259 -10.936875 -0.360574 7.156206 0.0 8.774827 -2e-06 -16.415071 18.199099 6.07637 -1.844033 2.498506 -2.507279 -10.163604 4.678947 4.621108 -20.97603 -3e-06 1e-06 -21.226295 2.451698 -3.594002 2e-06 -6e-06 -1e-06 -1.362683 2.240799 -0.746325 -21.334921 0.584913 3.00832 -13.821219 -1e-06 -1e-06 -23.887178 -0.249077 -0.839486 -60.838108 2.633228 -1.002588 -0.294026 1.679688 0.833257 -14.218215 0.093217 1.300581 -34.212067 -0.287563 0.967167 -20.033226 0.964536 1.212841 0.0 -0.0 0.0 -3.440389 0.788233 0.501654 -15.928192 -3.16731 2.999707 -6.338829 -0.0 -1e-06 -18.123457 3.648185 -4.905674 -2e-06 1e-06 -1e-06 17.117001 14.975836 19.524616 48.758648 12.294468 26.208292 0.708446 43.029896 0.423027 -2.050211 -7.995445 -25.580547 2.243541 -5.255037 -3.180158 14.282887 -0.826593 6.9525 -2e-06 -12.690604 -1e-06 16.16148 -17.369963 2.705827 1.665667 -1.955922 -2.878298 4.727797 -4.170588 4.993923 11.020524 4e-06 -2e-06 12.10905 -3.735715 -2.866784 0.0 -0.0 -0.0 1.291985 -1.92855 -1.49809 14.800125 0.567469 3.865607 14.242569 -1.341738 -6.660659 19.631968 0.143927 -0.648246 49.461903 -0.799415 -6.116836 0.353029 -1.511151 -0.031941 20.222788 3.684312 2.31663 18.78727 7e-06 -0.0 10.751626 -0.479868 1.397906 -1e-06 0.0 0.0 3.273806 0.305946 -0.580111 21.486813 11.830377 2.266134 8.162929 5e-06 -0.0 18.399076 -3.798984 -4.940575 6e-06 1e-06 -1e-06 -2.316039 8.042235 4.265016 -0.032274 -0.004861 13.173312 1.760993 1.837808 -11.741552 1.64868 -1.784005 0.671259 0.0 -0.0 2e-06 -2.247693 -15.930001 -15.890334 -0.051908 -0.257208 44.751579 1.164764 -0.501494 3.751164 -1.382899 0.852764 -3.16399 -0.0 -0.0 -2e-06 
0.0 0.0 0.0 0.0 -0.0 0.0 -51.684677 98.649666 448.122009 0.11185 -8.88379 -5.717688 -0.028285 -0.165042 -1.000013 -0.138739 0.352243 -5.651062 -0.094408 -1.326883 16.611641 -0.144595 2.775229 7.121487 -0.107435 1.671534 -3.557307 0.50149 1.191506 -12.324833 7.7e-05 -2.2e-05 6e-06 0.011521 -0.101892 0.091848 0.6515 -3.821998 -10.452085 -0.630551 3.622107 -10.421529 -11.841376 -11.035933 16.858877 -51.766819 -16.398998 33.900398 -0.087338 -35.501015 0.012295 -3.288593 3.206728 -25.954775 -5.882111 9.861297 0.702589 -10.936881 -0.360578 7.156212 2e-06 8.774835 -3e-06 -16.386576 18.245876 6.111641 -1.844035 2.498507 -2.507281 -10.16361 4.678948 4.621108 -20.976044 -8e-06 -3e-06 -21.226311 2.451694 -3.594007 2e-06 -5e-06 -2e-06 -1.362683 2.2408 -0.746324 -21.334934 0.584906 3.008317 -13.821227 -4e-06 -1e-06 -23.887192 -0.249086 -0.839487 -60.834801 2.688566 -1.01267 -0.294025 1.679689 0.833254 -14.218224 0.093212 1.300579 -34.212078 -0.287574 0.967168 -20.033232 0.964529 1.212844 1e-06 -0.0 0.0 -3.440392 0.788233 0.501655 -15.928203 -3.167317 2.999707 -6.338832 -4e-06 -2e-06 -18.123463 3.648182 -4.905678 -3e-06 1e-06 0.0 17.435577 14.828032 19.513826 48.247597 12.144943 25.247776 0.980304 43.302242 0.529309 -2.637436 -7.890296 -25.384251 2.243545 -5.255042 -3.180161 14.282906 -0.826595 6.952507 -3e-06 -12.690619 1e-06 16.134144 -17.35438 2.72283 1.665668 -1.955922 -2.878302 4.727804 -4.170592 4.993929 11.020539 3e-06 -3e-06 12.109066 -3.735717 -2.866787 0.0 -0.0 0.0 1.291988 -1.928552 -1.498092 14.800146 0.567467 3.865608 14.24259 -1.341737 -6.660666 19.63199 0.143929 -0.648246 49.427326 -0.818546 -6.112559 0.353031 -1.511152 -0.03194 20.222815 3.684315 2.316627 18.787296 6e-06 -4e-06 10.751641 -0.479866 1.397904 -1e-06 -1e-06 0.0 3.27381 0.305948 -0.580111 21.486835 11.830392 2.266131 8.162936 4e-06 -3e-06 18.399103 -3.798986 -4.940584 6e-06 0.0 -0.0 -1.873994 7.860372 6.080932 -0.029858 0.030973 12.040195 1.63641 1.819942 -12.833232 1.655491 -1.800319 0.759429 -0.0 0.0 2e-06 -0.643703 -15.871426 -17.501753 0.005124 -0.136489 35.574799 1.705646 -1.242311 4.499297 -1.404636 0.888545 -3.310798 0.0 -0.0 -1e-06 
0.0 0.0 0.0 0.0 -0.0 0.0 -52.160728 98.38723 450.719513 -0.05932 -8.843321 -5.180058 0.255284 -0.130608 -1.182737 -0.081326 0.246468 -5.716495 -0.125603 -1.346639 16.720791 -0.050267 2.692434 6.991792 -0.125763 1.563328 -3.527025 0.512353 1.223704 -12.275273 7.7e-05 -2.2e-05 6e-06 0.003852 -0.102969 0.108708 0.637194 -3.827406 -10.442687 -0.631282 3.625779 -10.407495 -11.818589 -11.10387 16.734968 -51.489956 -16.441212 33.528969 0.013142 -36.832886 -0.00549 -2.941336 3.069387 -26.32531 -5.88211 9.861292 0.702586 -10.936877 -0.360575 7.156204 -1e-06 8.774828 -2e-06 -16.392574 18.236982 6.100702 -1.844034 2.498507 -2.507279 -10.163605 4.678947 4.621109 -20.976038 -2e-06 -3e-06 -21.226303 2.451697 -3.594005 1e-06 -6e-06 -1e-06 -1.362681 2.240798 -0.746326 -21.334925 0.584912 3.008319 -13.821219 -1e-06 -1e-06 -23.887182 -0.249081 -0.839488 -60.808048 2.721502 -1.009653 -0.294025 1.679688 0.833256 -14.218215 0.093217 1.300576 -34.212067 -0.287566 0.967162 -20.033222 0.964532 1.212841 1e-06 1e-06 0.0 -3.440391 0.788234 0.501656 -15.928191 -3.167309 2.999704 -6.338829 -1e-06 -0.0 -18.123455 3.648185 -4.905678 -4e-06 1e-06 -2e-06 17.616909 14.742142 19.509693 47.988056 11.977539 24.575134 1.190452 43.345711 0.595917 -3.203758 -7.891188 -25.237772 2.243544 -5.25504 -3.180159 14.282896 -0.826596 6.952501 -1e-06 -12.69061 -0.0 16.131424 -17.309603 2.730796 1.665668 -1.955923 -2.878301 4.7278 -4.17059 4.993924 11.02053 2e-06 -3e-06 12.109058 -3.735718 -2.86679 0.0 0.0 0.0 1.291986 -1.928549 -1.49809 14.800134 0.567467 3.865606 14.242579 -1.341737 -6.660665 19.631975 0.143927 -0.648247 49.440777 -0.794371 -6.089421 0.353029 -1.511151 -0.031941 20.222797 3.684311 2.316627 18.787281 6e-06 -4e-06 10.751631 -0.479868 1.397904 1e-06 -1e-06 1e-06 3.273808 0.305947 -0.580112 21.486818 11.830379 2.26613 8.16293 0.0 -1e-06 18.39909 -3.798986 -4.940582 6e-06 0.0 -1e-06 -1.446753 7.701496 8.009007 -0.019867 0.093168 10.775624 1.392588 1.810025 -13.931334 1.656293 -1.829382 0.762298 0.0 0.0 2e-06 0.690858 -16.094475 -18.373747 0.088072 -0.052963 25.121841 1.931584 -2.035811 5.974821 -1.427211 0.935457 -3.267265 -0.0 -0.0 -1e-06 
0.0 0.0 0.0 0.0 -0.0 0.0 -52.710121 98.036018 453.425232 -0.094588 -8.723101 -4.667875 0.53365 -0.099099 -1.396853 -0.041209 0.201832 -5.815473 -0.274325 -1.325796 16.824112 -0.028987 2.632334 6.892216 -0.103076 1.458106 -3.5007 0.495143 1.220528 -12.168222 7.7e-05 -2.2e-05 6e-06 -0.002347 -0.089939 0.119776 0.633784 -3.817681 -10.457385 -0.640199 3.64265 -10.4218 -11.820993 -11.120625 16.71814 -51.272831 -16.566031 33.347126 0.087945 -37.973671 0.00456 -2.789942 2.916147 -26.676779 -5.882111 9.861293 0.70259 -10.936876 -0.360573 7.156206 -1e-06 8.77483 -3e-06 -16.426611 18.203829 6.025477 -1.844033 2.498507 -2.507281 -10.163604 4.678949 4.621106 -20.976034 0.0 -3e-06 -21.226299 2.4517 -3.594005 1e-06 -5e-06 -1e-06 -1.362683 2.2408 -0.746323 -21.334927 0.584912 3.008318 -13.821221 -0.0 -1e-06 -23.887184 -0.249078 -0.839489 -60.77034 2.754234 -1.116305 -0.294025 1.679688 0.833256 -14.218215 0.093216 1.300578 -34.212067 -0.287562 0.967166 -20.033222 0.964535 1.21284 1e-06 -0.0 0.0 -3.44039 0.788234 0.501656 -15.928192 -3.16731 2.999703 -6.338828 -0.0 -2e-06 -18.123457 3.648185 -4.905677 -4e-06 2e-06 -2e-06 17.642097 14.659148 19.491352 48.013103 11.7422 24.337954 1.235433 43.201752 0.59948 -3.529052 -7.975114 -25.220257 2.243544 -5.255041 -3.18016 14.282899 -0.826596 6.952503 -2e-06 -12.690609 -0.0 16.13122 -17.268082 2.748787 1.665668 -1.955922 -2.8783 4.727802 -4.17059 4.993924 11.020535 2e-06 -1e-06 12.10906 -3.735719 -2.866788 0.0 0.0 -2e-06 1.291987 -1.92855 -1.49809 14.800136 0.567467 3.865606 14.242582 -1.341739 -6.660663 19.631985 0.143926 -0.648248 49.538845 -0.737742 -6.084183 0.35303 -1.511152 -0.031941 20.222803 3.684309 2.316629 18.787287 6e-06 -3e-06 10.751636 -0.479868 1.397905 1e-06 -1e-06 1e-06 3.273809 0.305946 -0.580111 21.486828 11.830382 2.266131 8.162933 1e-06 -3e-06 18.399096 -3.798987 -4.940581 6e-06 0.0 -0.0 -1.144017 7.675253 10.288161 0.009295 0.143532 8.837841 1.200493 1.674206 -14.788227 1.65268 -1.859992 0.659961 -0.0 0.0 2e-06 1.755227 -16.632853 -18.482248 0.169306 -0.065569 14.210994 2.694489 -2.422136 7.057354 -1.432312 0.976935 -3.069807 -0.0 1e-06 -1e-06 
0.0 0.0 0.0 0.0 -0.0 0.0 -53.359837 97.584114 456.180481 0.014165 -8.491095 -4.187307 0.782287 -0.065827 -1.607707 -0.044504 0.201581 -5.95065 -0.510499 -1.271175 16.856014 -0.005361 2.59007 6.783397 -0.098985 1.380503 -3.505 0.40364 1.159102 -11.916702 7.7e-05 -2.2e-05 6e-06 -0.002347 -0.056036 0.113669 0.644652 -3.784714 -10.503122 -0.65135 3.679241 -10.469095 -11.807865 -11.157201 16.674065 -51.132179 -16.615458 33.663765 0.23775 -38.849613 -0.037507 -2.976211 2.779207 -26.904644 -5.882109 9.861287 0.70259 -10.936875 -0.360573 7.156208 0.0 8.774824 -1e-06 -16.485863 18.210154 5.937648 -1.844033 2.498507 -2.507279 -10.163604 4.678946 4.62111 -20.97603 -1e-06 0.0 -21.226297 2.451698 -3.594004 0.0 -6e-06 -0.0 -1.362682 2.240798 -0.746325 -21.334921 0.584912 3.008323 -13.821217 -0.0 1e-06 -23.887178 -0.249078 -0.839487 -60.731255 2.765362 -1.362631 -0.294025 1.679688 0.833256 -14.218214 0.093215 1.30058 -34.212059 -0.28756 0.96717 -20.033218 0.964537 1.212842 1e-06 -0.0 0.0 -3.440389 0.788233 0.501656 -15.928192 -3.167308 2.999708 -6.338828 1e-06 -2e-06 -18.123455 3.648184 -4.905673 -3e-06 2e-06 -1e-06 17.56744 14.570059 19.373068 48.316925 11.302654 24.520023 1.150959 42.960094 0.57584 -3.470556 -8.115616 -25.181593 2.243541 -5.255037 -3.18016 14.282896 -0.826596 6.952507 -1e-06 -12.690609 1e-06 16.087545 -17.2616 2.763693 1.665667 -1.955922 -2.878299 4.727799 -4.170588 4.993925 11.020529 2e-06 -3e-06 12.109055 -3.735717 -2.866785 -0.0 0.0 -2e-06 1.291985 -1.92855 -1.498089 14.800132 0.567468 3.86561 14.242577 -1.341738 -6.66066 19.631973 0.143924 -0.648245 49.598289 -0.694052 -6.145351 0.353029 -1.51115 -0.031939 20.222797 3.684309 2.316634 18.787273 3e-06 1e-06 10.751633 -0.479869 1.397906 1e-06 -1e-06 1e-06 3.273807 0.305947 -0.580111 21.486818 11.830377 2.266136 8.16293 0.0 -0.0 18.399088 -3.79899 -4.940577 6e-06 1e-06 -0.0 -0.878422 7.806851 12.900317 0.038385 0.118125 6.307096 1.074163 1.3108 -15.356422 1.652509 -1.847203 0.435609 0.0 0.0 2e-06 2.456848 -16.980541 -18.274307 0.241836 -0.164642 4.317416 4.827281 -2.538136 6.904579 -1.392589 1.028909 -3.034266 -0.0 -0.0 -1e-06 
0.0 0.0 0.0 0.0 -0.0 0.0 -54.107372 97.09053 458.970917 -0.001474 -8.170763 -3.66362 1.11405 -0.027005 -1.870411 -0.058436 0.211393 -6.098453 -0.717494 -1.239746 16.852957 -0.022871 2.561279 6.673136 -0.044814 1.468425 -3.567809 0.225692 1.120675 -11.59784 7.7e-05 -2.2e-05 6e-06 0.005688 -0.010115 0.084767 0.654759 -3.739328 -10.558571 -0.645638 3.727993 -10.523464 -11.904984 -11.196079 16.446445 -50.998703 -16.508278 34.45763 0.393794 -39.331516 -0.228248 -3.508923 2.706111 -26.806797 -5.882114 9.8613 0.702589 -10.936882 -0.360574 7.156211 -2e-06 8.774834 -1e-06 -16.509184 18.262569 5.933442 -1.844035 2.498507 -2.50728 -10.163607 4.678952 4.621111 -20.976044 1e-06 -2e-06 -21.226311 2.451701 -3.594012 1e-06 -6e-06 -1e-06 -1.362683 2.240801 -0.746326 -21.334936 0.584914 3.008322 -13.821228 0.0 -2e-06 -23.887196 -0.249079 -0.83949 -60.770508 2.764039 -1.430894 -0.294025 1.67969 0.833255 -14.218223 0.093217 1.300578 -34.212078 -0.287562 0.967161 -20.033232 0.964536 1.212837 1e-06 -0.0 1e-06 -3.440392 0.788235 0.501658 -15.928201 -3.16731 2.999706 -6.338832 0.0 -2e-06 -18.123466 3.648189 -4.905684 -4e-06 -0.0 -1e-06 17.638859 14.540755 19.339333 48.567669 10.749228 25.036688 0.90043 42.604931 0.528597 -3.037171 -8.256686 -25.241587 2.243543 -5.255041 -3.18016 14.282899 -0.826597 6.952507 -1e-06 -12.690617 -1e-06 16.029512 -17.282425 2.759323 1.665667 -1.955923 -2.8783 4.727801 -4.170592 4.993925 11.020531 1e-06 -3e-06 12.109058 -3.73572 -2.866788 -0.0 0.0 -1e-06 1.291987 -1.928553 -1.498091 14.800136 0.567467 3.865608 14.242582 -1.34174 -6.660664 19.631983 0.143925 -0.648246 49.458511 -0.695009 -6.267977 0.353029 -1.511152 -0.031941 20.222801 3.684311 2.316632 18.787285 3e-06 -0.0 10.751633 -0.47987 1.397906 1e-06 -0.0 -0.0 3.273808 0.305948 -0.58011 21.486824 11.830384 2.266134 8.162933 1e-06 -1e-06 18.399096 -3.798989 -4.940583 6e-06 1e-06 -2e-06 -0.314529 8.043437 14.671759 0.040722 -0.008961 5.551807 0.824216 0.755696 -16.125261 1.669048 -1.77427 0.042635 0.0 -0.0 2e-06 2.978509 -16.365919 -18.275513 0.211051 -0.218448 -2.806673 7.552214 -3.078646 5.919907 -1.312673 1.082501 -3.048345 0.0 -0.0 -1e-06 
0.0 0.0 0.0 0.0 -0.0 0.0 -54.979389 96.634384 461.822784 -0.19318 -7.704134 -3.138993 1.521042 0.067069 -2.183627 -0.037825 0.094747 -6.210668 -0.854992 -1.247119 16.946678 -0.004999 2.439778 6.380774 -0.046228 1.758016 -3.568422 -0.015715 0.997881 -11.627368 7.7e-05 -2.2e-05 6e-06 0.012819 -0.012396 0.06218 0.65966 -3.74094 -10.577501 -0.636819 3.727239 -10.548321 -12.09369 -11.258558 16.191366 -51.013035 -16.524952 35.143234 0.314957 -39.174778 -0.275674 -3.939135 2.668662 -26.365141 -5.882106 9.861286 0.702591 -10.936872 -0.360574 7.156205 -1e-06 8.774826 -2e-06 -16.583427 18.322088 5.959008 -1.844032 2.498505 -2.507278 -10.1636 4.678946 4.621112 -20.976021 -1e-06 4e-06 -21.226286 2.451698 -3.594 0.0 -7e-06 -1e-06 -1.362681 2.240798 -0.746323 -21.334913 0.584909 3.008324 -13.821213 -2e-06 2e-06 -23.887165 -0.249076 -0.839481 -60.986904 2.765542 -1.324909 -0.294025 1.679686 0.833257 -14.218208 0.093215 1.300581 -34.212048 -0.287561 0.967171 -20.033211 0.964537 1.212843 1e-06 -0.0 0.0 -3.44039 0.788234 0.501656 -15.928185 -3.16731 2.999707 -6.338826 1e-06 1e-06 -18.123446 3.648185 -4.905671 -5e-06 1e-06 -2e-06 17.845976 14.445801 19.476921 48.605812 10.464956 25.768644 0.619792 42.023193 0.403739 -2.475668 -8.353721 -25.346088 2.243541 -5.255035 -3.180157 14.282887 -0.826594 6.952499 -3e-06 -12.6906 0.0 16.088554 -17.396584 2.711337 1.665666 -1.955921 -2.878299 4.727798 -4.170586 4.993922 11.020523 3e-06 -4e-06 12.10905 -3.735714 -2.866784 0.0 -1e-06 -1e-06 1.291986 -1.92855 -1.498089 14.800123 0.567468 3.865605 14.242569 -1.341737 -6.660656 19.631962 0.143927 -0.648247 49.229271 -0.794364 -6.472461 0.353028 -1.51115 -0.031942 20.222786 3.684311 2.316628 18.78727 7e-06 -3e-06 10.751626 -0.479868 1.397904 -1e-06 -1e-06 -1e-06 3.273806 0.305947 -0.580112 21.486809 11.830373 2.266131 8.162925 3e-06 -1e-06 18.399078 -3.798981 -4.940575 5e-06 0.0 -1e-06 0.606943 8.057701 15.649936 0.03695 -0.095477 6.659548 0.338483 0.210343 -16.820616 1.723399 -1.73397 -0.553192 0.0 0.0 2e-06 3.303751 -15.196506 -19.146151 0.099837 -0.162269 -4.366909 8.535168 -3.516402 5.113467 -1.285659 1.084471 -3.214563 -0.0 -0.0 -1e-06 
0.0 0.0 0.0 0.0 -0.0 0.0 -55.974434 96.295776 464.784515 -0.905718 -7.246884 -2.555398 2.172538 0.237365 -2.640514 0.056995 -0.051466 -6.395967 -0.756933 -1.308433 17.271086 0.005892 2.357533 5.946038 -0.013102 2.003313 -3.545648 -0.165461 0.834226 -11.633286 7.7e-05 -2.2e-05 6e-06 0.015127 0.005551 0.062991 0.657729 -3.714147 -10.544524 -0.629636 3.737511 -10.526768 -12.814969 -11.342289 16.17247 -50.730251 -16.525427 35.585239 0.307322 -38.671307 -0.334382 -4.215625 2.882089 -26.084364 -5.882111 9.861292 0.702591 -10.93688 -0.360574 7.156207 -1e-06 8.774831 -2e-06 -16.66774 18.268444 5.958687 -1.844034 2.498507 -2.507277 -10.163607 4.678949 4.62111 -20.976038 -3e-06 3e-06 -21.226299 2.451699 -3.594002 1e-06 -7e-06 -1e-06 -1.362683 2.2408 -0.746322 -21.334929 0.584911 3.008324 -13.821224 -1e-06 2e-06 -23.887188 -0.249079 -0.839485 -61.060478 2.73512 -1.163924 -0.294025 1.679688 0.833256 -14.218221 0.093215 1.300581 -34.212078 -0.287563 0.967169 -20.03323 0.964537 1.212844 1e-06 -0.0 0.0 -3.44039 0.788234 0.501656 -15.928201 -3.167311 2.999708 -6.338829 -1e-06 1e-06 -18.123461 3.648186 -4.905676 -5e-06 -0.0 -2e-06 18.460932 14.201279 19.708078 48.081852 10.434665 26.576511 0.472674 41.258518 0.264404 -2.100966 -8.194118 -25.443485 2.243543 -5.25504 -3.180159 14.282896 -0.826597 6.952505 -2e-06 -12.690612 1e-06 16.088669 -17.306522 2.654567 1.665667 -1.955923 -2.8783 4.727801 -4.170591 4.993927 11.020531 3e-06 -3e-06 12.109059 -3.735717 -2.866785 -1e-06 -1e-06 0.0 1.291986 -1.92855 -1.498089 14.800136 0.567468 3.865609 14.242579 -1.341738 -6.660662 19.631981 0.143928 -0.648246 49.244896 -0.711703 -6.467559 0.353029 -1.511151 -0.031939 20.222801 3.684313 2.316628 18.787283 6e-06 -3e-06 10.751633 -0.479868 1.397906 -1e-06 -0.0 -1e-06 3.273808 0.305947 -0.58011 21.486822 11.830383 2.266132 8.16293 2e-06 -2e-06 18.399088 -3.798985 -4.94058 5e-06 0.0 -1e-06 2.296617 8.243846 16.732243 0.055889 -0.169809 7.772379 -0.212786 -0.532221 -16.686745 1.754222 -1.756381 -1.674281 0.0 -0.0 2e-06 3.781681 -13.6407 -20.091759 0.111429 -0.102713 -1.689262 5.883599 -3.562126 7.623768 -1.355682 1.06562 -3.508256 -0.0 0.0 -0.0 
0.0 0.0 0.0 0.0 -0.0 0.0 -57.080658 96.167877 467.855011 -1.925087 -6.76732 -2.052238 2.797642 0.280579 -3.119137 0.200932 -0.110699 -6.608829 -0.398423 -1.536575 17.604334 0.144116 2.240896 5.605966 0.002595 2.392721 -3.558145 -0.304323 0.794097 -11.414694 7.7e-05 -2.2e-05 6e-06 0.012717 0.007866 0.046775 0.664465 -3.706547 -10.53406 -0.639732 3.73547 -10.528221 -13.547384 -11.338066 16.073416 -50.72802 -16.195421 36.066887 0.304837 -37.901222 -0.318227 -4.157508 3.082705 -26.232304 -5.882108 9.86129 0.702588 -10.936875 -0.360575 7.156209 0.0 8.77483 1e-06 -16.736179 18.155241 5.910089 -1.844034 2.498505 -2.507277 -10.163604 4.678946 4.621109 -20.97603 -6e-06 2e-06 -21.226294 2.451694 -3.594002 1e-06 -7e-06 0.0 -1.362683 2.240799 -0.746323 -21.334925 0.58491 3.008324 -13.82122 -3e-06 2e-06 -23.887182 -0.249083 -0.839485 -61.001354 2.616008 -1.011904 -0.294024 1.679688 0.833256 -14.218215 0.093214 1.30058 -34.212067 -0.287568 0.96717 -20.033226 0.964534 1.212844 0.0 0.0 -1e-06 -3.440391 0.788235 0.501655 -15.928192 -3.167311 2.999706 -6.338829 -2e-06 -1e-06 -18.123457 3.648184 -4.905674 -4e-06 1e-06 -2e-06 19.183552 13.978759 19.958553 47.654682 10.368084 26.774071 0.540551 40.369041 0.219907 -1.925218 -8.119172 -25.393648 2.243542 -5.255037 -3.180157 14.282896 -0.826595 6.952504 -2e-06 -12.690605 2e-06 16.053728 -17.273228 2.592947 1.665666 -1.955921 -2.878299 4.7278 -4.170588 4.993925 11.020529 3e-06 -2e-06 12.109056 -3.735716 -2.866783 -1e-06 -0.0 0.0 1.291985 -1.92855 -1.498089 14.800134 0.567468 3.865609 14.242577 -1.341737 -6.660658 19.631973 0.143925 -0.648243 49.272774 -0.583371 -6.411236 0.353029 -1.51115 -0.03194 20.222797 3.684311 2.316634 18.787279 5e-06 1e-06 10.751632 -0.479869 1.397907 -1e-06 -0.0 -1e-06 3.273807 0.305948 -0.580111 21.48682 11.830377 2.266135 8.16293 2e-06 1e-06 18.399084 -3.798988 -4.940573 5e-06 1e-06 -1e-06 4.45662 8.286618 18.231031 0.056622 -0.210902 8.483751 -0.894887 -1.304723 -15.034546 1.790417 -1.77739 -3.630555 -0.0 0.0 2e-06 4.617208 -12.328588 -21.299768 0.118571 -0.090781 2.698129 2.804229 -3.655069 11.104182 -1.388791 1.002112 -3.280548 0.0 1e-06 -1e-06 
0.0 0.0 0.0 0.0 -0.0 0.0 -58.253662 96.153969 471.016296 -2.775057 -6.267927 -1.836502 3.074344 0.183674 -3.380024 0.230455 -0.208148 -6.74316 0.177826 -1.814262 17.542082 0.365157 2.099613 5.633072 -0.015585 2.456284 -3.614074 -0.175307 1.074174 -11.261997 7.7e-05 -2.3e-05 6e-06 0.00281 0.013812 0.017172 0.665031 -3.699456 -10.527024 -0.656507 3.738737 -10.525729 -13.314561 -11.198471 16.293533 -52.030396 -15.865389 36.321159 0.433907 -36.920334 -0.369909 -4.182058 3.282608 -26.618088 -5.882109 9.861289 0.702592 -10.936875 -0.360574 7.156209 -1e-06 8.774828 -3e-06 -16.746687 18.03054 5.959034 -1.844034 2.498506 -2.507279 -10.163605 4.678947 4.621109 -20.976034 -1e-06 1e-06 -21.226297 2.451702 -3.594002 2e-06 -6e-06 0.0 -1.362683 2.2408 -0.746323 -21.334925 0.584911 3.008325 -13.821218 0.0 1e-06 -23.887178 -0.249076 -0.839483 -60.938995 2.552957 -0.9677 -0.294025 1.679689 0.833255 -14.218215 0.093216 1.300581 -34.212067 -0.287561 0.967171 -20.033222 0.964536 1.212844 0.0 -0.0 0.0 -3.44039 0.788233 0.501655 -15.928191 -3.167309 2.999707 -6.338827 0.0 0.0 -18.123453 3.648185 -4.905674 -3e-06 1e-06 0.0 19.077797 13.769364 20.064713 48.384014 10.41012 26.44787 0.963368 39.248028 0.449987 -1.786594 -8.360397 -25.701721 2.243543 -5.255041 -3.180161 14.2829 -0.826596 6.952506 -1e-06 -12.690615 -1e-06 15.94542 -17.280268 2.629032 1.665668 -1.955923 -2.8783 4.727802 -4.170591 4.993928 11.020535 2e-06 -2e-06 12.10906 -3.735719 -2.866786 0.0 -0.0 0.0 1.291987 -1.928551 -1.498089 14.800139 0.567469 3.865608 14.242582 -1.341738 -6.660664 19.631979 0.143926 -0.648246 49.186623 -0.512978 -6.412402 0.353029 -1.511152 -0.031941 20.222803 3.684311 2.31663 18.787285 4e-06 -2e-06 10.751638 -0.479867 1.397906 -3e-06 -0.0 0.0 3.273809 0.305948 -0.58011 21.486826 11.83038 2.266134 8.162933 1e-06 -1e-06 18.399097 -3.798985 -4.940581 5e-06 1e-06 -0.0 6.48464 8.277598 19.083519 0.121335 -0.332036 10.868291 -1.342895 -2.041779 -12.99535 1.865565 -1.782784 -6.941643 0.0 -0.0 2e-06 5.444433 -11.607425 -22.146648 0.076048 -0.033773 7.597028 1.016208 -3.652314 12.295239 -1.37825 0.942449 -2.677053 -0.0 0.0 -1e-06 
0.0 0.0 0.0 0.0 -0.0 0.0 -59.519577 96.316429 474.121948 -3.478667 -5.874411 -1.849841 3.142991 0.123232 -3.444916 0.28745 -0.397362 -6.767306 0.654146 -1.937493 17.177225 0.859444 1.916082 5.886186 -0.047704 2.455684 -3.621969 0.041504 1.360764 -11.324915 7.7e-05 -2.2e-05 6e-06 -0.002487 -0.005471 0.01422 0.689368 -3.724421 -10.536676 -0.689499 3.72435 -10.528398 -12.39261 -11.203197 16.465193 -53.835903 -15.236427 36.587059 0.398943 -36.276848 -0.312841 -4.261015 3.597386 -26.494453 -5.88211 9.861289 0.70259 -10.936875 -0.360574 7.156208 -0.0 8.774828 -1e-06 -16.724911 17.83547 5.926819 -1.844034 2.498506 -2.507279 -10.163604 4.678946 4.621107 -20.976028 -2e-06 0.0 -21.226292 2.451699 -3.594 3e-06 -4e-06 0.0 -1.362682 2.2408 -0.746324 -21.334921 0.584911 3.008322 -13.821217 -0.0 1e-06 -23.887178 -0.249077 -0.839484 -60.839699 2.502017 -0.92328 -0.294025 1.679688 0.833257 -14.218214 0.093216 1.30058 -34.212067 -0.287564 0.967167 -20.033226 0.964536 1.212843 -1e-06 1e-06 -1e-06 -3.440389 0.788234 0.501656 -15.928189 -3.16731 2.999708 -6.338827 -1e-06 -2e-06 -18.123453 3.648183 -4.905673 -3e-06 0.0 0.0 18.729385 13.67052 20.033964 49.610962 10.403419 26.341032 0.993605 37.954689 0.44357 -1.238526 -8.76628 -26.458824 2.243543 -5.255041 -3.180158 14.282896 -0.826598 6.9525 1e-06 -12.690611 -1e-06 16.023045 -17.359615 2.592968 1.665667 -1.955922 -2.878298 4.7278 -4.170591 4.993924 11.020528 1e-06 -3e-06 12.109058 -3.73572 -2.866786 -1e-06 -0.0 0.0 1.291986 -1.92855 -1.498089 14.800132 0.567467 3.865605 14.242578 -1.341739 -6.660659 19.631969 0.143924 -0.648248 49.305145 -0.500035 -6.432606 0.353029 -1.51115 -0.03194 20.222792 3.684308 2.316629 18.787279 4e-06 -4e-06 10.75163 -0.47987 1.397904 -1e-06 -1e-06 1e-06 3.273808 0.305947 -0.580112 21.486816 11.830379 2.266134 8.16293 1e-06 -2e-06 18.39909 -3.79899 -4.94058 5e-06 0.0 -1e-06 8.351418 8.019014 18.825348 0.124118 -0.474964 15.438716 -1.604664 -2.41573 -9.842696 1.938954 -1.824418 -11.261696 -0.0 -0.0 2e-06 6.35621 -11.573642 -22.908348 0.077842 -0.008923 13.336432 -0.397814 -3.764326 9.886436 -1.38385 0.845468 -1.994086 -0.0 0.0 -1e-06 
0.0 0.0 0.0 0.0 -0.0 0.0 -60.781757 96.684357 477.281891 -3.941152 -5.422036 -2.02235 3.117826 0.135515 -3.367702 0.28271 -0.515782 -6.778451 0.952344 -2.073227 16.663204 1.359696 1.805402 6.26429 -0.011862 2.304257 -3.644823 0.346063 1.274094 -11.267187 7.7e-05 -2.2e-05 6e-06 -0.002659 -0.00763 0.023901 0.711539 -3.718455 -10.516756 -0.710424 3.714605 -10.504172 -11.359202 -11.232354 16.807261 -55.359901 -14.717479 36.916039 0.385208 -36.225437 -0.296302 -4.786502 4.082683 -26.581409 -5.882108 9.861284 0.702589 -10.936872 -0.360574 7.156202 -1e-06 8.774822 -1e-06 -16.75667 18.013639 5.830803 -1.844032 2.498505 -2.507276 -10.163599 4.678944 4.621107 -20.976021 -1e-06 0.0 -21.226286 2.451698 -3.594001 1e-06 -5e-06 -1e-06 -1.362682 2.240798 -0.746322 -21.334911 0.584913 3.008319 -13.821213 0.0 -0.0 -23.887167 -0.249077 -0.839486 -60.605835 2.443236 -0.993745 -0.294025 1.679688 0.833256 -14.218207 0.093216 1.30058 -34.212048 -0.287561 0.967165 -20.033211 0.964537 1.212839 1e-06 -0.0 0.0 -3.440388 0.788233 0.501655 -15.928185 -3.167307 2.999705 -6.338826 -0.0 0.0 -18.123444 3.648184 -4.90567 -3e-06 0.0 0.0 18.3002 13.550213 19.928583 50.798294 10.317441 26.485762 0.871366 37.134495 0.364162 -0.636025 -9.291884 -27.275928 2.243542 -5.255038 -3.180159 14.282896 -0.826596 6.952507 -2e-06 -12.690609 1e-06 16.172199 -17.50729 2.59977 1.665667 -1.955921 -2.8783 4.727801 -4.170589 4.993926 11.020531 2e-06 -2e-06 12.109058 -3.735717 -2.866785 -1e-06 0.0 -0.0 1.291986 -1.92855 -1.49809 14.800134 0.567467 3.865609 14.242579 -1.341738 -6.660663 19.631975 0.143925 -0.648246 49.535324 -0.557105 -6.349247 0.353029 -1.511151 -0.03194 20.222801 3.68431 2.31663 18.787277 4e-06 -2e-06 10.751633 -0.47987 1.397906 -1e-06 -1e-06 1e-06 3.273808 0.305946 -0.580111 21.48682 11.830379 2.266133 8.16293 1e-06 0.0 18.39909 -3.798988 -4.940579 5e-06 1e-06 -1e-06 10.012872 7.970225 17.127562 0.120561 -0.632475 22.393375 -1.378382 -2.861504 -5.288384 2.045747 -1.85386 -15.782544 -0.0 0.0 2e-06 6.871253 -11.939308 -21.9102 0.142862 -0.124964 16.444012 -1.86753 -3.354726 7.088104 -1.39308 0.840869 -1.080291 -0.0 0.0 -1e-06 
0.0 0.0 0.0 0.0 -0.0 0.0 -62.01672 97.106697 480.500275 -4.300052 -4.929904 -2.381901 3.196885 0.120531 -3.193953 0.266656 -0.48766 -6.689419 1.045674 -2.155336 16.275038 1.893857 1.711807 6.437201 -0.046018 2.024346 -3.607952 0.513604 1.271006 -11.295194 7.7e-05 -2.2e-05 6e-06 -0.000845 0.008101 0.041272 0.725628 -3.708322 -10.521053 -0.720244 3.733344 -10.507389 -10.530105 -11.264946 16.868938 -56.174976 -14.276113 37.485416 0.341044 -36.819313 -0.255584 -5.459412 4.140805 -26.437206 -5.882113 9.861295 0.70259 -10.936885 -0.360577 7.156209 2e-06 8.774833 -2e-06 -16.75219 17.968273 5.764062 -1.844035 2.498507 -2.507281 -10.163612 4.678948 4.621112 -20.976053 -5e-06 1e-06 -21.226316 2.451698 -3.594004 1e-06 -6e-06 -1e-06 -1.362684 2.240801 -0.746323 -21.334946 0.584908 3.008325 -13.821234 -4e-06 -0.0 -23.887205 -0.249084 -0.839484 -60.563335 2.403159 -1.0083 -0.294025 1.679689 0.833256 -14.218227 0.093212 1.300579 -34.212097 -0.287572 0.967171 -20.033243 0.964533 1.212846 1e-06 1e-06 -0.0 -3.440393 0.788234 0.501656 -15.928208 -3.167315 2.999709 -6.338833 -1e-06 -1e-06 -18.123472 3.648185 -4.905678 -4e-06 1e-06 0.0 18.134823 13.523641 19.903032 51.379848 10.040134 26.370354 0.83445 37.303516 0.398225 -0.18988 -9.662282 -27.671854 2.243545 -5.255042 -3.180161 14.282904 -0.826597 6.952506 -1e-06 -12.690616 -0.0 16.238708 -17.570959 2.643504 1.665668 -1.955924 -2.8783 4.727804 -4.170592 4.993925 11.020537 2e-06 -3e-06 12.109063 -3.735721 -2.866788 -1e-06 -0.0 -1e-06 1.291987 -1.928552 -1.498088 14.800142 0.567467 3.865608 14.242585 -1.34174 -6.660663 19.631985 0.143924 -0.648246 49.530678 -0.602118 -6.359142 0.353029 -1.511152 -0.031941 20.222809 3.684309 2.31663 18.787291 3e-06 -3e-06 10.751639 -0.479869 1.397905 -1e-06 -1e-06 1e-06 3.27381 0.305945 -0.58011 21.486832 11.830384 2.266134 8.162935 2e-06 -2e-06 18.399099 -3.798988 -4.940584 5e-06 0.0 -2e-06 11.602362 8.17891 13.965596 0.029957 -0.722154 31.632557 -0.901553 -2.751841 0.828823 2.080188 -1.747259 -18.079939 0.0 -0.0 4e-06 7.234817 -12.430312 -19.865849 0.17662 -0.199773 17.921106 -2.730021 -3.349691 3.920353 -1.401736 0.808991 -0.690262 0.0 0.0 -1e-06 
0.0 0.0 0.0 0.0 -0.0 0.0 -63.136112 97.489639 483.51947 -4.562586 -4.502092 -2.837167 3.31048 0.140818 -2.902441 0.251698 -0.390985 -6.550862 1.101628 -2.155117 16.024855 2.229407 1.623393 6.453853 -0.056564 1.860365 -3.603983 0.618991 1.15794 -11.320023 7.7e-05 -2.2e-05 6e-06 0.0033 0.035791 0.038433 0.732342 -3.687796 -10.545357 -0.719064 3.765906 -10.535066 -10.110151 -11.223746 16.725 -56.33112 -14.186722 38.022968 0.224596 -37.681061 -0.196635 -5.970475 4.01804 -26.376118 -5.882107 9.861284 0.702591 -10.936872 -0.360574 7.156205 1e-06 8.774823 -1e-06 -16.721523 17.962561 5.784887 -1.844032 2.498504 -2.507279 -10.163599 4.678944 4.621109 -20.976023 -4e-06 1e-06 -21.226286 2.451697 -3.593997 0.0 -6e-06 -1e-06 -1.362682 2.240798 -0.746322 -21.334913 0.58491 3.008323 -13.821213 -2e-06 1e-06 -23.887167 -0.249078 -0.839484 -60.62706 2.441602 -0.989191 -0.294025 1.679686 0.833255 -14.218209 0.093216 1.30058 -34.212051 -0.287564 0.967169 -20.033215 0.964535 1.212842 1e-06 0.0 -0.0 -3.440389 0.788233 0.501655 -15.928185 -3.167308 2.999705 -6.338826 -0.0 -1e-06 -18.123449 3.648182 -4.905671 -4e-06 1e-06 -0.0 18.035782 13.59994 19.861403 51.334713 9.714657 26.508236 0.738762 38.312477 0.434324 0.108652 -9.621048 -28.080902 2.243541 -5.255037 -3.180159 14.282887 -0.826595 6.952503 -2e-06 -12.690602 2e-06 16.215944 -17.577835 2.699682 1.665666 -1.955922 -2.8783 4.727798 -4.170587 4.993925 11.020526 3e-06 -2e-06 12.109052 -3.735714 -2.866783 -1e-06 -0.0 -1e-06 1.291985 -1.928549 -1.498089 14.800129 0.567468 3.865608 14.242571 -1.341735 -6.66066 19.631968 0.143927 -0.648246 49.486786 -0.607962 -6.322311 0.353029 -1.51115 -0.03194 20.222788 3.684308 2.316629 18.78727 4e-06 -1e-06 10.751627 -0.479869 1.397906 0.0 -1e-06 2e-06 3.273806 0.305948 -0.580112 21.486809 11.830374 2.266131 8.162926 1e-06 -0.0 18.39908 -3.798985 -4.940575 5e-06 1e-06 -0.0 12.789946 8.473602 9.763383 -0.057168 -0.668196 41.884491 -0.514184 -1.732427 6.869638 1.957484 -1.738006 -13.582941 -0.0 0.0 0.0 7.472461 -12.963009 -17.388983 0.178404 -0.242236 18.405804 -3.229645 -3.415621 1.38921 -1.411963 0.808644 -0.553862 0.0 0.0 -1e-06 
0.0 0.0 0.0 0.0 -0.0 0.0 -64.086327 97.80867 486.326752 -4.616164 -4.224617 -3.293501 3.422829 0.231086 -2.606174 0.223892 -0.261882 -6.397951 1.079627 -2.062246 15.927773 2.391271 1.590463 6.481458 -0.063196 1.739786 -3.621676 0.684114 1.057045 -11.438305 7.7e-05 -2.2e-05 6e-06 0.000442 0.034216 0.026006 0.717705 -3.693686 -10.553095 -0.711316 3.768042 -10.543514 -10.216214 -11.065442 16.44973 -56.06472 -14.638506 38.359447 0.057297 -38.159443 -0.160007 -6.042737 3.804106 -26.503609 -5.882104 9.861281 0.70259 -10.936866 -0.360574 7.156202 -1e-06 8.774821 1e-06 -16.658854 17.98078 5.897138 -1.844031 2.498504 -2.507277 -10.163596 4.678943 4.621105 -20.976015 -0.0 2e-06 -21.22628 2.451699 -3.594 -1e-06 -7e-06 -1e-06 -1.362681 2.240797 -0.746324 -21.334906 0.584912 3.008321 -13.821206 0.0 1e-06 -23.887157 -0.249076 -0.839484 -60.805683 2.567876 -0.969937 -0.294025 1.679687 0.833257 -14.218204 0.093217 1.300581 -34.21204 -0.287559 0.967168 -20.033209 0.964537 1.212841 -0.0 -0.0 -0.0 -3.440388 0.788233 0.501657 -15.928179 -3.167306 2.999704 -6.338822 -0.0 1e-06 -18.12344 3.648181 -4.905669 -4e-06 1e-06 0.0 18.06521 13.744035 19.879343 50.527287 9.646667 27.062578 0.672001 39.607067 0.405786 0.233328 -9.210799 -28.351192 2.24354 -5.255034 -3.180154 14.282883 -0.826596 6.952503 -1e-06 -12.690601 2e-06 16.137743 -17.495264 2.706844 1.665665 -1.955921 -2.878298 4.727797 -4.170586 4.993923 11.020519 1e-06 -1e-06 12.109043 -3.735716 -2.866783 -1e-06 -0.0 1e-06 1.291985 -1.928549 -1.498088 14.80012 0.567466 3.865607 14.242564 -1.341738 -6.660655 19.631956 0.143922 -0.648243 49.329548 -0.599624 -6.309604 0.353029 -1.51115 -0.03194 20.222784 3.684307 2.316631 18.787266 2e-06 1e-06 10.751624 -0.47987 1.397906 -1e-06 -0.0 0.0 3.273805 0.305946 -0.580111 21.486801 11.830369 2.266134 8.162922 1e-06 -0.0 18.399073 -3.798987 -4.940573 5e-06 0.0 -1e-06 13.064419 8.834999 5.244471 -0.064071 -0.555993 51.209263 0.097546 0.299351 10.107656 1.825837 -1.90367 -5.977578 0.0 -0.0 4e-06 7.471876 -13.542656 -14.907054 0.129455 -0.224039 18.496027 -3.425661 -3.348215 -0.76154 -1.416057 0.834042 -0.592745 0.0 0.0 -1e-06 
0.0 0.0 0.0 0.0 -0.0 0.0 -64.847786 98.121368 489.110138 -4.420204 -4.220173 -3.643863 3.468968 0.335078 -2.462908 0.168269 -0.098928 -6.296357 0.945391 -1.835506 15.993308 2.452983 1.618037 6.601792 -0.106473 1.653635 -3.616493 0.766421 0.930333 -11.573054 7.7e-05 -2.2e-05 6e-06 -0.008761 -0.000969 0.019533 0.694612 -3.727295 -10.549493 -0.707861 3.732337 -10.539302 -10.648776 -10.76374 16.204029 -55.790321 -15.556993 38.310913 -0.134741 -37.86647 -0.09131 -5.477483 3.63256 -26.813913 -5.882109 9.861292 0.70259 -10.936877 -0.360576 7.156209 1e-06 8.77483 -2e-06 -16.541727 17.988689 5.984536 -1.844033 2.498507 -2.507279 -10.163606 4.678946 4.621109 -20.976038 -7e-06 1e-06 -21.226301 2.451694 -3.594002 1e-06 -7e-06 -1e-06 -1.362681 2.2408 -0.746325 -21.334929 0.584907 3.008322 -13.821221 -4e-06 1e-06 -23.887182 -0.249082 -0.839484 -60.870415 2.673231 -1.001444 -0.294025 1.679687 0.833258 -14.218217 0.093214 1.300578 -34.21207 -0.287569 0.967169 -20.033226 0.964534 1.212844 0.0 1e-06 -1e-06 -3.440391 0.788234 0.501655 -15.928198 -3.167314 2.999706 -6.338828 -1e-06 0.0 -18.123457 3.648183 -4.905674 -3e-06 1e-06 -1e-06 18.243082 13.898472 19.93928 49.280518 10.086844 27.83816 0.775748 40.300045 0.388811 0.200132 -8.786297 -28.067122 2.243545 -5.255043 -3.180161 14.282906 -0.826595 6.952508 -3e-06 -12.690618 2e-06 16.105453 -17.408825 2.674617 1.665668 -1.955924 -2.878302 4.727804 -4.170591 4.993928 11.020538 3e-06 -3e-06 12.109064 -3.735719 -2.866786 -1e-06 -0.0 0.0 1.291987 -1.928551 -1.498092 14.800142 0.567469 3.865611 14.242588 -1.341736 -6.660665 19.63199 0.143928 -0.648248 49.217098 -0.607701 -6.313833 0.353029 -1.511151 -0.031939 20.222815 3.684315 2.316631 18.787296 6e-06 -3e-06 10.751641 -0.479867 1.397905 -1e-06 0.0 1e-06 3.27381 0.305948 -0.580112 21.486839 11.830388 2.266135 8.162938 3e-06 -2e-06 18.399105 -3.798987 -4.940582 5e-06 0.0 0.0 12.497406 9.391158 1.024191 -0.084702 -0.368767 58.011112 0.255246 0.995494 8.766625 1.827852 -1.977531 -3.710835 -0.0 -0.0 3e-06 7.123966 -13.829741 -12.400502 0.063246 -0.207991 18.207369 -3.376621 -3.272791 -2.623473 -1.41206 0.850527 -0.570242 -0.0 0.0 -1e-06 
0.0 0.0 0.0 0.0 -0.0 0.0 -65.492142 98.419334 491.897919 -4.027202 -4.41086 -3.961697 3.428521 0.421175 -2.373504 0.084317 0.124572 -6.213747 0.698836 -1.544245 16.075674 2.442917 1.668623 6.819832 -0.140435 1.646681 -3.594287 0.846535 0.771414 -11.555345 7.7e-05 -2.2e-05 6e-06 -0.014758 -0.028801 0.018489 0.676469 -3.750766 -10.540588 -0.702755 3.701172 -10.52889 -10.990755 -10.481214 16.052385 -55.807865 -16.526577 37.651054 -0.315811 -37.373104 0.050626 -4.612917 3.629867 -27.143784 -5.88211 9.861291 0.702589 -10.936877 -0.360575 7.156204 -1e-06 8.774828 -1e-06 -16.444235 18.011948 6.011854 -1.844034 2.498505 -2.507276 -10.163604 4.678946 4.62111 -20.976034 -2e-06 1e-06 -21.226301 2.451699 -3.594003 2e-06 -6e-06 0.0 -1.362682 2.240799 -0.746324 -21.334925 0.58491 3.008321 -13.82122 -0.0 -0.0 -23.887182 -0.249078 -0.839487 -60.768776 2.76306 -1.07058 -0.294025 1.679688 0.833255 -14.218215 0.093216 1.300579 -34.21207 -0.287564 0.967166 -20.033226 0.964536 1.212842 1e-06 1e-06 1e-06 -3.440391 0.788235 0.501655 -15.928198 -3.167311 2.999708 -6.338828 0.0 -2e-06 -18.123457 3.648184 -4.905674 -4e-06 1e-06 0.0 18.354374 14.150055 20.108383 48.222466 11.000859 28.474457 0.901036 40.245499 0.416283 0.2119 -8.658625 -27.506001 2.243542 -5.255037 -3.180158 14.282892 -0.826594 6.952502 -3e-06 -12.690602 -1e-06 16.115833 -17.383102 2.628166 1.665667 -1.955922 -2.878299 4.727799 -4.170587 4.993923 11.020526 3e-06 -1e-06 12.109055 -3.735714 -2.866787 -1e-06 -0.0 -0.0 1.291985 -1.928549 -1.498088 14.800129 0.567469 3.865607 14.242571 -1.341735 -6.660659 19.631968 0.143927 -0.648245 49.204338 -0.586347 -6.358913 0.353029 -1.51115 -0.03194 20.222794 3.684311 2.316628 18.78727 7e-06 -2e-06 10.751627 -0.479869 1.397904 1e-06 -1e-06 1e-06 3.273807 0.305946 -0.580112 21.486814 11.830374 2.266132 8.162927 1e-06 -1e-06 18.39908 -3.798983 -4.940573 3e-06 1e-06 -2e-06 11.296211 10.046687 -3.106604 -0.108004 -0.144013 62.171772 -0.049599 0.536498 5.72964 1.838864 -1.980896 -3.353516 0.0 0.0 5e-06 6.475448 -13.826541 -9.780706 0.039888 -0.21785 17.587383 -3.218292 -3.218052 -4.260349 -1.405265 0.852289 -0.473452 0.0 0.0 -1e-06 
0.0 0.0 0.0 0.0 -0.0 0.0 -66.079781 98.632309 494.691467 -3.607593 -4.712733 -4.282194 3.383267 0.502882 -2.198095 0.003914 0.39195 -6.114537 0.397532 -1.231025 16.039961 2.346979 1.750336 7.037557 -0.166978 1.662703 -3.56578 0.931624 0.618097 -11.441456 7.7e-05 -2.3e-05 6e-06 -0.01472 -0.032328 0.023087 0.673007 -3.751145 -10.53427 -0.700344 3.695246 -10.519488 -11.062521 -10.252817 15.928747 -55.990261 -17.226494 36.825905 -0.353577 -37.46487 0.14154 -3.828571 3.655757 -27.557325 -5.882113 9.861297 0.702592 -10.936878 -0.360573 7.15621 -2e-06 8.774833 1e-06 -16.394228 18.056824 5.998352 -1.844034 2.498507 -2.507279 -10.163606 4.67895 4.621111 -20.976036 2e-06 1e-06 -21.226301 2.4517 -3.594005 2e-06 -5e-06 0.0 -1.362683 2.240801 -0.746323 -21.334929 0.584914 3.008323 -13.821224 2e-06 0.0 -23.887188 -0.249075 -0.839489 -60.649815 2.837812 -1.173064 -0.294025 1.67969 0.833257 -14.21822 0.093218 1.300579 -34.212078 -0.287557 0.967169 -20.033232 0.96454 1.21284 1e-06 -0.0 1e-06 -3.440391 0.788235 0.501657 -15.928196 -3.167309 2.99971 -6.338829 1e-06 -1e-06 -18.123459 3.648189 -4.905678 -4e-06 1e-06 -1e-06 18.21014 14.575707 20.250654 47.644588 11.961946 28.99958 0.892531 39.989056 0.417185 0.284493 -8.725806 -27.210751 2.243545 -5.255042 -3.180159 14.282904 -0.826597 6.952506 0.0 -12.690616 -2e-06 16.148252 -17.402496 2.58542 1.665668 -1.955923 -2.878302 4.727803 -4.170592 4.993927 11.020536 2e-06 0.0 12.109063 -3.735721 -2.866786 -1e-06 -0.0 1e-06 1.291988 -1.928551 -1.49809 14.80014 0.567468 3.865607 14.242585 -1.341739 -6.660665 19.631985 0.143926 -0.648248 49.206039 -0.593048 -6.461951 0.35303 -1.511152 -0.031939 20.222813 3.684312 2.316629 18.787291 3e-06 -2e-06 10.751639 -0.479869 1.397906 -0.0 -1e-06 0.0 3.27381 0.305947 -0.580111 21.486832 11.830386 2.266134 8.162935 1e-06 -2e-06 18.399101 -3.798989 -4.940583 5e-06 0.0 -1e-06 9.820832 10.716969 -7.18235 -0.099454 0.063501 63.829449 -0.630831 -0.306664 2.716208 1.829844 -1.968668 -3.295353 0.0 0.0 1e-06 5.739491 -13.647455 -7.131959 0.04691 -0.240754 16.903046 -3.010577 -3.195586 -5.839343 -1.400806 0.841275 -0.327545 0.0 0.0 -1e-06 
0.0 0.0 0.0 0.0 -0.0 0.0 -66.647926 98.734467 497.412537 -3.238874 -5.07153 -4.574534 3.363271 0.5767 -1.964849 -0.047609 0.702111 -6.013083 0.088399 -0.910169 15.960483 2.15999 1.872787 7.138494 -0.206583 1.631112 -3.548974 1.027879 0.504466 -11.339711 7.7e-05 -2.2e-05 6e-06 -0.013061 -0.030935 0.029657 0.683331 -3.748143 -10.540149 -0.70867 3.695626 -10.526319 -11.08888 -9.994021 15.806761 -55.972878 -17.692436 36.185726 -0.276531 -38.219486 0.160599 -3.186608 3.556917 -27.936895 -5.882108 9.861288 0.702591 -10.936873 -0.360576 7.156205 -0.0 8.774828 -3e-06 -16.350058 18.107618 5.986053 -1.844034 2.498507 -2.507276 -10.163601 4.678947 4.621109 -20.976025 -2e-06 1e-06 -21.226286 2.451699 -3.594004 2e-06 -5e-06 0.0 -1.362681 2.240799 -0.746324 -21.334917 0.58491 3.008323 -13.821215 -3e-06 1e-06 -23.887171 -0.249079 -0.839485 -60.564209 2.85825 -1.218992 -0.294026 1.679689 0.833256 -14.21821 0.093214 1.300578 -34.212048 -0.287563 0.967168 -20.033213 0.964535 1.212844 0.0 1e-06 1e-06 -3.440389 0.788234 0.501655 -15.928185 -3.16731 2.999708 -6.338825 -2e-06 1e-06 -18.123446 3.648184 -4.905675 -4e-06 1e-06 -1e-06 17.973585 15.099006 20.343395 47.252956 12.784937 29.506285 0.708915 39.929337 0.342574 0.303289 -8.750664 -27.174635 2.243543 -5.25504 -3.180157 14.282899 -0.826598 6.952507 -1e-06 -12.69061 0.0 16.180014 -17.434177 2.575126 1.665666 -1.95592 -2.878299 4.727802 -4.170591 4.993927 11.020529 1e-06 -0.0 12.109057 -3.735718 -2.866784 0.0 -1e-06 1e-06 1.291986 -1.92855 -1.498088 14.800136 0.567466 3.865609 14.242577 -1.341738 -6.66066 19.631973 0.143923 -0.648245 49.21994 -0.637453 -6.517178 0.353029 -1.511151 -0.031941 20.222801 3.684307 2.316632 18.787283 1e-06 1e-06 10.751633 -0.47987 1.397905 1e-06 1e-06 0.0 3.273808 0.305946 -0.580111 21.48682 11.830377 2.266134 8.162932 2e-06 0.0 18.399092 -3.798989 -4.940576 5e-06 0.0 -0.0 8.309331 11.294408 -11.103684 -0.04574 0.247966 62.967728 -1.494271 -1.401126 0.249687 1.80855 -1.94845 -3.287807 -0.0 -0.0 -1e-06 5.088809 -13.474792 -4.598186 0.056468 -0.263989 16.26292 -2.807019 -3.0935 -7.375673 -1.400344 0.82515 -0.172429 0.0 0.0 -1e-06 
0.0 0.0 0.0 0.0 -0.0 0.0 -67.216469 98.725204 500.032135 -2.902554 -5.44927 -4.80456 3.332447 0.616382 -1.743763 -0.082633 1.045372 -5.926314 -0.20011 -0.589047 15.915935 1.934427 2.00634 7.103275 -0.252504 1.584819 -3.557624 1.084135 0.458838 -11.274557 7.7e-05 -2.2e-05 6e-06 -0.012481 -0.033516 0.037617 0.695757 -3.750974 -10.546367 -0.721274 3.693372 -10.537754 -11.230016 -9.693369 15.721764 -55.608974 -18.026047 35.810772 -0.141848 -39.313873 0.118865 -2.632998 3.403844 -28.187078 -5.882106 9.861288 0.702591 -10.936873 -0.360576 7.156204 2e-06 8.774828 -0.0 -16.299709 18.153149 5.993586 -1.844033 2.498505 -2.507277 -10.163603 4.678946 4.621109 -20.976032 -7e-06 0.0 -21.226294 2.451695 -3.594001 1e-06 -4e-06 0.0 -1.362682 2.240798 -0.746321 -21.334921 0.584909 3.008324 -13.821215 -2e-06 0.0 -23.887178 -0.249083 -0.839483 -60.52206 2.828655 -1.148263 -0.294025 1.679688 0.833256 -14.218212 0.093215 1.30058 -34.212063 -0.287568 0.96717 -20.033218 0.964535 1.212846 0.0 1e-06 1e-06 -3.440389 0.788234 0.501654 -15.928189 -3.16731 2.999705 -6.338827 -2e-06 -1e-06 -18.123453 3.648182 -4.905671 -3e-06 -0.0 -1e-06 17.804544 15.645723 20.431084 46.830189 13.434149 29.828878 0.493556 40.209599 0.238208 0.162773 -8.619678 -27.023035 2.24354 -5.255033 -3.180157 14.282885 -0.826594 6.952501 -5e-06 -12.690598 1e-06 16.198494 -17.447184 2.592879 1.665666 -1.95592 -2.878296 4.727797 -4.170585 4.993921 11.020522 4e-06 -2e-06 12.109048 -3.735712 -2.866783 0.0 -0.0 -0.0 1.291985 -1.928549 -1.498088 14.800125 0.567469 3.865605 14.242568 -1.341732 -6.660657 19.631958 0.143929 -0.648245 49.258068 -0.683874 -6.462478 0.353028 -1.51115 -0.031941 20.222786 3.684309 2.316627 18.787266 8e-06 -2e-06 10.751623 -0.479868 1.397903 2e-06 0.0 -0.0 3.273805 0.305947 -0.580111 21.486807 11.83037 2.266129 8.162924 4e-06 1e-06 18.399075 -3.798981 -4.940572 5e-06 1e-06 -1e-06 6.863821 11.717386 -14.544784 0.026545 0.368079 59.555584 -2.59352 -2.45045 -1.38106 1.795459 -1.932782 -3.221435 -0.0 -0.0 2e-06 4.489484 -13.356861 -2.288944 0.059871 -0.267236 15.79242 -2.56888 -2.943528 -8.932424 -1.404132 0.806374 0.001809 0.0 0.0 -1e-06 
0.0 0.0 0.0 0.0 -0.0 0.0 -67.776749 98.629005 502.607452 -2.584945 -5.832562 -4.943153 3.270468 0.610952 -1.57102 -0.111762 1.405202 -5.877607 -0.45908 -0.277193 15.930408 1.69933 2.144955 6.972086 -0.299204 1.531095 -3.588712 1.102341 0.465939 -11.201857 7.7e-05 -2.2e-05 6e-06 -0.012301 -0.043529 0.043541 0.701401 -3.76269 -10.550363 -0.727837 3.684401 -10.548894 -11.515995 -9.34388 15.701084 -54.943993 -18.28632 35.612953 0.01253 -40.381306 0.005357 -2.185488 3.244192 -28.342474 -5.882111 9.861293 0.702589 -10.936877 -0.360575 7.156204 -1e-06 8.774831 -0.0 -16.272484 18.202507 6.002035 -1.844035 2.498508 -2.507279 -10.163606 4.678948 4.621108 -20.97604 -2e-06 -4e-06 -21.226301 2.451699 -3.594007 1e-06 -6e-06 -1e-06 -1.362682 2.2408 -0.746326 -21.334929 0.584911 3.008319 -13.821224 -2e-06 -3e-06 -23.887186 -0.24908 -0.839492 -60.501938 2.770024 -1.003939 -0.294025 1.679689 0.833256 -14.218219 0.093217 1.300578 -34.212074 -0.287563 0.967161 -20.033228 0.964536 1.212837 0.0 1e-06 1e-06 -3.44039 0.788234 0.501655 -15.928192 -3.167311 2.999704 -6.338828 -1e-06 -2e-06 -18.123459 3.648184 -4.90568 -4e-06 1e-06 -2e-06 17.693754 16.174589 20.525494 46.367374 13.964922 29.8943 0.33906 40.809132 0.155516 -0.083984 -8.352522 -26.702894 2.243543 -5.255039 -3.180157 14.282894 -0.826595 6.9525 1e-06 -12.69061 -2e-06 16.208185 -17.434202 2.597523 1.665667 -1.955922 -2.878298 4.7278 -4.170589 4.993921 11.020528 1e-06 -2e-06 12.109056 -3.735719 -2.866787 1e-06 0.0 -1e-06 1.291986 -1.928552 -1.49809 14.800131 0.567465 3.865604 14.242577 -1.34174 -6.66066 19.631971 0.143924 -0.64825 49.301979 -0.706596 -6.344123 0.353029 -1.511151 -0.03194 20.222792 3.68431 2.316628 18.787273 3e-06 -4e-06 10.751629 -0.47987 1.397904 1e-06 1e-06 -0.0 3.273807 0.305948 -0.580112 21.486814 11.830381 2.266131 8.162929 2e-06 -1e-06 18.399088 -3.798986 -4.940581 4e-06 0.0 -1e-06 5.505027 11.979115 -17.375849 0.098193 0.411493 53.841084 -3.735747 -3.167165 -1.990453 1.800143 -1.943977 -3.028472 -0.0 -0.0 3e-06 3.914974 -13.314458 -0.148992 0.056662 -0.24984 15.397007 -2.294907 -2.791532 -10.492626 -1.411952 0.797979 0.210147 0.0 0.0 -1e-06 
0.0 0.0 0.0 0.0 -0.0 0.0 -68.307205 98.467873 505.245209 -2.274311 -6.240557 -4.959552 3.168805 0.56089 -1.482457 -0.143881 1.749305 -5.895044 -0.666085 0.049242 16.00915 1.459703 2.26994 6.806964 -0.355221 1.507908 -3.614055 1.106098 0.466036 -11.103223 7.7e-05 -2.2e-05 6e-06 -0.01122 -0.055612 0.042251 0.698591 -3.776483 -10.55577 -0.723926 3.673502 -10.560223 -11.878036 -8.968764 15.756943 -54.148788 -18.497786 35.575222 0.216488 -41.088284 -0.189337 -1.971573 3.074093 -28.299074 -5.882106 9.861284 0.702589 -10.936869 -0.360576 7.156202 -1e-06 8.774822 -1e-06 -16.272503 18.254768 5.998506 -1.844032 2.498503 -2.507277 -10.163599 4.678944 4.621105 -20.976021 -3e-06 -2e-06 -21.226284 2.451699 -3.594002 1e-06 -6e-06 -1e-06 -1.362682 2.240798 -0.746323 -21.334911 0.584909 3.008319 -13.821211 -1e-06 0.0 -23.887165 -0.24908 -0.839485 -60.463936 2.726137 -0.855442 -0.294024 1.679687 0.833254 -14.218205 0.093215 1.300578 -34.212036 -0.287564 0.967166 -20.033209 0.964537 1.212842 0.0 1e-06 1e-06 -3.440388 0.788234 0.501655 -15.928181 -3.16731 2.999704 -6.338823 -0.0 -1e-06 -18.123442 3.648181 -4.905671 -3e-06 0.0 -2e-06 17.529835 16.660917 20.641436 45.983379 14.46986 29.703018 0.24146 41.602074 0.110322 -0.371657 -8.058605 -26.226896 2.243544 -5.255039 -3.180157 14.282898 -0.826597 6.9525 -1e-06 -12.690609 -0.0 16.193106 -17.427 2.571498 1.665668 -1.955923 -2.878299 4.727801 -4.17059 4.993922 11.020531 1e-06 -3e-06 12.109059 -3.735719 -2.866786 -0.0 -0.0 -1e-06 1.291986 -1.92855 -1.498089 14.800132 0.567466 3.865605 14.242579 -1.34174 -6.66066 19.631975 0.143923 -0.648247 49.310562 -0.687583 -6.259085 0.353029 -1.51115 -0.031942 20.222801 3.684309 2.316629 18.787283 3e-06 -3e-06 10.751633 -0.47987 1.397905 -0.0 1e-06 -1e-06 3.273808 0.305947 -0.580111 21.48682 11.830378 2.266132 8.16293 2e-06 -2e-06 18.399094 -3.798987 -4.940581 5e-06 0.0 -1e-06 4.232133 12.087818 -19.448011 0.150046 0.413556 46.014889 -4.774751 -3.291574 -1.429146 1.802902 -1.971714 -2.855627 -0.0 0.0 3e-06 3.287619 -13.426764 1.95241 0.057283 -0.20652 14.902037 -1.954896 -2.505261 -12.029238 -1.421062 0.813234 0.425805 0.0 0.0 -1e-06 
0.0 0.0 0.0 0.0 -0.0 0.0 -68.790344 98.234978 508.131317 -2.022518 -6.683353 -4.809315 3.065443 0.478257 -1.516588 -0.188722 2.017557 -5.958806 -0.781227 0.417038 16.081888 1.182804 2.381127 6.669795 -0.40105 1.5448 -3.602011 1.101947 0.454758 -11.016134 7.7e-05 -2.2e-05 6e-06 -0.010247 -0.077009 0.042953 0.694252 -3.797519 -10.559011 -0.718527 3.651412 -10.563206 -12.202805 -8.570728 15.859223 -53.410973 -18.585793 35.700871 0.47733 -41.320862 -0.410191 -2.093717 2.885002 -28.080477 -5.882107 9.861288 0.70259 -10.936875 -0.360577 7.156205 1e-06 8.77483 -2e-06 -16.290279 18.305685 5.992484 -1.844032 2.498506 -2.507276 -10.163603 4.678946 4.621108 -20.976028 -4e-06 2e-06 -21.226292 2.451697 -3.594001 -0.0 -8e-06 0.0 -1.362682 2.240799 -0.746324 -21.334921 0.584909 3.008324 -13.821218 -4e-06 1e-06 -23.887177 -0.249077 -0.839481 -60.485546 2.745394 -0.773037 -0.294024 1.679687 0.833256 -14.218212 0.093214 1.300581 -34.212063 -0.287565 0.96717 -20.033218 0.964536 1.212846 0.0 1e-06 -0.0 -3.440389 0.788233 0.501654 -15.928191 -3.167312 2.999706 -6.338828 -2e-06 -1e-06 -18.123453 3.648184 -4.905669 -4e-06 1e-06 -2e-06 17.231773 17.126207 20.720381 45.742325 14.914316 29.506834 0.124828 42.57251 0.033028 -0.668328 -7.825453 -25.606867 2.243542 -5.255036 -3.180159 14.282892 -0.826592 6.952502 -5e-06 -12.690605 3e-06 16.183527 -17.445045 2.513261 1.665666 -1.955921 -2.878298 4.727798 -4.170587 4.993925 11.020528 5e-06 -3e-06 12.109053 -3.735713 -2.866786 -1e-06 -0.0 -0.0 1.291985 -1.928549 -1.498089 14.800131 0.567471 3.865609 14.242575 -1.341734 -6.660656 19.631968 0.143928 -0.648243 49.276443 -0.638763 -6.25797 0.353028 -1.51115 -0.03194 20.222795 3.684313 2.31663 18.787273 9e-06 -2e-06 10.751629 -0.479867 1.397905 1e-06 2e-06 -1e-06 3.273807 0.305947 -0.580113 21.486816 11.830379 2.266129 8.16293 4e-06 -0.0 18.399084 -3.798981 -4.940575 3e-06 0.0 0.0 3.12433 12.09724 -20.607347 0.15659 0.425 35.903931 -6.126111 -3.165353 0.158231 1.786234 -1.97069 -2.831779 -0.0 -0.0 2e-06 2.595019 -13.693656 4.224082 0.060073 -0.142705 14.059782 -1.523423 -2.006464 -13.521566 -1.429134 0.851424 0.672669 0.0 0.0 -1e-06 
0.0 0.0 0.0 0.0 -0.0 0.0 -69.203773 97.880806 511.123505 -2.026585 -7.055481 -4.460179 3.080204 0.414966 -1.706787 -0.222524 2.125201 -6.039918 -0.739169 0.76619 16.091831 0.799481 2.422544 6.630393 -0.390449 1.612518 -3.580592 1.13978 0.583253 -10.86212 7.7e-05 -2.2e-05 6e-06 -0.010329 -0.111909 0.051872 0.693545 -3.837144 -10.575524 -0.718715 3.618886 -10.558285 -12.413154 -8.231748 15.955445 -52.995422 -18.395329 35.930943 0.730918 -41.040047 -0.569552 -2.542395 2.743515 -27.631008 -5.882108 9.861283 0.702591 -10.93687 -0.360574 7.156204 1e-06 8.774823 1e-06 -16.306643 18.401543 6.065413 -1.844032 2.498503 -2.507277 -10.163599 4.678944 4.621108 -20.976021 -4e-06 1e-06 -21.226286 2.451695 -3.593999 1e-06 -7e-06 -1e-06 -1.362682 2.240798 -0.746323 -21.334913 0.584911 3.008323 -13.821211 -1e-06 -1e-06 -23.887167 -0.249079 -0.839486 -60.689831 2.842674 -0.742998 -0.294025 1.679688 0.833254 -14.218208 0.093214 1.300579 -34.212051 -0.287565 0.96717 -20.033216 0.964536 1.212842 0.0 1e-06 0.0 -3.440388 0.788234 0.501655 -15.928185 -3.167309 2.999708 -6.338824 -1e-06 -1e-06 -18.123444 3.648182 -4.905669 -3e-06 1e-06 -2e-06 16.795298 17.461161 20.588095 45.644363 15.110356 29.666456 -0.200809 43.91 -0.215136 -0.877117 -7.783819 -25.225523 2.243542 -5.255037 -3.180159 14.282889 -0.826597 6.952502 0.0 -12.690601 0.0 16.231504 -17.500818 2.452817 1.665667 -1.955923 -2.878299 4.727799 -4.170588 4.993925 11.020526 2e-06 -2e-06 12.109052 -3.735718 -2.866784 0.0 0.0 1e-06 1.291986 -1.928549 -1.49809 14.800129 0.567466 3.865608 14.242575 -1.341739 -6.660661 19.631968 0.143922 -0.648246 49.349136 -0.610329 -6.282167 0.35303 -1.511152 -0.03194 20.222792 3.684305 2.316632 18.787271 3e-06 -2e-06 10.751627 -0.47987 1.397903 2e-06 2e-06 -2e-06 3.273806 0.305946 -0.58011 21.486813 11.830371 2.266133 8.162929 -1e-06 -2e-06 18.399088 -3.798987 -4.940578 3e-06 1e-06 -1e-06 2.390024 11.838625 -20.941967 0.111365 0.4873 24.076937 -8.007695 -2.883392 2.115622 1.751233 -1.942895 -2.806886 -0.0 -0.0 2e-06 2.112501 -13.990926 6.506392 0.038654 -0.085816 12.961144 -1.108509 -1.58348 -14.920849 -1.432907 0.896036 0.906862 -0.0 0.0 -1e-06 
0.0 0.0 0.0 0.0 -0.0 0.0 -69.493538 97.442017 513.929688 -2.227533 -7.322884 -4.008771 3.156696 0.412227 -1.981641 -0.189943 2.147703 -6.1103 -0.626877 0.930086 16.043262 0.292533 2.346308 6.548426 -0.305848 1.731855 -3.603113 1.197985 0.861893 -10.458649 7.7e-05 -2.2e-05 6e-06 -0.010273 -0.115652 0.061725 0.688526 -3.851475 -10.600158 -0.714235 3.622898 -10.563581 -12.593174 -7.862221 16.049711 -52.863903 -18.012449 35.690933 0.612357 -40.383617 -0.517926 -2.907184 2.547524 -26.815214 -5.882109 9.86129 0.702589 -10.936875 -0.360574 7.156205 -0.0 8.774828 -1e-06 -16.429794 18.498146 6.073357 -1.844033 2.498505 -2.507278 -10.163604 4.678947 4.62111 -20.97603 -3e-06 -1e-06 -21.226295 2.451698 -3.594002 1e-06 -4e-06 0.0 -1.362681 2.240798 -0.746322 -21.334921 0.584911 3.008323 -13.82122 -2e-06 1e-06 -23.88718 -0.249079 -0.839485 -61.020214 2.882441 -0.672722 -0.294024 1.679687 0.833256 -14.218212 0.093215 1.30058 -34.212063 -0.287564 0.967167 -20.033222 0.964536 1.21284 0.0 1e-06 1e-06 -3.44039 0.788234 0.501655 -15.928189 -3.16731 2.999707 -6.338827 1e-06 -0.0 -18.123453 3.648184 -4.905674 -4e-06 1e-06 -2e-06 16.408792 17.733629 20.360195 45.534111 15.015807 29.832716 -0.561713 45.464127 -0.470044 -0.837184 -7.959703 -24.973848 2.243543 -5.25504 -3.180158 14.2829 -0.826595 6.952507 -2e-06 -12.690612 0.0 16.286942 -17.617657 2.481 1.665668 -1.955924 -2.878301 4.727802 -4.170591 4.993928 11.020534 3e-06 -2e-06 12.109059 -3.735717 -2.866788 1e-06 0.0 1e-06 1.291986 -1.928551 -1.498091 14.800136 0.567468 3.865608 14.242582 -1.341737 -6.660663 19.631979 0.143929 -0.648246 49.579281 -0.693313 -6.255078 0.353028 -1.51115 -0.03194 20.222803 3.684313 2.316631 18.787283 7e-06 -3e-06 10.751633 -0.479869 1.397905 2e-06 2e-06 -2e-06 3.273808 0.305948 -0.580112 21.486828 11.830384 2.266131 8.162932 2e-06 -2e-06 18.399096 -3.798987 -4.940579 4e-06 0.0 -1e-06 2.048535 11.08832 -21.031349 -0.010122 0.469099 13.048256 -9.650352 -2.01926 3.67579 1.696536 -1.982865 -2.949347 -0.0 -0.0 2e-06 1.910563 -13.970427 8.591188 -0.005448 -0.043183 11.768948 -0.626421 -1.687227 -16.133492 -1.435914 0.911046 0.955399 -0.0 0.0 -1e-06 
