HIERARCHY
ROOT Root
{
  OFFSET 0.0 0.0 0.0
  CHANNELS 6 Xposition Yposition Zposition Zrotation Yrotation Xrotation
  JOINT Hips
  {
    OFFSET 0.0 100.0 0.0
    CHANNELS 6 Xposition Yposition Zposition Zrotation Yrotation Xrotation
    JOINT Spine1
    {
      OFFSET -0.013727 5.003763 -0.053727
      CHANNELS 3 Zrotation Yrotation Xrotation
      JOINT Spine2
      {
        OFFSET -0.0 7.125301 -0.029825
        CHANNELS 3 Zrotation Yrotation Xrotation
        JOINT Chest
        {
          OFFSET -1e-06 7.550063 -0.815971
          CHANNELS 3 Zrotation Yrotation Xrotation
          JOINT Neck1
          {
            OFFSET -0.181677 26.311295 -0.553348
            CHANNELS 3 Zrotation Yrotation Xrotation
            JOINT Neck2
            {
              OFFSET -3e-06 7.709397 2.302585
              CHANNELS 3 Zrotation Yrotation Xrotation
              JOINT Head
              {
                OFFSET -5e-06 6.128916 1.953709
                CHANNELS 3 Zrotation Yrotation Xrotation
                JOINT HeadEnd
                {
                  OFFSET 0.003598 16.065403 -1.835379
                  CHANNELS 3 Zrotation Yrotation Xrotation
                }
                JOINT Jaw
                {
                  OFFSET 0.002637 0.475592 3.094941
                  CHANNELS 3 Zrotation Yrotation Xrotation
                }
                JOINT LeftEye
                {
                  OFFSET 3.206381 5.380205 7.586883
                  CHANNELS 3 Zrotation Yrotation Xrotation
                }
                JOINT RightEye
                {
                  OFFSET -3.22244 5.361869 7.558234
                  CHANNELS 3 Zrotation Yrotation Xrotation
                }
              }
            }
          }
          JOINT LeftShoulder
          {
            OFFSET 1.621652 23.237164 5.113413
            CHANNELS 3 Zrotation Yrotation Xrotation
            JOINT LeftArm
            {
              OFFSET 14.919846 2e-06 -5.502326
              CHANNELS 3 Zrotation Yrotation Xrotation
              JOINT LeftForeArm
              {
                OFFSET 28.739307 0.0 -0.002588
                CHANNELS 3 Zrotation Yrotation Xrotation
                JOINT LeftHand
                {
                  OFFSET 27.093981 -1e-06 0.002609
                  CHANNELS 3 Zrotation Yrotation Xrotation
                  JOINT LeftHandThumb1
                  {
                    OFFSET 2.276482 -1.392045 3.191413
                    CHANNELS 3 Zrotation Yrotation Xrotation
                    JOINT LeftHandThumb2
                    {
                      OFFSET 4.012836 -1.828127 1.641654
                      CHANNELS 3 Zrotation Yrotation Xrotation
                      JOINT LeftHandThumb3
                      {
                        OFFSET 2.798515 0.0 -3e-06
                        CHANNELS 3 Zrotation Yrotation Xrotation
                        JOINT LeftHandThumbEnd
                        {
                          OFFSET 3.180793 -4e-06 4e-06
                          CHANNELS 3 Zrotation Yrotation Xrotation
                        }
                      }
                    }
                  }
                  JOINT LeftHandIndex1
                  {
                    OFFSET 3.247555 -0.531998 2.296169
                    CHANNELS 3 Zrotation Yrotation Xrotation
                    JOINT LeftHandIndex2
                    {
                      OFFSET 6.364578 0.01206 0.1786
                      CHANNELS 3 Zrotation Yrotation Xrotation
                      JOINT LeftHandIndex3
                      {
                        OFFSET 3.662364 0.0 0.0
                        CHANNELS 3 Zrotation Yrotation Xrotation
                        JOINT LeftHandIndex4
                        {
                          OFFSET 2.329242 4e-06 4e-06
                          CHANNELS 3 Zrotation Yrotation Xrotation
                          JOINT LeftHandIndexEnd
                          {
                            OFFSET 2.759615 -0.180537 -0.113024
                            CHANNELS 3 Zrotation Yrotation Xrotation
                          }
                        }
                      }
                    }
                  }
                  JOINT LeftHandMiddle1
                  {
                    OFFSET 3.163495 0.240981 1.000332
                    CHANNELS 3 Zrotation Yrotation Xrotation
                    JOINT LeftHandMiddle2
                    {
                      OFFSET 6.19078 -0.259278 -1.002548
                      CHANNELS 3 Zrotation Yrotation Xrotation
                      JOINT LeftHandMiddle3
                      {
                        OFFSET 4.35652 -4e-06 -1e-06
                        CHANNELS 3 Zrotation Yrotation Xrotation
                        JOINT LeftHandMiddle4
                        {
                          OFFSET 2.996877 -8e-06 0.0
                          CHANNELS 3 Zrotation Yrotation Xrotation
                          JOINT LeftHandMiddleEnd
                          {
                            OFFSET 2.304287 -0.294569 -0.031741
                            CHANNELS 3 Zrotation Yrotation Xrotation
                          }
                        }
                      }
                    }
                  }
                  JOINT LeftHandRing1
                  {
                    OFFSET 2.882643 -0.053652 -0.322543
                    CHANNELS 3 Zrotation Yrotation Xrotation
                    JOINT LeftHandRing2
                    {
                      OFFSET 5.854541 -0.486202 -1.373841
                      CHANNELS 3 Zrotation Yrotation Xrotation
                      JOINT LeftHandRing3
                      {
                        OFFSET 4.350578 0.0 3e-06
                        CHANNELS 3 Zrotation Yrotation Xrotation
                        JOINT LeftHandRing4
                        {
                          OFFSET 2.651321 7e-06 2e-06
                          CHANNELS 3 Zrotation Yrotation Xrotation
                          JOINT LeftHandRingEnd
                          {
                            OFFSET 1.936105 0.077687 -7.1e-05
                            CHANNELS 3 Zrotation Yrotation Xrotation
                          }
                        }
                      }
                    }
                  }
                  JOINT LeftHandPinky1
                  {
                    OFFSET 2.8655 -0.310005 -1.600378
                    CHANNELS 3 Zrotation Yrotation Xrotation
                    JOINT LeftHandPinky2
                    {
                      OFFSET 5.087849 -1.331141 -1.77123
                      CHANNELS 3 Zrotation Yrotation Xrotation
                      JOINT LeftHandPinky3
                      {
                        OFFSET 3.070974 4e-06 0.0
                        CHANNELS 3 Zrotation Yrotation Xrotation
                        JOINT LeftHandPinky4
                        {
                          OFFSET 1.549672 0.0 1e-06
                          CHANNELS 3 Zrotation Yrotation Xrotation
                          JOINT LeftHandPinkyEnd
                          {
                            OFFSET 1.944893 -0.157802 0.057219
                            CHANNELS 3 Zrotation Yrotation Xrotation
                          }
                        }
                      }
                    }
                  }
                }
              }
            }
          }
          JOINT RightShoulder
          {
            OFFSET -1.380118 23.180309 5.214158
            CHANNELS 3 Zrotation Yrotation Xrotation
            JOINT RightArm
            {
              OFFSET -15.037196 1.2e-05 -5.545604
              CHANNELS 3 Zrotation Yrotation Xrotation
              JOINT RightForeArm
              {
                OFFSET -28.736639 2e-06 -0.002597
                CHANNELS 3 Zrotation Yrotation Xrotation
                JOINT RightHand
                {
                  OFFSET -27.133619 -0.0 0.002613
                  CHANNELS 3 Zrotation Yrotation Xrotation
                  JOINT RightHandThumb1
                  {
                    OFFSET -2.274032 -1.383988 3.163127
                    CHANNELS 3 Zrotation Yrotation Xrotation
                    JOINT RightHandThumb2
                    {
                      OFFSET -4.011429 -1.827466 1.640914
                      CHANNELS 3 Zrotation Yrotation Xrotation
                      JOINT RightHandThumb3
                      {
                        OFFSET -2.794935 -4e-06 -3e-06
                        CHANNELS 3 Zrotation Yrotation Xrotation
                        JOINT RightHandThumbEnd
                        {
                          OFFSET -3.183852 4e-06 1e-06
                          CHANNELS 3 Zrotation Yrotation Xrotation
                        }
                      }
                    }
                  }
                  JOINT RightHandIndex1
                  {
                    OFFSET -3.253266 -0.520057 2.282866
                    CHANNELS 3 Zrotation Yrotation Xrotation
                    JOINT RightHandIndex2
                    {
                      OFFSET -6.341917 0.012471 0.178266
                      CHANNELS 3 Zrotation Yrotation Xrotation
                      JOINT RightHandIndex3
                      {
                        OFFSET -3.654871 -8e-06 -0.0
                        CHANNELS 3 Zrotation Yrotation Xrotation
                        JOINT RightHandIndex4
                        {
                          OFFSET -2.327586 0.0 1e-06
                          CHANNELS 3 Zrotation Yrotation Xrotation
                          JOINT RightHandIndexEnd
                          {
                            OFFSET -2.76179 -0.180656 -0.113078
                            CHANNELS 3 Zrotation Yrotation Xrotation
                          }
                        }
                      }
                    }
                  }
                  JOINT RightHandMiddle1
                  {
                    OFFSET -3.168106 0.246593 1.00103
                    CHANNELS 3 Zrotation Yrotation Xrotation
                    JOINT RightHandMiddle2
                    {
                      OFFSET -6.180828 -0.258836 -1.000895
                      CHANNELS 3 Zrotation Yrotation Xrotation
                      JOINT RightHandMiddle3
                      {
                        OFFSET -4.348901 0.0 -0.0
                        CHANNELS 3 Zrotation Yrotation Xrotation
                        JOINT RightHandMiddle4
                        {
                          OFFSET -3.00024 -4e-06 -2e-06
                          CHANNELS 3 Zrotation Yrotation Xrotation
                          JOINT RightHandMiddleEnd
                          {
                            OFFSET -2.30252 -0.29437 -0.031706
                            CHANNELS 3 Zrotation Yrotation Xrotation
                          }
                        }
                      }
                    }
                  }
                  JOINT RightHandRing1
                  {
                    OFFSET -2.88569 -0.067952 -0.308858
                    CHANNELS 3 Zrotation Yrotation Xrotation
                    JOINT RightHandRing2
                    {
                      OFFSET -5.854198 -0.48613 -1.373731
                      CHANNELS 3 Zrotation Yrotation Xrotation
                      JOINT RightHandRing3
                      {
                        OFFSET -4.33881 -4e-06 -0.0
                        CHANNELS 3 Zrotation Yrotation Xrotation
                        JOINT RightHandRing4
                        {
                          OFFSET -2.654903 -4e-06 4e-06
                          CHANNELS 3 Zrotation Yrotation Xrotation
                          JOINT RightHandRingEnd
                          {
                            OFFSET -1.933568 0.077527 -5.2e-05
                            CHANNELS 3 Zrotation Yrotation Xrotation
                          }
                        }
                      }
                    }
                  }
                  JOINT RightHandPinky1
                  {
                    OFFSET -2.866425 -0.342796 -1.584145
                    CHANNELS 3 Zrotation Yrotation Xrotation
                    JOINT RightHandPinky2
                    {
                      OFFSET -5.091371 -1.332055 -1.772385
                      CHANNELS 3 Zrotation Yrotation Xrotation
                      JOINT RightHandPinky3
                      {
                        OFFSET -3.062664 -4e-06 1e-06
                        CHANNELS 3 Zrotation Yrotation Xrotation
                        JOINT RightHandPinky4
                        {
                          OFFSET -1.546529 4e-06 -2e-06
                          CHANNELS 3 Zrotation Yrotation Xrotation
                          JOINT RightHandPinkyEnd
                          {
                            OFFSET -1.945119 -0.157718 0.057211
                            CHANNELS 3 Zrotation Yrotation Xrotation
                          }
                        }
                      }
                    }
                  }
                }
              }
            }
          }
        }
      }
    }
    JOINT LeftLeg
    {
      OFFSET 10.043214 -8.434526 2.595655
      CHANNELS 3 Zrotation Yrotation Xrotation
      JOINT LeftShin
      {
        OFFSET -1e-06 -43.221752 -0.802913
        CHANNELS 3 Zrotation Yrotation Xrotation
        JOINT LeftFoot
        {
          OFFSET 1e-06 -42.155094 -3.481523
          CHANNELS 3 Zrotation Yrotation Xrotation
          JOINT LeftToeBase
          {
            OFFSET 0.0 -5.059472 13.231529
            CHANNELS 3 Zrotation Yrotation Xrotation
            JOINT LeftToeEnd
            {
              OFFSET -0.009607 -1.647619 6.513017
              CHANNELS 3 Zrotation Yrotation Xrotation
            }
          }
        }
      }
    }
    JOINT RightLeg
    {
      OFFSET -10.047278 -8.29526 2.620317
      CHANNELS 3 Zrotation Yrotation Xrotation
      JOINT RightShin
      {
        OFFSET 1e-06 -43.362206 -0.805556
        CHANNELS 3 Zrotation Yrotation Xrotation
        JOINT RightFoot
        {
          OFFSET 2e-06 -42.117393 -3.478398
          CHANNELS 3 Zrotation Yrotation Xrotation
          JOINT RightToeBase
          {
            OFFSET -0.0 -5.079609 13.284196
            CHANNELS 3 Zrotation Yrotation Xrotation
            JOINT RightToeEnd
            {
              OFFSET 0.009532 -1.634378 6.460591
              CHANNELS 3 Zrotation Yrotation Xrotation
            }
          }
        }
      }
    }
  }
}
MOTION
Frames: 180
Frame Time: 0.03333333333333333
0.0 0.0 0.0 0.0 -0.0 0.0 2.621352 97.359901 -2.248885 3.736319 0.095112 -1.91575 -3.546144 -0.253682 -2.474409 -1.013316 -1.962173 -5.981636 -2.062376 -3.633665 15.203444 3.856356 0.934144 7.163918 -0.756158 0.160625 -3.547738 0.430295 -0.413915 -9.841171 7.7e-05 -2.2e-05 6e-06 0.004955 0.01872 0.026403 0.711334 -3.704048 -10.636738 -0.702315 3.751199 -10.652952 -16.175611 -13.679277 15.822185 -48.906017 -14.124231 27.357016 0.558778 -35.283058 -0.270037 -3.337238 3.678349 -25.811241 -5.882102 9.861282 0.702593 -10.936867 -0.360576 7.156203 2e-06 8.774825 2e-06 -16.611506 18.47962 5.976314 -1.844032 2.498504 -2.507279 -10.163595 4.678942 4.621109 -20.976015 -5e-06 3e-06 -21.226273 2.451694 -3.593995 1e-06 -5e-06 1e-06 -1.362681 2.240798 -0.746324 -21.334906 0.584905 3.008322 -13.821207 -4e-06 1e-06 -23.887159 -0.249082 -0.839481 -61.187737 2.623531 -1.412193 -0.294025 1.679688 0.833258 -14.218203 0.093213 1.30058 -34.212036 -0.287568 0.967176 -20.033205 0.964536 1.212846 0.0 -0.0 1e-06 -3.440388 0.788231 0.501657 -15.928179 -3.167309 2.999706 -6.338822 -1e-06 0.0 -18.12344 3.648179 -4.905668 -4e-06 1e-06 -1e-06 18.391499 7.66423 16.231308 55.613174 5.936691 22.059328 0.164786 29.671295 0.275927 3.46782 -0.907789 -11.278448 2.243541 -5.255036 -3.180156 14.282891 -0.826595 6.952504 -3e-06 -12.690605 1e-06 16.175804 -17.958609 2.607925 1.665666 -1.955921 -2.878298 4.727798 -4.170587 4.993923 11.020526 3e-06 -2e-06 12.109052 -3.735716 -2.866784 -1e-06 0.0 -0.0 1.291986 -1.92855 -1.49809 14.800125 0.567468 3.865607 14.24257 -1.341736 -6.660657 19.631968 0.143926 -0.648244 49.701992 -0.542784 -6.634655 0.353029 -1.511151 -0.031939 20.22279 3.68431 2.31663 18.78727 5e-06 -0.0 10.751627 -0.479867 1.397906 0.0 -0.0 -0.0 3.273807 0.305948 -0.580111 21.486813 11.830376 2.266132 8.162928 2e-06 -0.0 18.39908 -3.798985 -4.940573 3e-06 1e-06 -1e-06 -5.55458 1.305729 14.220595 -0.024739 0.198632 3.529023 -1.162394 5.659474 -11.642312 1.695697 -1.848247 -0.73414 0.0 0.0 2e-06 -1.965643 -12.03274 -24.024986 0.089575 -0.181575 -1.19559 14.161755 -5.246525 11.091358 -1.301806 1.068493 -3.236343 -0.0 -0.0 -0.0 
0.0 0.0 0.0 0.0 -0.0 0.0 2.079296 96.962151 0.499045 3.153743 0.383767 -1.742249 -3.301343 -0.297631 -2.682104 -0.988628 -2.108977 -6.03583 -1.798567 -3.862922 15.183188 3.951013 0.832538 7.344585 -0.692771 0.219909 -3.557036 0.171325 -0.334689 -9.554974 7.7e-05 -2.3e-05 6e-06 0.007219 0.014746 0.004807 0.707022 -3.71037 -10.635209 -0.693732 3.749345 -10.644275 -16.195137 -13.781019 16.090477 -48.87991 -13.965583 27.368946 0.371408 -34.927166 -0.16324 -3.210543 3.375017 -25.924229 -5.88211 9.861293 0.702588 -10.936877 -0.360575 7.156208 1e-06 8.774832 -1e-06 -16.589828 18.289049 5.876367 -1.844034 2.498507 -2.507279 -10.163605 4.678948 4.62111 -20.976038 -4e-06 0.0 -21.226299 2.451697 -3.594003 2e-06 -5e-06 -0.0 -1.362683 2.240801 -0.746325 -21.334929 0.584909 3.008321 -13.821223 -4e-06 -2e-06 -23.887188 -0.249082 -0.839484 -60.950729 2.567206 -1.426457 -0.294024 1.679689 0.833256 -14.218219 0.093215 1.300578 -34.212074 -0.287567 0.967167 -20.033226 0.964534 1.212842 0.0 1e-06 1e-06 -3.44039 0.788233 0.501657 -15.928196 -3.167313 2.999706 -6.33883 1e-06 -0.0 -18.123459 3.648182 -4.905678 -4e-06 1e-06 0.0 19.004326 7.330214 16.163553 55.28606 5.973608 22.155697 0.062524 29.677023 0.248896 3.646064 -0.719363 -12.159705 2.243542 -5.255039 -3.180159 14.282896 -0.826593 6.952506 -3e-06 -12.690609 -1e-06 16.194206 -17.937811 2.545274 1.665667 -1.955922 -2.878299 4.7278 -4.170588 4.993927 11.020531 4e-06 -2e-06 12.109058 -3.735717 -2.866786 -1e-06 0.0 -0.0 1.291986 -1.92855 -1.49809 14.800138 0.567471 3.865608 14.242579 -1.341735 -6.660661 19.631975 0.143927 -0.648243 49.635933 -0.59359 -6.625168 0.353029 -1.511151 -0.031939 20.222801 3.684314 2.316631 18.787281 7e-06 -0.0 10.751633 -0.479867 1.397908 -2e-06 0.0 1e-06 3.273808 0.305947 -0.580112 21.486824 11.830382 2.266135 8.162933 3e-06 -0.0 18.399088 -3.798985 -4.940577 4e-06 1e-06 -1e-06 -4.333353 1.642239 15.599266 -0.037937 0.109434 4.258871 -1.955972 5.122541 -12.260931 1.756164 -1.806692 -0.935189 -0.0 -0.0 2e-06 -1.02513 -11.555426 -24.861952 0.05491 -0.10816 0.433568 13.366845 -5.378571 11.050773 -1.276978 1.12014 -3.200096 -0.0 -0.0 -0.0 
0.0 0.0 0.0 0.0 -0.0 0.0 1.499421 96.63221 3.359416 1.967834 0.580726 -1.669698 -2.655885 -0.320161 -2.983147 -0.971804 -2.370236 -6.159837 -1.36665 -4.01332 15.487282 4.047669 0.843962 7.427109 -0.646026 0.199658 -3.557209 -0.021364 -0.308269 -9.189589 7.7e-05 -2.3e-05 6e-06 0.009808 -0.000389 0.005276 0.697719 -3.719365 -10.61749 -0.67887 3.728215 -10.620296 -16.614311 -13.778265 16.405813 -48.746845 -13.464808 26.879768 0.348928 -34.482365 -0.215183 -2.834374 3.1701 -26.375332 -5.882109 9.861289 0.70259 -10.936873 -0.360575 7.156203 -0.0 8.774828 -1e-06 -16.553383 18.235567 5.886984 -1.844033 2.498506 -2.507279 -10.163603 4.678946 4.621107 -20.976025 -1e-06 -2e-06 -21.226292 2.451698 -3.594004 2e-06 -8e-06 -0.0 -1.362682 2.2408 -0.746325 -21.334917 0.58491 3.008318 -13.821217 -2e-06 -3e-06 -23.887175 -0.249078 -0.839486 -60.844891 2.581702 -1.364956 -0.294026 1.679688 0.833255 -14.218212 0.093217 1.300579 -34.212055 -0.287565 0.967163 -20.033215 0.964536 1.21284 -1e-06 1e-06 1e-06 -3.44039 0.788234 0.501656 -15.928189 -3.16731 2.999706 -6.338828 -1e-06 -1e-06 -18.123453 3.648183 -4.905678 -4e-06 1e-06 -0.0 19.70908 7.325271 16.122965 54.777412 6.237038 22.417971 0.004756 29.436165 0.198523 3.622133 -0.704559 -12.704252 2.243542 -5.255038 -3.180159 14.282892 -0.826596 6.952502 0.0 -12.690607 -0.0 16.170334 -17.870495 2.487057 1.665666 -1.955922 -2.878299 4.727798 -4.170588 4.993924 11.020525 1e-06 -2e-06 12.109052 -3.735718 -2.866786 -1e-06 -0.0 -0.0 1.291986 -1.92855 -1.49809 14.800129 0.567467 3.865607 14.242573 -1.341739 -6.660661 19.631968 0.143923 -0.648247 49.559841 -0.493948 -6.638346 0.353029 -1.511151 -0.031939 20.22279 3.684308 2.316629 18.78727 3e-06 -3e-06 10.751627 -0.479869 1.397905 -2e-06 -1e-06 -0.0 3.273806 0.305947 -0.580111 21.486809 11.830376 2.266132 8.16293 1e-06 -0.0 18.399076 -3.798987 -4.940578 4e-06 1e-06 -1e-06 -2.206309 2.332835 16.767813 -0.026131 -0.040961 5.791678 -3.022473 4.098474 -12.631546 1.787575 -1.835248 -1.738844 -0.0 -0.0 2e-06 0.268831 -10.664062 -25.441502 0.059035 -0.081185 4.210911 11.259691 -5.260301 12.723823 -1.324691 1.132226 -3.256135 -0.0 -0.0 -1e-06 
0.0 0.0 0.0 0.0 -0.0 0.0 0.77259 96.468529 6.491031 0.216426 0.644017 -1.690575 -1.730776 -0.345512 -3.361278 -0.882072 -2.547352 -6.392882 -0.738993 -4.185669 15.91764 4.170268 0.752686 7.679864 -0.628592 0.338462 -3.572659 -0.194834 -0.230451 -8.808599 7.7e-05 -2.3e-05 6e-06 0.010342 -0.03047 0.001565 0.68906 -3.742962 -10.605718 -0.667993 3.692159 -10.607327 -17.271421 -13.479949 16.588217 -48.757339 -12.617814 26.37631 0.438239 -33.813545 -0.305288 -2.293241 2.958402 -26.690269 -5.882112 9.861295 0.702588 -10.936879 -0.360574 7.15621 -1e-06 8.774831 -3e-06 -16.558804 18.101871 5.89807 -1.844034 2.498507 -2.507279 -10.163607 4.678949 4.621109 -20.976038 -1e-06 -2e-06 -21.226307 2.4517 -3.594007 2e-06 -7e-06 -0.0 -1.362683 2.2408 -0.746325 -21.334929 0.584913 3.008321 -13.821221 -1e-06 -2e-06 -23.887184 -0.249076 -0.839488 -60.869793 2.523751 -1.168624 -0.294025 1.679689 0.833257 -14.218219 0.093217 1.30058 -34.212074 -0.287563 0.967165 -20.033226 0.964535 1.212838 0.0 -0.0 2e-06 -3.440391 0.788235 0.501655 -15.928196 -3.16731 2.999706 -6.33883 -1e-06 -1e-06 -18.123463 3.648186 -4.905677 -5e-06 -1e-06 -2e-06 20.35494 7.505903 16.194637 54.29702 6.575287 22.596832 -0.095499 29.081413 0.09435 3.590106 -0.938837 -12.669005 2.243544 -5.25504 -3.18016 14.282896 -0.826598 6.952505 1e-06 -12.69061 1e-06 16.136961 -17.810764 2.457912 1.665667 -1.955923 -2.878301 4.727801 -4.170591 4.993925 11.020531 0.0 -3e-06 12.109059 -3.735719 -2.866788 -1e-06 -0.0 -0.0 1.291986 -1.92855 -1.49809 14.800134 0.567465 3.865608 14.242579 -1.341739 -6.660665 19.631973 0.143923 -0.648249 49.559486 -0.394277 -6.555683 0.353029 -1.511151 -0.031942 20.222797 3.684307 2.31663 18.787279 2e-06 -4e-06 10.751631 -0.479871 1.397905 -2e-06 -1e-06 -1e-06 3.273808 0.305946 -0.58011 21.48682 11.830378 2.266132 8.16293 1e-06 -2e-06 18.39909 -3.79899 -4.940582 5e-06 1e-06 -2e-06 0.718571 3.007572 18.36138 -0.006395 -0.181812 7.096097 -4.270777 2.944545 -11.541073 1.825489 -1.889627 -3.435363 0.0 0.0 2e-06 2.079259 -9.412455 -25.510984 0.03608 -0.1458 7.76441 7.626286 -4.894079 15.869284 -1.370693 1.068518 -2.834137 -0.0 -0.0 -1e-06 
0.0 0.0 0.0 0.0 -0.0 0.0 -0.082178 96.462799 9.805366 -1.757554 0.490029 -1.905929 -0.811619 -0.357811 -3.664776 -0.747699 -2.761356 -6.66854 0.100146 -4.248236 16.170515 4.26116 0.733622 8.271612 -0.623394 0.369831 -3.628286 -0.241032 0.170198 -8.538145 7.7e-05 -2.2e-05 6e-06 0.003452 -0.068749 -0.019356 0.668992 -3.777442 -10.606538 -0.660013 3.649408 -10.595712 -17.656006 -12.813066 16.658464 -49.460056 -11.524858 25.960838 0.614346 -32.912251 -0.341129 -1.690993 2.876809 -26.933689 -5.882106 9.861283 0.70259 -10.936869 -0.360575 7.156204 -1e-06 8.774822 -2e-06 -16.524542 17.958582 5.932346 -1.844032 2.498505 -2.507277 -10.163597 4.678944 4.621105 -20.976019 -2e-06 2e-06 -21.226282 2.451696 -3.594001 2e-06 -7e-06 0.0 -1.362682 2.240798 -0.746323 -21.334911 0.584912 3.008322 -13.82121 -1e-06 -0.0 -23.887167 -0.249079 -0.839488 -60.854492 2.473408 -1.017489 -0.294025 1.679687 0.833255 -14.218207 0.093216 1.300581 -34.212048 -0.287562 0.967168 -20.033213 0.964536 1.212842 0.0 -0.0 1e-06 -3.440387 0.788233 0.501653 -15.928183 -3.167309 2.999706 -6.338824 -1e-06 -0.0 -18.123444 3.648182 -4.90567 -5e-06 -0.0 -2e-06 20.584236 7.815898 16.348829 54.153782 6.940695 22.514055 -0.14899 28.707415 0.010573 3.553734 -1.300905 -12.494455 2.243541 -5.255035 -3.180157 14.282887 -0.826594 6.9525 -2e-06 -12.690598 0.0 16.11157 -17.80253 2.497896 1.665666 -1.955921 -2.878298 4.727797 -4.170586 4.993921 11.020522 2e-06 -3e-06 12.10905 -3.735715 -2.866785 -1e-06 -0.0 0.0 1.291985 -1.928548 -1.498088 14.800122 0.567468 3.865606 14.242566 -1.341737 -6.660655 19.631958 0.143925 -0.648245 49.576862 -0.311973 -6.521669 0.353029 -1.51115 -0.03194 20.222784 3.684308 2.316628 18.78727 5e-06 -2e-06 10.751625 -0.479868 1.397906 -2e-06 -0.0 0.0 3.273805 0.305946 -0.580111 21.486809 11.830368 2.266131 8.162926 2e-06 -0.0 18.399076 -3.798984 -4.940574 5e-06 1e-06 -3e-06 3.923193 3.469026 20.429668 0.022615 -0.331649 8.37624 -5.51598 2.06654 -8.188504 1.877086 -1.882237 -6.533027 -0.0 -0.0 1e-06 4.239303 -8.268163 -24.652277 -0.027541 -0.172657 10.560856 4.777541 -4.341582 17.127882 -1.371418 0.987069 -2.145186 0.0 0.0 -1e-06 
0.0 0.0 0.0 0.0 -0.0 0.0 -1.004794 96.749893 13.204476 -3.674201 0.127151 -2.181235 -0.023365 -0.363221 -3.848225 -0.576232 -2.802383 -6.816032 1.01967 -4.402234 15.935412 4.146135 0.548587 9.243206 -0.546379 0.733278 -3.630627 -0.160493 0.512189 -8.44258 7.7e-05 -2.3e-05 6e-06 -0.00179 -0.085969 -0.019961 0.673279 -3.794926 -10.574511 -0.671011 3.636916 -10.571703 -17.707649 -12.046344 16.768795 -50.755352 -10.223039 25.238729 0.565006 -31.89167 -0.329519 -0.882187 3.067605 -27.12381 -5.88211 9.861288 0.70259 -10.936873 -0.360573 7.156208 -1e-06 8.774827 0.0 -16.448057 17.990269 5.959181 -1.844033 2.498504 -2.507279 -10.163604 4.678947 4.621108 -20.97603 -2e-06 -1e-06 -21.226297 2.451698 -3.594004 2e-06 -6e-06 1e-06 -1.362682 2.240798 -0.746325 -21.334925 0.584911 3.008322 -13.82122 -2e-06 -0.0 -23.887178 -0.249079 -0.839486 -60.679092 2.416101 -0.994508 -0.294026 1.679687 0.833256 -14.218215 0.093216 1.300578 -34.212067 -0.287564 0.967167 -20.033226 0.964535 1.212841 0.0 1e-06 0.0 -3.44039 0.788234 0.501657 -15.928191 -3.167309 2.999708 -6.338829 -1e-06 -1e-06 -18.123457 3.648184 -4.905673 -3e-06 0.0 -2e-06 20.297874 8.04834 16.269363 54.38868 7.25955 22.285156 -0.009441 28.324091 0.048709 3.307534 -1.564344 -12.606066 2.243542 -5.255037 -3.180157 14.282891 -0.826595 6.952502 -1e-06 -12.690607 -0.0 16.049713 -17.875546 2.597984 1.665666 -1.955921 -2.878299 4.727799 -4.170588 4.993925 11.020528 2e-06 -3e-06 12.109053 -3.735717 -2.866784 -1e-06 -0.0 -0.0 1.291986 -1.92855 -1.498089 14.800127 0.567467 3.865605 14.242576 -1.341738 -6.660657 19.631969 0.143926 -0.648246 49.789795 -0.420299 -6.377621 0.353029 -1.511151 -0.031941 20.222794 3.684309 2.316631 18.78727 4e-06 -3e-06 10.751629 -0.479869 1.397904 -2e-06 -1e-06 0.0 3.273807 0.305947 -0.58011 21.486813 11.830376 2.266133 8.16293 2e-06 -1e-06 18.39908 -3.798985 -4.940578 5e-06 1e-06 -2e-06 6.949232 3.462759 20.851028 0.12955 -0.551955 12.628616 -6.433025 1.29978 -4.619968 2.004462 -1.973614 -10.9323 0.0 0.0 2e-06 6.542994 -7.732929 -23.358944 -0.053894 -0.306497 13.310925 3.174142 -3.81153 14.702143 -1.377395 1.00089 -1.209235 0.0 0.0 -1e-06 
0.0 0.0 0.0 0.0 -0.0 0.0 -1.919719 97.05143 16.516422 -5.210583 -0.107677 -2.473254 0.657965 -0.35432 -3.935795 -0.386126 -2.841908 -6.873719 1.637508 -4.346374 15.607909 4.148089 0.492958 9.934861 -0.488112 0.887848 -3.620748 -0.057091 0.712174 -8.569127 7.7e-05 -2.3e-05 6e-06 -0.005053 -0.101917 -0.005738 0.683118 -3.819608 -10.563869 -0.685611 3.628061 -10.556605 -17.278597 -11.539548 16.84059 -52.284119 -8.913021 24.690641 0.625667 -31.08457 -0.351608 -0.396482 3.348676 -26.775484 -5.882111 9.861292 0.70259 -10.936878 -0.360575 7.156209 -0.0 8.774831 -2e-06 -16.462002 17.878958 5.904434 -1.844034 2.498506 -2.507279 -10.163606 4.678948 4.621109 -20.976038 -4e-06 -2e-06 -21.226301 2.451697 -3.594005 2e-06 -6e-06 -0.0 -1.362683 2.2408 -0.746324 -21.334929 0.58491 3.00832 -13.821224 -4e-06 0.0 -23.887184 -0.249082 -0.839486 -60.625919 2.337773 -0.995112 -0.294024 1.679688 0.833257 -14.218219 0.093215 1.300579 -34.212074 -0.287566 0.967167 -20.033228 0.964536 1.212843 -0.0 -1e-06 -1e-06 -3.44039 0.788235 0.501655 -15.928196 -3.167311 2.999706 -6.338831 -2e-06 -0.0 -18.123459 3.648184 -4.905677 -2e-06 1e-06 -1e-06 20.010845 8.422829 16.328268 54.636803 7.643841 21.648239 0.053536 28.328314 0.039122 2.963037 -1.821939 -12.951062 2.243542 -5.255038 -3.180159 14.282896 -0.826596 6.952507 -3e-06 -12.690609 3e-06 16.041803 -17.847637 2.644763 1.665667 -1.955923 -2.878299 4.7278 -4.170588 4.993928 11.020529 3e-06 -3e-06 12.109056 -3.735716 -2.866783 0.0 -0.0 -0.0 1.291986 -1.928549 -1.49809 14.800132 0.567469 3.86561 14.242578 -1.341734 -6.660661 19.631975 0.143927 -0.648244 49.771141 -0.497276 -6.325278 0.353029 -1.51115 -0.031941 20.222799 3.684311 2.316633 18.787275 4e-06 -0.0 10.751632 -0.479869 1.397907 -1e-06 -0.0 0.0 3.273808 0.305948 -0.580112 21.48682 11.830378 2.266135 8.16293 1e-06 1e-06 18.399088 -3.798986 -4.940575 5e-06 1e-06 -1e-06 9.408173 2.956808 19.355249 0.096791 -0.665582 19.659763 -7.177798 1.228483 0.011112 2.116783 -1.922523 -15.786415 0.0 0.0 5e-06 8.480871 -7.599157 -21.463606 -0.035534 -0.345361 14.790897 2.354725 -3.404655 11.289369 -1.373166 0.989643 -0.718875 0.0 0.0 -1e-06 
0.0 0.0 0.0 0.0 -0.0 0.0 -2.777475 97.373886 19.719967 -6.473121 -0.198783 -2.878717 1.339624 -0.339597 -3.819774 -0.232488 -2.707547 -6.835768 2.081712 -4.192252 15.317375 4.182433 0.482778 10.181459 -0.479634 0.881376 -3.615181 0.012542 0.748154 -8.762322 7.7e-05 -2.3e-05 6e-06 -0.003451 -0.09093 0.006445 0.69807 -3.812704 -10.570187 -0.696531 3.640562 -10.564315 -16.690731 -11.143708 16.961191 -53.492859 -7.978146 24.46879 0.669753 -30.831123 -0.379037 -0.277067 3.612424 -26.266762 -5.882109 9.861288 0.70259 -10.936877 -0.360576 7.156208 1e-06 8.774826 -0.0 -16.511353 17.778429 5.809232 -1.844033 2.498503 -2.507279 -10.163604 4.678945 4.62111 -20.976036 -5e-06 1e-06 -21.226297 2.451695 -3.594001 1e-06 -5e-06 0.0 -1.362682 2.2408 -0.746324 -21.334925 0.58491 3.008324 -13.821221 -3e-06 2e-06 -23.887184 -0.24908 -0.839482 -60.522335 2.231042 -0.979984 -0.294025 1.679687 0.833256 -14.218214 0.093214 1.300579 -34.212067 -0.287567 0.967169 -20.033224 0.964535 1.212844 -0.0 -1e-06 0.0 -3.44039 0.788233 0.501656 -15.928192 -3.16731 2.999707 -6.338829 -1e-06 1e-06 -18.123455 3.64818 -4.905671 -1e-06 1e-06 -1e-06 19.649443 8.832935 16.357611 54.677216 7.987217 21.078295 0.266548 29.104174 0.13456 2.689678 -1.899414 -13.360833 2.243543 -5.255038 -3.180161 14.282902 -0.826595 6.952507 -2e-06 -12.690612 0.0 16.015228 -17.805206 2.727889 1.665667 -1.955923 -2.878301 4.727802 -4.170589 4.993927 11.020534 3e-06 -2e-06 12.109059 -3.735717 -2.866784 0.0 -0.0 1e-06 1.291987 -1.92855 -1.49809 14.80014 0.567469 3.865611 14.242582 -1.341737 -6.66066 19.631985 0.143927 -0.648244 49.762264 -0.608163 -6.238189 0.353029 -1.511152 -0.031941 20.222807 3.684313 2.316633 18.787289 6e-06 1e-06 10.751636 -0.479868 1.397907 -2e-06 -0.0 1e-06 3.273809 0.305946 -0.580111 21.48683 11.830382 2.266134 8.162934 2e-06 -1e-06 18.399096 -3.798986 -4.940579 6e-06 1e-06 -1e-06 11.623923 2.434732 16.135544 -0.017214 -0.71395 29.278324 -7.942458 1.358357 5.960731 2.176734 -1.795202 -18.935781 0.0 -0.0 2e-06 10.067683 -7.839289 -18.995461 0.022292 -0.399471 15.216417 1.355075 -2.831554 8.565817 -1.376722 0.965373 -0.470747 -0.0 0.0 -1e-06 
0.0 0.0 0.0 0.0 -0.0 0.0 -3.583996 97.573822 22.829792 -7.533864 -0.094914 -3.473578 1.99114 -0.294029 -3.470876 -0.089957 -2.445851 -6.673234 2.421398 -4.019025 15.148217 4.205079 0.506134 10.035099 -0.430925 0.825318 -3.606477 -0.003687 0.673665 -9.143559 7.7e-05 -2.2e-05 6e-06 -0.000382 -0.055837 0.016327 0.708846 -3.781525 -10.568629 -0.70149 3.676071 -10.567363 -16.145401 -10.818438 16.98987 -54.128212 -7.383485 24.650164 0.629546 -31.190466 -0.389704 -0.274761 3.741196 -25.835335 -5.88211 9.86129 0.70259 -10.936875 -0.360575 7.156203 -1e-06 8.774829 -0.0 -16.550602 17.697899 5.736241 -1.844034 2.498507 -2.507277 -10.163603 4.678946 4.621107 -20.97603 -3e-06 -1e-06 -21.226294 2.451698 -3.594005 1e-06 -5e-06 -1e-06 -1.362682 2.240799 -0.746324 -21.334921 0.584911 3.008321 -13.821218 -2e-06 -0.0 -23.887178 -0.249078 -0.839487 -60.459053 2.220495 -1.003621 -0.294025 1.679687 0.833256 -14.218213 0.093215 1.300577 -34.212063 -0.287565 0.967165 -20.033218 0.964533 1.212841 -0.0 0.0 -1e-06 -3.44039 0.788233 0.501654 -15.928189 -3.16731 2.999706 -6.338829 -1e-06 -1e-06 -18.123453 3.648183 -4.905675 -2e-06 1e-06 -0.0 19.400429 9.364889 16.360905 54.16238 8.319743 21.473957 0.369854 30.567932 0.229137 2.695461 -1.469486 -14.196523 2.243543 -5.255039 -3.180159 14.282897 -0.826595 6.952506 -2e-06 -12.690609 2e-06 15.96645 -17.790968 2.809174 1.665667 -1.955923 -2.878298 4.727801 -4.170589 4.993926 11.020531 3e-06 -4e-06 12.109058 -3.735718 -2.866785 -1e-06 -1e-06 0.0 1.291986 -1.928549 -1.49809 14.800136 0.567468 3.865608 14.242579 -1.341738 -6.66066 19.631981 0.143926 -0.648244 49.764721 -0.67981 -6.181876 0.353029 -1.511152 -0.031942 20.222801 3.68431 2.316631 18.787283 4e-06 -0.0 10.751636 -0.479867 1.397906 -3e-06 -1e-06 0.0 3.273809 0.305947 -0.580111 21.486824 11.830379 2.266134 8.16293 1e-06 -1e-06 18.399096 -3.798985 -4.940578 5e-06 1e-06 -1e-06 13.549367 1.820619 11.777103 -0.124686 -0.705491 40.05537 -8.765056 2.028929 12.474194 2.071465 -1.719746 -16.308611 0.0 -0.0 0.0 11.341258 -8.156846 -16.313517 0.060265 -0.41976 15.444158 0.398573 -2.596088 5.844969 -1.393506 0.964535 -0.39733 0.0 0.0 -1e-06 
0.0 0.0 0.0 0.0 -0.0 0.0 -4.328662 97.633698 25.734722 -8.324573 -0.001796 -4.297151 2.516049 -0.204428 -2.960333 0.030291 -2.104236 -6.439787 2.688886 -3.85316 15.212068 4.171838 0.537796 9.806433 -0.359902 0.83791 -3.607291 -0.056923 0.576318 -9.794337 7.7e-05 -2.2e-05 6e-06 -0.001661 -0.040434 0.018733 0.705865 -3.768241 -10.557147 -0.702231 3.691714 -10.559686 -15.971042 -10.398095 16.927988 -54.074387 -7.228147 25.062132 0.505874 -31.732506 -0.392086 -0.237392 3.72016 -25.337912 -5.882114 9.8613 0.702591 -10.936882 -0.360573 7.156215 -1e-06 8.774838 1e-06 -16.562569 17.693029 5.730909 -1.844035 2.498509 -2.50728 -10.163612 4.678954 4.621114 -20.976046 0.0 1e-06 -21.226311 2.451702 -3.594008 2e-06 -5e-06 0.0 -1.362684 2.240802 -0.746324 -21.334938 0.584913 3.008327 -13.82123 -0.0 1e-06 -23.887199 -0.249076 -0.839487 -60.522552 2.322981 -1.030877 -0.294025 1.679689 0.833256 -14.218224 0.093218 1.300582 -34.212078 -0.28756 0.967167 -20.033232 0.964538 1.212842 -0.0 1e-06 0.0 -3.440392 0.788235 0.501656 -15.928205 -3.167312 2.999711 -6.338834 -0.0 1e-06 -18.123466 3.64819 -4.905681 -1e-06 1e-06 -1e-06 19.412367 9.980427 16.442938 52.943363 9.049862 22.681715 0.423653 31.991066 0.275612 2.770664 -0.648436 -14.952712 2.243544 -5.255042 -3.180161 14.282902 -0.826593 6.952507 -3e-06 -12.690614 -2e-06 15.899432 -17.713516 2.823137 1.665668 -1.955923 -2.878304 4.727801 -4.170591 4.993927 11.020535 3e-06 -2e-06 12.109061 -3.735718 -2.866791 0.0 -1e-06 -1e-06 1.291987 -1.928551 -1.49809 14.800138 0.56747 3.865607 14.242582 -1.341735 -6.660667 19.631975 0.14393 -0.648247 49.717377 -0.694851 -6.130324 0.353029 -1.511152 -0.03194 20.222805 3.684315 2.316629 18.787287 8e-06 -4e-06 10.751636 -0.479868 1.397907 1e-06 0.0 1e-06 3.27381 0.305948 -0.580111 21.486832 11.830386 2.266132 8.162932 2e-06 -1e-06 18.399096 -3.798985 -4.940581 4e-06 1e-06 -2e-06 14.82067 1.12814 7.180111 -0.141611 -0.676283 50.031971 -8.939911 3.744387 17.380852 1.893726 -1.851673 -8.138751 0.0 -0.0 3e-06 12.297281 -8.406368 -13.600584 0.025241 -0.385026 15.774885 -0.316297 -2.6094 3.161264 -1.407336 0.971321 -0.405496 -0.0 0.0 -1e-06 
0.0 0.0 0.0 0.0 -0.0 0.0 -4.982902 97.714027 28.474152 -8.622277 -0.09465 -5.173982 2.817404 -0.054212 -2.457619 0.08375 -1.763642 -6.194864 2.762135 -3.58281 15.429855 4.185304 0.573644 9.741383 -0.353551 0.879448 -3.581523 -0.050512 0.547206 -10.682824 7.7e-05 -2.3e-05 6e-06 -0.008162 -0.077108 0.023691 0.694199 -3.803148 -10.539495 -0.705101 3.654422 -10.541923 -15.986231 -9.855077 16.870499 -53.881485 -7.535793 25.356644 0.380278 -31.807133 -0.35389 0.097479 3.533128 -25.093517 -5.882104 9.861283 0.702591 -10.936868 -0.360574 7.156205 1e-06 8.774822 1e-06 -16.568287 17.752846 5.732859 -1.844031 2.498504 -2.507276 -10.163595 4.678944 4.621108 -20.976017 -2e-06 4e-06 -21.22628 2.451697 -3.593998 1e-06 -5e-06 0.0 -1.362681 2.240798 -0.746323 -21.334909 0.584909 3.008325 -13.821213 -2e-06 3e-06 -23.887159 -0.249078 -0.83948 -60.628536 2.440585 -1.132708 -0.294025 1.679688 0.833256 -14.218203 0.093215 1.300583 -34.212036 -0.287562 0.967173 -20.033205 0.964539 1.212844 -0.0 0.0 0.0 -3.440387 0.788232 0.501656 -15.928183 -3.16731 2.999707 -6.338823 -1e-06 1e-06 -18.123442 3.648183 -4.905666 -1e-06 1e-06 -0.0 19.431387 10.630183 16.615862 51.684341 10.522778 24.016661 0.507538 32.464001 0.323459 2.579547 -0.038865 -15.077439 2.243541 -5.255037 -3.180158 14.282889 -0.826596 6.952502 -1e-06 -12.690603 -0.0 15.877816 -17.601763 2.791641 1.665666 -1.955922 -2.878298 4.727799 -4.170586 4.993924 11.020524 2e-06 0.0 12.109051 -3.735717 -2.866784 0.0 -0.0 -0.0 1.291986 -1.92855 -1.49809 14.800129 0.567466 3.865608 14.242571 -1.341737 -6.660657 19.631968 0.143925 -0.648245 49.611229 -0.732042 -6.113184 0.353029 -1.51115 -0.03194 20.222788 3.684308 2.316632 18.78727 3e-06 -1e-06 10.751628 -0.479868 1.397906 2e-06 0.0 -0.0 3.273806 0.305948 -0.580111 21.486811 11.830374 2.266138 8.162927 2e-06 -1e-06 18.399076 -3.798985 -4.940574 5e-06 0.0 0.0 15.168935 0.775373 2.934005 -0.166851 -0.593681 57.88451 -7.907784 5.561209 16.582087 1.883502 -1.972746 -4.345094 0.0 -0.0 2e-06 12.70927 -8.457353 -10.929419 -0.040458 -0.34123 16.095428 -0.812439 -2.791989 0.88061 -1.405357 0.987632 -0.282416 0.0 0.0 -1e-06 
0.0 0.0 0.0 0.0 -0.0 0.0 -5.530106 97.895226 31.068626 -8.440464 -0.362835 -5.930979 2.932552 0.112539 -2.018875 0.053221 -1.405438 -5.964485 2.59817 -3.22064 15.597445 4.259244 0.597507 9.945449 -0.350776 0.92588 -3.54039 -0.023048 0.571167 -11.367732 7.7e-05 -2.2e-05 6e-06 -0.012536 -0.109872 0.034101 0.680417 -3.832846 -10.512126 -0.701375 3.620357 -10.511851 -15.926027 -9.339892 16.859821 -53.974152 -8.061972 25.365187 0.229853 -31.287058 -0.265928 0.603754 3.3487 -24.905958 -5.882111 9.861297 0.70259 -10.936881 -0.360575 7.156209 -0.0 8.774835 0.0 -16.518236 17.83547 5.784706 -1.844035 2.498508 -2.50728 -10.163607 4.67895 4.62111 -20.97604 -3e-06 1e-06 -21.226307 2.451699 -3.594005 1e-06 -6e-06 -0.0 -1.362683 2.2408 -0.746324 -21.33493 0.58491 3.008321 -13.821223 -2e-06 1e-06 -23.887188 -0.249079 -0.839485 -60.612774 2.530912 -1.191304 -0.294025 1.679689 0.833257 -14.218221 0.093216 1.300581 -34.212078 -0.287565 0.967168 -20.03323 0.964534 1.212841 -0.0 -0.0 -1e-06 -3.440391 0.788235 0.501655 -15.9282 -3.167313 2.999707 -6.338833 -1e-06 1e-06 -18.123459 3.648187 -4.905676 -1e-06 1e-06 -1e-06 19.237907 11.26577 16.87509 51.073746 12.587017 24.718462 0.573355 31.857817 0.389682 2.192171 -0.043263 -14.802413 2.243544 -5.255043 -3.180161 14.282904 -0.826598 6.952508 -0.0 -12.690619 1e-06 15.895462 -17.511942 2.768905 1.665668 -1.955924 -2.878302 4.727804 -4.170593 4.993929 11.020538 2e-06 -2e-06 12.109064 -3.735722 -2.866787 0.0 0.0 -0.0 1.291988 -1.928552 -1.49809 14.80014 0.567467 3.865611 14.242585 -1.34174 -6.660665 19.631985 0.143924 -0.648249 49.515995 -0.724454 -6.119403 0.353029 -1.511152 -0.03194 20.222809 3.68431 2.316632 18.787289 3e-06 -4e-06 10.751638 -0.47987 1.397907 1e-06 1e-06 -0.0 3.273809 0.305946 -0.580113 21.486834 11.830387 2.266136 8.162937 1e-06 -1e-06 18.399103 -3.798992 -4.940585 6e-06 0.0 0.0 14.725722 0.861538 -1.171503 -0.20278 -0.390378 63.026752 -6.294921 7.623323 12.416482 1.923018 -2.016391 -3.46237 -0.0 -0.0 2e-06 12.604898 -8.444699 -8.295837 -0.05871 -0.312217 15.947989 -1.304681 -2.800964 -0.710449 -1.397799 1.008146 -0.100559 -0.0 0.0 -1e-06 
0.0 0.0 0.0 0.0 -0.0 0.0 -5.984105 98.113068 33.559364 -8.031846 -0.713532 -6.519235 3.009133 0.272672 -1.616387 -0.014795 -1.034362 -5.748627 2.28929 -2.854068 15.596231 4.259892 0.650547 10.315666 -0.332648 0.978717 -3.514663 0.018714 0.590992 -11.672112 7.7e-05 -2.2e-05 6e-06 -0.013112 -0.114291 0.041451 0.668809 -3.836898 -10.496327 -0.692005 3.616294 -10.491377 -15.792504 -8.953595 16.877378 -54.229877 -8.514368 25.45817 0.141095 -30.638075 -0.192827 0.864898 3.277458 -24.743425 -5.882109 9.861287 0.702591 -10.936875 -0.360574 7.156209 1e-06 8.774826 0.0 -16.446587 17.906002 5.851534 -1.844033 2.498505 -2.507279 -10.163604 4.678947 4.621112 -20.97603 -3e-06 4e-06 -21.226294 2.451698 -3.594 1e-06 -6e-06 -0.0 -1.362682 2.240798 -0.746325 -21.334925 0.58491 3.008323 -13.82122 -3e-06 3e-06 -23.887182 -0.249081 -0.839483 -60.514351 2.573425 -1.225029 -0.294025 1.679688 0.833255 -14.218215 0.093215 1.300581 -34.212067 -0.287566 0.967171 -20.033226 0.964537 1.212844 -0.0 0.0 -1e-06 -3.44039 0.788233 0.501657 -15.928192 -3.16731 2.99971 -6.33883 -1e-06 3e-06 -18.123457 3.648183 -4.905669 -2e-06 1e-06 -2e-06 18.719456 11.927446 17.003439 51.21373 14.639705 24.888634 0.557494 30.88657 0.43606 1.805947 -0.47945 -14.713681 2.243543 -5.255039 -3.180158 14.282898 -0.826595 6.952507 -3e-06 -12.69061 1e-06 15.90733 -17.455463 2.776728 1.665667 -1.955922 -2.878301 4.727801 -4.17059 4.993926 11.020534 4e-06 -0.0 12.109059 -3.735717 -2.866786 0.0 0.0 -1e-06 1.291986 -1.92855 -1.498092 14.800136 0.567468 3.865608 14.242579 -1.341736 -6.660661 19.631975 0.143926 -0.648245 49.427101 -0.738946 -6.145076 0.353029 -1.511152 -0.031938 20.222803 3.684313 2.316632 18.787283 7e-06 -2e-06 10.751633 -0.479869 1.397908 2e-06 3e-06 -1e-06 3.273808 0.305948 -0.58011 21.486826 11.83038 2.266135 8.162931 2e-06 -2e-06 18.399096 -3.798984 -4.940578 3e-06 0.0 0.0 13.905514 1.408894 -5.184118 -0.194773 -0.165888 65.364029 -4.808319 9.976692 8.203432 1.951314 -2.039245 -3.22193 -0.0 -0.0 1e-06 12.180213 -8.465658 -5.50096 -0.040358 -0.298883 15.310667 -1.751735 -2.580225 -2.133929 -1.3929 1.001797 0.04796 -0.0 0.0 -1e-06 
0.0 0.0 0.0 0.0 -0.0 0.0 -6.373281 98.309784 36.046131 -7.575159 -1.077325 -6.88579 3.096907 0.414657 -1.257442 -0.067118 -0.652419 -5.55321 1.949806 -2.544682 15.472827 4.086211 0.73795 10.604609 -0.300941 1.066966 -3.517143 0.090221 0.614532 -11.730926 7.7e-05 -2.3e-05 6e-06 -0.011623 -0.102659 0.044113 0.665938 -3.826957 -10.498796 -0.687267 3.629871 -10.489797 -15.808394 -8.64537 16.840225 -54.31036 -8.737329 25.796265 0.154731 -30.252951 -0.154092 0.794761 3.21903 -24.620651 -5.882109 9.861289 0.702591 -10.936874 -0.360574 7.156204 -1e-06 8.774828 -2e-06 -16.396326 17.949108 5.894451 -1.844033 2.498504 -2.507278 -10.163601 4.678946 4.621109 -20.97603 -3e-06 2e-06 -21.226294 2.451698 -3.594002 1e-06 -6e-06 1e-06 -1.362682 2.2408 -0.746324 -21.334919 0.584911 3.008322 -13.821218 -1e-06 2e-06 -23.887178 -0.249079 -0.839485 -60.452305 2.602684 -1.24641 -0.294025 1.679687 0.833255 -14.218211 0.093216 1.300579 -34.212051 -0.287562 0.967168 -20.033215 0.964538 1.212842 -1e-06 -1e-06 -2e-06 -3.440389 0.788232 0.501654 -15.928189 -3.16731 2.999707 -6.338829 -2e-06 0.0 -18.123451 3.648185 -4.90567 -1e-06 1e-06 -2e-06 18.100903 12.633389 16.957394 51.609264 16.333447 24.705097 0.47895 30.28639 0.445688 1.477896 -0.872484 -14.896977 2.243541 -5.255037 -3.180159 14.282889 -0.826594 6.952506 -3e-06 -12.690607 1e-06 15.892243 -17.433014 2.792978 1.665667 -1.955922 -2.8783 4.727798 -4.170587 4.993925 11.020528 2e-06 -3e-06 12.109055 -3.735716 -2.866786 0.0 0.0 -0.0 1.291986 -1.928549 -1.498089 14.800129 0.56747 3.865608 14.242573 -1.341736 -6.66066 19.631966 0.143927 -0.648247 49.34148 -0.782701 -6.180303 0.353029 -1.51115 -0.031941 20.22279 3.68431 2.316629 18.78727 5e-06 -3e-06 10.75163 -0.479868 1.397906 2e-06 2e-06 -2e-06 3.273807 0.305946 -0.580113 21.486813 11.830376 2.266132 8.162928 1e-06 -1e-06 18.39908 -3.798987 -4.940576 4e-06 -0.0 0.0 13.011339 2.408454 -9.171078 -0.147412 0.03169 65.136833 -4.142098 11.614057 4.852808 1.929258 -2.041963 -3.098368 -0.0 0.0 0.0 11.607645 -8.483648 -2.88152 -0.02006 -0.298314 14.294152 -1.98253 -2.258888 -3.283164 -1.392182 0.973109 0.120644 0.0 0.0 -1e-06 
0.0 0.0 0.0 0.0 -0.0 0.0 -6.706938 98.445061 38.526699 -7.096284 -1.425507 -6.982667 3.17025 0.509522 -0.986662 -0.091889 -0.262319 -5.384267 1.632453 -2.262586 15.310332 3.73521 0.863041 10.661244 -0.249171 1.170523 -3.537718 0.192434 0.681443 -11.717957 7.7e-05 -2.3e-05 6e-06 -0.009212 -0.087419 0.045275 0.671456 -3.813319 -10.508038 -0.689184 3.646557 -10.499052 -16.058739 -8.345331 16.735889 -54.137444 -8.786415 26.128204 0.24214 -30.229778 -0.14562 0.61534 3.109414 -24.612394 -5.882108 9.86129 0.70259 -10.936872 -0.360573 7.156208 -2e-06 8.774828 -2e-06 -16.362577 17.965155 5.925815 -1.844033 2.498505 -2.507277 -10.1636 4.678947 4.621109 -20.976023 1e-06 2e-06 -21.226286 2.451701 -3.594002 1e-06 -5e-06 1e-06 -1.362682 2.240799 -0.746324 -21.334915 0.584913 3.008324 -13.821214 1e-06 1e-06 -23.887171 -0.249075 -0.839486 -60.441807 2.600471 -1.232928 -0.294025 1.679687 0.833257 -14.218209 0.093218 1.30058 -34.212048 -0.287557 0.967166 -20.033211 0.964539 1.212841 -0.0 -0.0 -1e-06 -3.440388 0.788233 0.501657 -15.928185 -3.167308 2.999708 -6.338828 -0.0 1e-06 -18.123449 3.648187 -4.905673 -2e-06 1e-06 -2e-06 17.586487 13.330653 16.759264 51.832729 17.544256 24.385532 0.402634 30.473843 0.42707 1.199276 -0.984136 -15.212244 2.243542 -5.255037 -3.180157 14.282895 -0.826598 6.952504 -1e-06 -12.690608 -1e-06 15.857751 -17.433632 2.811785 1.665667 -1.955924 -2.878299 4.727801 -4.170592 4.993925 11.020528 1e-06 -2e-06 12.109056 -3.735719 -2.866786 0.0 -0.0 -0.0 1.291987 -1.928551 -1.498088 14.800132 0.567467 3.865609 14.242578 -1.34174 -6.660662 19.631973 0.143923 -0.648248 49.30241 -0.825534 -6.18444 0.35303 -1.511151 -0.031937 20.222797 3.684309 2.31663 18.787279 4e-06 -3e-06 10.751631 -0.479869 1.397907 1e-06 3e-06 -2e-06 3.273808 0.305947 -0.580111 21.486818 11.830373 2.266135 8.16293 -0.0 0.0 18.39909 -3.798989 -4.94058 3e-06 -0.0 -1e-06 12.051893 3.68739 -13.062448 -0.062222 0.202419 62.569016 -4.473144 11.941207 2.450682 1.868812 -2.018062 -3.005301 -0.0 0.0 0.0 11.082724 -8.540225 -0.392509 -0.008216 -0.293603 13.074615 -2.135908 -1.900526 -4.459739 -1.397308 0.949908 0.170745 0.0 0.0 -1e-06 
0.0 0.0 0.0 0.0 -0.0 0.0 -6.98495 98.534706 40.991333 -6.579741 -1.778563 -6.833333 3.198104 0.541891 -0.81537 -0.100184 0.120537 -5.263058 1.357273 -1.981801 15.173564 3.272734 1.052828 10.519574 -0.195469 1.264064 -3.576568 0.300911 0.814693 -11.730151 7.7e-05 -2.2e-05 6e-06 -0.00643 -0.068286 0.043075 0.676378 -3.794548 -10.513493 -0.689716 3.664811 -10.510031 -16.49435 -8.015376 16.589283 -53.822895 -8.735641 26.268282 0.380728 -30.464481 -0.16572 0.551405 2.930487 -25.009945 -5.882112 9.861293 0.702591 -10.936879 -0.360574 7.156208 -0.0 8.774831 -1e-06 -16.306311 17.954128 5.957049 -1.844034 2.498506 -2.507279 -10.163606 4.67895 4.62111 -20.976038 -1e-06 1e-06 -21.226301 2.451701 -3.594005 1e-06 -6e-06 -0.0 -1.362682 2.2408 -0.746324 -21.334927 0.584913 3.008323 -13.821223 -1e-06 -0.0 -23.887184 -0.249077 -0.839486 -60.422108 2.550278 -1.152665 -0.294026 1.679689 0.833256 -14.218218 0.093217 1.30058 -34.21207 -0.28756 0.967165 -20.033226 0.964539 1.212841 -0.0 0.0 -2e-06 -3.44039 0.788233 0.501656 -15.928196 -3.16731 2.999707 -6.33883 0.0 2e-06 -18.123459 3.648185 -4.905677 -1e-06 1e-06 -1e-06 17.204901 14.011316 16.525623 51.790764 18.402525 24.061361 0.357053 31.33824 0.402068 0.991215 -0.860142 -15.562291 2.243543 -5.255038 -3.180157 14.28289 -0.826594 6.952501 -2e-06 -12.690607 -0.0 15.836096 -17.444004 2.807888 1.665667 -1.955923 -2.878299 4.727798 -4.170588 4.993924 11.020528 4e-06 -3e-06 12.109054 -3.735716 -2.866789 0.0 -1e-06 1e-06 1.291986 -1.928549 -1.49809 14.800129 0.567468 3.865606 14.242576 -1.341735 -6.660661 19.631969 0.143927 -0.648247 49.317596 -0.824932 -6.143995 0.35303 -1.511152 -0.031939 20.222792 3.684312 2.316628 18.787273 8e-06 -5e-06 10.751629 -0.479869 1.397905 0.0 2e-06 -1e-06 3.273807 0.305947 -0.580112 21.486814 11.830378 2.266131 8.162927 2e-06 -3e-06 18.399084 -3.798982 -4.940577 4e-06 1e-06 -1e-06 10.924806 5.081166 -16.654411 0.057415 0.345906 57.847591 -5.164874 11.530966 1.067085 1.820513 -1.99118 -2.890034 0.0 -0.0 2e-06 10.407102 -8.630937 1.718108 -0.000567 -0.268959 11.848736 -2.102098 -1.430313 -5.544658 -1.40602 0.936522 0.238287 0.0 0.0 -1e-06 
0.0 0.0 0.0 0.0 -0.0 0.0 -7.200359 98.587555 43.442413 -6.038853 -2.126488 -6.452257 3.179257 0.51294 -0.760566 -0.094571 0.508218 -5.223463 1.120112 -1.701687 15.08866 2.772562 1.280475 10.264291 -0.166689 1.343758 -3.619614 0.411708 0.945506 -11.758271 7.7e-05 -2.3e-05 6e-06 -0.002492 -0.044433 0.037679 0.675958 -3.771278 -10.518056 -0.682473 3.687605 -10.52359 -17.025528 -7.676724 16.389069 -53.507278 -8.604314 26.099661 0.519474 -30.854465 -0.202328 0.573796 2.749869 -25.658428 -5.882112 9.861295 0.702591 -10.936879 -0.360574 7.156211 -0.0 8.774833 -1e-06 -16.264919 17.919458 5.970654 -1.844035 2.498507 -2.507278 -10.163607 4.678949 4.62111 -20.97604 -2e-06 0.0 -21.226305 2.4517 -3.594006 1e-06 -6e-06 -0.0 -1.362683 2.240801 -0.746325 -21.33493 0.584911 3.008323 -13.821225 -1e-06 1e-06 -23.887186 -0.249077 -0.839487 -60.422695 2.490443 -1.054548 -0.294026 1.67969 0.833257 -14.218223 0.093216 1.30058 -34.212078 -0.287563 0.967169 -20.033232 0.964537 1.212843 1e-06 0.0 -1e-06 -3.440392 0.788234 0.501657 -15.928201 -3.167312 2.999709 -6.338831 -0.0 2e-06 -18.123461 3.648187 -4.905678 -2e-06 1e-06 -1e-06 16.928154 14.658752 16.34375 51.591225 19.087805 23.873753 0.291662 32.448605 0.360459 0.822281 -0.666244 -15.943922 2.243542 -5.255041 -3.18016 14.282898 -0.826596 6.952504 -1e-06 -12.690615 -1e-06 15.839876 -17.449553 2.782658 1.665668 -1.955923 -2.878299 4.727801 -4.170589 4.993927 11.020534 2e-06 -4e-06 12.109059 -3.73572 -2.866789 0.0 -0.0 -0.0 1.291987 -1.928552 -1.498091 14.800138 0.567467 3.865608 14.242582 -1.341739 -6.660664 19.631979 0.143925 -0.648246 49.341225 -0.790894 -6.093065 0.353029 -1.511152 -0.031941 20.222801 3.68431 2.31663 18.787285 6e-06 -2e-06 10.751634 -0.479869 1.397904 0.0 3e-06 1e-06 3.273808 0.305948 -0.580111 21.486824 11.83038 2.266135 8.162931 -0.0 -2e-06 18.399097 -3.798992 -4.940581 4e-06 -1e-06 0.0 9.602731 6.426564 -19.721008 0.168871 0.430956 51.271454 -5.780102 10.890206 1.02097 1.79303 -1.989193 -2.789809 0.0 0.0 3e-06 9.71136 -8.740723 3.532435 -0.00195 -0.216192 10.778223 -2.077033 -0.926951 -6.574899 -1.414706 0.926404 0.322566 -0.0 0.0 -1e-06 
0.0 0.0 0.0 0.0 -0.0 0.0 -7.320481 98.603096 45.805252 -5.469659 -2.460167 -5.857994 3.111907 0.430167 -0.851828 -0.103116 0.850531 -5.270743 0.927077 -1.36242 15.055465 2.274314 1.531793 9.989012 -0.157724 1.441906 -3.640795 0.523387 1.003161 -11.756644 7.7e-05 -2.2e-05 6e-06 0.002748 -0.013729 0.033691 0.669436 -3.741986 -10.527991 -0.66643 3.718778 -10.539974 -17.562336 -7.364938 16.189705 -53.294743 -8.399803 25.554577 0.593741 -31.338154 -0.236966 0.636152 2.66194 -26.430593 -5.882107 9.861287 0.70259 -10.936873 -0.360576 7.156206 1e-06 8.774827 -1e-06 -16.220312 17.889154 5.968151 -1.844033 2.498505 -2.507278 -10.163601 4.678944 4.621108 -20.976027 -5e-06 1e-06 -21.22629 2.451694 -3.594001 -0.0 -7e-06 0.0 -1.362682 2.240798 -0.746324 -21.334917 0.584909 3.008322 -13.821218 -4e-06 1e-06 -23.887175 -0.24908 -0.839485 -60.451012 2.465148 -1.03109 -0.294024 1.679687 0.833256 -14.21821 0.093213 1.300579 -34.212048 -0.287567 0.96717 -20.033215 0.964534 1.212844 0.0 0.0 -2e-06 -3.440389 0.788233 0.501656 -15.928191 -3.167313 2.999707 -6.338829 -1e-06 1e-06 -18.123451 3.64818 -4.905674 -2e-06 1e-06 -2e-06 16.696711 15.259497 16.196951 51.393944 19.677935 23.813761 0.225368 33.40028 0.321086 0.686085 -0.472452 -16.219633 2.243544 -5.255042 -3.180161 14.2829 -0.826598 6.952506 -0.0 -12.690612 0.0 15.876193 -17.457636 2.744418 1.665668 -1.955924 -2.878301 4.727804 -4.170592 4.993928 11.020535 -1e-06 -3e-06 12.10906 -3.73572 -2.866788 0.0 -1e-06 1e-06 1.291986 -1.92855 -1.498089 14.800138 0.567465 3.865609 14.242582 -1.341738 -6.660666 19.631979 0.143924 -0.648248 49.347992 -0.757187 -6.078495 0.35303 -1.511152 -0.03194 20.222803 3.684309 2.31663 18.787287 3e-06 -4e-06 10.751635 -0.47987 1.397906 1e-06 2e-06 0.0 3.27381 0.305946 -0.580111 21.486826 11.830379 2.266131 8.16293 -1e-06 -2e-06 18.399097 -3.798989 -4.940581 3e-06 -1e-06 -0.0 8.093925 7.685863 -22.004904 0.229867 0.475983 42.918785 -6.33254 10.203696 2.064574 1.774601 -2.016123 -2.718822 -0.0 0.0 2e-06 8.939366 -8.834091 4.84268 -0.009203 -0.146915 10.119587 -2.028137 -0.379389 -7.589401 -1.421515 0.918103 0.414811 -0.0 0.0 -1e-06 
0.0 0.0 0.0 0.0 -0.0 0.0 -7.339487 98.562469 48.165737 -4.87718 -2.80477 -5.11927 2.989697 0.325433 -1.09578 -0.136911 1.06275 -5.384344 0.784612 -0.92662 15.057847 1.792999 1.795237 9.769009 -0.147504 1.554397 -3.629891 0.634823 0.99283 -11.674323 7.7e-05 -2.2e-05 6e-06 0.008625 0.013168 0.038486 0.66262 -3.718771 -10.548065 -0.648725 3.749291 -10.556653 -18.060001 -7.055011 15.992072 -53.188118 -8.122899 24.926985 0.613169 -31.844015 -0.259541 0.630769 2.688059 -27.218504 -5.882107 9.86129 0.70259 -10.936872 -0.360575 7.156207 1e-06 8.774828 -1e-06 -16.153297 17.868172 5.991908 -1.844032 2.498505 -2.507279 -10.163601 4.678946 4.621109 -20.976023 -3e-06 1e-06 -21.226288 2.451698 -3.594002 -0.0 -6e-06 0.0 -1.362682 2.240801 -0.746323 -21.334917 0.584911 3.008324 -13.821217 -2e-06 0.0 -23.887175 -0.249078 -0.839484 -60.536652 2.464647 -1.067293 -0.294025 1.679686 0.833256 -14.218212 0.093215 1.30058 -34.212059 -0.287563 0.967169 -20.033215 0.964538 1.212844 1e-06 0.0 -1e-06 -3.440388 0.788233 0.501654 -15.928189 -3.16731 2.999709 -6.338827 0.0 -0.0 -18.123444 3.648185 -4.905673 -3e-06 -0.0 -2e-06 16.49831 15.813326 16.016306 51.293415 20.123148 23.881386 0.193928 33.945148 0.282208 0.575788 -0.317569 -16.438974 2.243545 -5.255039 -3.180158 14.282896 -0.826596 6.952502 -2e-06 -12.690612 -1e-06 15.925712 -17.476559 2.721853 1.665667 -1.955922 -2.878301 4.7278 -4.170588 4.993924 11.020531 0.0 -3e-06 12.109058 -3.735719 -2.866788 0.0 -1e-06 2e-06 1.291986 -1.928551 -1.498089 14.800136 0.567468 3.865608 14.24258 -1.341738 -6.660665 19.631975 0.143925 -0.648249 49.358555 -0.749724 -6.094207 0.353029 -1.511149 -0.031941 20.222803 3.684311 2.316628 18.787285 6e-06 -4e-06 10.751634 -0.47987 1.397905 0.0 2e-06 -0.0 3.273808 0.305947 -0.580113 21.486824 11.83038 2.266134 8.16293 -0.0 -2e-06 18.399096 -3.798987 -4.940582 3e-06 -1e-06 -0.0 6.436513 8.946196 -23.202835 0.228802 0.514912 32.683292 -7.222733 9.347754 3.677069 1.756931 -2.033221 -2.53616 -0.0 -0.0 2e-06 8.076927 -8.889235 5.707091 -0.022485 -0.096568 10.03187 -1.951051 0.233838 -8.734816 -1.426694 0.932776 0.481624 0.0 0.0 -1e-06 
0.0 0.0 0.0 0.0 -0.0 0.0 -7.280038 98.422234 50.696629 -4.297522 -3.155978 -4.357308 2.819489 0.254021 -1.45503 -0.168035 1.154433 -5.542088 0.686344 -0.497689 15.095437 1.360017 2.034163 9.575799 -0.162774 1.638273 -3.610017 0.706947 0.990429 -11.441437 7.7e-05 -2.2e-05 6e-06 0.012926 0.02434 0.046759 0.660378 -3.713379 -10.574929 -0.638852 3.765793 -10.571634 -18.55451 -6.70401 15.775393 -53.09581 -7.801504 24.509291 0.568626 -32.225128 -0.254734 0.420191 2.75302 -27.732065 -5.882108 9.861288 0.702592 -10.936875 -0.360574 7.156209 0.0 8.774828 -1e-06 -16.079399 17.854475 6.070939 -1.844033 2.498503 -2.507279 -10.163603 4.678947 4.621113 -20.97603 -3e-06 3e-06 -21.226292 2.451698 -3.594001 -0.0 -7e-06 0.0 -1.362682 2.2408 -0.746324 -21.334923 0.58491 3.008326 -13.821217 -2e-06 3e-06 -23.887175 -0.249077 -0.839483 -60.679546 2.488209 -1.04431 -0.294024 1.679687 0.833256 -14.218212 0.093215 1.300582 -34.212059 -0.287563 0.967171 -20.033215 0.964538 1.212845 1e-06 -1e-06 -2e-06 -3.440389 0.788234 0.501657 -15.928191 -3.16731 2.99971 -6.338828 -1e-06 2e-06 -18.123447 3.648184 -4.905671 -3e-06 0.0 -2e-06 16.379629 16.325432 15.843615 51.24416 20.411938 24.129358 0.101722 34.075684 0.158723 0.568907 -0.280034 -16.50053 2.243541 -5.255037 -3.180157 14.282895 -0.826593 6.952506 -4e-06 -12.690603 -2e-06 15.955284 -17.501396 2.752942 1.665667 -1.955919 -2.878298 4.727798 -4.170587 4.993923 11.020526 4e-06 -3e-06 12.109053 -3.735713 -2.866785 0.0 -1e-06 1e-06 1.291987 -1.928548 -1.498089 14.800131 0.567471 3.865608 14.242569 -1.341737 -6.660657 19.631969 0.143927 -0.648243 49.412636 -0.770856 -6.077073 0.353029 -1.51115 -0.031939 20.222794 3.68431 2.316631 18.787273 6e-06 -0.0 10.751629 -0.479868 1.397907 1e-06 2e-06 -1e-06 3.273808 0.305947 -0.580111 21.486818 11.830379 2.266132 8.16293 0.0 -2e-06 18.399086 -3.798983 -4.940574 3e-06 -1e-06 -1e-06 4.728341 10.11101 -23.294193 0.130816 0.499344 21.016956 -8.819911 8.310195 5.474613 1.720406 -2.038663 -2.3629 0.0 -0.0 2e-06 7.139507 -8.923741 6.498567 -0.049444 -0.075958 10.265856 -1.83172 0.827105 -10.105501 -1.43513 0.950791 0.445184 0.0 0.0 -1e-06 
0.0 0.0 0.0 0.0 -0.0 0.0 -7.160838 98.184425 53.443356 -3.82213 -3.544504 -3.684432 2.630867 0.209011 -1.907482 -0.160326 1.213983 -5.715352 0.666753 -0.243714 15.173991 0.920117 2.259128 9.448557 -0.197555 1.717881 -3.589871 0.686037 1.0325 -11.083309 7.7e-05 -2.2e-05 6e-06 0.011505 0.019508 0.052024 0.656303 -3.722047 -10.591866 -0.638734 3.763771 -10.5818 -19.133198 -6.256189 15.676442 -52.944302 -7.583706 24.297991 0.4816 -32.212154 -0.231115 0.041915 2.658303 -27.81996 -5.88211 9.861292 0.702592 -10.936878 -0.360574 7.156209 1e-06 8.774831 -1e-06 -16.039259 17.870012 6.148674 -1.844034 2.498506 -2.507279 -10.163606 4.678949 4.621112 -20.976038 -3e-06 1e-06 -21.226299 2.451697 -3.594004 -0.0 -6e-06 0.0 -1.362683 2.2408 -0.746323 -21.334929 0.58491 3.008324 -13.821223 -3e-06 -1e-06 -23.887186 -0.249081 -0.839486 -60.812889 2.531985 -0.98772 -0.294025 1.679687 0.833256 -14.218219 0.093215 1.30058 -34.212074 -0.287566 0.967166 -20.033228 0.964536 1.212843 0.0 -1e-06 -2e-06 -3.44039 0.788234 0.501655 -15.9282 -3.16731 2.999708 -6.338832 -0.0 0.0 -18.123459 3.648185 -4.905675 -4e-06 0.0 -1e-06 16.4198 16.824734 15.79412 51.024487 20.584076 24.551846 0.021924 33.942352 0.026543 0.774475 -0.398565 -16.265953 2.243542 -5.25504 -3.180159 14.282896 -0.826596 6.952507 -3e-06 -12.690609 0.0 15.95815 -17.546532 2.803398 1.665666 -1.955922 -2.8783 4.7278 -4.170589 4.993927 11.020529 2e-06 -0.0 12.109055 -3.735715 -2.866785 0.0 -1e-06 1e-06 1.291987 -1.928551 -1.498089 14.800132 0.567468 3.865608 14.242576 -1.341736 -6.66066 19.631973 0.143926 -0.648244 49.512192 -0.812909 -6.061547 0.353028 -1.51115 -0.031939 20.222801 3.684312 2.316633 18.787279 6e-06 -1e-06 10.751633 -0.479867 1.397908 1e-06 2e-06 -1e-06 3.273808 0.305947 -0.580112 21.48682 11.830377 2.266135 8.16293 1e-06 -1e-06 18.39909 -3.798987 -4.940572 3e-06 0.0 -0.0 3.302517 10.709158 -22.67767 -0.046246 0.346002 9.7988 -10.767495 7.591481 6.762799 1.629464 -2.080365 -2.515681 0.0 0.0 2e-06 6.213216 -8.837237 7.648845 -0.057015 -0.12484 10.263178 -1.549848 1.317231 -11.433284 -1.444071 0.906314 0.265996 0.0 0.0 -1e-06 
0.0 0.0 0.0 0.0 -0.0 0.0 -7.010693 97.821365 56.265892 -3.599307 -4.068862 -3.191969 2.521284 0.178079 -2.291081 -0.12792 1.297479 -5.870266 0.832881 -0.13447 15.241815 0.42048 2.507928 9.429482 -0.211468 1.717473 -3.564114 0.584462 1.069165 -10.689902 7.7e-05 -2.2e-05 6e-06 0.007348 -0.003615 0.052207 0.644251 -3.744248 -10.587654 -0.635849 3.739556 -10.576006 -19.759048 -5.80793 15.700288 -52.839703 -7.535007 24.245716 0.381793 -31.719778 -0.211499 -0.319187 2.418292 -27.510696 -5.882109 9.86129 0.702591 -10.936874 -0.360574 7.156209 0.0 8.774829 -0.0 -16.045286 17.910683 6.14302 -1.844033 2.498506 -2.507279 -10.163604 4.678947 4.621109 -20.97603 -1e-06 2e-06 -21.226297 2.4517 -3.594003 -0.0 -6e-06 1e-06 -1.362682 2.240799 -0.746324 -21.334921 0.584912 3.008323 -13.821217 -1e-06 1e-06 -23.887178 -0.249078 -0.839485 -60.857292 2.581556 -1.006025 -0.294025 1.679689 0.833256 -14.218214 0.093217 1.300582 -34.212063 -0.28756 0.96717 -20.033222 0.964539 1.212843 0.0 0.0 -2e-06 -3.440389 0.788234 0.501656 -15.928192 -3.167309 2.999709 -6.338829 0.0 0.0 -18.123457 3.648185 -4.905674 -2e-06 0.0 -1e-06 16.53989 17.238403 15.822433 50.608463 20.728512 25.103594 0.076968 33.560272 0.020365 1.085872 -0.56991 -15.94104 2.243543 -5.255039 -3.18016 14.282898 -0.826598 6.952507 -0.0 -12.690609 -1e-06 15.969344 -17.600111 2.795864 1.665667 -1.955924 -2.8783 4.727801 -4.170588 4.993928 11.020531 1e-06 0.0 12.109058 -3.735718 -2.866786 0.0 -1e-06 1e-06 1.291985 -1.928551 -1.49809 14.800136 0.567466 3.865611 14.242582 -1.341739 -6.660664 19.631979 0.143922 -0.648246 49.620502 -0.845682 -6.127063 0.353031 -1.511151 -0.031939 20.222803 3.684307 2.316631 18.787285 3e-06 -2e-06 10.751633 -0.479872 1.397906 0.0 1e-06 -1e-06 3.273809 0.305945 -0.580111 21.486824 11.830377 2.266135 8.162931 -1e-06 -2e-06 18.399094 -3.79899 -4.940579 4e-06 0.0 -0.0 2.45142 10.888705 -22.20223 -0.147972 0.200984 2.021282 -12.334849 7.681299 6.830437 1.528356 -2.148438 -2.870174 -0.0 0.0 3e-06 5.540624 -8.436892 9.216089 -0.059549 -0.193957 9.918021 -1.115259 1.709251 -12.612062 -1.447407 0.83339 0.057179 0.0 0.0 -1e-06 
0.0 0.0 0.0 0.0 -0.0 0.0 -6.850461 97.424385 59.065987 -3.52471 -4.630737 -2.927192 2.486902 0.198292 -2.489443 -0.104368 1.428314 -5.94373 1.037659 -0.100382 15.270054 -0.027469 2.728492 9.44587 -0.211773 1.551814 -3.560471 0.478435 1.065595 -10.379574 7.7e-05 -2.2e-05 6e-06 0.004711 -0.013055 0.053995 0.643349 -3.748672 -10.572096 -0.640794 3.725427 -10.563164 -20.258532 -5.451954 15.732346 -52.753044 -7.537549 24.228193 0.244612 -31.214628 -0.145879 -0.674712 2.320977 -26.90003 -5.882108 9.861286 0.70259 -10.936872 -0.360573 7.156205 1e-06 8.774826 -0.0 -16.026455 17.900221 6.091442 -1.844033 2.498504 -2.507279 -10.1636 4.678946 4.621109 -20.976027 -2e-06 0.0 -21.226288 2.451698 -3.594002 -1e-06 -7e-06 -0.0 -1.362682 2.240799 -0.746322 -21.334915 0.584911 3.008323 -13.821214 -2e-06 0.0 -23.887173 -0.249078 -0.839486 -60.776211 2.608079 -1.02913 -0.294025 1.679688 0.833255 -14.218211 0.093217 1.30058 -34.212059 -0.287562 0.967167 -20.033218 0.964536 1.212841 0.0 -1e-06 -1e-06 -3.440389 0.788234 0.501655 -15.928185 -3.167308 2.999707 -6.338826 -0.0 2e-06 -18.123447 3.648184 -4.905672 -3e-06 0.0 -1e-06 16.659189 17.541323 15.929129 50.189045 20.807562 25.468855 0.085057 32.981533 0.007508 1.270217 -0.792823 -15.708081 2.243541 -5.255037 -3.180159 14.282892 -0.826595 6.952502 -0.0 -12.690605 -1e-06 16.025608 -17.596878 2.749324 1.665667 -1.955923 -2.878298 4.727799 -4.170588 4.993922 11.020528 1e-06 -1e-06 12.109053 -3.735716 -2.866785 0.0 -0.0 1e-06 1.291986 -1.928549 -1.498089 14.800129 0.567468 3.865606 14.242573 -1.341735 -6.66066 19.631969 0.143927 -0.648245 49.663273 -0.840271 -6.190686 0.35303 -1.511151 -0.031939 20.222797 3.68431 2.316631 18.787273 5e-06 -2e-06 10.751629 -0.479867 1.397904 0.0 1e-06 -0.0 3.273808 0.305947 -0.58011 21.486813 11.830376 2.266132 8.162929 1e-06 -2e-06 18.399086 -3.798985 -4.940577 3e-06 0.0 -0.0 2.115854 10.655912 -22.774183 -0.151328 0.146939 0.285161 -12.810516 8.40527 5.979874 1.508785 -2.138173 -2.967832 0.0 -1e-06 2e-06 5.134738 -7.613248 11.095201 -0.098114 -0.212259 9.382691 -0.72923 1.604784 -13.336336 -1.441485 0.825379 -0.176817 0.0 0.0 -1e-06 
0.0 0.0 0.0 0.0 -0.0 0.0 -6.621657 97.084 61.945213 -3.070275 -5.248475 -2.867901 2.181491 0.260362 -2.656661 -0.099063 1.699066 -6.020453 1.032377 -0.190301 15.345137 -0.277593 2.905804 9.56037 -0.233118 1.367658 -3.482864 0.309679 1.057408 -10.070901 7.7e-05 -2.2e-05 6e-06 0.007214 0.051606 0.07822 0.653623 -3.690912 -10.571918 -0.645548 3.79592 -10.564182 -20.696741 -5.161626 15.625108 -52.577827 -7.299243 24.293964 0.160604 -30.884047 -0.087982 -1.101437 2.463836 -26.130934 -5.882112 9.861292 0.702591 -10.93688 -0.360575 7.15621 -1e-06 8.77483 -2e-06 -16.033121 17.861586 6.016593 -1.844035 2.498507 -2.507279 -10.163608 4.678948 4.62111 -20.976044 -4e-06 -0.0 -21.226309 2.451698 -3.594006 -1e-06 -6e-06 -0.0 -1.362683 2.2408 -0.746325 -21.334934 0.584911 3.008323 -13.821225 -2e-06 1e-06 -23.887192 -0.249079 -0.839487 -60.728409 2.615175 -1.076488 -0.294025 1.679689 0.833255 -14.218223 0.093216 1.30058 -34.212082 -0.287567 0.967167 -20.033232 0.964537 1.212843 1e-06 -1e-06 -2e-06 -3.440392 0.788234 0.501656 -15.928201 -3.167312 2.999706 -6.338833 -1e-06 0.0 -18.123463 3.648186 -4.905677 -4e-06 0.0 -2e-06 16.912344 17.775976 16.145187 49.894939 20.660892 25.68642 0.022096 32.128189 0.065283 1.181233 -1.098903 -15.760861 2.243545 -5.255041 -3.180159 14.2829 -0.826598 6.952501 1e-06 -12.690612 -3e-06 16.033276 -17.517632 2.713281 1.665668 -1.955924 -2.8783 4.727802 -4.170591 4.993925 11.020535 0.0 -2e-06 12.109062 -3.735719 -2.866788 0.0 -0.0 1e-06 1.291988 -1.92855 -1.498089 14.800136 0.567468 3.865607 14.24258 -1.341738 -6.660662 19.631977 0.143923 -0.648248 49.568928 -0.884621 -6.23992 0.353029 -1.511151 -0.03194 20.222803 3.68431 2.316628 18.787287 3e-06 -5e-06 10.751635 -0.47987 1.397904 0.0 0.0 -0.0 3.273809 0.305947 -0.58011 21.486824 11.830379 2.266131 8.16293 -0.0 -4e-06 18.399097 -3.798987 -4.940582 3e-06 0.0 -0.0 1.790117 9.963787 -22.601717 -0.120365 0.112071 1.019552 -11.534867 8.976934 6.457855 1.565729 -2.115247 -2.866444 0.0 -0.0 1e-06 4.230218 -6.746577 12.995945 -0.120479 -0.225828 9.32261 -0.388408 1.39344 -13.701654 -1.452556 0.840694 -0.594826 0.0 0.0 -1e-06 
0.0 0.0 0.0 0.0 -0.0 0.0 -6.266462 96.863869 64.976654 -1.983865 -5.837791 -2.880982 1.485492 0.371352 -3.044395 -0.14661 1.877603 -6.152544 0.842453 -0.160486 15.637584 -0.497727 3.078009 9.729209 -0.317004 1.262809 -3.516064 0.180527 0.948799 -9.432978 7.7e-05 -2.2e-05 6e-06 0.012366 0.03371 0.080618 0.656671 -3.711871 -10.582976 -0.637849 3.781719 -10.573437 -21.503592 -4.842712 15.36739 -51.933483 -6.787248 24.432808 0.198823 -30.689201 -0.077239 -1.633161 2.56809 -25.498489 -5.88211 9.86129 0.702591 -10.936877 -0.360575 7.156209 -0.0 8.77483 -1e-06 -16.038496 17.970201 6.075041 -1.844034 2.498506 -2.50728 -10.163606 4.678947 4.621109 -20.976038 -5e-06 1e-06 -21.226301 2.451695 -3.594004 -1e-06 -6e-06 -0.0 -1.362682 2.2408 -0.746324 -21.334929 0.58491 3.008322 -13.821221 -4e-06 0.0 -23.887184 -0.249082 -0.839485 -60.718319 2.684599 -1.068332 -0.294025 1.679688 0.833258 -14.218216 0.093214 1.300578 -34.21207 -0.287567 0.967166 -20.033226 0.964535 1.212842 -0.0 0.0 -1e-06 -3.44039 0.788233 0.501655 -15.928194 -3.167311 2.999707 -6.33883 -2e-06 1e-06 -18.123457 3.648183 -4.905674 -3e-06 0.0 -3e-06 17.553202 17.831957 16.371792 49.323353 20.05575 26.017202 -0.093294 31.294811 0.039555 1.10294 -1.358938 -15.762043 2.243544 -5.255038 -3.180158 14.282898 -0.826598 6.952503 -2e-06 -12.690612 1e-06 15.992314 -17.445118 2.708865 1.665667 -1.955921 -2.8783 4.7278 -4.170591 4.993925 11.020531 1e-06 -2e-06 12.109058 -3.735718 -2.866785 1e-06 -1e-06 1e-06 1.291986 -1.928549 -1.498089 14.800132 0.567468 3.865605 14.242579 -1.341737 -6.660661 19.631973 0.143928 -0.648247 49.463486 -0.825537 -6.257818 0.353027 -1.51115 -0.03194 20.222801 3.684309 2.316628 18.787283 4e-06 -4e-06 10.751633 -0.479868 1.397905 0.0 1e-06 1e-06 3.273808 0.305947 -0.580112 21.48682 11.83038 2.266127 8.16293 -0.0 -3e-06 18.399092 -3.798987 -4.94058 2e-06 -1e-06 -0.0 0.954075 8.730631 -21.956278 -0.075429 0.116487 2.863969 -9.058017 8.883931 9.17833 1.690028 -2.052683 -2.707207 1e-06 0.0 3e-06 2.445221 -6.075429 14.781775 -0.123002 -0.15539 9.764453 0.064732 1.358583 -13.525392 -1.456 0.891471 -1.241977 -0.0 0.0 -1e-06 
0.0 0.0 0.0 0.0 -0.0 0.0 -5.811502 96.834541 68.159256 -0.221287 -6.362516 -3.021193 0.441588 0.466968 -3.488536 -0.238243 2.025214 -6.373799 0.370829 -0.018015 16.079771 -0.718015 3.207638 9.939073 -0.35694 1.149387 -3.533814 0.075603 0.828661 -8.739625 7.7e-05 -2.2e-05 6e-06 0.021319 -0.006426 0.071117 0.648795 -3.753788 -10.578442 -0.611986 3.744379 -10.571945 -22.645514 -4.635029 15.119546 -50.840034 -6.179877 24.673042 0.331319 -30.400677 -0.064275 -2.076595 2.387884 -25.477285 -5.882106 9.861284 0.70259 -10.936874 -0.360576 7.156204 1e-06 8.774823 -2e-06 -16.043034 18.050547 6.110046 -1.844033 2.498503 -2.507279 -10.163602 4.678944 4.621109 -20.97603 -6e-06 3e-06 -21.22629 2.451694 -3.593997 -1e-06 -7e-06 -0.0 -1.362682 2.240797 -0.746323 -21.334917 0.584907 3.008322 -13.821217 -5e-06 2e-06 -23.887175 -0.249082 -0.839482 -60.689018 2.691972 -1.044284 -0.294024 1.679687 0.833256 -14.218212 0.093213 1.30058 -34.212063 -0.287569 0.967172 -20.033215 0.964534 1.212845 -0.0 0.0 -1e-06 -3.440389 0.788233 0.501655 -15.928192 -3.16731 2.999706 -6.338829 -2e-06 2e-06 -18.123453 3.648178 -4.905668 -3e-06 0.0 -2e-06 18.48033 17.688982 16.661537 48.59539 19.13999 26.263981 -0.084625 30.500654 0.05692 1.154407 -1.490522 -15.372907 2.243542 -5.255038 -3.180159 14.282897 -0.826594 6.952505 -6e-06 -12.690612 -0.0 15.979834 -17.415232 2.678904 1.665666 -1.955922 -2.8783 4.7278 -4.170588 4.99393 11.020534 4e-06 -1e-06 12.109057 -3.735715 -2.866786 1e-06 -0.0 1e-06 1.291985 -1.928549 -1.498089 14.800138 0.567472 3.86561 14.242579 -1.341735 -6.660658 19.631979 0.143929 -0.648243 49.408775 -0.792348 -6.289312 0.35303 -1.511151 -0.03194 20.222803 3.684316 2.316631 18.787285 8e-06 2e-06 10.751634 -0.479868 1.397908 0.0 1e-06 1e-06 3.273808 0.30595 -0.580111 21.486828 11.830385 2.266133 8.16293 4e-06 -1e-06 18.399092 -3.798984 -4.940574 4e-06 -0.0 -0.0 -0.706163 7.314454 -20.967846 -0.017029 0.131711 4.186832 -6.282832 8.600897 13.599814 1.754368 -1.999732 -2.190799 -0.0 0.0 2e-06 -0.408047 -5.890902 16.462454 -0.140766 -0.057608 10.810821 0.882881 1.7056 -12.225746 -1.457698 0.914064 -2.493415 0.0 0.0 -1e-06 
0.0 0.0 0.0 0.0 -0.0 0.0 -5.314198 96.911049 71.390602 1.827179 -6.631558 -3.423513 -0.582887 0.521596 -3.75021 -0.393268 2.097965 -6.624426 -0.390171 0.277798 16.472939 -0.786436 3.239729 10.351993 -0.446309 1.003222 -3.565475 0.075217 0.519284 -8.402711 7.7e-05 -2.3e-05 6e-06 0.026634 0.005206 0.064636 0.64235 -3.734493 -10.551036 -0.594387 3.748495 -10.543429 -23.492716 -4.641426 15.211048 -49.934757 -5.799851 24.917027 0.454249 -29.887676 -0.085711 -2.302584 2.153953 -26.061443 -5.882107 9.861289 0.70259 -10.936875 -0.360575 7.15621 -0.0 8.774828 -1e-06 -16.150724 18.131212 6.094005 -1.844032 2.498505 -2.507279 -10.1636 4.678946 4.621113 -20.976027 -3e-06 5e-06 -21.226292 2.451698 -3.594001 -1e-06 -6e-06 1e-06 -1.362682 2.240798 -0.746322 -21.334917 0.58491 3.008326 -13.821217 -3e-06 4e-06 -23.887175 -0.249076 -0.83948 -60.754642 2.55191 -1.018985 -0.294025 1.679688 0.833256 -14.218211 0.093215 1.300583 -34.212063 -0.287562 0.967174 -20.033218 0.964537 1.212845 0.0 -0.0 -1e-06 -3.440389 0.788234 0.501655 -15.928189 -3.167311 2.999709 -6.338828 -1e-06 3e-06 -18.123447 3.648185 -4.905669 -4e-06 -0.0 -2e-06 19.027515 17.254642 16.772652 48.518562 17.838219 26.544657 -0.036982 29.861008 0.089952 1.343551 -1.71838 -15.112082 2.243541 -5.255036 -3.180157 14.282891 -0.826594 6.952506 -3e-06 -12.690603 -2e-06 15.977848 -17.34617 2.601801 1.665666 -1.955922 -2.878298 4.7278 -4.170588 4.993922 11.020528 3e-06 -0.0 12.109053 -3.735717 -2.866786 1e-06 0.0 2e-06 1.291986 -1.928549 -1.498088 14.800129 0.567468 3.865607 14.242574 -1.341737 -6.660657 19.631969 0.143924 -0.648243 49.484592 -0.732417 -6.26606 0.353029 -1.51115 -0.031941 20.222794 3.684308 2.316632 18.787273 4e-06 1e-06 10.751631 -0.479868 1.397905 0.0 1e-06 1e-06 3.273807 0.305947 -0.580111 21.486813 11.830374 2.266135 8.162926 0.0 0.0 18.399086 -3.798983 -4.940576 3e-06 -1e-06 -1e-06 -2.779629 5.807109 -19.345751 -0.004908 -0.026354 5.005705 -4.740917 8.850768 15.390816 1.727666 -1.994118 -1.705567 -0.0 -0.0 2e-06 -3.815216 -6.07237 17.899115 -0.15364 0.102235 13.082209 1.782378 2.294586 -9.332309 -1.456682 0.86922 -4.938739 -0.0 0.0 -1e-06 
0.0 0.0 0.0 0.0 -0.0 0.0 -4.818447 97.079727 74.684311 3.9826 -6.672085 -3.936868 -1.588352 0.56345 -3.865733 -0.557738 2.250386 -6.730063 -1.402713 0.435617 16.524506 -0.64928 3.220334 11.074249 -0.545014 0.876888 -3.677939 0.052956 0.191993 -8.297273 7.7e-05 -2.2e-05 6e-06 0.035396 0.000466 0.061051 0.649099 -3.730203 -10.536513 -0.585137 3.731612 -10.529471 -23.216055 -4.810673 15.463666 -50.135925 -5.730524 24.708374 0.377193 -29.130177 -0.022845 -2.444192 2.420902 -26.196302 -5.882109 9.86129 0.702591 -10.936878 -0.360576 7.156209 1e-06 8.774829 -1e-06 -16.208572 17.986258 5.998562 -1.844034 2.498505 -2.507278 -10.163604 4.678946 4.621109 -20.976034 -5e-06 2e-06 -21.226295 2.451697 -3.594001 -1e-06 -6e-06 1e-06 -1.362682 2.240798 -0.746324 -21.334929 0.584908 3.008324 -13.821222 -4e-06 2e-06 -23.887182 -0.24908 -0.839483 -60.824429 2.441673 -1.095665 -0.294025 1.679688 0.833255 -14.218217 0.093214 1.300581 -34.212067 -0.287566 0.967173 -20.033226 0.964534 1.212846 0.0 -0.0 -1e-06 -3.440391 0.788233 0.501655 -15.928198 -3.167313 2.999707 -6.338831 -2e-06 1e-06 -18.123457 3.648183 -4.905672 -4e-06 -0.0 -2e-06 18.782528 16.731857 17.025675 49.779163 16.505968 26.681038 -0.26507 28.876369 -0.018879 1.422281 -1.778822 -15.45721 2.243543 -5.255037 -3.180159 14.282896 -0.826597 6.952502 -1e-06 -12.690605 1e-06 16.090605 -17.271803 2.447652 1.665669 -1.955923 -2.878299 4.727801 -4.170588 4.993921 11.02053 1e-06 -2e-06 12.109058 -3.735717 -2.866785 -0.0 0.0 1e-06 1.291986 -1.928549 -1.49809 14.800132 0.567466 3.865609 14.242578 -1.341738 -6.660662 19.631973 0.143923 -0.648246 49.510593 -0.610889 -6.24705 0.353029 -1.51115 -0.031941 20.222801 3.684307 2.316631 18.787281 3e-06 -4e-06 10.751631 -0.479872 1.397905 2e-06 1e-06 -3e-06 3.273807 0.305948 -0.580109 21.48682 11.830376 2.26613 8.162931 3e-06 -1e-06 18.39909 -3.798987 -4.940578 3e-06 -1e-06 0.0 -5.305699 5.171905 -17.312805 -0.010785 0.042254 5.553082 -3.396399 8.72524 15.080988 1.694114 -1.942395 -0.913306 -0.0 -0.0 2e-06 -7.625487 -6.455752 17.97653 -0.100286 0.154294 17.792799 2.449689 3.296665 -5.834064 -1.467822 0.849505 -9.128357 -0.0 0.0 -1e-06 
0.0 0.0 0.0 0.0 -0.0 0.0 -4.34422 97.393028 78.095802 5.64404 -6.721917 -4.568681 -2.373473 0.550794 -3.704816 -0.765122 2.271231 -6.677534 -2.013244 0.57634 16.260353 -0.534103 3.064826 11.701539 -0.629184 0.701452 -3.670605 0.214374 0.115171 -8.38709 7.7e-05 -2.3e-05 6e-06 0.038525 0.000673 0.062043 0.670926 -3.725773 -10.531623 -0.600406 3.726151 -10.526994 -22.196363 -5.069408 15.769447 -51.164196 -5.832153 24.936363 0.458118 -28.653248 -0.007157 -2.877725 2.678108 -25.896751 -5.88211 9.861295 0.702589 -10.936878 -0.360576 7.156211 1e-06 8.774833 -2e-06 -16.275755 17.980062 5.92751 -1.844034 2.498507 -2.507278 -10.163606 4.678947 4.621108 -20.976038 -5e-06 2e-06 -21.226303 2.451699 -3.594003 -1e-06 -7e-06 -1e-06 -1.362682 2.2408 -0.746323 -21.33493 0.584909 3.008324 -13.821225 -4e-06 0.0 -23.887186 -0.249079 -0.839483 -60.710648 2.382106 -1.270404 -0.294025 1.679689 0.833256 -14.218219 0.093214 1.300579 -34.212074 -0.287567 0.96717 -20.03323 0.964535 1.212845 -1e-06 -0.0 -1e-06 -3.440391 0.788234 0.501655 -15.928196 -3.167313 2.999708 -6.338832 -1e-06 1e-06 -18.123459 3.648186 -4.905676 -4e-06 0.0 -3e-06 17.62743 16.210354 17.167553 51.802414 15.125007 26.224745 -0.149069 28.214687 0.065095 1.581519 -2.148285 -15.52598 2.243544 -5.25504 -3.180158 14.282899 -0.826596 6.952503 -1e-06 -12.690609 0.0 16.213367 -17.416176 2.410541 1.665667 -1.955923 -2.878301 4.727802 -4.17059 4.993928 11.020532 2e-06 -1e-06 12.109058 -3.735719 -2.866785 -0.0 -1e-06 -0.0 1.291986 -1.92855 -1.49809 14.800138 0.567468 3.865608 14.24258 -1.341738 -6.660661 19.631981 0.143926 -0.648243 49.73455 -0.656479 -6.327605 0.353028 -1.511152 -0.031939 20.222803 3.68431 2.316631 18.787287 6e-06 -2e-06 10.751636 -0.479868 1.397904 2e-06 3e-06 -2e-06 3.273809 0.305947 -0.580111 21.486826 11.830379 2.266134 8.162932 1e-06 -2e-06 18.399094 -3.79899 -4.94058 4e-06 -1e-06 -1e-06 -7.447146 5.365963 -15.282981 -0.050923 -0.00985 6.711656 -2.648408 8.119724 12.08749 1.683907 -1.924843 -0.46534 -0.0 -0.0 2e-06 -11.019692 -7.078425 16.505417 -0.07658 0.300782 25.067419 2.972835 4.445725 -1.156472 -1.502908 0.852208 -13.909088 0.0 1e-06 -1e-06 
0.0 0.0 0.0 0.0 -0.0 0.0 -3.899156 97.683899 81.390816 6.955132 -6.905044 -5.317809 -3.168761 0.565729 -3.409224 -0.928478 2.13646 -6.509723 -2.339305 0.559519 15.981715 -0.380172 2.976219 12.035666 -0.601912 0.599647 -3.637497 0.398344 0.180305 -8.551646 7.7e-05 -2.2e-05 6e-06 0.036375 0.001449 0.069192 0.680985 -3.720972 -10.511241 -0.614457 3.72094 -10.505121 -21.205292 -5.352699 16.034472 -51.926273 -5.815319 25.492231 0.468416 -29.066933 -0.006023 -3.364972 2.875379 -25.278078 -5.882109 9.861287 0.702589 -10.936881 -0.360578 7.156209 2e-06 8.774828 1e-06 -16.413349 18.021778 5.839742 -1.844034 2.498505 -2.507279 -10.163608 4.678944 4.621111 -20.97604 -9e-06 3e-06 -21.226301 2.451693 -3.593999 -0.0 -6e-06 -0.0 -1.362682 2.240798 -0.746324 -21.334929 0.584906 3.008324 -13.821223 -6e-06 2e-06 -23.887188 -0.249085 -0.839481 -60.714809 2.452888 -1.453562 -0.294024 1.679687 0.833257 -14.218219 0.093212 1.300579 -34.212074 -0.287571 0.967173 -20.03323 0.964535 1.212846 -0.0 -0.0 -1e-06 -3.440391 0.788233 0.501656 -15.9282 -3.167314 2.999708 -6.338831 -3e-06 1e-06 -18.123459 3.648179 -4.905671 -3e-06 1e-06 -3e-06 16.7658 15.739841 17.408327 53.057102 13.734183 26.085024 -0.091961 28.160194 0.130048 2.117712 -2.251036 -15.377071 2.243541 -5.255037 -3.180157 14.282898 -0.826592 6.952506 -5e-06 -12.69061 0.0 16.413361 -17.536171 2.371941 1.665666 -1.955921 -2.878299 4.7278 -4.170588 4.993925 11.020531 5e-06 -1e-06 12.109056 -3.735716 -2.866787 0.0 -0.0 -1e-06 1.291986 -1.92855 -1.49809 14.800138 0.567471 3.865611 14.242579 -1.341735 -6.660659 19.631975 0.143926 -0.648242 49.897583 -0.642822 -6.36179 0.35303 -1.511151 -0.03194 20.222801 3.684314 2.31663 18.787281 7e-06 1e-06 10.751633 -0.479867 1.397907 1e-06 1e-06 -1e-06 3.273808 0.305947 -0.58011 21.486828 11.830386 2.266134 8.16293 2e-06 1e-06 18.39909 -3.798985 -4.940574 4e-06 -1e-06 0.0 -9.134795 5.959833 -12.672711 -0.099063 -0.034153 7.104399 -2.217242 7.500547 9.339856 1.664198 -1.938422 -0.244529 -0.0 -0.0 2e-06 -14.236199 -7.880754 13.494393 -0.000793 0.380663 34.606781 3.395199 5.515207 4.703408 -1.51485 0.793466 -16.543665 0.0 -0.0 -3e-06 
0.0 0.0 0.0 0.0 -0.0 0.0 -3.49573 97.897949 84.432564 8.071342 -7.190821 -6.214465 -3.975073 0.533163 -2.96911 -1.062937 1.933915 -6.276965 -2.547266 0.481221 15.880424 -0.200274 2.920329 12.085397 -0.502807 0.599314 -3.632667 0.489899 0.356389 -9.005817 7.7e-05 -2.2e-05 6e-06 0.033731 0.006328 0.081416 0.68783 -3.716911 -10.486809 -0.626807 3.725835 -10.485536 -20.662111 -5.670564 16.288164 -51.854233 -5.824813 26.379267 0.416875 -30.085054 -0.004261 -3.659449 2.799969 -25.062593 -5.882108 9.861292 0.70259 -10.936873 -0.360575 7.156207 -1e-06 8.77483 -1e-06 -16.542206 17.981941 5.766269 -1.844032 2.498505 -2.507276 -10.163601 4.678946 4.621108 -20.976027 -2e-06 4e-06 -21.226288 2.4517 -3.594 -0.0 -5e-06 -1e-06 -1.362682 2.240799 -0.746324 -21.334919 0.58491 3.008324 -13.821214 -1e-06 3e-06 -23.887171 -0.249077 -0.839481 -60.74752 2.484879 -1.477415 -0.294025 1.679688 0.833257 -14.218211 0.093216 1.300581 -34.212048 -0.287563 0.96717 -20.033216 0.964538 1.212844 1e-06 -1e-06 0.0 -3.440389 0.788234 0.501656 -15.928189 -3.16731 2.999709 -6.338829 -1e-06 3e-06 -18.123451 3.648187 -4.905671 -3e-06 0.0 -1e-06 16.489166 15.200625 17.62706 53.241684 12.458621 26.408628 -0.043811 28.813938 0.158505 2.728608 -2.022107 -15.314508 2.243542 -5.255038 -3.180161 14.282896 -0.826595 6.952503 -3e-06 -12.690607 1e-06 16.533056 -17.583735 2.367397 1.665667 -1.955922 -2.878298 4.727799 -4.170589 4.993925 11.020528 3e-06 -1e-06 12.109055 -3.735716 -2.866785 0.0 -0.0 -0.0 1.291986 -1.928549 -1.49809 14.800131 0.567468 3.865604 14.242578 -1.341736 -6.660659 19.631973 0.143925 -0.648244 49.944016 -0.611119 -6.309992 0.353028 -1.51115 -0.03194 20.222797 3.684311 2.316627 18.787279 7e-06 -4e-06 10.751631 -0.479866 1.397905 -1e-06 1e-06 -0.0 3.273808 0.305947 -0.580112 21.48682 11.830378 2.266131 8.162928 2e-06 -2e-06 18.399084 -3.798983 -4.940577 4e-06 0.0 -1e-06 -10.532324 6.815024 -9.732411 -0.083375 -0.000928 6.874671 -2.029012 6.876124 7.073689 1.642141 -1.979877 -0.37981 -0.0 -0.0 2e-06 -17.051632 -8.566998 9.483492 0.080239 0.358419 44.999714 3.511549 5.373608 10.354917 -1.393556 0.731119 -12.218203 0.0 -0.0 -2e-06 
0.0 0.0 0.0 0.0 -0.0 0.0 -3.17651 98.018585 87.281479 8.919549 -7.49645 -7.162195 -4.673074 0.475698 -2.422959 -1.177687 1.737328 -6.046111 -2.677619 0.316763 16.005024 -0.004002 2.889906 12.088625 -0.389385 0.603943 -3.670828 0.518038 0.608961 -9.981485 7.7e-05 -2.2e-05 6e-06 0.031761 0.024151 0.097569 0.69438 -3.69962 -10.47178 -0.637947 3.746998 -10.479312 -20.386539 -6.120282 16.537621 -51.265644 -6.169953 27.422789 0.443219 -30.99614 -0.090871 -3.664192 2.517481 -25.374449 -5.882108 9.86129 0.70259 -10.936873 -0.360574 7.156206 -1e-06 8.774826 -1e-06 -16.585545 17.959583 5.795444 -1.844033 2.498505 -2.507279 -10.163602 4.678947 4.62111 -20.976023 -0.0 1e-06 -21.22629 2.451699 -3.594003 1e-06 -6e-06 -0.0 -1.362682 2.240799 -0.746324 -21.334917 0.584913 3.008325 -13.821215 0.0 1e-06 -23.887173 -0.249076 -0.839486 -60.779373 2.439393 -1.336313 -0.294025 1.679687 0.833257 -14.218209 0.093216 1.30058 -34.212048 -0.287562 0.967166 -20.033215 0.964537 1.212842 -1e-06 0.0 -1e-06 -3.440389 0.788234 0.501656 -15.928189 -3.167309 2.999708 -6.338828 -1e-06 2e-06 -18.123447 3.648186 -4.905673 -4e-06 1e-06 -2e-06 16.475201 14.576286 17.777159 52.97731 11.533468 26.910963 0.03857 29.60218 0.134723 3.048259 -1.646517 -15.126722 2.243543 -5.255037 -3.180159 14.282895 -0.826596 6.952504 -2e-06 -12.690605 1e-06 16.524586 -17.589872 2.381153 1.665668 -1.955923 -2.878299 4.7278 -4.170588 4.993925 11.020529 2e-06 -2e-06 12.109056 -3.735717 -2.866786 0.0 -0.0 -1e-06 1.291986 -1.92855 -1.498089 14.800132 0.567467 3.865611 14.242577 -1.341737 -6.660662 19.631973 0.143925 -0.648248 49.846966 -0.621829 -6.257957 0.353029 -1.51115 -0.031941 20.222797 3.684307 2.316631 18.787279 4e-06 -2e-06 10.751633 -0.47987 1.397903 -1e-06 1e-06 -0.0 3.273807 0.305948 -0.580113 21.486816 11.830372 2.266132 8.162929 2e-06 -0.0 18.399086 -3.798986 -4.940577 5e-06 0.0 0.0 -11.564465 7.711363 -7.142487 -0.022698 0.087942 7.179138 -1.951142 6.34059 4.876016 1.624284 -2.023938 -0.602419 -0.0 0.0 2e-06 -18.957163 -8.96118 5.136871 0.124631 0.242662 54.201431 3.044693 4.242902 13.702047 -1.225859 0.768261 -4.617312 -1e-06 -1e-06 -0.0 
0.0 0.0 0.0 0.0 -0.0 0.0 -2.978651 98.169502 90.000267 9.142262 -7.62299 -7.995136 -5.047823 0.420547 -1.878543 -1.261167 1.423083 -5.831097 -2.623055 -0.039005 16.259863 0.290091 2.822734 12.214985 -0.411604 0.62582 -3.681413 0.538348 0.817895 -11.085733 7.7e-05 -2.3e-05 6e-06 0.029571 0.035226 0.10399 0.700044 -3.683679 -10.478726 -0.648142 3.756517 -10.485916 -20.073877 -6.62728 16.730228 -50.732811 -6.952327 28.14389 0.4476 -31.24589 -0.177999 -3.079112 2.232605 -25.747896 -5.88211 9.861292 0.702591 -10.936876 -0.360574 7.156206 -1e-06 8.77483 -1e-06 -16.552345 18.031923 5.899776 -1.844033 2.498507 -2.507279 -10.163604 4.678948 4.621109 -20.97603 -2e-06 -1e-06 -21.226295 2.451698 -3.594005 0.0 -6e-06 -0.0 -1.362682 2.240799 -0.746324 -21.334921 0.584912 3.00832 -13.821218 -2e-06 1e-06 -23.887177 -0.249078 -0.839488 -60.819317 2.478746 -1.212071 -0.294025 1.679688 0.833256 -14.218213 0.093217 1.300579 -34.212059 -0.287562 0.967164 -20.033218 0.964537 1.212839 -0.0 -2e-06 -0.0 -3.44039 0.788234 0.501655 -15.928191 -3.167309 2.999707 -6.33883 -1e-06 1e-06 -18.123455 3.648187 -4.905674 -4e-06 0.0 -0.0 16.366848 14.001133 17.793013 52.993286 10.93391 27.388582 0.081847 29.84387 0.062046 2.814952 -1.39 -14.884213 2.243545 -5.255042 -3.180159 14.282901 -0.826597 6.952505 -0.0 -12.690612 -1e-06 16.480492 -17.619339 2.389797 1.665668 -1.955922 -2.8783 4.727803 -4.170591 4.993927 11.020534 2e-06 -2e-06 12.109059 -3.735719 -2.866788 -1e-06 -0.0 0.0 1.291987 -1.928551 -1.498089 14.800138 0.567465 3.86561 14.242585 -1.341738 -6.660664 19.631979 0.143924 -0.648249 49.822479 -0.628315 -6.237531 0.35303 -1.511152 -0.031939 20.222803 3.684309 2.316631 18.787287 2e-06 -1e-06 10.751636 -0.479869 1.397905 -0.0 1e-06 1e-06 3.273809 0.305947 -0.58011 21.486828 11.830379 2.266133 8.162933 1e-06 -1e-06 18.399099 -3.798988 -4.940581 5e-06 -1e-06 -1e-06 -11.832634 8.27798 -4.532888 0.012306 0.105969 7.273423 -1.957317 6.121233 2.906202 1.607526 -2.035573 -0.642777 -0.0 -0.0 2e-06 -19.504662 -9.431069 0.922517 0.139382 0.154614 60.644417 3.203567 4.326849 11.946641 -1.236952 0.804447 -2.685868 -0.0 -0.0 -1e-06 
0.0 0.0 0.0 0.0 -0.0 0.0 -2.882481 98.379898 92.59462 8.65586 -7.575574 -8.59691 -5.040164 0.314677 -1.364422 -1.24974 1.062732 -5.620214 -2.391081 -0.53708 16.453026 0.615302 2.738209 12.473044 -0.466311 0.669908 -3.654718 0.568857 0.894785 -11.691729 7.7e-05 -2.2e-05 6e-06 0.028068 0.039523 0.098621 0.697301 -3.676646 -10.496732 -0.647677 3.759505 -10.506916 -19.611006 -7.200225 16.922005 -50.532784 -7.990291 28.037226 0.280789 -30.95615 -0.144271 -2.328065 2.244872 -25.834082 -5.88211 9.861293 0.702591 -10.936877 -0.360574 7.15621 -1e-06 8.774831 -3e-06 -16.482197 18.072161 5.979632 -1.844034 2.498506 -2.507279 -10.163605 4.678948 4.62111 -20.976032 -3e-06 -2e-06 -21.226301 2.4517 -3.594005 2e-06 -6e-06 -1e-06 -1.362682 2.2408 -0.746323 -21.334925 0.58491 3.008324 -13.821219 -3e-06 1e-06 -23.88718 -0.24908 -0.839487 -60.775501 2.494856 -1.085756 -0.294025 1.679688 0.833256 -14.218215 0.093216 1.300582 -34.212067 -0.287563 0.967168 -20.033222 0.964536 1.212842 -1e-06 -0.0 -0.0 -3.44039 0.788235 0.501656 -15.928194 -3.16731 2.999708 -6.338829 -1e-06 -1e-06 -18.123459 3.648185 -4.905676 -2e-06 1e-06 -1e-06 16.212326 13.449893 17.828932 53.380936 10.534181 27.222679 0.135085 29.542704 0.030506 2.402598 -1.393414 -14.805894 2.243541 -5.255037 -3.180156 14.282889 -0.826595 6.952502 -1e-06 -12.690607 0.0 16.454691 -17.678616 2.408509 1.665666 -1.955922 -2.878298 4.727798 -4.170588 4.993924 11.020524 3e-06 -0.0 12.109051 -3.735717 -2.866783 0.0 -0.0 1e-06 1.291985 -1.92855 -1.498091 14.800125 0.567467 3.865608 14.242571 -1.341738 -6.660657 19.631968 0.143925 -0.648247 49.83168 -0.582735 -6.210119 0.353029 -1.511151 -0.03194 20.222788 3.684309 2.316631 18.78727 3e-06 -1e-06 10.751626 -0.479869 1.397906 -0.0 1e-06 1e-06 3.273806 0.305947 -0.580109 21.486811 11.830374 2.266135 8.162926 1e-06 -0.0 18.39908 -3.798988 -4.940576 3e-06 -0.0 -2e-06 -11.291262 8.490842 -2.021322 -0.00454 0.035915 7.196012 -1.977232 5.985852 1.146564 1.603455 -2.022879 -0.623922 -0.0 -0.0 2e-06 -18.566599 -10.031984 -3.158125 0.155126 0.132435 63.740685 4.161322 4.99969 9.229445 -1.276168 0.817713 -2.295632 1e-06 -1e-06 -1e-06 
0.0 0.0 0.0 0.0 -0.0 0.0 -2.862341 98.598465 95.086227 7.809743 -7.428608 -8.98394 -4.895783 0.196502 -0.858057 -1.182055 0.654222 -5.412511 -2.037922 -1.120186 16.518053 0.953867 2.581926 12.72307 -0.439423 0.812557 -3.627885 0.544083 0.960411 -11.864134 7.7e-05 -2.3e-05 6e-06 0.027485 0.037567 0.086926 0.689513 -3.679204 -10.512887 -0.639726 3.75787 -10.525695 -18.984459 -7.869963 17.034193 -50.508862 -8.922976 27.664888 0.122995 -30.82865 -0.059936 -1.884245 2.41891 -26.02334 -5.882111 9.861293 0.70259 -10.936881 -0.360576 7.15621 1e-06 8.774832 -2e-06 -16.420532 18.076059 6.031413 -1.844035 2.498507 -2.507279 -10.16361 4.678948 4.621112 -20.976044 -5e-06 2e-06 -21.226307 2.451697 -3.594001 0.0 -6e-06 0.0 -1.362682 2.240798 -0.746324 -21.334932 0.584908 3.008325 -13.821225 -4e-06 0.0 -23.887192 -0.24908 -0.839482 -60.715309 2.506723 -0.982179 -0.294024 1.679688 0.833257 -14.218221 0.093213 1.300581 -34.212078 -0.287566 0.967172 -20.03323 0.964536 1.212846 0.0 -0.0 -1e-06 -3.440391 0.788233 0.501656 -15.928201 -3.167314 2.999711 -6.338832 -2e-06 -0.0 -18.123463 3.648182 -4.905675 -2e-06 0.0 -1e-06 16.190845 12.901149 17.824038 53.828548 10.039921 26.475834 0.213188 29.222681 0.069095 2.247679 -1.461222 -15.090347 2.243544 -5.255041 -3.18016 14.282904 -0.826595 6.952506 -3e-06 -12.690614 -0.0 16.43236 -17.763355 2.435768 1.665667 -1.955923 -2.8783 4.727803 -4.170591 4.993925 11.020538 4e-06 -1e-06 12.109062 -3.735717 -2.866785 -1e-06 -0.0 -0.0 1.291987 -1.92855 -1.49809 14.800144 0.56747 3.865609 14.242585 -1.341736 -6.660661 19.631987 0.143928 -0.648245 49.792027 -0.536225 -6.224142 0.353029 -1.511152 -0.031938 20.222807 3.684313 2.316631 18.787291 6e-06 1e-06 10.751637 -0.479869 1.397907 -1e-06 0.0 1e-06 3.273809 0.305948 -0.580111 21.486834 11.830386 2.266133 8.162935 1e-06 -1e-06 18.399099 -3.798984 -4.940579 3e-06 -0.0 -2e-06 -10.351507 8.411165 0.353761 -0.045501 -0.066203 6.942205 -1.910675 5.90084 -0.421355 1.605511 -1.98047 -0.501554 0.0 -0.0 2e-06 -16.725845 -10.780614 -7.144754 0.159928 0.119532 63.871666 5.386116 5.384241 7.306875 -1.295401 0.811548 -2.137657 1e-06 0.0 -1e-06 
0.0 0.0 0.0 0.0 -0.0 0.0 -2.927091 98.746803 97.549332 6.973188 -7.275646 -9.165805 -4.791718 0.107401 -0.393332 -1.118822 0.236468 -5.233778 -1.681858 -1.698476 16.536829 1.329675 2.327708 12.79969 -0.372341 1.026024 -3.613454 0.472949 1.034801 -11.910001 7.7e-05 -2.3e-05 6e-06 0.028433 0.028772 0.07374 0.686395 -3.687113 -10.527538 -0.633275 3.747148 -10.538729 -18.411095 -8.592932 17.0214 -50.236771 -9.601892 27.319054 0.010346 -31.276274 0.017968 -1.777382 2.621997 -26.20966 -5.882112 9.861292 0.70259 -10.93688 -0.360573 7.156209 -0.0 8.774831 -2e-06 -16.383608 18.080027 6.045477 -1.844034 2.498507 -2.507279 -10.163607 4.678948 4.621109 -20.97604 -3e-06 1e-06 -21.226303 2.451699 -3.594005 0.0 -6e-06 -1e-06 -1.362683 2.240799 -0.746324 -21.33493 0.584911 3.008324 -13.821223 -3e-06 0.0 -23.887188 -0.24908 -0.839485 -60.696785 2.522377 -0.9573 -0.294025 1.67969 0.833257 -14.218221 0.093216 1.300579 -34.212082 -0.287564 0.967165 -20.033232 0.964535 1.212842 -0.0 -0.0 0.0 -3.440392 0.788235 0.501654 -15.928201 -3.167311 2.999707 -6.338831 -1e-06 -2e-06 -18.123465 3.648184 -4.905677 -1e-06 0.0 -1e-06 16.400188 12.307409 17.689569 54.146992 9.388055 25.616684 0.251336 29.112862 0.089843 2.274324 -1.349497 -15.507915 2.243544 -5.255043 -3.180159 14.282904 -0.826597 6.952507 -1e-06 -12.690618 1e-06 16.415777 -17.827143 2.461166 1.665668 -1.955923 -2.878301 4.727803 -4.170592 4.993926 11.020536 2e-06 -2e-06 12.109065 -3.73572 -2.866786 -1e-06 -0.0 0.0 1.291987 -1.928551 -1.49809 14.800142 0.567468 3.86561 14.242586 -1.341738 -6.660665 19.631987 0.143926 -0.648247 49.72049 -0.541808 -6.272591 0.35303 -1.511153 -0.03194 20.222809 3.684311 2.31663 18.787289 3e-06 -2e-06 10.751637 -0.47987 1.397905 -2e-06 1e-06 1e-06 3.27381 0.305948 -0.580112 21.486834 11.830385 2.266135 8.162937 1e-06 -1e-06 18.399103 -3.798989 -4.940584 4e-06 0.0 -1e-06 -9.427341 8.135885 2.420166 -0.076525 -0.14529 6.813451 -1.785037 5.870165 -2.009867 1.611806 -1.919754 -0.293544 0.0 -0.0 2e-06 -14.575004 -11.550258 -11.073318 0.131154 0.067601 61.408859 6.513296 5.203384 6.117282 -1.314248 0.801849 -2.114381 0.0 -1e-06 -3e-06 
0.0 0.0 0.0 0.0 -0.0 0.0 -3.082535 98.814949 100.034889 6.284214 -7.179378 -9.090736 -4.726561 0.050051 -0.046794 -1.091949 -0.128133 -5.112853 -1.38422 -2.191535 16.547836 1.720858 2.033377 12.66021 -0.343135 1.248951 -3.607965 0.402703 1.100933 -11.956721 7.7e-05 -2.3e-05 6e-06 0.029266 0.004849 0.062938 0.684948 -3.706601 -10.533114 -0.629163 3.719009 -10.539732 -17.998526 -9.302158 16.886059 -49.648521 -10.07515 27.039186 -0.082193 -32.165691 0.093143 -1.703381 2.776343 -26.377951 -5.882106 9.861286 0.70259 -10.936872 -0.360575 7.156205 0.0 8.774825 -1e-06 -16.313934 18.103344 6.075294 -1.844033 2.498505 -2.507279 -10.163599 4.678944 4.621109 -20.976021 -3e-06 2e-06 -21.226284 2.451696 -3.593999 1e-06 -7e-06 0.0 -1.362681 2.240798 -0.746324 -21.334915 0.584908 3.008323 -13.821215 -3e-06 0.0 -23.887171 -0.249079 -0.839484 -60.696415 2.549642 -0.97589 -0.294024 1.679686 0.833255 -14.218207 0.093215 1.30058 -34.212048 -0.287565 0.967171 -20.033211 0.964536 1.212844 -1e-06 1e-06 1e-06 -3.440388 0.788233 0.501657 -15.928185 -3.16731 2.999708 -6.338826 -2e-06 -1e-06 -18.123449 3.648181 -4.90567 -2e-06 0.0 -3e-06 16.766203 11.676797 17.506907 54.388969 8.718302 24.831148 0.209517 29.193295 0.070207 2.296431 -1.154917 -15.795699 2.243542 -5.255037 -3.180156 14.282894 -0.826596 6.952502 -1e-06 -12.690603 0.0 16.421528 -17.869778 2.488954 1.665667 -1.955922 -2.878298 4.727799 -4.170588 4.993924 11.020528 2e-06 -3e-06 12.109055 -3.735716 -2.866784 -1e-06 -0.0 -1e-06 1.291986 -1.92855 -1.498089 14.800129 0.567467 3.865606 14.242575 -1.341738 -6.660659 19.631971 0.143924 -0.648248 49.710289 -0.587523 -6.317334 0.353029 -1.511151 -0.031941 20.222794 3.684307 2.316629 18.787279 4e-06 -3e-06 10.751631 -0.47987 1.397904 -2e-06 -1e-06 0.0 3.273808 0.305947 -0.580111 21.486814 11.830372 2.266133 8.162928 2e-06 -1e-06 18.399082 -3.798985 -4.940577 5e-06 1e-06 -1e-06 -8.664022 7.788213 4.161481 -0.082229 -0.182122 6.72823 -1.653533 5.896509 -3.607336 1.622026 -1.869403 -0.076641 0.0 -0.0 2e-06 -12.384535 -12.126502 -14.699146 0.06536 -0.008671 56.507542 7.321333 4.240719 5.43152 -1.341385 0.798669 -2.20428 -0.0 1e-06 -4e-06 
0.0 0.0 0.0 0.0 -0.0 0.0 -3.310816 98.805069 102.529755 5.763118 -7.11062 -8.732025 -4.68994 0.002381 0.142992 -1.079103 -0.455149 -5.05074 -1.16534 -2.557239 16.514744 2.094651 1.725065 12.368073 -0.378486 1.382256 -3.61742 0.357106 1.186365 -12.018177 7.7e-05 -2.3e-05 6e-06 0.026284 -0.009061 0.057567 0.676142 -3.716471 -10.523341 -0.625774 3.702421 -10.525002 -17.68516 -9.992998 16.646729 -48.934433 -10.42408 26.787882 -0.118656 -33.237259 0.149634 -1.551435 2.912044 -26.788963 -5.88211 9.861292 0.70259 -10.936878 -0.360575 7.156209 1e-06 8.77483 -4e-06 -16.196898 18.136604 6.116538 -1.844033 2.498505 -2.50728 -10.163607 4.678947 4.621109 -20.976038 -2e-06 1e-06 -21.226299 2.451698 -3.594002 1e-06 -7e-06 -1e-06 -1.362683 2.2408 -0.746325 -21.334929 0.58491 3.008323 -13.821223 -2e-06 1e-06 -23.887188 -0.249078 -0.839485 -60.691551 2.571561 -1.009023 -0.294025 1.679687 0.833256 -14.218219 0.093215 1.30058 -34.212074 -0.287564 0.967168 -20.033228 0.964536 1.212842 -0.0 -0.0 -0.0 -3.44039 0.788234 0.501655 -15.928194 -3.167311 2.999706 -6.33883 -0.0 0.0 -18.123459 3.648185 -4.905676 -3e-06 1e-06 -1e-06 17.12191 11.039823 17.311298 54.740147 8.075459 24.184958 0.125688 29.348347 0.040617 2.228723 -1.047404 -16.015577 2.243543 -5.25504 -3.180158 14.282896 -0.826596 6.952504 -1e-06 -12.69061 -1e-06 16.441387 -17.901943 2.504225 1.665667 -1.955922 -2.878299 4.727801 -4.17059 4.993925 11.020531 2e-06 -3e-06 12.109056 -3.735719 -2.866785 -1e-06 -0.0 -0.0 1.291986 -1.928549 -1.49809 14.800132 0.567466 3.865607 14.242577 -1.341739 -6.660659 19.631973 0.143924 -0.648246 49.776371 -0.635433 -6.352695 0.353029 -1.51115 -0.031939 20.222797 3.68431 2.316628 18.787279 4e-06 -3e-06 10.751631 -0.479869 1.397906 0.0 -1e-06 -0.0 3.273808 0.305945 -0.580111 21.48682 11.830379 2.266131 8.16293 1e-06 -1e-06 18.399094 -3.798988 -4.940581 6e-06 0.0 -2e-06 -8.102715 7.403678 5.586022 -0.064238 -0.17543 6.631986 -1.532326 5.917562 -5.186843 1.62991 -1.846407 0.111096 0.0 0.0 2e-06 -10.266717 -12.460508 -17.771034 0.024789 -0.037605 49.298016 7.643643 2.537597 5.35296 -1.377353 0.818206 -2.413208 0.0 -1e-06 -0.0 
0.0 0.0 0.0 0.0 -0.0 0.0 -3.588938 98.747917 105.063652 5.357262 -7.028004 -8.117423 -4.631713 -0.070879 0.162344 -1.059035 -0.775555 -5.034217 -1.046581 -2.798552 16.415756 2.409012 1.440202 11.984681 -0.423562 1.425085 -3.630424 0.300161 1.323716 -12.070158 7.7e-05 -2.3e-05 6e-06 0.01763 -0.006162 0.061343 0.658307 -3.716563 -10.512232 -0.625008 3.709711 -10.510433 -17.407804 -10.581243 16.442881 -48.3064 -10.763149 26.408886 -0.062886 -34.249062 0.157479 -1.321575 3.030897 -27.391806 -5.882105 9.861283 0.702592 -10.93687 -0.360575 7.156205 1e-06 8.774824 -4e-06 -16.114977 18.188343 6.122424 -1.844031 2.498504 -2.507278 -10.163598 4.678943 4.621108 -20.976021 -4e-06 1e-06 -21.226284 2.451695 -3.593998 2e-06 -7e-06 -0.0 -1.362681 2.240797 -0.746324 -21.334911 0.584909 3.008324 -13.821213 -4e-06 2e-06 -23.887165 -0.24908 -0.83948 -60.693356 2.57979 -1.055627 -0.294023 1.679687 0.833256 -14.218205 0.093214 1.30058 -34.212048 -0.287565 0.967173 -20.033207 0.964535 1.212844 0.0 1e-06 1e-06 -3.440387 0.788232 0.501654 -15.928185 -3.16731 2.999707 -6.338825 -2e-06 1e-06 -18.123444 3.648181 -4.90567 -4e-06 1e-06 0.0 17.333221 10.487514 17.11657 55.299809 7.473859 23.672411 0.088448 29.509632 0.042531 2.169604 -1.099213 -16.179998 2.243541 -5.255037 -3.180157 14.282888 -0.826596 6.952506 -1e-06 -12.690606 0.0 16.449341 -17.920467 2.509082 1.665666 -1.955922 -2.878299 4.727799 -4.170589 4.993926 11.020526 2e-06 -1e-06 12.109051 -3.735717 -2.866785 0.0 -0.0 -0.0 1.291985 -1.92855 -1.498089 14.800125 0.567466 3.86561 14.242568 -1.341739 -6.660658 19.631962 0.143924 -0.648242 49.856773 -0.662266 -6.386085 0.353029 -1.511151 -0.03194 20.222788 3.684308 2.316634 18.78727 2e-06 1e-06 10.751629 -0.47987 1.397906 -1e-06 -1e-06 -0.0 3.273807 0.305946 -0.580109 21.486811 11.830376 2.266136 8.162928 0.0 1e-06 18.39908 -3.79899 -4.940576 5e-06 0.0 -1e-06 -7.683549 6.9607 6.934945 -0.042103 -0.123804 6.127943 -1.401206 5.940662 -6.558185 1.632159 -1.85088 0.248578 0.0 0.0 2e-06 -8.263828 -12.665095 -19.944754 0.067829 0.015703 40.000996 7.415117 0.446778 6.237473 -1.413072 0.877248 -2.65244 0.0 0.0 -1e-06 
0.0 0.0 0.0 0.0 -0.0 0.0 -3.917248 98.690369 107.664894 4.962743 -6.94125 -7.266179 -4.499979 -0.159683 0.001615 -1.020381 -1.073619 -5.067147 -0.96171 -2.993877 16.260128 2.587808 1.247796 11.512547 -0.389185 1.428708 -3.633809 0.163558 1.481389 -12.071246 7.7e-05 -2.3e-05 6e-06 0.006699 -0.000668 0.067542 0.643863 -3.720473 -10.521071 -0.632326 3.72545 -10.51929 -17.149847 -11.011001 16.354696 -47.887253 -11.174112 25.765263 0.018893 -35.080051 0.151822 -1.112905 3.152827 -27.859461 -5.882108 9.861288 0.702591 -10.936873 -0.360573 7.156205 -0.0 8.774827 -2e-06 -16.136292 18.218081 6.053119 -1.844033 2.498505 -2.507278 -10.163602 4.678947 4.621109 -20.976027 -2e-06 2e-06 -21.226292 2.451699 -3.594002 3e-06 -7e-06 -1e-06 -1.362682 2.240799 -0.746322 -21.334917 0.584911 3.008322 -13.821215 -1e-06 0.0 -23.887175 -0.249077 -0.839486 -60.719418 2.596266 -1.14721 -0.294024 1.679687 0.833254 -14.218209 0.093217 1.300579 -34.212051 -0.287557 0.96717 -20.033215 0.96454 1.212842 0.0 -0.0 1e-06 -3.440389 0.788234 0.501657 -15.928189 -3.16731 2.999709 -6.338827 -2e-06 1e-06 -18.123446 3.648185 -4.905669 -3e-06 1e-06 -1e-06 17.379362 10.029335 16.944658 55.953136 6.857776 23.502365 0.023428 29.763596 0.073522 2.410677 -1.31866 -16.126358 2.243542 -5.255038 -3.180159 14.282892 -0.826595 6.952502 -2e-06 -12.690605 0.0 16.428438 -17.938868 2.51663 1.665667 -1.955922 -2.878299 4.727799 -4.170588 4.993924 11.020528 2e-06 -2e-06 12.109053 -3.735717 -2.866785 -1e-06 0.0 -0.0 1.291986 -1.92855 -1.49809 14.800129 0.567468 3.865606 14.242577 -1.341737 -6.660659 19.631973 0.143926 -0.648248 49.92942 -0.664966 -6.429524 0.353029 -1.511151 -0.03194 20.222794 3.684309 2.316629 18.787279 5e-06 -4e-06 10.751633 -0.479867 1.397907 -1e-06 -1e-06 0.0 3.273807 0.305947 -0.580109 21.486814 11.830376 2.266131 8.162928 2e-06 -1e-06 18.39908 -3.798985 -4.940577 6e-06 0.0 -1e-06 -7.309781 6.464429 8.518931 -0.015506 -0.029951 4.68364 -1.212764 6.049408 -7.433315 1.630406 -1.872553 0.309879 0.0 -0.0 2e-06 -6.269545 -13.053576 -21.127317 0.139117 0.060586 28.614809 7.010607 -1.47136 7.954653 -1.431502 0.946457 -2.705904 0.0 0.0 -1e-06 
0.0 0.0 0.0 0.0 -0.0 0.0 -4.310558 98.541084 110.384308 4.646776 -6.841611 -6.357406 -4.375198 -0.20432 -0.293618 -0.996643 -1.314844 -5.166717 -0.854599 -3.202149 16.090498 2.667506 1.1756 11.024083 -0.29375 1.430974 -3.627902 -0.084123 1.552884 -11.982663 7.7e-05 -2.3e-05 6e-06 -0.001884 0.006966 0.065342 0.644181 -3.718282 -10.545235 -0.649972 3.739818 -10.548941 -16.941883 -11.32283 16.398064 -47.620346 -11.566931 25.180536 0.119221 -35.793858 0.146339 -1.104602 3.331665 -27.95752 -5.882109 9.861292 0.702588 -10.936873 -0.360573 7.156206 -1e-06 8.77483 2e-06 -16.249031 18.225235 5.962568 -1.844034 2.498505 -2.507277 -10.163603 4.678947 4.621108 -20.976028 -4e-06 -0.0 -21.226292 2.451696 -3.594003 2e-06 -5e-06 -0.0 -1.362682 2.2408 -0.746324 -21.334919 0.58491 3.008322 -13.821213 -2e-06 -2e-06 -23.887175 -0.24908 -0.839485 -60.801552 2.649183 -1.36952 -0.294024 1.679687 0.833255 -14.218211 0.093215 1.300578 -34.212051 -0.287563 0.967164 -20.033216 0.964536 1.212841 0.0 -0.0 1e-06 -3.440389 0.788234 0.501654 -15.928189 -3.16731 2.999705 -6.338827 -0.0 1e-06 -18.123451 3.648185 -4.905674 -3e-06 1e-06 -1e-06 17.358198 9.628825 16.84358 56.456867 6.154451 23.701193 -0.059088 30.246813 0.107507 3.0935 -1.580206 -15.49187 2.243542 -5.255037 -3.180157 14.282894 -0.826596 6.952503 -1e-06 -12.690605 1e-06 16.341393 -17.946119 2.540371 1.665666 -1.955921 -2.878298 4.7278 -4.170588 4.993924 11.020528 2e-06 1e-06 12.109053 -3.735717 -2.866783 1e-06 -0.0 -0.0 1.291986 -1.92855 -1.498088 14.800129 0.567467 3.865609 14.242574 -1.341738 -6.660657 19.631971 0.143923 -0.648245 49.9734 -0.657479 -6.508545 0.353029 -1.511151 -0.03194 20.222795 3.684307 2.316632 18.787273 2e-06 -0.0 10.751631 -0.47987 1.397906 -0.0 0.0 0.0 3.273807 0.305947 -0.58011 21.486816 11.830373 2.266134 8.162928 1e-06 0.0 18.399088 -3.798986 -4.940576 4e-06 0.0 0.0 -7.005725 6.026369 10.125546 0.015769 0.06286 3.213267 -1.082945 6.2077 -8.290979 1.629802 -1.891476 0.296787 -0.0 -0.0 2e-06 -4.491773 -13.656768 -21.308571 0.201183 -0.013476 16.609261 7.880011 -2.342754 9.435454 -1.415992 0.996604 -2.662418 0.0 1e-06 -1e-06 
0.0 0.0 0.0 0.0 -0.0 0.0 -4.77108 98.245552 113.1968 4.397889 -6.734831 -5.474454 -4.254533 -0.218821 -0.712172 -0.998121 -1.490468 -5.347875 -0.719093 -3.343514 15.953341 2.753331 1.189733 10.659108 -0.206531 1.364759 -3.642451 -0.427086 1.556716 -11.706625 7.7e-05 -2.3e-05 6e-06 -0.000882 0.036809 0.041876 0.653739 -3.688932 -10.584599 -0.657723 3.771593 -10.590254 -16.921539 -11.61078 16.359913 -47.195179 -11.695081 25.254475 0.293695 -36.552555 0.053023 -1.423604 3.51303 -27.868933 -5.882106 9.861284 0.702591 -10.936872 -0.360576 7.156204 1e-06 8.774826 1e-06 -16.321598 18.209557 5.930833 -1.844032 2.498503 -2.507278 -10.163599 4.678944 4.621106 -20.976023 -7e-06 1e-06 -21.226288 2.451693 -3.594 1e-06 -4e-06 1e-06 -1.362682 2.240797 -0.746323 -21.334913 0.584907 3.00832 -13.821213 -5e-06 -1e-06 -23.887171 -0.249083 -0.839484 -60.841618 2.680521 -1.582697 -0.294024 1.679687 0.833256 -14.218209 0.093213 1.300579 -34.212048 -0.287568 0.967169 -20.033211 0.964534 1.212844 -1e-06 -0.0 1e-06 -3.440388 0.788232 0.501654 -15.928189 -3.167311 2.999707 -6.338827 -2e-06 -1e-06 -18.123446 3.648179 -4.905672 -3e-06 1e-06 -1e-06 17.526489 9.21667 16.6621 56.534107 5.184046 24.020109 -0.076817 31.004646 0.145344 4.034435 -1.745397 -14.488536 2.243542 -5.255039 -3.180158 14.282898 -0.826595 6.952503 -1e-06 -12.69061 -1e-06 16.167097 -17.890776 2.564364 1.665667 -1.955922 -2.878299 4.727801 -4.17059 4.993925 11.020533 2e-06 1e-06 12.109058 -3.735719 -2.866785 -0.0 0.0 -1e-06 1.291986 -1.92855 -1.498089 14.800136 0.567468 3.865608 14.242581 -1.341737 -6.660656 19.631973 0.143925 -0.648244 49.846832 -0.636061 -6.595735 0.353029 -1.511151 -0.031939 20.222801 3.68431 2.316631 18.787283 3e-06 -1e-06 10.751633 -0.479869 1.397906 -0.0 -0.0 0.0 3.273808 0.305946 -0.580112 21.486824 11.830379 2.266134 8.162932 1e-06 0.0 18.399092 -3.798988 -4.940579 4e-06 1e-06 -1e-06 -6.717379 5.549808 11.39803 0.020597 0.098625 2.713204 -1.058075 6.418145 -9.643441 1.638457 -1.855016 0.262246 -0.0 0.0 2e-06 -3.172424 -13.635929 -21.129305 0.241883 -0.138699 6.252359 10.455801 -2.703711 10.053681 -1.352345 1.059451 -2.636988 -0.0 0.0 -1e-06 
0.0 0.0 0.0 0.0 -0.0 0.0 -5.288188 97.823029 116.02597 4.168775 -6.541988 -4.810791 -4.097706 -0.247988 -1.130198 -0.993874 -1.693026 -5.516221 -0.635103 -3.405483 15.911511 2.844774 1.159449 10.473779 -0.144452 1.421739 -3.666161 -0.78708 1.568686 -11.506065 7.7e-05 -2.3e-05 6e-06 0.003406 0.058472 0.024792 0.658187 -3.668007 -10.606208 -0.653606 3.794293 -10.60509 -16.946985 -11.852161 16.148079 -46.783371 -11.618459 25.69142 0.416813 -37.225559 -0.125844 -1.719977 3.489139 -27.663113 -5.882111 9.86129 0.70259 -10.936874 -0.360574 7.156204 -1e-06 8.774828 -0.0 -16.329237 18.214987 5.963064 -1.844033 2.498506 -2.507278 -10.163604 4.678947 4.621108 -20.976034 -2e-06 -1e-06 -21.226301 2.451698 -3.594005 1e-06 -4e-06 0.0 -1.362682 2.240799 -0.746324 -21.334923 0.584911 3.008322 -13.821218 -1e-06 -1e-06 -23.88718 -0.24908 -0.839487 -60.892033 2.721999 -1.593784 -0.294024 1.679688 0.833256 -14.218215 0.093218 1.300581 -34.212063 -0.287563 0.967166 -20.033222 0.964538 1.212843 -1e-06 -0.0 1e-06 -3.440389 0.788234 0.501657 -15.928192 -3.16731 2.999706 -6.338829 0.0 -0.0 -18.123457 3.648185 -4.905676 -3e-06 1e-06 -1e-06 17.757408 8.817241 16.454954 56.397774 4.341476 24.204819 -0.079824 31.593365 0.186934 4.81886 -1.912041 -13.974584 2.243543 -5.255039 -3.180159 14.282896 -0.826597 6.952504 -0.0 -12.69061 -1e-06 16.056196 -17.822748 2.589431 1.665667 -1.955922 -2.878299 4.727801 -4.17059 4.993926 11.020531 1e-06 -2e-06 12.109057 -3.735719 -2.866785 1e-06 0.0 -0.0 1.291986 -1.928551 -1.49809 14.800132 0.567466 3.86561 14.242577 -1.34174 -6.66066 19.631973 0.143925 -0.648247 49.636959 -0.615591 -6.651518 0.353029 -1.511151 -0.03194 20.222801 3.684308 2.316631 18.787283 3e-06 -2e-06 10.751633 -0.479871 1.397907 0.0 0.0 0.0 3.273808 0.305947 -0.580112 21.486822 11.830379 2.266135 8.16293 0.0 1e-06 18.399094 -3.798989 -4.940578 3e-06 1e-06 -1e-06 -6.428372 4.842185 12.658369 0.010121 0.094387 2.827649 -1.202947 6.83557 -11.28541 1.656124 -1.824945 0.325127 -0.0 0.0 2e-06 -2.466295 -12.784754 -21.24045 0.198511 -0.135377 0.529099 12.995297 -3.122353 9.730524 -1.312853 1.083519 -2.555202 -0.0 0.0 -0.0 
0.0 0.0 0.0 0.0 -0.0 0.0 -5.848858 97.414383 118.89373 3.636931 -6.286294 -4.338512 -3.718047 -0.239744 -1.492735 -0.942359 -1.944627 -5.650955 -0.516573 -3.530717 16.008362 2.939427 1.15671 10.326098 -0.165154 1.501446 -3.64068 -1.104262 1.556972 -11.500743 7.7e-05 -2.3e-05 6e-06 0.002412 0.057545 0.030524 0.65899 -3.665007 -10.590072 -0.656417 3.789167 -10.586633 -16.981483 -11.97369 16.087336 -46.606182 -11.614263 25.733467 0.423161 -37.647343 -0.229628 -1.647482 3.258717 -27.370251 -5.88211 9.861291 0.70259 -10.936873 -0.360574 7.156206 -2e-06 8.774828 -0.0 -16.368137 18.234518 5.953518 -1.844033 2.498507 -2.507279 -10.163602 4.678948 4.621109 -20.97603 2e-06 -2e-06 -21.226294 2.451702 -3.594006 1e-06 -5e-06 -1e-06 -1.362682 2.2408 -0.746324 -21.334921 0.584914 3.008324 -13.821217 1e-06 -2e-06 -23.887178 -0.249076 -0.839488 -60.9319 2.748055 -1.558004 -0.294025 1.679687 0.833255 -14.21821 0.093219 1.300581 -34.212051 -0.287559 0.967165 -20.033215 0.964539 1.212838 0.0 -0.0 1e-06 -3.440389 0.788234 0.501653 -15.928189 -3.167306 2.999706 -6.338826 2e-06 -2e-06 -18.123453 3.648187 -4.905675 -4e-06 1e-06 -1e-06 18.112333 8.509501 16.457966 55.9687 4.084033 24.193481 -0.137952 31.544867 0.231788 5.101709 -2.078145 -14.032991 2.243541 -5.255036 -3.180156 14.282887 -0.826595 6.952498 -2e-06 -12.690601 0.0 16.106844 -17.76675 2.560494 1.665666 -1.955922 -2.878298 4.727797 -4.170587 4.993922 11.020524 2e-06 -3e-06 12.10905 -3.735716 -2.866783 1e-06 -0.0 -0.0 1.291985 -1.92855 -1.498088 14.800125 0.567468 3.865605 14.242567 -1.341738 -6.660655 19.631962 0.143925 -0.648247 49.551437 -0.546249 -6.669497 0.353029 -1.51115 -0.03194 20.222786 3.684308 2.316628 18.78727 4e-06 -3e-06 10.751624 -0.479869 1.397904 -0.0 -0.0 1e-06 3.273806 0.305947 -0.580111 21.486809 11.83037 2.266131 8.162926 1e-06 -0.0 18.399075 -3.798985 -4.940577 3e-06 0.0 -1e-06 -5.803427 4.048316 13.97683 0.044671 0.055839 3.301667 -1.379363 7.221487 -12.758685 1.674825 -1.855891 0.238468 -0.0 -0.0 2e-06 -2.011858 -11.665097 -21.410946 0.180233 -0.065136 0.282324 13.076666 -3.129748 10.181475 -1.347091 1.077644 -2.625592 -0.0 -0.0 -0.0 
0.0 0.0 0.0 0.0 -0.0 0.0 -6.500437 97.18174 121.86322 2.226683 -5.913724 -3.766545 -2.725742 -0.240505 -2.032909 -0.827043 -2.104605 -5.841326 -0.192252 -3.812768 16.31428 3.058979 1.131876 10.134328 -0.241863 1.496243 -3.570822 -1.392467 1.511374 -11.19194 7.7e-05 -2.2e-05 6e-06 0.006836 0.011453 0.028723 0.654775 -3.703012 -10.558014 -0.643447 3.736106 -10.557448 -17.358818 -12.000256 15.917348 -46.461601 -11.436074 25.595871 0.310883 -37.605564 -0.131391 -1.503906 3.01634 -27.235064 -5.882109 9.86129 0.702591 -10.936877 -0.360575 7.156209 1e-06 8.774829 1e-06 -16.397541 18.173681 5.958588 -1.844034 2.498506 -2.507279 -10.163604 4.678947 4.621109 -20.976034 -3e-06 3e-06 -21.226295 2.451699 -3.594002 1e-06 -6e-06 -1e-06 -1.362682 2.240799 -0.746323 -21.334921 0.58491 3.008325 -13.821218 -1e-06 0.0 -23.887182 -0.249079 -0.839482 -61.001751 2.728819 -1.435931 -0.294025 1.679687 0.833256 -14.218214 0.093213 1.30058 -34.212067 -0.287566 0.967172 -20.033222 0.964535 1.212845 0.0 -0.0 1e-06 -3.440389 0.788233 0.501654 -15.928192 -3.16731 2.999709 -6.338829 -1e-06 0.0 -18.123457 3.648182 -4.905673 -4e-06 2e-06 -2e-06 18.92824 8.239453 16.503887 55.001255 4.160777 23.876049 -0.157777 30.840235 0.243959 5.080616 -2.402273 -14.174576 2.243543 -5.25504 -3.180159 14.282899 -0.826596 6.952506 -1e-06 -12.690612 1e-06 16.136644 -17.78573 2.568498 1.665667 -1.955924 -2.8783 4.727802 -4.170591 4.993928 11.020532 2e-06 -1e-06 12.109056 -3.735719 -2.866786 1e-06 1e-06 1e-06 1.291986 -1.92855 -1.498089 14.800138 0.567468 3.865611 14.24258 -1.341737 -6.660659 19.631979 0.143925 -0.648245 49.434776 -0.537107 -6.673461 0.353029 -1.511152 -0.031941 20.222801 3.684311 2.316632 18.787283 2e-06 -1e-06 10.751633 -0.479871 1.397906 -0.0 0.0 -1e-06 3.273808 0.305948 -0.580111 21.486824 11.83038 2.266135 8.162933 1e-06 -1e-06 18.399094 -3.798989 -4.940578 4e-06 1e-06 -0.0 -4.037939 3.35928 14.956951 0.072118 0.047796 4.580135 -1.701243 7.216619 -13.948904 1.731341 -1.870673 -0.122011 -0.0 0.0 2e-06 -0.927877 -10.174783 -21.12583 0.167864 -0.004409 2.172827 10.809016 -2.664682 12.550026 -1.401165 1.06382 -2.814613 -0.0 -0.0 -1e-06 
0.0 0.0 0.0 0.0 -0.0 0.0 -7.278111 97.026215 124.916168 0.134954 -5.55847 -3.213682 -1.481334 -0.237836 -2.571672 -0.658607 -2.272518 -6.118483 0.540618 -4.12204 16.6581 3.140492 1.04214 10.038342 -0.252347 1.615721 -3.558666 -1.673739 1.494514 -10.591751 7.7e-05 -2.3e-05 6e-06 0.010864 -0.011571 0.019935 0.651793 -3.719186 -10.53124 -0.6315 3.708007 -10.533647 -18.094557 -11.927021 15.934598 -46.286636 -11.178698 25.59137 0.323671 -37.240173 -0.139683 -1.623511 3.068803 -27.002178 -5.882112 9.861295 0.702593 -10.936882 -0.360576 7.156212 1e-06 8.774835 1e-06 -16.447004 18.128359 6.005667 -1.844035 2.498506 -2.507279 -10.16361 4.678949 4.621111 -20.976044 -4e-06 2e-06 -21.226303 2.451699 -3.594002 2e-06 -6e-06 0.0 -1.362683 2.2408 -0.746324 -21.334934 0.58491 3.008324 -13.821226 -3e-06 1e-06 -23.887194 -0.249081 -0.839483 -60.96381 2.666469 -1.164595 -0.294025 1.679689 0.833258 -14.218224 0.093214 1.30058 -34.212082 -0.287567 0.967171 -20.033232 0.964537 1.212844 0.0 -0.0 1e-06 -3.440392 0.788234 0.501656 -15.928203 -3.167313 2.999711 -6.338833 -1e-06 -0.0 -18.123466 3.648185 -4.905674 -4e-06 2e-06 -1e-06 20.030781 8.22768 16.445211 53.722534 4.146198 23.643291 -0.210455 29.869093 0.156393 4.824746 -2.742362 -14.172409 2.243543 -5.25504 -3.180159 14.2829 -0.826593 6.952505 -3e-06 -12.690612 -1e-06 16.022091 -17.72706 2.611635 1.665667 -1.955922 -2.878299 4.727801 -4.170589 4.993925 11.020534 3e-06 -1e-06 12.109059 -3.735717 -2.866784 1e-06 0.0 -0.0 1.291986 -1.92855 -1.498088 14.800136 0.56747 3.865608 14.24258 -1.341736 -6.660661 19.631975 0.143927 -0.648244 49.415432 -0.433489 -6.572854 0.353029 -1.511151 -0.031941 20.222801 3.684313 2.31663 18.787281 6e-06 -2e-06 10.75163 -0.479868 1.397906 -0.0 -1e-06 -0.0 3.273809 0.305948 -0.58011 21.486828 11.830383 2.266135 8.162933 3e-06 -0.0 18.399088 -3.798985 -4.940578 4e-06 1e-06 -0.0 -1.28551 2.893961 15.724727 0.075722 0.010409 6.707902 -2.476606 6.994812 -14.877739 1.761348 -1.911578 -0.814989 0.0 -0.0 2e-06 0.875995 -8.30683 -20.535513 0.114732 -0.024676 3.899802 8.065825 -2.391728 15.514067 -1.423371 1.001054 -2.750527 0.0 -0.0 -1e-06 
0.0 0.0 0.0 0.0 -0.0 0.0 -8.143151 96.995827 128.037674 -2.049392 -5.314995 -2.849185 -0.364603 -0.251938 -2.90588 -0.471202 -2.472515 -6.385764 1.541599 -4.363195 16.794231 3.162446 1.033444 10.06624 -0.289119 1.566636 -3.572987 -1.766149 1.701786 -10.13005 7.7e-05 -2.3e-05 6e-06 0.004464 -0.043519 -0.01439 0.640753 -3.743907 -10.536776 -0.631849 3.669155 -10.531935 -18.413759 -11.60022 15.917899 -46.95787 -10.964372 25.945072 0.425448 -36.32132 -0.145436 -1.907218 3.291372 -26.529514 -5.882111 9.861293 0.702591 -10.936878 -0.360575 7.156208 -0.0 8.774831 -0.0 -16.494471 18.103163 6.06592 -1.844034 2.498506 -2.507279 -10.163608 4.678948 4.621112 -20.976036 -1e-06 3e-06 -21.226299 2.4517 -3.594003 1e-06 -4e-06 -0.0 -1.362683 2.240799 -0.746323 -21.334929 0.58491 3.008324 -13.821221 -1e-06 2e-06 -23.887186 -0.249078 -0.839485 -61.0201 2.642174 -0.999338 -0.294025 1.679687 0.833255 -14.218217 0.093217 1.300582 -34.212074 -0.28756 0.967169 -20.03323 0.96454 1.212842 0.0 -1e-06 1e-06 -3.44039 0.788234 0.501657 -15.928198 -3.167312 2.999708 -6.33883 -1e-06 -0.0 -18.123459 3.648186 -4.905674 -3e-06 1e-06 -1e-06 20.852175 8.579725 16.579618 52.764851 4.346632 23.236301 -0.160888 28.599894 0.135304 4.675759 -3.108245 -13.947086 2.243541 -5.255037 -3.180157 14.28289 -0.826596 6.952503 -1e-06 -12.690603 1e-06 15.966011 -17.731369 2.674644 1.665666 -1.955922 -2.8783 4.727798 -4.170588 4.993924 11.020526 2e-06 -1e-06 12.109051 -3.735718 -2.866784 -0.0 0.0 -0.0 1.291985 -1.928549 -1.498088 14.800129 0.567467 3.86561 14.242571 -1.341738 -6.660657 19.631962 0.143923 -0.648244 49.423801 -0.305548 -6.541681 0.353029 -1.511151 -0.031941 20.222788 3.684308 2.316631 18.78727 2e-06 0.0 10.751628 -0.47987 1.397907 -0.0 -0.0 -0.0 3.273806 0.305947 -0.58011 21.486813 11.830373 2.266135 8.162928 1e-06 2e-06 18.39908 -3.798988 -4.940574 4e-06 0.0 -1e-06 1.67114 2.504642 16.674675 0.079002 -0.018964 9.18493 -3.519846 6.703173 -14.282333 1.805948 -1.912647 -2.386116 -0.0 0.0 2e-06 3.013679 -6.732648 -19.537197 0.002284 -0.034227 5.243598 6.522377 -2.237031 17.580513 -1.401023 0.922628 -2.380348 -0.0 -0.0 -1e-06 
0.0 0.0 0.0 0.0 -0.0 0.0 -9.113545 97.289948 131.170959 -4.009392 -5.346013 -2.686096 0.506637 -0.29327 -3.028329 -0.27524 -2.495162 -6.515755 2.571256 -4.51844 16.589119 3.13543 0.877432 10.411407 -0.282344 1.830741 -3.593095 -1.734906 1.86219 -10.001278 7.7e-05 -2.3e-05 6e-06 -0.001524 -0.056236 -0.024007 0.647405 -3.750504 -10.525294 -0.647146 3.654784 -10.525926 -18.126226 -11.194475 16.061346 -48.515583 -10.704956 25.807264 0.173908 -35.34156 -0.035466 -1.985779 3.707099 -25.77861 -5.882109 9.86129 0.702594 -10.936877 -0.360573 7.156208 0.0 8.774828 1e-06 -16.483603 18.240427 6.120334 -1.844033 2.498505 -2.50728 -10.163604 4.678948 4.621112 -20.976032 -2e-06 2e-06 -21.226294 2.451699 -3.594001 1e-06 -5e-06 1e-06 -1.362682 2.2408 -0.746325 -21.334925 0.584912 3.008324 -13.821219 -1e-06 2e-06 -23.887182 -0.249077 -0.839485 -60.930336 2.609583 -0.968569 -0.294025 1.679688 0.833257 -14.218215 0.093216 1.300581 -34.212067 -0.287562 0.967172 -20.033222 0.964538 1.212844 0.0 -0.0 1e-06 -3.44039 0.788234 0.501655 -15.928192 -3.167309 2.99971 -6.338829 -0.0 2e-06 -18.123457 3.648185 -4.905674 -4e-06 2e-06 0.0 20.877808 9.040336 16.538115 52.693165 4.846873 23.081102 -0.036876 27.051577 0.147679 4.672155 -3.607048 -13.795434 2.243542 -5.255035 -3.180157 14.282895 -0.826594 6.952502 -4e-06 -12.690601 1e-06 15.945976 -17.854721 2.68553 1.665667 -1.955921 -2.878298 4.727799 -4.170586 4.993923 11.020528 3e-06 -2e-06 12.109055 -3.735713 -2.866783 1e-06 -0.0 -0.0 1.291986 -1.928549 -1.49809 14.800132 0.567469 3.865607 14.242576 -1.341735 -6.660657 19.631969 0.143926 -0.648245 49.589954 -0.380808 -6.500339 0.353029 -1.511149 -0.03194 20.222795 3.684309 2.316629 18.787275 6e-06 -2e-06 10.751631 -0.479868 1.397905 -1e-06 -1e-06 -0.0 3.273807 0.305947 -0.580112 21.48682 11.830374 2.266131 8.16293 3e-06 0.0 18.399088 -3.798982 -4.940575 4e-06 0.0 -0.0 4.444833 2.29379 16.567518 0.160003 -0.186849 13.792773 -4.47612 6.028176 -12.76457 1.891259 -2.075666 -5.555527 -0.0 -0.0 2e-06 5.225506 -5.963899 -18.370089 -0.013741 -0.142988 7.040892 5.5199 -1.957313 16.134298 -1.401735 0.96376 -1.708256 -0.0 0.0 -1e-06 
0.0 0.0 0.0 0.0 -0.0 0.0 -10.123183 97.609558 134.333405 -5.616346 -5.370027 -2.608956 1.219664 -0.264355 -3.051057 -0.082152 -2.519022 -6.535462 3.313877 -4.451236 16.17503 3.326092 0.844743 10.692374 -0.273106 1.84966 -3.581576 -1.668071 1.980378 -10.172922 7.7e-05 -2.3e-05 6e-06 -0.004179 -0.086847 -0.013818 0.666366 -3.787957 -10.514298 -0.669676 3.630187 -10.509866 -17.242411 -10.948391 16.089617 -50.564743 -10.081166 25.996525 0.136453 -34.68885 0.002853 -2.016973 4.093102 -24.731142 -5.882112 9.861293 0.702591 -10.936878 -0.360573 7.156209 -0.0 8.774831 -0.0 -16.516615 18.14747 6.053321 -1.844035 2.498506 -2.50728 -10.16361 4.678951 4.621112 -20.97604 -2e-06 -0.0 -21.226305 2.451699 -3.594004 2e-06 -5e-06 -0.0 -1.362683 2.2408 -0.746323 -21.33493 0.584914 3.008324 -13.821225 -1e-06 -0.0 -23.887188 -0.249077 -0.839486 -60.853809 2.568312 -1.03431 -0.294025 1.679688 0.833258 -14.218219 0.093216 1.300581 -34.212074 -0.28756 0.967167 -20.033226 0.964539 1.212842 -1e-06 1e-06 1e-06 -3.440391 0.788235 0.501657 -15.9282 -3.16731 2.999709 -6.338831 -1e-06 1e-06 -18.123459 3.648187 -4.905676 -3e-06 2e-06 0.0 20.702477 9.67954 16.534132 53.099457 5.625485 22.964552 -0.080547 25.530722 0.072114 4.832865 -4.223927 -13.52054 2.243542 -5.255037 -3.180159 14.282894 -0.826595 6.9525 -2e-06 -12.690603 -1e-06 16.025314 -17.875858 2.661261 1.665667 -1.955921 -2.878297 4.727799 -4.170587 4.993924 11.020528 3e-06 -3e-06 12.109053 -3.735716 -2.866785 -0.0 -0.0 1e-06 1.291986 -1.928549 -1.49809 14.800132 0.567468 3.865604 14.242577 -1.341737 -6.660659 19.631973 0.143927 -0.648246 49.635353 -0.420558 -6.558223 0.353029 -1.511151 -0.03194 20.222794 3.68431 2.316629 18.787275 6e-06 -3e-06 10.751627 -0.479867 1.397904 0.0 0.0 -0.0 3.273808 0.305947 -0.580111 21.486818 11.830376 2.26613 8.16293 3e-06 -1e-06 18.399084 -3.798983 -4.940577 4e-06 0.0 -0.0 7.219164 2.506579 15.026367 0.14933 -0.314388 20.619425 -5.650395 4.843509 -9.572753 1.989907 -2.085977 -10.151932 -0.0 -0.0 1e-06 7.13341 -5.532836 -16.61006 0.003317 -0.194792 8.120966 4.902071 -1.576626 12.975906 -1.399567 0.941899 -1.247318 0.0 0.0 -1e-06 
0.0 0.0 0.0 0.0 -0.0 0.0 -11.114967 98.000015 137.513 -6.933236 -5.248616 -2.642686 1.910677 -0.26994 -2.936031 0.054284 -2.419889 -6.503137 3.759444 -4.270358 15.683938 3.579523 0.831647 10.733979 -0.311289 1.733178 -3.595248 -1.548301 1.948065 -10.390956 7.7e-05 -2.3e-05 6e-06 -0.004817 -0.097013 0.005936 0.690077 -3.803814 -10.517391 -0.693415 3.624428 -10.51021 -16.226748 -10.742834 16.106457 -52.315971 -9.307671 26.311756 0.006551 -34.678551 0.066679 -1.976285 4.314504 -23.586603 -5.882108 9.861287 0.702594 -10.936875 -0.360575 7.156207 0.0 8.774828 0.0 -16.541748 18.106804 5.928958 -1.844034 2.498506 -2.507277 -10.163604 4.678947 4.621111 -20.976034 -4e-06 1e-06 -21.226295 2.451696 -3.594 3e-06 -6e-06 -0.0 -1.362682 2.240797 -0.746323 -21.334921 0.584911 3.008325 -13.821217 -2e-06 2e-06 -23.887178 -0.24908 -0.839482 -60.679989 2.485353 -1.090053 -0.294025 1.679688 0.833255 -14.218214 0.093215 1.30058 -34.212063 -0.287563 0.967167 -20.033218 0.964535 1.212842 -1e-06 1e-06 1e-06 -3.44039 0.788234 0.501657 -15.928192 -3.16731 2.999706 -6.338828 -1e-06 -0.0 -18.123453 3.648184 -4.90567 -3e-06 1e-06 1e-06 20.328823 10.249467 16.4562 53.73122 6.456479 22.382416 0.044716 24.803267 0.087315 4.663262 -4.747017 -13.137628 2.243543 -5.255037 -3.180159 14.282896 -0.826597 6.952506 -2e-06 -12.690607 3e-06 16.09341 -17.826584 2.681872 1.665667 -1.955922 -2.878302 4.727801 -4.170589 4.993927 11.02053 1e-06 -2e-06 12.109057 -3.735717 -2.866785 -1e-06 1e-06 -0.0 1.291986 -1.92855 -1.49809 14.800132 0.567466 3.865609 14.242577 -1.341737 -6.660661 19.631973 0.143924 -0.648246 49.664047 -0.501302 -6.507634 0.353029 -1.511151 -0.03194 20.222797 3.684307 2.316631 18.787279 2e-06 -2e-06 10.751631 -0.47987 1.397905 0.0 -1e-06 -0.0 3.273808 0.305947 -0.58011 21.486816 11.830374 2.266134 8.162931 0.0 -1e-06 18.399088 -3.798988 -4.940577 4e-06 1e-06 -0.0 10.095074 3.068282 12.086174 0.06082 -0.393585 29.467957 -7.047366 3.142673 -4.383149 2.105548 -1.99625 -15.065289 0.0 0.0 3e-06 8.726069 -5.495426 -14.251582 0.040931 -0.292269 8.199274 4.144686 -1.183258 10.600746 -1.397988 0.903265 -0.911232 -0.0 0.0 -1e-06 
0.0 0.0 0.0 0.0 -0.0 0.0 -12.091543 98.321533 140.615967 -8.111091 -4.87326 -2.885687 2.64057 -0.281809 -2.630022 0.175204 -2.20375 -6.363829 3.967569 -4.074655 15.244391 3.80718 0.811549 10.370428 -0.33318 1.540461 -3.596914 -1.399181 1.747758 -10.827189 7.7e-05 -2.2e-05 6e-06 -0.002123 -0.058999 0.025414 0.712533 -3.777114 -10.52872 -0.710235 3.670931 -10.522494 -15.243169 -10.611432 16.104633 -53.490101 -8.560451 26.851683 -0.134521 -35.230339 0.144173 -2.040529 4.391519 -22.533365 -5.882108 9.861284 0.702592 -10.936873 -0.360573 7.156208 0.0 8.774823 -0.0 -16.539103 18.061611 5.812757 -1.844032 2.498503 -2.507279 -10.163601 4.678945 4.621109 -20.976025 -1e-06 3e-06 -21.226288 2.451698 -3.593999 2e-06 -5e-06 -0.0 -1.362682 2.240798 -0.746321 -21.334917 0.58491 3.008324 -13.821214 -2e-06 -0.0 -23.887169 -0.249077 -0.839482 -60.550476 2.413092 -1.120267 -0.294025 1.679687 0.833257 -14.218212 0.093217 1.300581 -34.212059 -0.287561 0.96717 -20.033216 0.964541 1.212844 0.0 1e-06 1e-06 -3.440389 0.788233 0.501656 -15.928189 -3.167308 2.999707 -6.338827 -1e-06 0.0 -18.123449 3.648183 -4.905668 -3e-06 2e-06 1e-06 19.827763 10.819759 16.313612 54.247242 7.087296 21.826063 0.126415 25.508928 0.131232 4.197842 -4.727834 -13.46526 2.243541 -5.255037 -3.180158 14.282893 -0.826595 6.952504 -3e-06 -12.690605 -1e-06 16.163975 -17.795282 2.743184 1.665666 -1.955922 -2.878299 4.727799 -4.170587 4.993925 11.020526 3e-06 -1e-06 12.109053 -3.735716 -2.866785 -1e-06 0.0 -0.0 1.291986 -1.928549 -1.498089 14.800131 0.567469 3.865606 14.242575 -1.341736 -6.66066 19.631973 0.143927 -0.648245 49.69957 -0.574013 -6.393899 0.353029 -1.51115 -0.03194 20.222794 3.68431 2.316631 18.78727 5e-06 -2e-06 10.751629 -0.479868 1.397905 -1e-06 -0.0 0.0 3.273807 0.305947 -0.580113 21.486816 11.830379 2.266133 8.162929 1e-06 -1e-06 18.399084 -3.798985 -4.940575 4e-06 0.0 -1e-06 12.98215 3.453131 7.941141 -0.062773 -0.409338 39.802036 -9.005795 1.3613 2.661088 2.132999 -1.858484 -16.827766 0.0 0.0 2e-06 10.136477 -5.730712 -11.473784 0.083922 -0.388647 7.678753 3.091464 -1.147946 8.559264 -1.410525 0.876586 -0.734768 0.0 0.0 -1e-06 
0.0 0.0 0.0 0.0 -0.0 0.0 -13.010272 98.473335 143.623383 -9.056621 -4.304358 -3.41501 3.298531 -0.285336 -2.151526 0.260303 -1.926221 -6.127459 4.052831 -3.883888 15.036974 3.898607 0.80082 9.704111 -0.327 1.351719 -3.606187 -1.311118 1.455944 -11.454311 7.7e-05 -2.2e-05 6e-06 0.001162 -0.025151 0.030483 0.723441 -3.75048 -10.518921 -0.715371 3.709416 -10.515241 -14.712805 -10.466694 16.052441 -53.792824 -8.083261 27.588617 -0.242046 -35.940948 0.194981 -2.245395 4.219524 -21.693953 -5.882111 9.861291 0.70259 -10.936875 -0.360572 7.156209 -3e-06 8.77483 1e-06 -16.50592 18.006638 5.790843 -1.844034 2.498507 -2.507278 -10.163604 4.678949 4.621108 -20.976028 3e-06 2e-06 -21.226294 2.451704 -3.594004 2e-06 -5e-06 -1e-06 -1.362682 2.2408 -0.746325 -21.334921 0.584916 3.008324 -13.821215 2e-06 1e-06 -23.887175 -0.249074 -0.839488 -60.560844 2.436833 -1.055479 -0.294025 1.679687 0.833257 -14.218213 0.093219 1.300581 -34.212059 -0.287552 0.967164 -20.033218 0.964543 1.212839 0.0 1e-06 -0.0 -3.44039 0.788236 0.501656 -15.928191 -3.167308 2.999707 -6.338828 1e-06 1e-06 -18.123453 3.648188 -4.905675 -1e-06 2e-06 1e-06 19.402573 11.33957 16.213417 54.148956 7.640285 21.691961 0.101633 27.473701 0.133242 3.456389 -4.001836 -14.547388 2.243543 -5.255039 -3.180159 14.282894 -0.826596 6.952503 -1e-06 -12.690607 -2e-06 16.168917 -17.757441 2.799728 1.665666 -1.955922 -2.878299 4.7278 -4.170588 4.993925 11.020528 2e-06 -3e-06 12.109053 -3.735718 -2.866786 -1e-06 0.0 -1e-06 1.291986 -1.928551 -1.498088 14.800129 0.567467 3.865608 14.242573 -1.341738 -6.66066 19.631971 0.143926 -0.648245 49.727592 -0.588698 -6.264513 0.353029 -1.511151 -0.03194 20.222795 3.684309 2.316631 18.787273 2e-06 -2e-06 10.751631 -0.47987 1.397905 -0.0 -1e-06 -0.0 3.273807 0.305947 -0.580111 21.486816 11.830377 2.266133 8.162929 1e-06 -1e-06 18.399084 -3.798988 -4.940577 5e-06 1e-06 -1e-06 15.2614 3.252434 3.274909 -0.117178 -0.362007 50.122818 -11.190975 0.522936 8.819051 1.959497 -1.844931 -11.130748 0.0 -0.0 -1e-06 11.283468 -6.232281 -8.600728 0.07409 -0.394461 7.283875 2.076769 -1.319802 6.282374 -1.430971 0.872526 -0.762277 0.0 0.0 -1e-06 
0.0 0.0 0.0 0.0 -0.0 0.0 -13.834721 98.519196 146.523758 -9.642608 -3.752921 -4.186289 3.807622 -0.231582 -1.622632 0.311651 -1.618654 -5.853697 3.998567 -3.662769 15.110093 3.854847 0.850895 9.137986 -0.352577 1.135436 -3.601407 -1.201362 1.184768 -12.346536 7.7e-05 -2.2e-05 6e-06 -0.000817 -0.041619 0.031144 0.716228 -3.768859 -10.495784 -0.713442 3.694581 -10.492798 -14.737473 -10.125837 15.997902 -53.50193 -8.071463 28.232122 -0.243821 -36.140385 0.164269 -2.288991 3.884834 -21.149855 -5.882106 9.861286 0.702589 -10.936872 -0.360575 7.156207 0.0 8.774826 0.0 -16.46534 17.981726 5.833616 -1.844032 2.498505 -2.507277 -10.1636 4.678946 4.621109 -20.976023 -3e-06 3e-06 -21.226286 2.451697 -3.593999 2e-06 -6e-06 -1e-06 -1.362682 2.240799 -0.746321 -21.334913 0.584909 3.008322 -13.821215 -2e-06 1e-06 -23.887173 -0.24908 -0.839482 -60.664749 2.48951 -1.040417 -0.294025 1.679687 0.833256 -14.218208 0.093214 1.300582 -34.212051 -0.287564 0.967171 -20.033213 0.964534 1.212842 -0.0 1e-06 1e-06 -3.440388 0.788233 0.501657 -15.928185 -3.16731 2.999706 -6.338827 -1e-06 1e-06 -18.123449 3.648185 -4.90567 -2e-06 2e-06 1e-06 19.128166 11.845099 16.265203 53.317661 8.498984 22.041174 0.094184 29.714462 0.065041 2.544962 -2.81419 -15.663994 2.243544 -5.255042 -3.180161 14.282904 -0.826596 6.952509 -3e-06 -12.690614 2e-06 16.133356 -17.657848 2.803653 1.665668 -1.955923 -2.878302 4.727804 -4.170591 4.993929 11.020537 3e-06 -2e-06 12.109062 -3.735719 -2.866786 -1e-06 -0.0 0.0 1.291987 -1.928551 -1.498091 14.800142 0.567467 3.865611 14.242585 -1.341736 -6.660664 19.631987 0.143927 -0.648246 49.672771 -0.625056 -6.157589 0.353029 -1.511152 -0.03194 20.222809 3.684312 2.316631 18.787289 5e-06 1e-06 10.751637 -0.479869 1.397908 -3e-06 -1e-06 0.0 3.27381 0.305947 -0.580111 21.486834 11.830384 2.266135 8.162937 1e-06 -1e-06 18.399099 -3.79899 -4.940579 6e-06 1e-06 -1e-06 16.55888 2.833166 -1.119703 -0.118896 -0.318865 58.605286 -12.012477 0.715576 10.852151 1.818492 -1.936216 -5.320344 0.0 0.0 4e-06 12.016376 -6.91135 -5.678644 -0.001111 -0.335368 7.035136 1.355246 -1.420234 3.940703 -1.434459 0.8945 -0.811973 0.0 0.0 -1e-06 
0.0 0.0 0.0 0.0 -0.0 0.0 -14.514759 98.634033 149.262253 -9.553531 -3.443219 -5.018745 4.005519 -0.097462 -1.17121 0.287353 -1.273219 -5.606465 3.687885 -3.297627 15.33421 3.724216 0.96053 8.949004 -0.408366 0.894499 -3.559366 -1.028816 0.933393 -13.145645 7.7e-05 -2.3e-05 6e-06 -0.006496 -0.093465 0.036766 0.698834 -3.819048 -10.475098 -0.708544 3.641787 -10.476476 -14.970989 -9.629828 15.984786 -53.264355 -8.399221 28.177425 -0.23612 -35.482502 0.146399 -1.887641 3.639272 -20.750147 -5.88211 9.861293 0.702591 -10.936879 -0.360576 7.156208 -0.0 8.774831 -3e-06 -16.425837 17.992861 5.878599 -1.844034 2.498506 -2.507279 -10.163608 4.678948 4.621109 -20.976038 -3e-06 1e-06 -21.226299 2.451698 -3.594003 2e-06 -5e-06 1e-06 -1.362682 2.240801 -0.746324 -21.334929 0.584909 3.008324 -13.821222 -3e-06 0.0 -23.887186 -0.249078 -0.839483 -60.688923 2.544503 -1.070693 -0.294025 1.679688 0.833257 -14.218217 0.093215 1.300582 -34.212074 -0.287567 0.96717 -20.033226 0.964538 1.212845 -1e-06 1e-06 -0.0 -3.44039 0.788235 0.501655 -15.928196 -3.167312 2.999709 -6.338831 -1e-06 -0.0 -18.123459 3.648186 -4.905674 -3e-06 1e-06 -0.0 18.87187 12.424261 16.495132 52.257854 9.934742 22.424067 0.208638 31.091072 0.080254 1.699097 -1.876803 -16.116919 2.243545 -5.255041 -3.180161 14.282903 -0.826595 6.952506 -3e-06 -12.690614 2e-06 16.09704 -17.564777 2.801035 1.665668 -1.955922 -2.8783 4.727802 -4.170591 4.993927 11.020536 3e-06 -3e-06 12.109062 -3.735717 -2.866788 -1e-06 -0.0 1e-06 1.291987 -1.928548 -1.49809 14.80014 0.567468 3.865606 14.242585 -1.341736 -6.660666 19.631985 0.143929 -0.648248 49.61311 -0.644069 -6.088683 0.35303 -1.511153 -0.031938 20.222811 3.684312 2.316629 18.787291 6e-06 -3e-06 10.751637 -0.479869 1.397905 -1e-06 0.0 -1e-06 3.27381 0.305947 -0.580112 21.486834 11.830383 2.266133 8.162935 3e-06 -1e-06 18.399099 -3.798985 -4.940582 5e-06 1e-06 -2e-06 16.608965 2.780369 -4.98488 -0.15087 -0.189952 63.829247 -11.210039 1.459141 8.724357 1.803613 -1.965008 -3.913797 0.0 0.0 4e-06 11.938574 -7.432324 -2.747397 -0.050647 -0.303262 6.636282 0.933769 -1.426279 2.047646 -1.422477 0.931385 -0.656808 -0.0 0.0 -1e-06 
0.0 0.0 0.0 0.0 -0.0 0.0 -15.044394 98.795876 151.820297 -8.909038 -3.381016 -5.691258 3.984422 0.074208 -0.7714 0.196059 -0.841902 -5.387754 3.154166 -2.826881 15.427594 3.499338 1.115861 9.092334 -0.458747 0.731352 -3.534132 -0.779848 0.671637 -13.530174 7.7e-05 -2.3e-05 6e-06 -0.008444 -0.121771 0.043845 0.681255 -3.845424 -10.460642 -0.695971 3.611128 -10.46204 -15.110517 -9.140668 16.038021 -53.333519 -8.762692 27.382013 -0.226356 -34.547115 0.148163 -1.358721 3.631003 -20.568773 -5.88211 9.861291 0.702591 -10.936877 -0.360574 7.156213 0.0 8.77483 -1e-06 -16.392284 18.009968 5.927285 -1.844033 2.498506 -2.507279 -10.163604 4.678947 4.621111 -20.976032 -3e-06 3e-06 -21.226295 2.451698 -3.593999 2e-06 -6e-06 -0.0 -1.362682 2.240799 -0.746325 -21.334927 0.584912 3.008326 -13.82122 -0.0 1e-06 -23.887184 -0.249075 -0.839484 -60.649437 2.589048 -1.083891 -0.294025 1.679687 0.833257 -14.218217 0.093215 1.300583 -34.212067 -0.287562 0.967173 -20.033226 0.964537 1.212845 -0.0 -0.0 1e-06 -3.44039 0.788233 0.501657 -15.928194 -3.167311 2.999709 -6.33883 -1e-06 1e-06 -18.123455 3.648186 -4.905674 -2e-06 1e-06 -2e-06 18.315937 13.201257 16.706461 51.628033 11.703656 22.691778 0.409352 31.345898 0.207806 1.218928 -1.615517 -16.16272 2.243542 -5.255039 -3.180159 14.282892 -0.826596 6.952506 -1e-06 -12.690607 -2e-06 16.03949 -17.482861 2.806894 1.665666 -1.955923 -2.878299 4.727799 -4.170588 4.993925 11.020526 2e-06 -0.0 12.109051 -3.735719 -2.866783 0.0 -0.0 -0.0 1.291985 -1.928551 -1.498089 14.800125 0.567467 3.86561 14.242569 -1.341738 -6.660657 19.631968 0.143926 -0.648243 49.554657 -0.649586 -6.081593 0.353029 -1.511151 -0.03194 20.222788 3.684309 2.316632 18.78727 3e-06 1e-06 10.751627 -0.47987 1.397905 1e-06 0.0 0.0 3.273807 0.305947 -0.580111 21.486813 11.830376 2.266136 8.162926 -0.0 1e-06 18.39908 -3.798987 -4.940577 4e-06 0.0 -1e-06 15.666943 3.276214 -8.657881 -0.159005 -0.023862 65.712616 -9.859735 2.930398 5.818972 1.80615 -1.968315 -3.5258 0.0 -0.0 1e-06 11.194966 -7.660981 -0.083786 -0.038439 -0.277146 6.227638 0.579338 -1.368952 0.44113 -1.409904 0.960652 -0.353273 -0.0 0.0 -1e-06 
0.0 0.0 0.0 0.0 -0.0 0.0 -15.462015 98.915306 154.321014 -8.083694 -3.491383 -6.084457 3.923164 0.26077 -0.380341 0.111828 -0.356912 -5.202567 2.562373 -2.316989 15.339683 3.094665 1.337318 9.196914 -0.499091 0.621997 -3.536841 -0.489384 0.434644 -13.614951 7.7e-05 -2.2e-05 6e-06 -0.007118 -0.11813 0.045339 0.672417 -3.840828 -10.460683 -0.685903 3.612312 -10.460586 -15.330867 -8.698442 16.050196 -53.374763 -8.878055 26.31308 -0.103118 -33.947357 0.103585 -1.014637 3.624639 -20.888943 -5.882108 9.86129 0.702592 -10.936875 -0.360575 7.156207 -0.0 8.774828 -2e-06 -16.364866 18.032869 5.965932 -1.844033 2.498506 -2.507278 -10.163603 4.678947 4.62111 -20.97603 -2e-06 2e-06 -21.226295 2.451699 -3.594002 1e-06 -6e-06 -1e-06 -1.362682 2.2408 -0.746321 -21.334921 0.584911 3.008325 -13.821218 -3e-06 -0.0 -23.887177 -0.24908 -0.839483 -60.649384 2.60497 -1.120825 -0.294025 1.679689 0.833258 -14.218214 0.093215 1.300581 -34.212063 -0.287564 0.967167 -20.033215 0.964538 1.212841 -0.0 -0.0 0.0 -3.44039 0.788234 0.501657 -15.928191 -3.16731 2.999707 -6.338828 -1e-06 -1e-06 -18.123455 3.648183 -4.905674 -1e-06 -0.0 -2e-06 17.465424 14.16642 16.741064 51.306942 13.415907 23.15803 0.529219 31.098743 0.315231 1.155702 -1.677246 -16.179874 2.243542 -5.255037 -3.180156 14.28289 -0.826595 6.952499 -2e-06 -12.690604 -1e-06 15.986908 -17.43121 2.80905 1.665667 -1.955922 -2.878299 4.727798 -4.170588 4.993921 11.020527 3e-06 -4e-06 12.109055 -3.735716 -2.866785 -1e-06 0.0 -0.0 1.291986 -1.92855 -1.49809 14.800127 0.567468 3.865604 14.242574 -1.341738 -6.660659 19.631969 0.143928 -0.648247 49.47242 -0.689063 -6.123799 0.35303 -1.511152 -0.031941 20.222794 3.68431 2.316628 18.787273 5e-06 -2e-06 10.751629 -0.479868 1.397905 2e-06 1e-06 -1e-06 3.273806 0.305947 -0.580111 21.486811 11.830378 2.26613 8.162928 1e-06 -1e-06 18.39908 -3.798985 -4.940577 4e-06 -0.0 -1e-06 14.288424 4.210885 -12.29111 -0.116899 0.13026 64.630737 -8.8911 4.555796 3.436254 1.785316 -1.95404 -3.24216 -0.0 -1e-06 -0.0 10.234479 -7.646005 2.1204 -0.011368 -0.255833 6.037662 0.260887 -1.280452 -1.163185 -1.40475 0.950272 -0.020988 -0.0 0.0 -1e-06 
0.0 0.0 0.0 0.0 -0.0 0.0 -15.79762 98.961662 156.865524 -7.27579 -3.642667 -6.159723 3.87057 0.409994 -0.070526 0.05839 0.129609 -5.046813 2.02273 -1.832097 15.19858 2.549985 1.630415 9.063951 -0.525255 0.520294 -3.554713 -0.245063 0.258328 -13.590917 7.7e-05 -2.2e-05 6e-06 -0.006094 -0.108375 0.048815 0.670328 -3.830309 -10.461104 -0.68344 3.619252 -10.461375 -15.876869 -8.263494 15.981784 -53.057064 -8.741182 25.409204 0.125439 -33.826321 -0.00869 -0.867301 3.493517 -21.478907 -5.88211 9.861291 0.70259 -10.936875 -0.360574 7.156208 -1e-06 8.77483 -1e-06 -16.345692 18.046635 6.005889 -1.844033 2.498505 -2.50728 -10.163604 4.678948 4.621112 -20.976034 -1e-06 -1e-06 -21.226295 2.451698 -3.594003 1e-06 -6e-06 0.0 -1.362682 2.2408 -0.746324 -21.334923 0.584911 3.008324 -13.82122 -2e-06 1e-06 -23.887178 -0.249078 -0.839486 -60.72282 2.573958 -1.114632 -0.294025 1.679688 0.833257 -14.218214 0.093217 1.300578 -34.212059 -0.287562 0.967167 -20.033218 0.964538 1.21284 -0.0 -1e-06 0.0 -3.440389 0.788235 0.501655 -15.928192 -3.16731 2.999707 -6.33883 -1e-06 0.0 -18.123457 3.648187 -4.905674 -2e-06 1e-06 -2e-06 16.649805 15.172724 16.614595 50.833214 14.823743 23.725304 0.484126 31.078102 0.32023 1.270403 -1.632729 -16.340681 2.243543 -5.255041 -3.180159 14.2829 -0.826597 6.952507 -1e-06 -12.690611 1e-06 15.987825 -17.406284 2.813426 1.665667 -1.955923 -2.878302 4.727802 -4.17059 4.993927 11.020531 2e-06 0.0 12.109058 -3.735718 -2.866787 0.0 0.0 -1e-06 1.291986 -1.928552 -1.498088 14.800139 0.567467 3.865613 14.242579 -1.341738 -6.660661 19.631977 0.143923 -0.648244 49.446671 -0.719213 -6.12353 0.353029 -1.511152 -0.031939 20.222803 3.684309 2.316634 18.787287 2e-06 -0.0 10.751635 -0.479872 1.397907 2e-06 1e-06 -2e-06 3.273809 0.305948 -0.580112 21.486826 11.830378 2.266137 8.162934 -0.0 -1e-06 18.399097 -3.79899 -4.94058 3e-06 0.0 0.0 12.7815 5.29507 -15.832208 -0.031888 0.249186 60.832966 -8.564086 5.780621 1.811666 1.764567 -1.938436 -2.984402 -0.0 -0.0 4e-06 9.283565 -7.585476 3.930856 0.005665 -0.233232 6.060409 0.068251 -1.115447 -2.883862 -1.408053 0.909856 0.275481 0.0 0.0 -1e-06 
0.0 0.0 0.0 0.0 -0.0 0.0 -16.047327 98.935905 159.46199 -6.562861 -3.779194 -5.940318 3.820793 0.479334 0.090759 0.033576 0.579705 -4.942204 1.571522 -1.43435 15.113298 1.952699 1.944622 8.743167 -0.538865 0.477854 -3.582795 -0.066798 0.119427 -13.574628 7.7e-05 -2.2e-05 6e-06 -0.005654 -0.098351 0.054457 0.667272 -3.820364 -10.457387 -0.681155 3.627539 -10.460891 -16.682755 -7.813156 15.881635 -52.470181 -8.510492 24.873259 0.395577 -33.92522 -0.15095 -0.780804 3.295798 -22.084448 -5.882106 9.861286 0.70259 -10.936869 -0.360573 7.156207 -1e-06 8.774824 1e-06 -16.318485 18.036459 6.056753 -1.844032 2.498505 -2.507278 -10.163596 4.678947 4.62111 -20.976015 -0.0 2e-06 -21.226274 2.4517 -3.594002 1e-06 -4e-06 0.0 -1.362681 2.240796 -0.746324 -21.334908 0.584913 3.008327 -13.821213 1e-06 4e-06 -23.887167 -0.249076 -0.839483 -60.806503 2.521188 -1.003272 -0.294025 1.679687 0.833257 -14.218203 0.093218 1.300581 -34.212036 -0.287557 0.967169 -20.033209 0.964539 1.212843 -0.0 0.0 0.0 -3.440387 0.788233 0.501656 -15.928179 -3.167306 2.999709 -6.338825 0.0 1e-06 -18.123442 3.648186 -4.905669 -2e-06 2e-06 -0.0 16.033869 16.105968 16.418686 50.110634 15.889254 23.966454 0.393363 31.564968 0.268685 1.226797 -1.428427 -16.6369 2.24354 -5.255033 -3.180155 14.28288 -0.826595 6.952497 -1e-06 -12.690595 -0.0 15.997464 -17.389557 2.822631 1.665665 -1.955921 -2.878297 4.727796 -4.170585 4.993924 11.020519 2e-06 -1e-06 12.109044 -3.735714 -2.866783 0.0 0.0 -0.0 1.291984 -1.928548 -1.49809 14.800118 0.567465 3.865608 14.242562 -1.341737 -6.660657 19.631952 0.143922 -0.648245 49.483532 -0.70749 -6.061585 0.353029 -1.51115 -0.03194 20.222778 3.684304 2.316631 18.787264 2e-06 -2e-06 10.751623 -0.47987 1.397905 2e-06 2e-06 -2e-06 3.273805 0.305946 -0.580108 21.486797 11.830364 2.266133 8.162921 1e-06 1e-06 18.399071 -3.798984 -4.940569 3e-06 -0.0 -1e-06 11.263762 6.385432 -18.995411 0.07579 0.331192 54.592239 -8.325381 6.778595 1.320359 1.76191 -1.948111 -2.760448 -0.0 0.0 2e-06 8.399315 -7.572926 5.394425 0.005503 -0.181873 6.104723 -0.003482 -0.912147 -4.572497 -1.416605 0.870344 0.485606 0.0 0.0 -1e-06 
0.0 0.0 0.0 0.0 -0.0 0.0 -16.211637 98.861404 162.120407 -5.961464 -3.906683 -5.47611 3.769751 0.4523 0.087045 0.023657 0.976105 -4.923389 1.218754 -1.083924 15.11056 1.370934 2.228405 8.384233 -0.542936 0.526875 -3.606246 0.034767 -0.014833 -13.543577 7.7e-05 -2.2e-05 6e-06 -0.002339 -0.072449 0.056808 0.65849 -3.795571 -10.453608 -0.667292 3.653721 -10.46445 -17.568335 -7.372488 15.775213 -51.88348 -8.259995 24.530317 0.572375 -33.954315 -0.251195 -0.668261 3.073381 -22.619225 -5.882106 9.861285 0.702591 -10.936873 -0.360576 7.156207 2e-06 8.774827 -1e-06 -16.261864 18.012135 6.082747 -1.844032 2.498503 -2.507278 -10.163602 4.678945 4.621109 -20.97603 -6e-06 4e-06 -21.22629 2.451695 -3.593999 1e-06 -6e-06 1e-06 -1.362682 2.240798 -0.746323 -21.334921 0.584906 3.008322 -13.821219 -5e-06 3e-06 -23.887178 -0.249082 -0.839481 -60.769821 2.50568 -0.904971 -0.294024 1.679688 0.833254 -14.218213 0.093213 1.300579 -34.212051 -0.287569 0.967172 -20.033218 0.964535 1.212846 -0.0 -0.0 -2e-06 -3.440389 0.788233 0.501655 -15.928189 -3.167313 2.999705 -6.338828 -1e-06 1e-06 -18.123451 3.648181 -4.905668 -2e-06 1e-06 -2e-06 15.599417 16.881207 16.252024 49.24781 16.732084 23.788359 0.341719 32.420238 0.22633 0.975787 -1.144504 -16.964758 2.243539 -5.255036 -3.180159 14.282887 -0.826591 6.952502 -5e-06 -12.690605 1e-06 15.985009 -17.388826 2.798697 1.665666 -1.955921 -2.878297 4.727797 -4.170586 4.993923 11.020524 5e-06 -1e-06 12.10905 -3.735713 -2.866783 -0.0 -0.0 1e-06 1.291985 -1.928548 -1.498089 14.800127 0.567471 3.865607 14.242571 -1.341733 -6.660657 19.631968 0.14393 -0.648243 49.479038 -0.676268 -6.048433 0.353028 -1.511151 -0.03194 20.222788 3.684313 2.316628 18.78727 8e-06 0.0 10.751627 -0.479867 1.397907 1e-06 3e-06 -2e-06 3.273806 0.305946 -0.580111 21.486813 11.830377 2.266133 8.162926 3e-06 -1e-06 18.39908 -3.798981 -4.940573 3e-06 1e-06 -1e-06 9.752324 7.481493 -21.474854 0.176426 0.401727 46.213646 -7.739539 7.87983 2.213881 1.762265 -1.989384 -2.648711 0.0 0.0 3e-06 7.585591 -7.60342 6.688015 -0.007136 -0.104794 6.013106 -0.00591 -0.666848 -6.097839 -1.427752 0.854361 0.634289 -0.0 1e-06 -1e-06 
0.0 0.0 0.0 0.0 -0.0 0.0 -16.267872 98.736855 164.866455 -5.478729 -4.036343 -4.792767 3.716861 0.365516 -0.112892 0.011216 1.2539 -4.997184 0.978849 -0.724399 15.154965 0.862708 2.472587 8.126638 -0.53546 0.621918 -3.60396 0.078714 -0.124139 -13.424991 7.7e-05 -2.2e-05 6e-06 0.005772 -0.03783 0.060615 0.653467 -3.761868 -10.45779 -0.647354 3.689795 -10.473671 -18.385838 -6.961158 15.691468 -51.49855 -7.998282 24.221739 0.61115 -33.77969 -0.286621 -0.594786 2.895586 -23.001385 -5.882109 9.86129 0.70259 -10.936877 -0.360576 7.156209 1e-06 8.77483 0.0 -16.166546 17.989767 6.09869 -1.844033 2.498506 -2.507279 -10.163606 4.678946 4.621109 -20.976036 -6e-06 1e-06 -21.226301 2.451695 -3.594003 2e-06 -6e-06 -0.0 -1.362682 2.2408 -0.746324 -21.334929 0.584908 3.008322 -13.821221 -4e-06 2e-06 -23.887182 -0.249081 -0.839483 -60.675926 2.557615 -0.905569 -0.294025 1.679688 0.833255 -14.218217 0.093213 1.300581 -34.212067 -0.287567 0.967167 -20.033226 0.964535 1.212843 -1e-06 -0.0 -1e-06 -3.440391 0.788233 0.501656 -15.928192 -3.167312 2.999707 -6.33883 -2e-06 2e-06 -18.123455 3.648182 -4.905671 -2e-06 1e-06 -2e-06 15.246137 17.444969 16.101641 48.487637 17.43998 23.524469 0.251802 33.316334 0.154377 0.686087 -0.865324 -17.123753 2.243543 -5.255039 -3.180159 14.282898 -0.826594 6.952506 -5e-06 -12.690611 1e-06 15.97852 -17.410418 2.745778 1.665667 -1.955921 -2.878301 4.727801 -4.170589 4.993927 11.020532 5e-06 -1e-06 12.109058 -3.735715 -2.866785 -0.0 -0.0 -1e-06 1.291986 -1.92855 -1.498088 14.800138 0.56747 3.86561 14.242579 -1.341734 -6.660659 19.631973 0.143926 -0.648245 49.424713 -0.667856 -6.107599 0.353029 -1.511151 -0.03194 20.222803 3.684312 2.31663 18.787283 6e-06 -1e-06 10.751633 -0.479868 1.397907 0.0 1e-06 1e-06 3.273808 0.305948 -0.580112 21.486826 11.830382 2.266135 8.16293 2e-06 -1e-06 18.399094 -3.798985 -4.940574 3e-06 0.0 0.0 8.226277 8.748509 -22.9312 0.233353 0.484639 35.581383 -7.044827 8.706728 4.22242 1.752254 -2.015132 -2.545478 -0.0 -1e-06 2e-06 6.80789 -7.689835 7.963392 -0.020979 -0.040252 5.701107 0.082287 -0.29494 -7.429964 -1.436549 0.868859 0.724386 -0.0 0.0 -1e-06 
0.0 0.0 0.0 0.0 -0.0 0.0 -16.218645 98.514053 167.738754 -5.177564 -4.196212 -4.011686 3.67671 0.298661 -0.483302 -0.007905 1.349841 -5.145193 0.897307 -0.379063 15.19856 0.498068 2.670349 8.049512 -0.530146 0.696952 -3.5924 0.071629 -0.096489 -13.159073 7.7e-05 -2.2e-05 6e-06 0.015705 -0.014573 0.06839 0.65932 -3.743453 -10.486737 -0.634408 3.717939 -10.492216 -18.978893 -6.538692 15.67466 -51.480137 -7.733316 23.926029 0.51496 -33.402817 -0.266911 -0.660284 2.804464 -23.042063 -5.882109 9.861288 0.702591 -10.936875 -0.360575 7.156209 -0.0 8.774827 -2e-06 -16.079981 17.975912 6.150993 -1.844033 2.498506 -2.507279 -10.163604 4.678947 4.62111 -20.976038 -3e-06 3e-06 -21.226297 2.451698 -3.594001 1e-06 -7e-06 -1e-06 -1.362682 2.2408 -0.746323 -21.334927 0.58491 3.008324 -13.821221 -3e-06 4e-06 -23.887182 -0.249079 -0.839482 -60.673752 2.640322 -0.919159 -0.294024 1.679687 0.833256 -14.218215 0.093214 1.300582 -34.212067 -0.287563 0.967173 -20.033222 0.964538 1.212844 -0.0 -0.0 -1e-06 -3.44039 0.788235 0.501654 -15.928198 -3.16731 2.999708 -6.338831 -1e-06 2e-06 -18.123457 3.648185 -4.905672 -1e-06 1e-06 -1e-06 14.881278 17.816435 15.926358 48.041569 17.998085 23.480551 0.069889 34.063278 0.019421 0.522147 -0.728276 -16.917501 2.243543 -5.255038 -3.180158 14.282896 -0.826594 6.952502 -4e-06 -12.690612 2e-06 15.989575 -17.436819 2.705984 1.665667 -1.955922 -2.878299 4.727799 -4.17059 4.993924 11.020531 4e-06 -3e-06 12.109058 -3.735716 -2.866787 0.0 -1e-06 1e-06 1.291987 -1.928551 -1.498088 14.800136 0.567471 3.865607 14.242582 -1.341734 -6.660662 19.631981 0.143928 -0.648246 49.396286 -0.689749 -6.158004 0.353031 -1.511152 -0.031938 20.222803 3.684315 2.316627 18.787279 7e-06 -3e-06 10.751631 -0.479867 1.397904 1e-06 1e-06 0.0 3.273808 0.305947 -0.580112 21.486824 11.830383 2.26613 8.16293 2e-06 -3e-06 18.399092 -3.798985 -4.940578 4e-06 1e-06 1e-06 6.773577 10.202495 -23.071749 0.197335 0.57043 23.046049 -6.770793 8.802145 6.404247 1.739125 -1.99672 -2.299542 -0.0 -1e-06 2e-06 6.138702 -7.812603 9.236855 -0.040201 -0.032412 5.285392 0.228361 0.211736 -8.666899 -1.441361 0.898265 0.721103 0.0 0.0 -1e-06 
0.0 0.0 0.0 0.0 -0.0 0.0 -16.091461 98.188057 170.736282 -5.035609 -4.407666 -3.22636 3.5939 0.25609 -0.993181 0.001672 1.34211 -5.335676 0.977321 -0.184508 15.230454 0.206728 2.831104 8.068504 -0.530214 0.752496 -3.596526 -0.044549 0.162922 -12.747945 7.7e-05 -2.2e-05 6e-06 0.01842 -0.007269 0.078756 0.667374 -3.74554 -10.523599 -0.638069 3.73255 -10.516787 -19.410124 -6.020078 15.745992 -51.786747 -7.389021 23.546574 0.341471 -32.953594 -0.212504 -0.80543 2.673442 -22.869764 -5.882108 9.861288 0.70259 -10.936874 -0.360574 7.156208 -1e-06 8.774828 -1e-06 -16.034538 17.959711 6.220797 -1.844033 2.498506 -2.507278 -10.163604 4.678946 4.621109 -20.97603 -2e-06 2e-06 -21.226295 2.451698 -3.594002 1e-06 -7e-06 -1e-06 -1.362682 2.240798 -0.746324 -21.334919 0.584911 3.008324 -13.821218 -2e-06 1e-06 -23.887175 -0.249076 -0.839484 -60.732895 2.688549 -0.868266 -0.294025 1.679687 0.833257 -14.218212 0.093215 1.300581 -34.212055 -0.287563 0.967169 -20.033215 0.964537 1.212843 -0.0 0.0 -1e-06 -3.440389 0.788233 0.501656 -15.928189 -3.16731 2.999708 -6.338829 -0.0 2e-06 -18.123449 3.648185 -4.905673 -1e-06 0.0 -1e-06 14.491936 18.118769 15.778606 47.88081 18.336555 23.578875 -0.147088 34.803703 -0.130227 0.550477 -0.813903 -16.427816 2.243542 -5.255037 -3.180157 14.282895 -0.826595 6.952505 -3e-06 -12.690609 1e-06 16.009594 -17.488586 2.718026 1.665666 -1.955922 -2.878299 4.7278 -4.170589 4.993926 11.020528 2e-06 -1e-06 12.109055 -3.735715 -2.866785 1e-06 -0.0 1e-06 1.291987 -1.928551 -1.498089 14.800134 0.567469 3.865609 14.242577 -1.341734 -6.66066 19.631973 0.143927 -0.648246 49.496593 -0.731059 -6.153795 0.353029 -1.511152 -0.031939 20.222801 3.684312 2.316628 18.787279 5e-06 -1e-06 10.751633 -0.479869 1.397906 1e-06 1e-06 1e-06 3.273807 0.305947 -0.580112 21.48682 11.830379 2.266133 8.16293 2e-06 -1e-06 18.399088 -3.798986 -4.940576 3e-06 -1e-06 -0.0 5.531043 11.209645 -22.472309 0.049487 0.511973 10.539007 -7.219128 8.403151 8.06435 1.684223 -1.988397 -2.199683 -0.0 -0.0 2e-06 5.561444 -7.792169 10.493205 -0.056652 -0.119185 5.146472 0.547989 0.579619 -9.874263 -1.442129 0.8821 0.594878 0.0 0.0 -1e-06 
0.0 0.0 0.0 0.0 -0.0 0.0 -15.914848 97.750961 173.779358 -4.777009 -4.715147 -2.536604 3.298012 0.196162 -1.527646 0.02701 1.380687 -5.528375 1.114786 -0.150259 15.269913 -0.094879 2.940847 8.092432 -0.507783 0.753414 -3.615568 -0.196471 0.466263 -12.333253 7.7e-05 -2.3e-05 6e-06 0.010999 -0.044762 0.081559 0.657124 -3.786496 -10.535435 -0.643507 3.697479 -10.527082 -19.876656 -5.570272 15.891295 -52.128162 -6.935179 23.071985 0.146883 -32.476505 -0.158335 -0.987474 2.317226 -22.826296 -5.88211 9.86129 0.702589 -10.936877 -0.360576 7.156205 0.0 8.77483 -2e-06 -16.050423 17.964321 6.163495 -1.844034 2.498505 -2.507278 -10.163604 4.678946 4.621109 -20.976032 -5e-06 -1e-06 -21.226299 2.451696 -3.594004 -0.0 -7e-06 -0.0 -1.362682 2.240799 -0.746324 -21.334925 0.584909 3.00832 -13.82122 -3e-06 -1e-06 -23.887182 -0.249082 -0.839485 -60.711033 2.677783 -0.888694 -0.294025 1.679688 0.833256 -14.218215 0.093215 1.300578 -34.212067 -0.287567 0.967168 -20.033222 0.964534 1.212843 -0.0 -0.0 -1e-06 -3.44039 0.788233 0.501654 -15.928194 -3.167312 2.999703 -6.33883 -2e-06 1e-06 -18.123453 3.648182 -4.905674 -4e-06 0.0 -2e-06 14.284455 18.301302 15.680795 47.77169 18.470957 23.591064 -0.2097 35.495346 -0.168832 0.587338 -0.92454 -16.059917 2.243546 -5.255041 -3.180161 14.282904 -0.826598 6.952502 1e-06 -12.690614 -0.0 16.02446 -17.518154 2.727964 1.66567 -1.955923 -2.8783 4.727805 -4.170592 4.993927 11.020538 -1e-06 -4e-06 12.109068 -3.73572 -2.86679 0.0 -0.0 1e-06 1.291989 -1.928551 -1.498091 14.800142 0.567465 3.865606 14.242586 -1.341737 -6.660666 19.631985 0.143925 -0.648251 49.554718 -0.76726 -6.181952 0.353031 -1.511153 -0.03194 20.222811 3.684308 2.316627 18.787292 4e-06 -5e-06 10.751639 -0.479868 1.397904 0.0 1e-06 1e-06 3.273811 0.305947 -0.58011 21.48683 11.830379 2.266129 8.162933 1e-06 -4e-06 18.399099 -3.798988 -4.940586 2e-06 -1e-06 -0.0 4.418878 11.287951 -22.039509 -0.033185 0.356639 1.565431 -7.694182 8.774935 8.9587 1.619727 -2.025227 -2.335342 0.0 -0.0 3e-06 4.793719 -7.555769 11.459133 -0.067466 -0.217246 5.931985 1.099378 0.90561 -11.397061 -1.442265 0.826874 0.380485 -0.0 0.0 -1e-06 
0.0 0.0 0.0 0.0 -0.0 0.0 -15.698841 97.309151 176.880997 -4.218678 -5.052675 -2.195453 2.758902 0.218111 -1.810872 -0.015414 1.504084 -5.671414 1.13673 -0.211347 15.397801 -0.220791 2.961185 8.006091 -0.457888 0.685998 -3.551826 -0.373861 0.648723 -12.263906 7.7e-05 -2.2e-05 6e-06 0.00852 -0.022462 0.098076 0.661587 -3.765971 -10.527635 -0.65305 3.721708 -10.522118 -20.223509 -5.410335 15.97758 -52.474548 -6.534634 22.62606 -0.000846 -31.871641 -0.057875 -1.273866 2.091352 -22.889715 -5.882112 9.861291 0.702592 -10.936881 -0.360575 7.156211 1e-06 8.77483 0.0 -16.075323 17.862293 5.975914 -1.844035 2.498504 -2.50728 -10.16361 4.678947 4.621113 -20.97604 -4e-06 2e-06 -21.226301 2.451697 -3.594002 -1e-06 -6e-06 1e-06 -1.362682 2.240799 -0.746324 -21.334936 0.58491 3.008325 -13.821227 -3e-06 2e-06 -23.887192 -0.249079 -0.839483 -60.667271 2.611436 -0.999881 -0.294025 1.679688 0.833257 -14.218224 0.093215 1.300582 -34.212082 -0.287566 0.967171 -20.033234 0.964536 1.212843 -0.0 -0.0 -1e-06 -3.440392 0.788234 0.501656 -15.928201 -3.167311 2.999708 -6.338833 -1e-06 2e-06 -18.123466 3.648183 -4.905674 -4e-06 -0.0 -2e-06 14.356381 18.361544 15.703455 47.799828 18.450617 23.342611 -0.308296 35.775909 -0.09577 0.273853 -0.84035 -16.119703 2.243541 -5.255037 -3.180158 14.282896 -0.826596 6.952505 -3e-06 -12.690607 -1e-06 16.041233 -17.498899 2.687146 1.665667 -1.955922 -2.8783 4.727801 -4.170589 4.993925 11.020528 2e-06 -1e-06 12.109055 -3.735716 -2.866783 1e-06 0.0 1e-06 1.291985 -1.928549 -1.49809 14.800134 0.567466 3.865608 14.242577 -1.341736 -6.660659 19.631975 0.143925 -0.648244 49.520924 -0.851199 -6.233756 0.35303 -1.51115 -0.031939 20.222801 3.684309 2.316633 18.787283 5e-06 0.0 10.751633 -0.47987 1.397908 0.0 1e-06 1e-06 3.27381 0.305945 -0.58011 21.48682 11.830377 2.266135 8.16293 3e-06 -2e-06 18.399088 -3.798987 -4.940575 2e-06 -2e-06 -0.0 3.418199 10.595423 -22.283211 0.003168 0.247129 -0.77758 -7.038161 9.451763 9.986905 1.619505 -2.042074 -2.270033 0.0 -0.0 3e-06 3.63523 -7.195916 12.483094 -0.080897 -0.224001 7.388972 1.588516 1.010521 -12.7084 -1.457057 0.797081 -0.012031 0.0 -0.0 -1e-06 
0.0 0.0 0.0 0.0 -0.0 0.0 -15.345679 97.002495 180.186539 -3.112327 -5.36165 -2.141149 1.857339 0.282118 -2.125489 -0.120734 1.658125 -5.769693 0.926823 -0.296767 15.691686 -0.189733 2.956311 7.893417 -0.495032 0.801205 -3.562191 -0.398674 0.593788 -11.933753 7.7e-05 -2.3e-05 6e-06 0.012158 -0.027404 0.102592 0.667068 -3.772768 -10.534758 -0.651173 3.719514 -10.529464 -20.739161 -5.15063 15.972843 -52.551556 -6.266973 22.202209 -0.104989 -30.978464 0.014423 -1.791336 2.164732 -22.866007 -5.882111 9.86129 0.70259 -10.93688 -0.360576 7.156211 1e-06 8.77483 -0.0 -16.086399 17.952604 6.050995 -1.844034 2.498505 -2.507279 -10.163607 4.678946 4.621113 -20.97604 -5e-06 2e-06 -21.226303 2.451696 -3.594002 -1e-06 -7e-06 -0.0 -1.362682 2.240799 -0.746324 -21.334932 0.584908 3.008324 -13.821226 -4e-06 1e-06 -23.887192 -0.249081 -0.839483 -60.774902 2.679083 -0.910178 -0.294025 1.679688 0.833257 -14.218221 0.093213 1.300581 -34.212082 -0.287568 0.967172 -20.033232 0.964535 1.212845 -0.0 -0.0 -1e-06 -3.440391 0.788233 0.501655 -15.928201 -3.167313 2.99971 -6.33883 -1e-06 1e-06 -18.123459 3.648183 -4.905674 -4e-06 0.0 -3e-06 15.000219 18.313541 16.040478 47.728054 18.176176 23.169701 -0.645006 35.49609 -0.253217 -0.126921 -0.659955 -16.152084 2.243542 -5.255038 -3.180158 14.2829 -0.826596 6.952506 -3e-06 -12.690612 0.0 16.00563 -17.453342 2.69655 1.665668 -1.955923 -2.8783 4.727802 -4.170592 4.993927 11.020535 2e-06 -1e-06 12.109059 -3.735719 -2.866785 0.0 -0.0 1e-06 1.291987 -1.92855 -1.498091 14.800136 0.567469 3.86561 14.24258 -1.341738 -6.660664 19.631979 0.143926 -0.648245 49.462727 -0.763995 -6.22714 0.353028 -1.511152 -0.031939 20.222803 3.684312 2.316631 18.787287 5e-06 1e-06 10.751634 -0.479868 1.397907 1e-06 1e-06 1e-06 3.273808 0.305948 -0.58011 21.48683 11.830384 2.266135 8.162931 0.0 -2e-06 18.399094 -3.798989 -4.940578 3e-06 -0.0 -0.0 2.288136 9.196573 -22.376915 0.019594 0.205342 1.77546 -4.776915 8.917531 12.927578 1.706962 -2.021069 -2.024914 -0.0 0.0 2e-06 1.772409 -6.705915 13.942618 -0.078949 -0.09264 8.78287 2.051177 0.97052 -13.008288 -1.460188 0.847983 -0.567032 -0.0 0.0 -1e-06 
0.0 0.0 0.0 0.0 -0.0 0.0 -14.913471 96.922089 183.764496 -1.454957 -5.73631 -2.198119 0.672984 0.350571 -2.563745 -0.264891 1.836303 -5.989699 0.497401 -0.251633 16.151463 -0.212614 2.993437 7.785437 -0.471874 0.890733 -3.576931 -0.373563 0.545764 -11.342793 7.7e-05 -2.2e-05 6e-06 0.023182 -0.047556 0.088441 0.668162 -3.793998 -10.530901 -0.630149 3.701972 -10.534709 -21.719473 -4.984722 15.982136 -52.104736 -5.958316 22.045824 -0.028454 -29.752481 -0.003226 -2.439164 2.176925 -23.461929 -5.882111 9.861294 0.702591 -10.936877 -0.360573 7.156208 -1e-06 8.774832 -3e-06 -16.168919 18.042215 6.153342 -1.844034 2.498507 -2.507279 -10.163605 4.67895 4.621109 -20.976038 -0.0 -1e-06 -21.226301 2.451702 -3.594006 -1e-06 -7e-06 0.0 -1.362683 2.240801 -0.746322 -21.334929 0.584912 3.008323 -13.821221 -1e-06 0.0 -23.887184 -0.249077 -0.839488 -60.906654 2.697158 -0.784244 -0.294025 1.679688 0.833256 -14.218217 0.093217 1.300581 -34.212074 -0.287561 0.967166 -20.033228 0.964537 1.212841 -1e-06 -1e-06 -1e-06 -3.440391 0.788234 0.501656 -15.928194 -3.16731 2.999706 -6.33883 -0.0 -0.0 -18.123459 3.648187 -4.905677 -4e-06 -0.0 -3e-06 16.192781 18.083641 16.491175 47.54509 17.536144 22.722528 -0.717857 34.640995 -0.256219 -0.490727 -0.457485 -16.009838 2.243545 -5.25504 -3.180161 14.282906 -0.826598 6.952507 -2e-06 -12.690616 1e-06 15.937456 -17.428608 2.70912 1.665669 -1.955923 -2.878301 4.727805 -4.170592 4.99393 11.020539 0.0 -3e-06 12.109064 -3.735719 -2.866785 -0.0 -1e-06 -0.0 1.291987 -1.928549 -1.498092 14.800144 0.567467 3.865612 14.242586 -1.341737 -6.660665 19.631987 0.143926 -0.648247 49.450253 -0.742177 -6.207239 0.353029 -1.511151 -0.031941 20.222815 3.684312 2.316628 18.787294 6e-06 -4e-06 10.751639 -0.479869 1.397905 -0.0 1e-06 0.0 3.273811 0.305948 -0.580111 21.486835 11.830384 2.266135 8.162937 0.0 -2e-06 18.399107 -3.798991 -4.940585 3e-06 -0.0 -0.0 0.773243 7.340022 -22.09758 0.037654 0.180281 4.807536 -2.162831 8.12967 16.503468 1.748158 -2.02905 -1.392434 -0.0 -0.0 2e-06 -0.895658 -6.342327 15.78683 -0.093335 0.03169 9.947783 2.823947 1.124904 -11.536999 -1.45504 0.880659 -1.981275 0.0 -0.0 -1e-06 
0.0 0.0 0.0 0.0 -0.0 0.0 -14.475395 96.858231 187.41507 0.344199 -5.921339 -2.380253 -0.393109 0.409375 -2.90802 -0.412953 1.986013 -6.212169 -0.266457 -0.090244 16.44311 -0.138074 3.098026 7.871908 -0.44073 0.908853 -3.665115 -0.308187 0.278716 -10.981252 7.7e-05 -2.2e-05 6e-06 0.033163 -0.003226 0.07356 0.670004 -3.736849 -10.505656 -0.613216 3.732656 -10.499472 -22.190891 -4.94759 16.32815 -51.950706 -6.086031 21.72883 -0.095673 -28.371481 0.038508 -2.951176 2.516019 -24.025429 -5.882109 9.861288 0.70259 -10.936877 -0.360575 7.156206 0.0 8.774827 -2e-06 -16.272549 17.979633 6.076949 -1.844033 2.498505 -2.507277 -10.163604 4.678945 4.621109 -20.97603 -4e-06 2e-06 -21.226294 2.451696 -3.594 -2e-06 -7e-06 -1e-06 -1.362682 2.240798 -0.746324 -21.334921 0.584909 3.008322 -13.82122 -3e-06 2e-06 -23.887178 -0.249079 -0.839481 -61.003998 2.569472 -0.874686 -0.294025 1.679688 0.833256 -14.218214 0.093215 1.300579 -34.212067 -0.287566 0.96717 -20.033224 0.964535 1.212844 -0.0 -1e-06 -0.0 -3.440389 0.788233 0.501656 -15.928192 -3.167311 2.999706 -6.338829 -1e-06 2e-06 -18.123453 3.648183 -4.905671 -4e-06 1e-06 -2e-06 16.965984 17.682251 16.900314 48.477108 16.660973 22.408224 -0.896481 33.110386 -0.319321 -0.801738 -0.307443 -16.401434 2.243544 -5.255039 -3.180156 14.282896 -0.826597 6.952501 -0.0 -12.690611 1e-06 15.982573 -17.182348 2.560267 1.665666 -1.955922 -2.8783 4.727801 -4.170592 4.993922 11.020531 -0.0 -2e-06 12.109059 -3.73572 -2.866784 -0.0 0.0 -0.0 1.291986 -1.928549 -1.498089 14.800132 0.567466 3.865603 14.242579 -1.34174 -6.660661 19.631975 0.143925 -0.648247 49.421078 -0.594001 -6.081905 0.353029 -1.511151 -0.031942 20.222799 3.684309 2.316628 18.787279 4e-06 -6e-06 10.751633 -0.47987 1.397903 1e-06 2e-06 0.0 3.273807 0.305947 -0.580111 21.486816 11.830379 2.26613 8.162929 -1e-06 -3e-06 18.39909 -3.798988 -4.940584 3e-06 1e-06 0.0 -0.861294 5.284744 -21.778215 0.020521 0.108893 8.619739 -0.829839 8.651964 15.869024 1.703945 -1.95957 -0.477524 -0.0 -0.0 2e-06 -3.735533 -5.749927 16.616194 -0.049196 0.061827 13.063308 3.628943 1.262488 -9.716526 -1.449967 0.830662 -4.793433 -0.0 -0.0 -1e-06 
0.0 0.0 0.0 0.0 -0.0 0.0 -14.026548 97.097031 191.044586 1.838618 -5.930799 -2.723046 -1.070449 0.418618 -2.947738 -0.595806 2.177061 -6.304011 -1.016385 0.14838 16.397223 -0.120019 2.944786 8.231665 -0.580072 0.871073 -3.646562 -0.066108 0.049267 -11.137034 7.7e-05 -2.2e-05 6e-06 0.038896 0.014202 0.069401 0.688278 -3.719614 -10.485741 -0.620006 3.749728 -10.48804 -22.000143 -5.109615 16.592102 -52.208275 -6.417757 22.161991 0.09109 -27.267153 0.087576 -3.655851 3.008546 -24.301538 -5.882112 9.861292 0.702589 -10.936881 -0.360576 7.156209 1e-06 8.77483 -1e-06 -16.284401 17.895922 5.970254 -1.844034 2.498506 -2.507279 -10.163611 4.678947 4.621109 -20.976042 -4e-06 3e-06 -21.226303 2.451698 -3.594002 -2e-06 -6e-06 -0.0 -1.362683 2.240799 -0.746324 -21.334934 0.584909 3.008324 -13.821229 -4e-06 2e-06 -23.887196 -0.24908 -0.839482 -60.911854 2.444936 -1.058051 -0.294025 1.679688 0.833257 -14.218222 0.093214 1.300579 -34.212082 -0.287567 0.967171 -20.033232 0.964536 1.212844 -0.0 -1e-06 -0.0 -3.440392 0.788234 0.501656 -15.928203 -3.167312 2.999708 -6.338832 -1e-06 1e-06 -18.123463 3.648183 -4.905674 -4e-06 0.0 -2e-06 16.674828 17.237858 17.056376 50.872784 15.722507 21.939072 -0.715298 30.926579 -0.141178 -0.961447 -0.400581 -17.468676 2.243542 -5.255037 -3.180158 14.282896 -0.826591 6.952502 -5e-06 -12.690611 0.0 16.047569 -17.342657 2.55919 1.665667 -1.955922 -2.878299 4.7278 -4.170588 4.993927 11.020531 6e-06 -2e-06 12.109057 -3.735715 -2.866787 -0.0 -0.0 -0.0 1.291987 -1.928551 -1.498089 14.800136 0.56747 3.865605 14.242579 -1.341734 -6.660663 19.631975 0.143932 -0.648246 49.672714 -0.646757 -6.187394 0.353029 -1.511151 -0.031939 20.222803 3.684315 2.316628 18.787283 8e-06 -2e-06 10.751633 -0.479867 1.397907 1e-06 3e-06 -2e-06 3.27381 0.305947 -0.580111 21.486828 11.830387 2.26613 8.16293 1e-06 -1e-06 18.399096 -3.798982 -4.940578 4e-06 1e-06 -1e-06 -2.627349 4.417953 -21.406065 0.051965 0.06256 13.145435 -0.510797 8.881703 10.970551 1.690199 -1.943297 -0.012805 -0.0 0.0 2e-06 -6.268319 -5.603145 16.207773 -0.100228 0.223987 18.385199 4.064573 1.382919 -6.622843 -1.459587 0.849156 -8.756938 -0.0 -0.0 -1e-06 
0.0 0.0 0.0 0.0 -0.0 0.0 -13.583323 97.471611 194.622269 2.996207 -6.101661 -3.246492 -1.627769 0.460003 -2.807388 -0.720069 2.264165 -6.255673 -1.439859 0.299506 16.132521 -0.335709 2.964788 8.718354 -0.676629 0.681427 -3.596402 0.151623 -0.057256 -11.067894 7.7e-05 -2.2e-05 6e-06 0.039088 0.026575 0.080007 0.694007 -3.702594 -10.452637 -0.625365 3.755771 -10.458371 -21.414442 -5.235357 16.780287 -52.809986 -6.775481 22.539461 0.268364 -26.936571 0.074301 -4.272649 3.298385 -24.193295 -5.88211 9.86129 0.70259 -10.936877 -0.360575 7.156206 1e-06 8.774828 -1e-06 -16.265488 17.924601 5.953877 -1.844034 2.498506 -2.507278 -10.163606 4.678946 4.621109 -20.976036 -4e-06 0.0 -21.226295 2.451698 -3.594001 -2e-06 -6e-06 0.0 -1.362683 2.240799 -0.746324 -21.334925 0.58491 3.008321 -13.82122 -2e-06 1e-06 -23.887184 -0.24908 -0.839486 -60.857231 2.453489 -1.205049 -0.294025 1.679688 0.833256 -14.218217 0.093215 1.30058 -34.212074 -0.287566 0.967167 -20.033228 0.964535 1.212841 -1e-06 -0.0 -0.0 -3.44039 0.788234 0.501655 -15.928194 -3.167311 2.999708 -6.33883 -1e-06 1e-06 -18.123453 3.648183 -4.905674 -3e-06 1e-06 -2e-06 15.61875 17.089869 17.294411 53.778732 14.887588 21.89353 -0.312929 28.492596 0.038205 -0.168577 -0.65708 -18.355738 2.243543 -5.255039 -3.180158 14.282898 -0.826595 6.952506 -2e-06 -12.690612 -2e-06 16.224474 -17.500383 2.5142 1.665667 -1.955923 -2.8783 4.7278 -4.170588 4.993923 11.020534 4e-06 -2e-06 12.109058 -3.735717 -2.866785 0.0 0.0 -0.0 1.291987 -1.92855 -1.498091 14.800136 0.567467 3.865604 14.24258 -1.341736 -6.66066 19.631977 0.143929 -0.648248 49.827976 -0.630258 -6.317452 0.353029 -1.511151 -0.03194 20.222799 3.684311 2.316626 18.787283 6e-06 -3e-06 10.751633 -0.479868 1.397903 2e-06 1e-06 -0.0 3.273809 0.305946 -0.580109 21.486824 11.830381 2.266129 8.16293 2e-06 -2e-06 18.399092 -3.798984 -4.940581 2e-06 -0.0 -1e-06 -4.139007 4.470693 -19.369699 -0.041375 -0.023509 14.84717 -0.160898 8.763391 7.424192 1.684004 -1.938239 0.463879 -0.0 -0.0 2e-06 -8.637067 -5.785666 14.171148 -0.100159 0.359658 26.430532 4.190654 1.670884 -1.487388 -1.482161 0.819901 -13.422215 -0.0 0.0 -0.0 
0.0 0.0 0.0 0.0 -0.0 0.0 -13.128981 97.854568 198.05365 4.052784 -6.453455 -3.943247 -2.320408 0.488415 -2.539506 -0.821679 2.169594 -6.092121 -1.577035 0.343184 15.869964 -0.671363 3.19433 9.056957 -0.701601 0.517227 -3.565481 0.216027 -0.018828 -10.810509 7.7e-05 -2.3e-05 6e-06 0.03749 0.013901 0.090712 0.688228 -3.710547 -10.417392 -0.62325 3.735883 -10.420185 -21.001654 -5.350877 16.74192 -52.965794 -6.777026 22.652264 0.333579 -27.770828 0.075101 -4.454671 3.175469 -24.360895 -5.882109 9.861292 0.702591 -10.936875 -0.360575 7.156208 -0.0 8.774829 -0.0 -16.388081 17.976038 5.849661 -1.844033 2.498505 -2.507279 -10.163602 4.678947 4.62111 -20.97603 -3e-06 2e-06 -21.226294 2.451699 -3.594002 -1e-06 -7e-06 -0.0 -1.362682 2.240799 -0.746323 -21.334921 0.58491 3.008324 -13.821217 -2e-06 2e-06 -23.887178 -0.24908 -0.839485 -60.869083 2.477701 -1.372559 -0.294025 1.679689 0.833255 -14.218215 0.093215 1.30058 -34.212059 -0.287564 0.96717 -20.03322 0.964537 1.212843 -1e-06 -0.0 -0.0 -3.440389 0.788234 0.501656 -15.928192 -3.167311 2.999709 -6.338828 -1e-06 1e-06 -18.123455 3.648184 -4.905672 -4e-06 0.0 -3e-06 14.819349 17.089516 17.529863 55.652534 14.038 23.096983 4.7e-05 26.93502 0.136077 1.935151 -1.012097 -18.042404 2.243542 -5.255036 -3.180157 14.28289 -0.826594 6.952502 -3e-06 -12.690603 1e-06 16.454279 -17.604073 2.436912 1.665666 -1.955921 -2.878298 4.727798 -4.170588 4.993923 11.020525 3e-06 -2e-06 12.109052 -3.735715 -2.866783 0.0 -0.0 0.0 1.291985 -1.928548 -1.49809 14.800127 0.567467 3.865605 14.242571 -1.341735 -6.660657 19.631968 0.143926 -0.648247 49.857132 -0.573777 -6.396694 0.353029 -1.511151 -0.031942 20.222788 3.684309 2.316628 18.78727 5e-06 -2e-06 10.751627 -0.479868 1.397905 -1e-06 0.0 1e-06 3.273806 0.305948 -0.580109 21.486811 11.830374 2.26613 8.162928 2e-06 1e-06 18.39908 -3.798984 -4.940573 4e-06 0.0 -0.0 -5.555296 5.021786 -16.343384 -0.103386 -0.05678 14.749846 0.103118 8.38455 4.726474 1.666371 -1.946236 0.607908 0.0 -0.0 2e-06 -11.202612 -6.367637 10.5026 -0.020981 0.406353 36.866138 4.036536 2.13354 4.75287 -1.459192 0.753203 -14.404934 0.0 -0.0 -3e-06 
0.0 0.0 0.0 0.0 -0.0 0.0 -12.688872 98.151932 201.219101 5.13818 -6.847175 -4.770232 -3.140983 0.423342 -2.115781 -0.926687 1.964742 -5.902065 -1.669635 0.348881 15.749871 -0.994242 3.471524 9.275279 -0.604172 0.445426 -3.601664 0.081826 0.107963 -10.912154 7.7e-05 -2.3e-05 6e-06 0.037018 0.014871 0.095966 0.694513 -3.713895 -10.418052 -0.63164 3.741763 -10.428815 -20.897459 -5.65298 16.769402 -52.260353 -6.848716 22.687958 0.249648 -29.106178 0.080586 -4.23529 2.729341 -24.965452 -5.882111 9.861293 0.702589 -10.936883 -0.360577 7.156209 1e-06 8.774832 -1e-06 -16.490768 17.948767 5.747793 -1.844034 2.498506 -2.507279 -10.16361 4.678947 4.62111 -20.976044 -6e-06 2e-06 -21.226309 2.451697 -3.594003 -1e-06 -7e-06 -0.0 -1.362683 2.2408 -0.746324 -21.334936 0.584907 3.008323 -13.821229 -4e-06 2e-06 -23.887196 -0.249082 -0.839484 -60.752594 2.448478 -1.406739 -0.294025 1.679689 0.833255 -14.218224 0.093213 1.30058 -34.212082 -0.287569 0.967172 -20.033232 0.964533 1.212844 -1e-06 -0.0 -0.0 -3.440392 0.788234 0.501656 -15.928201 -3.167315 2.999708 -6.338833 -2e-06 0.0 -18.123466 3.648184 -4.905676 -4e-06 0.0 -3e-06 14.650867 16.875113 17.670874 56.340965 13.193805 24.97683 0.163422 26.768351 0.146568 4.205548 -1.293601 -17.077023 2.243545 -5.255043 -3.180161 14.282912 -0.826596 6.952511 -3e-06 -12.69062 -1e-06 16.523207 -17.593689 2.398902 1.665669 -1.955922 -2.878302 4.727805 -4.170592 4.993929 11.020544 3e-06 -2e-06 12.109072 -3.735719 -2.866786 -0.0 -0.0 0.0 1.291988 -1.928551 -1.498089 14.800151 0.567469 3.86561 14.242594 -1.341737 -6.660666 19.631992 0.143926 -0.648246 49.705307 -0.590644 -6.387518 0.35303 -1.511152 -0.03194 20.222822 3.684314 2.316632 18.787302 7e-06 -2e-06 10.751646 -0.479867 1.397906 0.0 0.0 1e-06 3.273812 0.305947 -0.580111 21.486849 11.830393 2.266133 8.16294 2e-06 -3e-06 18.399109 -3.798987 -4.940582 4e-06 1e-06 -2e-06 -6.991906 5.746144 -13.046917 -0.04488 -0.002378 13.946445 0.314085 7.960207 2.715441 1.648659 -1.98614 0.348498 0.0 0.0 2e-06 -13.499023 -6.877732 6.038807 0.072418 0.343629 47.586887 3.496377 1.416513 9.535858 -1.328027 0.764864 -6.9771 -0.0 0.0 -0.0 
0.0 0.0 0.0 0.0 -0.0 0.0 -12.353395 98.424889 204.170181 5.794109 -6.991326 -5.582058 -3.74403 0.321342 -1.681524 -1.020067 1.649335 -5.729404 -1.667341 0.109714 15.854577 -1.159132 3.635733 9.542188 -0.548608 0.374745 -3.665659 -0.133704 0.289614 -11.516776 7.7e-05 -2.3e-05 6e-06 0.037203 0.023505 0.098801 0.710925 -3.704271 -10.443326 -0.648563 3.752975 -10.461308 -20.853287 -6.165733 16.745787 -51.043419 -7.238581 23.102333 0.193023 -30.175594 0.018697 -3.587034 2.292161 -25.853685 -5.882111 9.861289 0.702591 -10.936881 -0.360576 7.156209 2e-06 8.774829 -0.0 -16.465229 17.954008 5.824358 -1.844034 2.498505 -2.507277 -10.16361 4.678946 4.62111 -20.976044 -7e-06 1e-06 -21.226307 2.451693 -3.594 -0.0 -6e-06 -0.0 -1.362683 2.240799 -0.746324 -21.334934 0.584907 3.008322 -13.821227 -5e-06 1e-06 -23.887196 -0.249084 -0.839483 -60.684429 2.448214 -1.283575 -0.294025 1.679688 0.833256 -14.218224 0.093213 1.30058 -34.212082 -0.287568 0.96717 -20.033237 0.964535 1.212845 0.0 -0.0 -1e-06 -3.440392 0.788234 0.501655 -15.928203 -3.167314 2.999708 -6.338834 -3e-06 2e-06 -18.123463 3.64818 -4.905673 -4e-06 0.0 -1e-06 14.757208 16.25448 17.705627 56.577316 12.450256 26.44809 0.206917 27.521851 0.130143 4.93997 -1.174264 -16.582968 2.243542 -5.255038 -3.180159 14.2829 -0.826591 6.952503 -6e-06 -12.690611 0.0 16.465799 -17.60585 2.403383 1.665667 -1.955922 -2.878299 4.727801 -4.170588 4.993925 11.020534 6e-06 -1e-06 12.109057 -3.735714 -2.866783 -1e-06 -1e-06 -0.0 1.291986 -1.92855 -1.49809 14.800139 0.567472 3.865608 14.242579 -1.341733 -6.660657 19.631981 0.143931 -0.648242 49.601082 -0.627287 -6.326678 0.353029 -1.511151 -0.031939 20.222807 3.684316 2.316633 18.787285 9e-06 1e-06 10.751633 -0.479867 1.397907 0.0 0.0 -0.0 3.273809 0.305948 -0.580112 21.486832 11.830388 2.266135 8.162933 3e-06 -1e-06 18.399092 -3.798983 -4.940577 5e-06 0.0 -2e-06 -7.900071 6.244248 -9.842965 0.035861 0.054036 13.074873 0.383094 7.713315 1.147658 1.631865 -2.023029 0.244976 0.0 0.0 2e-06 -14.644595 -7.308215 1.797139 0.090985 0.195355 55.915752 2.710598 0.427938 9.371017 -1.295573 0.813917 -2.832835 -0.0 -1e-06 0.0 
0.0 0.0 0.0 0.0 -0.0 0.0 -12.149018 98.727333 206.994583 5.640438 -6.788997 -6.215018 -3.873042 0.183669 -1.319771 -1.018914 1.248756 -5.571194 -1.512984 -0.404519 16.05711 -1.174912 3.680108 9.891688 -0.611247 0.321789 -3.67069 -0.245209 0.343642 -12.086221 7.7e-05 -2.2e-05 6e-06 0.036869 0.042793 0.093209 0.720084 -3.680217 -10.476076 -0.658228 3.769804 -10.49944 -20.68244 -6.769247 16.753719 -49.814602 -8.068983 23.192251 0.01868 -30.70805 0.02636 -2.90248 2.237206 -26.104685 -5.882106 9.861285 0.702588 -10.936873 -0.360576 7.156208 0.0 8.774824 -2e-06 -16.453262 18.000034 5.921235 -1.844032 2.498504 -2.507278 -10.163602 4.678944 4.621109 -20.976027 -5e-06 4e-06 -21.226288 2.451696 -3.593999 -0.0 -6e-06 -1e-06 -1.362681 2.240798 -0.746323 -21.334921 0.584909 3.008324 -13.821218 -4e-06 3e-06 -23.887178 -0.249079 -0.83948 -60.796627 2.479925 -1.147675 -0.294025 1.679688 0.833256 -14.218212 0.093214 1.30058 -34.212051 -0.287566 0.967173 -20.033218 0.964536 1.212846 -0.0 -0.0 -2e-06 -3.440389 0.788234 0.501655 -15.928189 -3.167311 2.999709 -6.338828 -2e-06 2e-06 -18.123449 3.64818 -4.90567 -3e-06 0.0 -2e-06 14.797131 15.387353 17.741083 56.931725 11.774432 26.718695 0.12369 28.645121 0.066848 4.117358 -0.774074 -16.892269 2.243542 -5.255037 -3.180158 14.282894 -0.826594 6.952503 -2e-06 -12.690604 -2e-06 16.458469 -17.70376 2.433749 1.665667 -1.955922 -2.8783 4.727799 -4.170588 4.993925 11.020528 3e-06 -2e-06 12.109056 -3.735714 -2.866785 -1e-06 -0.0 1e-06 1.291986 -1.92855 -1.498091 14.800129 0.567468 3.865604 14.242577 -1.341736 -6.660662 19.631973 0.143926 -0.648247 49.675728 -0.61284 -6.257782 0.353029 -1.511151 -0.031939 20.222797 3.68431 2.316628 18.787273 6e-06 -3e-06 10.751634 -0.479867 1.397905 1e-06 0.0 -0.0 3.273808 0.305947 -0.58011 21.486818 11.830376 2.266131 8.162929 4e-06 -2e-06 18.399088 -3.798982 -4.940575 4e-06 1e-06 0.0 -7.862586 6.339263 -6.790521 0.040549 0.028148 12.191271 0.226427 7.614329 -0.286727 1.626972 -2.028552 0.259007 0.0 0.0 2e-06 -14.161737 -7.778852 -2.147332 0.080101 0.072202 60.643684 2.821528 0.317486 6.925703 -1.323096 0.831184 -2.176934 -0.0 0.0 -1e-06 
0.0 0.0 0.0 0.0 -0.0 0.0 -12.036462 98.984512 209.729813 5.068182 -6.385063 -6.678933 -3.802638 0.033414 -0.973795 -0.952804 0.798104 -5.416641 -1.240713 -1.018402 16.140182 -1.085409 3.659954 10.28906 -0.64132 0.263184 -3.655294 -0.342691 0.33547 -12.274874 7.7e-05 -2.2e-05 6e-06 0.037033 0.049576 0.077063 0.719786 -3.671157 -10.510139 -0.656679 3.774823 -10.53942 -20.230724 -7.482495 16.79845 -48.904011 -9.068457 22.940674 -0.13397 -31.072439 0.091237 -2.468384 2.450891 -26.307922 -5.882109 9.86129 0.70259 -10.93688 -0.360577 7.156209 2e-06 8.77483 -2e-06 -16.425871 18.017822 5.974043 -1.844034 2.498505 -2.507278 -10.163607 4.678945 4.621111 -20.976038 -7e-06 5e-06 -21.226301 2.451694 -3.593997 1e-06 -7e-06 -1e-06 -1.362682 2.2408 -0.746322 -21.334929 0.584906 3.008323 -13.821221 -4e-06 3e-06 -23.887184 -0.249082 -0.83948 -60.874794 2.499909 -1.049512 -0.294025 1.679688 0.833256 -14.218221 0.093212 1.300581 -34.212074 -0.28757 0.967176 -20.03323 0.964534 1.212849 0.0 -0.0 -1e-06 -3.440391 0.788234 0.501656 -15.928201 -3.167314 2.999709 -6.338832 -3e-06 1e-06 -18.123461 3.648182 -4.905671 -1e-06 -0.0 -2e-06 14.772257 14.458165 17.794518 57.35553 11.095792 26.12756 0.122945 29.817327 0.055025 3.037182 -0.2402 -17.818623 2.243543 -5.255041 -3.180159 14.282905 -0.826591 6.952505 -4e-06 -12.690617 -0.0 16.432447 -17.804161 2.487701 1.665668 -1.955923 -2.878303 4.727802 -4.17059 4.993927 11.020536 5e-06 -0.0 12.109062 -3.735717 -2.866785 -1e-06 0.0 -0.0 1.291987 -1.92855 -1.49809 14.800144 0.567472 3.865609 14.242585 -1.341734 -6.660662 19.63199 0.143931 -0.648245 49.717926 -0.585871 -6.223003 0.353029 -1.511153 -0.031941 20.222815 3.684319 2.31663 18.787292 1e-05 -1e-06 10.751639 -0.479866 1.397906 1e-06 -1e-06 1e-06 3.27381 0.305948 -0.580111 21.486839 11.830393 2.266133 8.162937 5e-06 -1e-06 18.399103 -3.798984 -4.940578 5e-06 0.0 -2e-06 -7.334765 6.131701 -3.865057 -1.3e-05 -0.054083 11.197304 0.031047 7.58339 -1.720211 1.628886 -1.990724 0.32398 -0.0 0.0 2e-06 -12.692703 -8.274033 -5.875836 0.079206 0.009141 62.054836 3.813809 0.595571 4.982277 -1.331162 0.829773 -1.976936 0.0 -0.0 -1e-06 
0.0 0.0 0.0 0.0 -0.0 0.0 -11.981421 99.137863 212.419846 4.527565 -5.953097 -7.042949 -3.800374 -0.075551 -0.610325 -0.89448 0.346844 -5.28166 -0.954133 -1.618436 16.127932 -0.864774 3.506808 10.550147 -0.615188 0.270705 -3.635006 -0.465741 0.359734 -12.27459 7.7e-05 -2.3e-05 6e-06 0.036741 0.036108 0.059417 0.716718 -3.68429 -10.540383 -0.65298 3.759998 -10.569424 -19.637573 -8.269776 16.810801 -48.141319 -9.963451 22.319553 -0.251648 -31.748936 0.166724 -2.262573 2.684811 -26.768658 -5.882109 9.86129 0.702592 -10.936877 -0.360574 7.156209 0.0 8.774829 1e-06 -16.367176 18.018826 5.972367 -1.844033 2.498505 -2.507279 -10.163604 4.678948 4.621112 -20.976034 -3e-06 1e-06 -21.226297 2.451697 -3.594001 1e-06 -5e-06 0.0 -1.362683 2.2408 -0.746324 -21.334927 0.584911 3.008322 -13.821221 -2e-06 1e-06 -23.887184 -0.24908 -0.839483 -60.887142 2.522166 -1.063687 -0.294025 1.679688 0.833256 -14.218215 0.093214 1.300581 -34.212063 -0.287564 0.967173 -20.033226 0.964539 1.212844 -0.0 -1e-06 -1e-06 -3.44039 0.788232 0.501655 -15.928198 -3.16731 2.99971 -6.33883 -2e-06 1e-06 -18.123457 3.648184 -4.905671 -2e-06 1e-06 -0.0 14.877245 13.587532 17.77088 57.546207 10.371875 25.439152 0.182089 30.934317 0.086037 2.573763 0.280052 -18.700502 2.243541 -5.255035 -3.180159 14.28289 -0.826594 6.952505 -3e-06 -12.690605 2e-06 16.397108 -17.851109 2.507968 1.665666 -1.955921 -2.878299 4.727798 -4.170587 4.993925 11.020524 3e-06 0.0 12.109052 -3.735713 -2.866782 -1e-06 -0.0 -0.0 1.291985 -1.92855 -1.49809 14.800129 0.567469 3.865609 14.242569 -1.341735 -6.660658 19.631969 0.143926 -0.648242 49.649014 -0.57655 -6.256641 0.353029 -1.51115 -0.031938 20.222788 3.684311 2.316631 18.78727 5e-06 1e-06 10.751627 -0.479868 1.397908 -0.0 -0.0 1e-06 3.273806 0.305947 -0.580111 21.486813 11.830376 2.266135 8.162928 1e-06 -0.0 18.39908 -3.798987 -4.940573 5e-06 1e-06 -1e-06 -6.817934 5.837173 -1.035873 -0.036699 -0.139057 10.093738 -0.091925 7.618316 -3.133612 1.631279 -1.937693 0.472548 -0.0 -0.0 2e-06 -11.03995 -8.77434 -9.377086 0.069203 -0.051579 60.645477 5.082708 0.744986 3.787913 -1.332114 0.819837 -1.873066 0.0 -0.0 -2e-06 
0.0 0.0 0.0 0.0 -0.0 0.0 -11.974632 99.187096 215.112946 4.112461 -5.607978 -7.246305 -3.851849 -0.133269 -0.291603 -0.865801 -0.052828 -5.186729 -0.71323 -2.128196 16.117785 -0.569979 3.241287 10.571776 -0.572868 0.361774 -3.631904 -0.588303 0.370518 -12.29783 7.7e-05 -2.2e-05 6e-06 0.036407 0.013706 0.048487 0.714965 -3.705021 -10.556213 -0.650815 3.735332 -10.579826 -19.156595 -9.081766 16.763277 -47.227314 -10.731172 21.550371 -0.319447 -32.778877 0.232093 -2.062982 2.805723 -27.492397 -5.882107 9.861289 0.702588 -10.936874 -0.360576 7.156204 1e-06 8.774828 -1e-06 -16.257477 18.018448 5.982193 -1.844033 2.498506 -2.507279 -10.163603 4.678946 4.621107 -20.97603 -6e-06 -1e-06 -21.226292 2.451695 -3.594002 1e-06 -6e-06 -0.0 -1.362682 2.240798 -0.746324 -21.334921 0.584909 3.00832 -13.821218 -4e-06 -0.0 -23.887175 -0.249083 -0.839485 -60.876957 2.5212 -1.106871 -0.294025 1.679687 0.833257 -14.218214 0.093214 1.300578 -34.212063 -0.287569 0.967166 -20.033218 0.964532 1.212843 1e-06 0.0 -1e-06 -3.440389 0.788233 0.501655 -15.928189 -3.167312 2.999705 -6.338828 -2e-06 -0.0 -18.123453 3.648181 -4.905675 -2e-06 0.0 -2e-06 15.210104 12.808538 17.675798 57.398125 9.702738 24.833323 0.23762 31.86676 0.110545 2.522269 0.730618 -19.288597 2.243542 -5.255037 -3.180157 14.282892 -0.826594 6.952505 -2e-06 -12.690603 2e-06 16.370008 -17.893488 2.530116 1.665666 -1.95592 -2.8783 4.727799 -4.170588 4.993925 11.020528 3e-06 -2e-06 12.109054 -3.735716 -2.866782 -2e-06 0.0 -1e-06 1.291985 -1.92855 -1.498089 14.800129 0.567467 3.865609 14.242571 -1.341736 -6.660658 19.631969 0.143926 -0.648245 49.581921 -0.616828 -6.306805 0.353029 -1.51115 -0.03194 20.222795 3.68431 2.316631 18.787273 4e-06 0.0 10.751628 -0.479868 1.397906 1e-06 -0.0 -1e-06 3.273807 0.305947 -0.58011 21.486818 11.830377 2.266133 8.16293 2e-06 0.0 18.399084 -3.798984 -4.940574 5e-06 0.0 -1e-06 -6.384616 5.586268 1.514395 -0.047363 -0.185668 9.288567 -0.198111 7.687656 -4.639826 1.635589 -1.883752 0.670435 0.0 0.0 2e-06 -9.442202 -9.206264 -12.627565 0.017363 -0.130556 56.722324 6.07854 0.373965 3.078876 -1.345552 0.820987 -1.869511 0.0 0.0 -4e-06 
0.0 0.0 0.0 0.0 -0.0 0.0 -12.025303 99.175789 217.842194 3.814074 -5.387503 -7.213173 -3.915484 -0.154039 -0.094654 -0.86207 -0.402823 -5.134063 -0.526936 -2.520007 16.108311 -0.212755 2.934295 10.400997 -0.567638 0.454466 -3.647295 -0.67896 0.393557 -12.360415 7.7e-05 -2.3e-05 6e-06 0.034544 -0.014463 0.045371 0.709304 -3.72996 -10.556083 -0.648168 3.704735 -10.57419 -18.79632 -9.885169 16.596628 -46.203243 -11.408597 20.904976 -0.331918 -33.913647 0.277962 -1.76817 2.810539 -28.508022 -5.88211 9.86129 0.70259 -10.93688 -0.360574 7.156209 0.0 8.774831 -0.0 -16.116747 18.026253 6.031867 -1.844034 2.498505 -2.507277 -10.163607 4.678948 4.621111 -20.976038 -3e-06 1e-06 -21.226301 2.451698 -3.594002 1e-06 -5e-06 -0.0 -1.362683 2.240799 -0.746325 -21.334929 0.584912 3.008323 -13.821225 -3e-06 1e-06 -23.887188 -0.249081 -0.839483 -60.84407 2.513545 -1.117726 -0.294025 1.679688 0.833257 -14.218218 0.093216 1.300579 -34.212074 -0.287565 0.967169 -20.033228 0.964538 1.212844 0.0 -1e-06 -0.0 -3.440391 0.788234 0.501655 -15.9282 -3.167311 2.999709 -6.338831 -1e-06 1e-06 -18.123459 3.648185 -4.905673 -3e-06 1e-06 -2e-06 15.704509 12.12171 17.55744 57.011257 9.164579 24.259941 0.245472 32.506229 0.108182 2.61134 0.996744 -19.70216 2.243541 -5.255036 -3.18016 14.282896 -0.826593 6.952502 -5e-06 -12.690605 2e-06 16.350771 -17.941845 2.569171 1.665667 -1.95592 -2.8783 4.727798 -4.170587 4.993924 11.020531 6e-06 -3e-06 12.109056 -3.735713 -2.866785 -0.0 0.0 -2e-06 1.291986 -1.928549 -1.498091 14.800132 0.567471 3.865607 14.242579 -1.34173 -6.66066 19.631973 0.143931 -0.648244 49.578411 -0.686428 -6.336437 0.353029 -1.511151 -0.031941 20.222797 3.684314 2.316628 18.787279 9e-06 1e-06 10.751632 -0.479866 1.397908 3e-06 -1e-06 0.0 3.273808 0.305947 -0.580112 21.486824 11.830381 2.266129 8.162933 3e-06 -0.0 18.399092 -3.798982 -4.940576 5e-06 1e-06 -1e-06 -6.122427 5.397602 3.819452 -0.03176 -0.178145 8.205182 -0.175135 7.742584 -5.8491 1.640806 -1.850127 0.878799 -0.0 -0.0 2e-06 -7.936281 -9.518484 -15.570654 -0.041973 -0.160667 50.558609 6.694335 -0.579086 2.85706 -1.369115 0.845807 -2.001237 -0.0 0.0 -2e-06 
0.0 0.0 0.0 0.0 -0.0 0.0 -12.103569 99.097488 220.545105 3.655151 -5.263536 -6.951334 -3.987247 -0.163727 -0.051767 -0.878597 -0.717496 -5.117017 -0.436375 -2.775819 16.08901 0.191436 2.633979 10.112337 -0.597483 0.495055 -3.651443 -0.711929 0.449157 -12.473157 7.7e-05 -2.2e-05 6e-06 0.028969 -0.030995 0.051713 0.695696 -3.74719 -10.54535 -0.645186 3.690034 -10.558628 -18.460571 -10.619101 16.382324 -45.255005 -12.085499 20.49803 -0.281597 -34.876236 0.27744 -1.448467 2.76322 -29.461628 -5.882111 9.86129 0.702592 -10.936877 -0.360574 7.156205 -0.0 8.77483 -1e-06 -16.001125 18.07848 6.095994 -1.844034 2.498505 -2.507279 -10.163605 4.678948 4.621111 -20.976038 -2e-06 -1e-06 -21.226301 2.451698 -3.594004 1e-06 -6e-06 0.0 -1.362682 2.240799 -0.746324 -21.334929 0.584912 3.008322 -13.821223 -2e-06 -0.0 -23.887188 -0.249079 -0.839488 -60.778458 2.528447 -1.10692 -0.294025 1.679688 0.833257 -14.218217 0.093216 1.30058 -34.212067 -0.287562 0.967165 -20.033226 0.964538 1.212841 -0.0 -0.0 -0.0 -3.44039 0.788234 0.501655 -15.928198 -3.167309 2.999707 -6.33883 -2e-06 -0.0 -18.123457 3.648185 -4.905674 -2e-06 2e-06 -2e-06 16.207911 11.562052 17.430599 56.57835 8.772987 23.64497 0.255995 32.846157 0.097747 2.675453 1.052257 -20.019049 2.243543 -5.255038 -3.180159 14.282896 -0.826597 6.952506 -1e-06 -12.690609 2e-06 16.351976 -17.984426 2.607403 1.665667 -1.955923 -2.8783 4.7278 -4.17059 4.993925 11.020531 2e-06 -2e-06 12.109058 -3.735718 -2.866785 1e-06 -0.0 0.0 1.291986 -1.92855 -1.498089 14.800132 0.567467 3.865608 14.242577 -1.341737 -6.66066 19.631973 0.143925 -0.648248 49.634884 -0.738195 -6.357674 0.353029 -1.511151 -0.03194 20.222801 3.684309 2.316631 18.787283 4e-06 -1e-06 10.751634 -0.479869 1.397906 3e-06 -1e-06 0.0 3.273808 0.305945 -0.580112 21.48682 11.830379 2.266134 8.16293 1e-06 -1e-06 18.399086 -3.798989 -4.940579 5e-06 -0.0 -1e-06 -5.975169 5.299651 6.037334 -0.014566 -0.123505 6.71734 -0.160372 7.676853 -6.820782 1.644012 -1.849558 1.06287 0.0 0.0 2e-06 -6.593506 -9.740958 -17.963816 -0.042127 -0.104353 42.723095 6.8862 -1.809651 3.487336 -1.394661 0.901592 -2.197673 0.0 0.0 -1e-06 
0.0 0.0 0.0 0.0 -0.0 0.0 -12.205208 98.969505 223.227509 3.587898 -5.177032 -6.498551 -4.038096 -0.189432 -0.135869 -0.888794 -1.003239 -5.126763 -0.451437 -2.948054 16.045921 0.580508 2.347714 9.746143 -0.605505 0.50206 -3.635181 -0.694577 0.56728 -12.587691 7.7e-05 -2.2e-05 6e-06 0.019492 -0.028359 0.059786 0.679973 -3.750726 -10.539055 -0.647897 3.699402 -10.546719 -18.114441 -11.260609 16.253439 -44.505157 -12.871824 20.245071 -0.151162 -35.533394 0.218744 -1.218968 2.736878 -30.099926 -5.882108 9.861288 0.702587 -10.936875 -0.360577 7.156204 1e-06 8.774829 -3e-06 -15.955465 18.155996 6.120091 -1.844034 2.498506 -2.507277 -10.163604 4.678947 4.621107 -20.976034 -6e-06 0.0 -21.226297 2.451696 -3.594005 0.0 -6e-06 1e-06 -1.362682 2.240799 -0.746325 -21.334923 0.584909 3.008321 -13.821219 -3e-06 1e-06 -23.887178 -0.249082 -0.839486 -60.70826 2.556861 -1.104913 -0.294025 1.679688 0.833255 -14.218215 0.093213 1.30058 -34.212063 -0.287566 0.96717 -20.03322 0.964535 1.212843 -0.0 0.0 -0.0 -3.44039 0.788234 0.501655 -15.928192 -3.167313 2.999705 -6.338828 -2e-06 -0.0 -18.123453 3.648182 -4.905676 -2e-06 1e-06 -3e-06 16.60066 11.118117 17.275118 56.209381 8.484039 23.021917 0.293619 32.957512 0.121908 2.688686 0.93416 -20.295662 2.243543 -5.255039 -3.180159 14.282894 -0.826595 6.952503 -0.0 -12.690609 -1e-06 16.36375 -17.986109 2.635744 1.665667 -1.955924 -2.8783 4.727799 -4.170588 4.993925 11.02053 2e-06 -3e-06 12.109056 -3.735719 -2.866787 1e-06 -0.0 -0.0 1.291986 -1.928551 -1.49809 14.800132 0.567468 3.865607 14.242577 -1.341738 -6.660662 19.631973 0.143926 -0.648248 49.734085 -0.756079 -6.353985 0.353029 -1.51115 -0.03194 20.222797 3.68431 2.316629 18.787275 5e-06 -4e-06 10.751627 -0.479868 1.397905 1e-06 -0.0 0.0 3.273808 0.305946 -0.580112 21.486818 11.83038 2.266132 8.162928 1e-06 -1e-06 18.399084 -3.798986 -4.94058 5e-06 0.0 -1e-06 -5.881447 5.248371 8.19095 -0.004222 -0.036904 5.101695 -0.214938 7.490201 -7.589509 1.645847 -1.87537 1.190913 -0.0 0.0 2e-06 -5.320887 -10.079803 -19.661232 0.020751 -0.019884 33.28389 6.855612 -2.906178 5.174879 -1.414237 0.979107 -2.310832 0.0 0.0 -1e-06 
0.0 0.0 0.0 0.0 -0.0 0.0 -12.363598 98.790192 225.986435 3.530952 -5.083261 -5.888033 -4.040415 -0.203462 -0.331687 -0.880758 -1.235474 -5.181415 -0.516839 -3.110557 15.992623 0.931515 2.085647 9.337585 -0.54577 0.574663 -3.615307 -0.657371 0.686795 -12.632595 7.7e-05 -2.3e-05 6e-06 0.008243 -0.018506 0.064076 0.670648 -3.74747 -10.543245 -0.660534 3.716331 -10.547337 -17.791998 -11.787814 16.220808 -43.951805 -13.710443 20.134266 -0.00602 -35.95623 0.163893 -1.152389 2.74876 -30.272423 -5.882103 9.861279 0.702589 -10.93687 -0.360575 7.156206 2e-06 8.774819 -0.0 -15.958184 18.197832 6.096768 -1.844032 2.498504 -2.507277 -10.163599 4.678941 4.62111 -20.976021 -7e-06 3e-06 -21.226284 2.451694 -3.593994 1e-06 -6e-06 -0.0 -1.362681 2.240796 -0.746323 -21.334911 0.584908 3.008324 -13.821212 -4e-06 3e-06 -23.887167 -0.24908 -0.83948 -60.641857 2.606088 -1.176115 -0.294024 1.679686 0.833256 -14.218206 0.093212 1.300581 -34.212048 -0.287565 0.967178 -20.033209 0.964538 1.212848 -0.0 -1e-06 -0.0 -3.440388 0.788232 0.501657 -15.928185 -3.167308 2.999707 -6.338825 -3e-06 2e-06 -18.123444 3.64818 -4.905664 -2e-06 1e-06 -2e-06 16.855288 10.763839 17.075451 55.868881 8.219784 22.619539 0.278524 32.951408 0.152102 2.736053 0.679734 -20.405727 2.24354 -5.255034 -3.180158 14.282887 -0.826594 6.952505 -4e-06 -12.690597 3e-06 16.344898 -17.974895 2.677971 1.665665 -1.95592 -2.878298 4.727797 -4.170584 4.993925 11.020522 4e-06 1e-06 12.109044 -3.735711 -2.86678 -0.0 -0.0 1e-06 1.291985 -1.928547 -1.498088 14.800127 0.56747 3.865609 14.242566 -1.341733 -6.660654 19.631962 0.143926 -0.648241 49.903751 -0.737816 -6.340639 0.353029 -1.511149 -0.03194 20.222786 3.684309 2.316633 18.78727 5e-06 2e-06 10.751625 -0.47987 1.397908 0.0 -1e-06 -0.0 3.273806 0.305947 -0.580111 21.486809 11.830367 2.266134 8.162928 2e-06 1e-06 18.399076 -3.798984 -4.940567 4e-06 1e-06 -1e-06 -5.752392 5.256862 10.078357 0.01282 0.066402 3.667497 -0.36456 7.226209 -8.294101 1.646676 -1.903063 1.203186 0.0 0.0 2e-06 -3.975049 -10.672319 -20.554911 0.099952 -0.007675 22.555983 7.263041 -3.44615 7.198472 -1.415493 1.048701 -2.291611 0.0 0.0 -1e-06 
0.0 0.0 0.0 0.0 -0.0 0.0 -12.616089 98.501625 228.836823 3.492464 -4.907699 -5.200301 -4.005482 -0.196751 -0.609501 -0.886795 -1.417274 -5.290573 -0.584628 -3.254402 15.939642 1.335819 1.881989 8.934129 -0.46907 0.651045 -3.603904 -0.661503 0.760626 -12.562685 7.7e-05 -2.3e-05 6e-06 0.002544 0.004882 0.060792 0.67591 -3.727595 -10.560771 -0.676884 3.74444 -10.564877 -17.515057 -12.225297 16.167547 -43.542896 -14.423748 20.381586 0.154371 -36.324829 0.114437 -1.310286 2.755805 -30.124058 -5.882105 9.861285 0.702591 -10.936872 -0.360578 7.156201 2e-06 8.774827 -3e-06 -16.006914 18.220268 6.055818 -1.844032 2.498505 -2.507277 -10.1636 4.678944 4.621107 -20.976027 -8e-06 2e-06 -21.226288 2.451693 -3.594 1e-06 -6e-06 -1e-06 -1.362682 2.240799 -0.746324 -21.334917 0.584906 3.008324 -13.821213 -4e-06 1e-06 -23.887173 -0.249081 -0.83948 -60.571533 2.638733 -1.351002 -0.294024 1.679687 0.833256 -14.21821 0.093213 1.300579 -34.212063 -0.287572 0.967173 -20.033215 0.964533 1.212846 0.0 -0.0 -0.0 -3.440389 0.788233 0.501656 -15.928189 -3.167312 2.999707 -6.338825 -3e-06 -0.0 -18.123447 3.648181 -4.905669 -4e-06 1e-06 -1e-06 17.01676 10.449798 16.762259 55.507183 7.831776 22.544817 0.236026 32.96637 0.165535 2.921282 0.357008 -20.040169 2.243544 -5.255041 -3.18016 14.282905 -0.826596 6.952507 -2e-06 -12.690616 3e-06 16.279608 -17.955004 2.727056 1.665668 -1.955922 -2.878301 4.727803 -4.17059 4.993928 11.020538 3e-06 -3e-06 12.109064 -3.735718 -2.866787 1e-06 -0.0 1e-06 1.291987 -1.928549 -1.498091 14.800142 0.567468 3.86561 14.242586 -1.341735 -6.660665 19.631989 0.143928 -0.648246 50.067932 -0.709931 -6.339487 0.35303 -1.511153 -0.031939 20.222815 3.684314 2.316629 18.787291 6e-06 -4e-06 10.751638 -0.479869 1.397906 0.0 -1e-06 1e-06 3.27381 0.305948 -0.580112 21.486834 11.830388 2.266131 8.162934 2e-06 -1e-06 18.399099 -3.798988 -4.940582 5e-06 1e-06 -1e-06 -5.560891 5.287553 11.766921 0.032046 0.126629 2.598879 -0.596771 6.900814 -9.164997 1.64923 -1.903434 1.126606 -0.0 0.0 2e-06 -2.706733 -11.139355 -20.823343 0.182482 -0.089596 12.054343 8.861547 -3.553438 8.364678 -1.370653 1.105179 -2.338856 -0.0 0.0 -1e-06 
0.0 0.0 0.0 0.0 -0.0 0.0 -12.965854 98.114212 231.714111 3.355187 -4.608766 -4.49519 -3.877035 -0.175012 -0.947636 -0.889586 -1.559651 -5.438998 -0.61133 -3.357218 15.914371 1.813822 1.698858 8.608675 -0.400997 0.694562 -3.624032 -0.704662 0.785276 -12.307076 7.7e-05 -2.3e-05 6e-06 0.006516 0.040129 0.045043 0.683811 -3.694076 -10.586666 -0.676516 3.783326 -10.589515 -17.397758 -12.66435 15.94743 -43.178047 -14.830409 20.89439 0.266604 -36.70594 0.005985 -1.616366 2.776609 -29.619211 -5.882113 9.861293 0.70259 -10.93688 -0.360573 7.156211 -0.0 8.774831 -1e-06 -16.035868 18.226036 6.062357 -1.844034 2.498507 -2.507279 -10.16361 4.678951 4.621112 -20.97604 -0.0 -2e-06 -21.226307 2.4517 -3.594007 2e-06 -6e-06 -1e-06 -1.362682 2.2408 -0.746326 -21.334929 0.584912 3.008323 -13.821223 -0.0 0.0 -23.887188 -0.249078 -0.839487 -60.584892 2.650731 -1.453699 -0.294025 1.679688 0.833259 -14.218221 0.093215 1.300581 -34.212082 -0.287561 0.967167 -20.03323 0.964539 1.212841 0.0 -1e-06 -0.0 -3.440392 0.788235 0.501656 -15.9282 -3.167309 2.999708 -6.338831 -1e-06 -1e-06 -18.123463 3.648189 -4.905677 -3e-06 1e-06 -1e-06 17.345678 10.165109 16.356668 54.934063 7.237199 22.573309 0.188392 32.977276 0.174242 3.251469 0.000817 -19.500626 2.243542 -5.255038 -3.180158 14.282896 -0.826593 6.952502 -2e-06 -12.690609 -1e-06 16.161531 -17.910666 2.772482 1.665667 -1.955922 -2.878299 4.7278 -4.170588 4.993923 11.020529 3e-06 -1e-06 12.109055 -3.735717 -2.866785 1e-06 -0.0 -0.0 1.291986 -1.928549 -1.498089 14.800132 0.56747 3.865607 14.242577 -1.341737 -6.660659 19.631973 0.143927 -0.648244 50.039234 -0.699476 -6.3691 0.353029 -1.511151 -0.03194 20.222797 3.684311 2.316632 18.787279 7e-06 -2e-06 10.751629 -0.479868 1.397906 -1e-06 -1e-06 -0.0 3.273808 0.305947 -0.580111 21.48682 11.830379 2.266134 8.162931 3e-06 -0.0 18.399088 -3.798983 -4.940576 5e-06 0.0 -2e-06 -5.202756 5.188731 13.063569 0.024252 0.114135 2.42503 -0.926903 6.637453 -10.445912 1.658684 -1.855563 1.039702 -0.0 0.0 2e-06 -1.648669 -10.871213 -20.960474 0.2034 -0.143993 3.627415 11.106937 -3.867575 8.631311 -1.291556 1.144027 -2.348945 -0.0 -0.0 -0.0 
0.0 0.0 0.0 0.0 -0.0 0.0 -13.402499 97.669281 234.56958 3.053428 -4.194121 -3.941679 -3.638873 -0.164625 -1.219854 -0.863185 -1.725608 -5.558768 -0.588743 -3.445695 15.952933 2.292234 1.504191 8.37673 -0.358137 0.863405 -3.635821 -0.802731 0.760312 -12.142021 7.7e-05 -2.2e-05 6e-06 0.010376 0.063666 0.036192 0.678819 -3.670598 -10.598489 -0.66343 3.808394 -10.592657 -17.329178 -13.011509 15.705371 -43.061749 -15.100286 21.106079 0.146027 -36.964207 -0.052871 -1.673541 2.794373 -28.86326 -5.882107 9.861286 0.702592 -10.93687 -0.360574 7.156207 -1e-06 8.774826 0.0 -16.042332 18.265656 6.097014 -1.844032 2.498504 -2.507277 -10.163598 4.678945 4.621111 -20.976021 1e-06 2e-06 -21.226284 2.4517 -3.594 -1e-06 -6e-06 -1e-06 -1.362682 2.240798 -0.746323 -21.334911 0.584914 3.008326 -13.821211 -1e-06 2e-06 -23.887167 -0.249073 -0.839485 -60.645634 2.697716 -1.436529 -0.294024 1.679688 0.833256 -14.218207 0.093216 1.300583 -34.212044 -0.287556 0.967172 -20.033209 0.964541 1.212844 1e-06 -1e-06 1e-06 -3.440388 0.788234 0.501657 -15.928185 -3.167306 2.999707 -6.338825 -1e-06 1e-06 -18.123444 3.648184 -4.905667 -2e-06 1e-06 -1e-06 17.789402 9.96922 16.090078 54.276279 6.795418 22.346737 0.194334 32.695526 0.208953 3.557958 -0.348506 -19.153158 2.243541 -5.255036 -3.180157 14.282887 -0.826595 6.9525 -0.0 -12.690604 -1e-06 16.068296 -17.844767 2.779656 1.665666 -1.955922 -2.878298 4.727798 -4.170587 4.993922 11.020522 2e-06 -2e-06 12.10905 -3.735717 -2.866784 -0.0 -0.0 -0.0 1.291985 -1.928549 -1.498088 14.800123 0.567468 3.865605 14.242567 -1.341737 -6.660659 19.631962 0.143925 -0.648246 49.827663 -0.681507 -6.455172 0.353029 -1.51115 -0.03194 20.222784 3.684309 2.31663 18.78727 3e-06 0.0 10.751625 -0.479868 1.397905 -1e-06 -0.0 -0.0 3.273806 0.305946 -0.58011 21.486807 11.830373 2.266133 8.162927 1e-06 -1e-06 18.399076 -3.798986 -4.940578 5e-06 1e-06 -1e-06 -4.630076 4.869716 14.32609 0.002848 0.052485 2.715154 -1.440678 6.516722 -11.842761 1.677003 -1.825823 0.937697 -0.0 0.0 2e-06 -0.804768 -10.158958 -21.716776 0.127127 -0.094418 0.419325 12.928287 -4.088424 8.001468 -1.255911 1.130397 -2.388804 -0.0 -0.0 -0.0 
0.0 0.0 0.0 0.0 -0.0 0.0 -13.895207 97.227638 237.435532 2.447512 -3.663558 -3.485678 -3.18119 -0.154346 -1.456636 -0.811914 -1.944012 -5.671348 -0.459569 -3.56298 16.087584 2.693107 1.385597 8.159492 -0.367198 1.016189 -3.608225 -0.866867 0.697613 -12.23031 7.7e-05 -2.3e-05 6e-06 0.011311 0.069805 0.03937 0.678707 -3.660541 -10.578673 -0.660942 3.810822 -10.56982 -17.232967 -13.165836 15.729157 -43.407879 -15.405043 20.8985 0.004598 -37.092556 -0.066342 -1.345496 2.755963 -28.222719 -5.882109 9.861291 0.702589 -10.936879 -0.360576 7.156205 3e-06 8.774831 -1e-06 -16.088274 18.271931 6.072587 -1.844033 2.498505 -2.507279 -10.163605 4.678947 4.621108 -20.97604 -8e-06 -2e-06 -21.226301 2.451693 -3.594005 -0.0 -6e-06 -1e-06 -1.362682 2.240799 -0.746325 -21.334929 0.584906 3.00832 -13.821223 -6e-06 -1e-06 -23.887188 -0.249087 -0.839484 -60.660927 2.730748 -1.430576 -0.294024 1.679688 0.833255 -14.218218 0.093211 1.300579 -34.212074 -0.287573 0.967169 -20.033226 0.964533 1.212844 1e-06 -1e-06 1e-06 -3.440391 0.788234 0.501655 -15.928201 -3.167313 2.999705 -6.338829 -2e-06 -0.0 -18.123461 3.64818 -4.905677 -3e-06 1e-06 -1e-06 18.287724 9.880808 16.068741 53.601421 6.71051 22.002035 0.137118 31.914753 0.236957 3.765044 -0.645251 -18.936857 2.243543 -5.255038 -3.180159 14.282897 -0.826594 6.952505 -3e-06 -12.69061 -2e-06 16.068523 -17.74947 2.720642 1.665667 -1.955922 -2.8783 4.727801 -4.17059 4.993924 11.020534 4e-06 -1e-06 12.109056 -3.735718 -2.866786 0.0 -0.0 -1e-06 1.291986 -1.92855 -1.49809 14.800136 0.56747 3.865607 14.242579 -1.341737 -6.660659 19.631981 0.143928 -0.648245 49.706276 -0.594834 -6.51886 0.353029 -1.511151 -0.031941 20.222803 3.684313 2.316631 18.787287 7e-06 -1e-06 10.751635 -0.479867 1.397907 -1e-06 -0.0 0.0 3.273808 0.305947 -0.580113 21.486826 11.830383 2.266135 8.16293 2e-06 -1e-06 18.399092 -3.798986 -4.940578 5e-06 -0.0 -2e-06 -3.676252 4.432238 15.39049 0.025291 -0.059546 3.653881 -2.059225 6.308234 -13.245526 1.697808 -1.829238 0.509835 0.0 0.0 2e-06 0.029553 -9.723228 -22.409174 0.101306 -0.033237 1.810257 12.81615 -4.033483 8.712353 -1.286081 1.128434 -2.596672 -0.0 -0.0 -0.0 
0.0 0.0 0.0 0.0 -0.0 0.0 -14.462868 96.91497 240.512604 1.331799 -3.082318 -2.983472 -2.318624 -0.170169 -1.877756 -0.732815 -2.078641 -5.834486 -0.233038 -3.757783 16.368664 3.048446 1.277669 7.913429 -0.40136 1.067844 -3.513957 -0.865111 0.662219 -12.214321 7.7e-05 -2.2e-05 6e-06 0.014081 0.023608 0.038821 0.675493 -3.698722 -10.547173 -0.651861 3.758017 -10.540316 -17.339411 -13.154569 15.771169 -43.961433 -15.412312 20.757971 -0.115607 -36.9883 0.032215 -0.886615 2.592348 -27.824406 -5.882105 9.861284 0.70259 -10.936871 -0.360574 7.156205 1e-06 8.774824 0.0 -16.150372 18.167471 6.045861 -1.844033 2.498504 -2.507277 -10.163599 4.678944 4.621108 -20.976023 -4e-06 -1e-06 -21.226286 2.451695 -3.593999 -0.0 -7e-06 -1e-06 -1.362682 2.240799 -0.746323 -21.334913 0.584909 3.008321 -13.821213 -4e-06 1e-06 -23.887169 -0.249082 -0.839485 -60.707191 2.721752 -1.391618 -0.294023 1.679687 0.833255 -14.218207 0.093215 1.30058 -34.212048 -0.287565 0.967171 -20.033211 0.964535 1.212843 1e-06 -0.0 1e-06 -3.440388 0.788233 0.501656 -15.928185 -3.167311 2.999705 -6.338825 -1e-06 -0.0 -18.123444 3.64818 -4.90567 -3e-06 1e-06 -2e-06 19.040056 9.780341 16.155693 52.774719 6.847058 21.658703 0.128743 30.666382 0.2276 3.844814 -1.04551 -18.656942 2.243543 -5.255038 -3.180159 14.282899 -0.826595 6.952505 -3e-06 -12.69061 1e-06 16.069115 -17.754389 2.697549 1.665667 -1.955922 -2.878299 4.7278 -4.170588 4.993925 11.020534 4e-06 -1e-06 12.109058 -3.735715 -2.866784 0.0 0.0 -0.0 1.291986 -1.92855 -1.498089 14.800136 0.567469 3.865607 14.24258 -1.341735 -6.660661 19.631981 0.143929 -0.648246 49.607048 -0.585885 -6.592767 0.353029 -1.511152 -0.031941 20.222803 3.684313 2.316628 18.787283 6e-06 -2e-06 10.751634 -0.479868 1.397906 -1e-06 -1e-06 0.0 3.273809 0.305947 -0.58011 21.486828 11.830383 2.266133 8.16293 2e-06 -1e-06 18.399096 -3.798984 -4.940578 5e-06 0.0 -1e-06 -2.044153 3.970691 16.212097 0.054065 -0.086839 5.143111 -2.799647 5.812105 -14.134994 1.755343 -1.848112 -0.228373 -0.0 0.0 2e-06 1.185814 -9.37709 -22.987461 0.108308 -0.019429 5.565019 10.686893 -3.448791 11.534163 -1.354462 1.104051 -2.871381 -0.0 -0.0 -1e-06 
0.0 0.0 0.0 0.0 -0.0 0.0 -15.129744 96.708229 243.735092 -0.124715 -2.572159 -2.595643 -1.358042 -0.202043 -2.325072 -0.615719 -2.18207 -6.053456 0.246661 -3.896913 16.636631 3.327749 1.128309 7.869964 -0.365116 1.271439 -3.528969 -0.873888 0.752358 -12.038434 7.7e-05 -2.3e-05 6e-06 0.015629 0.009474 0.030593 0.679073 -3.708065 -10.547008 -0.651212 3.741452 -10.543705 -17.727907 -12.957226 15.967715 -44.644703 -15.13398 20.882153 -0.156531 -36.624741 0.02635 -0.592997 2.705816 -27.331141 -5.882109 9.86129 0.702591 -10.936877 -0.360574 7.156208 1e-06 8.77483 -1e-06 -16.204775 18.096985 6.072803 -1.844033 2.498504 -2.507278 -10.163604 4.678947 4.62111 -20.976034 -4e-06 -0.0 -21.226295 2.451696 -3.594002 -0.0 -6e-06 -1e-06 -1.362682 2.240799 -0.746323 -21.334925 0.58491 3.008322 -13.821218 -3e-06 0.0 -23.887182 -0.249082 -0.839484 -60.627197 2.700998 -1.174977 -0.294025 1.679688 0.833259 -14.218215 0.093215 1.30058 -34.212067 -0.287568 0.967169 -20.033222 0.964533 1.212845 1e-06 -0.0 1e-06 -3.440389 0.788235 0.501655 -15.928194 -3.167312 2.99971 -6.338829 -1e-06 0.0 -18.123457 3.648184 -4.905673 -3e-06 1e-06 -1e-06 19.895582 9.827728 16.196665 52.017147 6.794202 21.521444 0.069788 29.213467 0.15188 3.754618 -1.411761 -18.2416 2.243542 -5.255038 -3.180159 14.282896 -0.826594 6.952503 -2e-06 -12.690608 0.0 16.038391 -17.737896 2.712492 1.665667 -1.955922 -2.878299 4.7278 -4.170588 4.993925 11.020531 3e-06 -1e-06 12.109056 -3.735716 -2.866785 -1e-06 -0.0 1e-06 1.291986 -1.92855 -1.49809 14.800132 0.567469 3.865608 14.242577 -1.341736 -6.66066 19.631973 0.143928 -0.648245 49.638031 -0.472102 -6.48822 0.353029 -1.511151 -0.03194 20.222797 3.68431 2.316629 18.787279 5e-06 -1e-06 10.751631 -0.479868 1.397906 -1e-06 -1e-06 0.0 3.273808 0.305947 -0.58011 21.48682 11.830379 2.266132 8.16293 2e-06 -0.0 18.399088 -3.798985 -4.940577 4e-06 0.0 0.0 0.163304 3.836681 17.203516 0.073627 -0.174555 6.908825 -3.790408 5.150989 -14.016074 1.786052 -1.910945 -1.599744 -0.0 0.0 2e-06 2.673728 -8.883411 -23.08416 0.082898 -0.06149 8.718495 7.703089 -2.460737 14.371131 -1.397954 1.002553 -2.654976 -0.0 -1e-06 -1e-06 
0.0 0.0 0.0 0.0 -0.0 0.0 -15.834792 96.739914 247.030685 -1.840742 -2.340012 -2.368712 -0.364219 -0.179149 -2.61858 -0.419083 -2.334332 -6.331473 1.047145 -3.969532 16.719561 3.349948 1.027829 8.117672 -0.343456 1.513866 -3.593582 -0.680426 0.909584 -11.760915 7.7e-05 -2.2e-05 6e-06 0.009266 -0.004788 0.001416 0.660045 -3.704963 -10.535116 -0.643526 3.713079 -10.531523 -18.092867 -12.411242 16.08189 -46.027134 -14.614392 21.292124 -0.209898 -35.632923 0.085293 -0.256962 2.795885 -26.766418 -5.882108 9.861287 0.70259 -10.936875 -0.360576 7.156208 1e-06 8.774828 -1e-06 -16.261847 18.248453 6.137686 -1.844034 2.498507 -2.507279 -10.163602 4.678946 4.62111 -20.97603 -6e-06 -0.0 -21.226292 2.451695 -3.594002 2e-06 -7e-06 -1e-06 -1.362682 2.240799 -0.746323 -21.334925 0.584908 3.008323 -13.821218 -4e-06 -1e-06 -23.887182 -0.249083 -0.839485 -60.708622 2.673838 -1.09362 -0.294025 1.679688 0.833257 -14.218215 0.093214 1.300581 -34.212067 -0.28757 0.967168 -20.033226 0.964532 1.212844 0.0 -1e-06 1e-06 -3.44039 0.788233 0.501657 -15.928189 -3.167312 2.999705 -6.338827 -1e-06 -0.0 -18.123453 3.648183 -4.905673 -4e-06 1e-06 -1e-06 20.335917 10.129248 16.4326 51.662281 6.891506 21.421135 0.144107 27.58963 0.096919 3.60306 -1.982536 -17.552465 2.243541 -5.255037 -3.180159 14.282896 -0.826594 6.952504 -3e-06 -12.690607 0.0 16.065006 -17.83721 2.731995 1.665667 -1.955922 -2.878299 4.727799 -4.170588 4.993924 11.020529 4e-06 -1e-06 12.109055 -3.735716 -2.866784 0.0 -0.0 -0.0 1.291986 -1.92855 -1.498089 14.800132 0.56747 3.865607 14.242577 -1.341735 -6.660659 19.631973 0.143928 -0.648243 49.780815 -0.408263 -6.458447 0.353029 -1.511151 -0.03194 20.222799 3.684313 2.31663 18.787281 7e-06 -1e-06 10.751632 -0.479868 1.397907 -1e-06 -0.0 2e-06 3.273808 0.305948 -0.580109 21.48682 11.83038 2.266134 8.16293 2e-06 -0.0 18.399088 -3.798983 -4.940576 5e-06 0.0 0.0 2.763938 3.912043 18.981949 0.099136 -0.277438 8.280367 -4.680611 4.543256 -11.232476 1.853291 -2.004103 -4.360854 -0.0 0.0 2e-06 4.472635 -8.242743 -22.554722 0.010075 -0.173721 11.416891 4.993618 -1.212891 14.838974 -1.393674 0.964999 -1.749155 0.0 -0.0 -1e-06 
0.0 0.0 0.0 0.0 -0.0 0.0 -16.648151 96.991653 250.465256 -3.546256 -2.276685 -2.309347 0.535894 -0.221586 -2.82854 -0.217964 -2.293897 -6.470575 1.911431 -4.111412 16.562197 3.39948 0.990397 8.773643 -0.248831 1.733579 -3.600317 -0.492231 1.153095 -11.868617 7.7e-05 -2.2e-05 6e-06 -0.002065 -0.035171 -0.006395 0.660641 -3.745278 -10.556052 -0.663112 3.69456 -10.553195 -17.942471 -11.76426 16.248131 -48.292442 -13.819024 21.967407 -0.207706 -34.51334 0.111554 0.240355 3.149208 -25.739899 -5.882109 9.86129 0.702591 -10.936872 -0.360573 7.156208 -0.0 8.774828 -2e-06 -16.258341 18.196178 6.139096 -1.844033 2.498505 -2.507279 -10.163601 4.678948 4.621109 -20.976028 -2e-06 -1e-06 -21.226292 2.451698 -3.594005 1e-06 -7e-06 -0.0 -1.362682 2.240798 -0.746324 -21.334917 0.584912 3.008324 -13.821215 0.0 -1e-06 -23.887175 -0.249077 -0.839488 -60.613941 2.608775 -1.027218 -0.294024 1.679687 0.833257 -14.21821 0.093217 1.300578 -34.212051 -0.287563 0.967168 -20.033218 0.964536 1.21284 -0.0 -1e-06 1e-06 -3.440389 0.788233 0.501656 -15.928185 -3.16731 2.999707 -6.338826 -1e-06 0.0 -18.123446 3.648184 -4.905675 -2e-06 0.0 -3e-06 20.108459 10.494604 16.532757 52.143963 7.305976 21.596136 0.133168 25.7985 0.061662 3.832876 -2.561175 -16.914186 2.243541 -5.255036 -3.180156 14.282881 -0.826597 6.952499 0.0 -12.690601 0.0 16.048544 -17.888395 2.735552 1.665665 -1.955921 -2.878297 4.727796 -4.170588 4.993923 11.020519 1e-06 -1e-06 12.109043 -3.735717 -2.866784 0.0 0.0 -0.0 1.291985 -1.928549 -1.498088 14.800118 0.567465 3.865606 14.242564 -1.341739 -6.660657 19.631952 0.143923 -0.648247 49.8578 -0.400914 -6.462047 0.353029 -1.51115 -0.031941 20.222776 3.684305 2.316628 18.78726 0.0 -3e-06 10.751622 -0.47987 1.397906 0.0 0.0 0.0 3.273804 0.305946 -0.580111 21.486799 11.830368 2.266131 8.162922 -0.0 -1e-06 18.399071 -3.798987 -4.940573 4e-06 1e-06 -0.0 5.472105 3.966204 19.09116 0.162188 -0.499325 12.553754 -5.492483 3.758169 -7.971171 1.969979 -2.055556 -8.772573 -0.0 -0.0 2e-06 6.346532 -7.906451 -21.526331 -0.040752 -0.223833 14.224737 4.04133 -0.851103 10.719909 -1.397048 0.950653 -1.100615 0.0 0.0 -1e-06 
0.0 0.0 0.0 0.0 -0.0 0.0 -17.475588 97.363106 253.722076 -4.979376 -2.280534 -2.359159 1.353394 -0.187085 -2.889704 -0.012547 -2.286157 -6.512521 2.535772 -4.05833 16.208008 3.488855 0.935679 9.384713 -0.20754 1.947554 -3.618873 -0.198098 1.156201 -11.89161 7.7e-05 -2.2e-05 6e-06 -0.006081 -0.046483 9e-05 0.675717 -3.764933 -10.559216 -0.68445 3.691026 -10.554665 -17.345251 -11.307285 16.315622 -50.762669 -12.575379 23.126257 -0.20221 -33.713131 0.138366 0.42443 3.460402 -24.050402 -5.882109 9.86129 0.702591 -10.936874 -0.360574 7.156204 -0.0 8.77483 -2e-06 -16.350882 18.093689 6.01085 -1.844033 2.498506 -2.507279 -10.163602 4.678947 4.621109 -20.976028 -3e-06 -1e-06 -21.226292 2.451699 -3.594 1e-06 -6e-06 -1e-06 -1.362682 2.2408 -0.746322 -21.334919 0.584912 3.008321 -13.821218 -2e-06 -2e-06 -23.887178 -0.249078 -0.839487 -60.524719 2.492534 -1.061636 -0.294025 1.679688 0.833255 -14.218212 0.093215 1.300578 -34.212059 -0.287563 0.967167 -20.033222 0.964536 1.212841 -0.0 1e-06 2e-06 -3.440389 0.788234 0.501655 -15.928189 -3.167308 2.999707 -6.338829 -1e-06 -0.0 -18.123451 3.648185 -4.905674 -3e-06 0.0 -3e-06 19.520975 10.913365 16.57288 53.087257 7.836798 21.620092 0.195413 24.53303 0.043768 4.05091 -3.116071 -16.491865 2.243543 -5.255037 -3.180158 14.282896 -0.826595 6.9525 -2e-06 -12.690605 2e-06 16.077343 -17.892426 2.72214 1.665667 -1.955922 -2.8783 4.7278 -4.170589 4.993924 11.020529 3e-06 -2e-06 12.109056 -3.735716 -2.866784 -1e-06 1e-06 -0.0 1.291986 -1.92855 -1.49809 14.800132 0.567467 3.865609 14.242579 -1.341735 -6.660661 19.631973 0.143927 -0.648247 49.856129 -0.463208 -6.45106 0.353029 -1.511151 -0.031939 20.222797 3.684309 2.316628 18.787279 5e-06 -5e-06 10.751633 -0.479869 1.397906 0.0 0.0 -0.0 3.273808 0.305947 -0.58011 21.486814 11.830374 2.266129 8.16293 1e-06 -2e-06 18.399086 -3.798985 -4.940576 5e-06 0.0 -1e-06 8.093969 4.142506 17.326561 0.12435 -0.63575 19.874525 -6.260454 3.036179 -3.288205 2.082477 -2.011837 -13.659222 0.0 0.0 3e-06 7.955846 -7.543297 -19.259892 -0.047544 -0.315313 14.535128 3.516651 -0.694539 8.007668 -1.387071 0.920725 -0.601166 0.0 0.0 -1e-06 
0.0 0.0 0.0 0.0 -0.0 0.0 -18.265621 97.821434 256.804993 -5.994671 -2.266128 -2.578034 2.080194 -0.163802 -2.744951 0.131271 -2.1157 -6.45167 2.82282 -3.905624 15.814709 3.61827 0.935238 9.849659 -0.19903 1.882471 -3.634437 0.008485 1.12951 -11.967512 7.7e-05 -2.3e-05 6e-06 -0.005326 -0.036103 0.012788 0.691556 -3.761575 -10.563929 -0.697735 3.705711 -10.563148 -16.587469 -10.86145 16.367834 -52.688946 -11.278613 24.77187 -0.230422 -33.619156 0.135249 0.201404 3.496078 -22.24991 -5.882113 9.861294 0.702591 -10.936881 -0.360573 7.156212 -0.0 8.774833 -2e-06 -16.4035 18.010958 5.83134 -1.844034 2.498507 -2.50728 -10.16361 4.67895 4.621113 -20.97604 -2e-06 -1e-06 -21.226307 2.4517 -3.594005 1e-06 -7e-06 0.0 -1.362683 2.240799 -0.746324 -21.33493 0.584912 3.008323 -13.821223 -1e-06 -1e-06 -23.887188 -0.249077 -0.839487 -60.375957 2.376997 -1.15335 -0.294025 1.679688 0.833257 -14.218223 0.093217 1.300582 -34.212078 -0.287561 0.967166 -20.033232 0.964537 1.212842 0.0 1e-06 1e-06 -3.440391 0.788235 0.501656 -15.928201 -3.167308 2.99971 -6.338831 -2e-06 1e-06 -18.123463 3.648186 -4.905677 -3e-06 0.0 -2e-06 18.793415 11.332789 16.570354 54.032932 8.291921 21.357601 0.363464 24.580681 0.10188 3.954603 -3.338794 -16.464037 2.243543 -5.255041 -3.180158 14.282898 -0.826597 6.952505 -2e-06 -12.690615 1e-06 16.11154 -17.842646 2.716403 1.665667 -1.955923 -2.878299 4.727801 -4.170591 4.993926 11.020531 2e-06 -2e-06 12.109058 -3.735719 -2.866786 -1e-06 1e-06 -2e-06 1.291986 -1.928551 -1.49809 14.800134 0.567467 3.865609 14.24258 -1.341738 -6.660661 19.631975 0.143926 -0.648247 49.816425 -0.572857 -6.41358 0.353029 -1.511152 -0.03194 20.222801 3.68431 2.316631 18.787283 3e-06 -4e-06 10.751633 -0.479869 1.397905 -1e-06 0.0 0.0 3.273809 0.305947 -0.58011 21.486824 11.830383 2.266133 8.16293 1e-06 -1e-06 18.399094 -3.798987 -4.940581 4e-06 1e-06 -1e-06 10.345452 4.405035 13.890996 0.010726 -0.675867 29.647003 -7.05871 2.719731 2.749268 2.129707 -1.876712 -16.232212 -0.0 -0.0 2e-06 9.121754 -7.471935 -16.359421 -0.000947 -0.415418 13.636847 3.060473 -0.562245 6.215185 -1.381058 0.90726 -0.359405 -0.0 -0.0 -1e-06 
0.0 0.0 0.0 0.0 -0.0 0.0 -19.002337 98.219467 259.706146 -6.630153 -2.19182 -3.013248 2.66658 -0.125575 -2.408695 0.210637 -1.829101 -6.296662 2.875808 -3.701089 15.543723 3.747699 0.949777 10.145581 -0.202075 1.694771 -3.655199 0.12023 1.04521 -12.083068 7.7e-05 -2.2e-05 6e-06 -0.001467 -0.007803 0.013757 0.698349 -3.740338 -10.567851 -0.696766 3.737351 -10.572079 -15.906155 -10.371265 16.390917 -53.817535 -10.144946 26.561954 -0.295192 -34.081566 0.13382 -0.2116 3.435579 -20.777187 -5.882111 9.861293 0.70259 -10.936877 -0.360574 7.156206 -0.0 8.774831 -2e-06 -16.419407 17.95347 5.700965 -1.844033 2.498506 -2.507277 -10.163606 4.678948 4.62111 -20.976038 -2e-06 -1e-06 -21.226301 2.451698 -3.594005 2e-06 -7e-06 1e-06 -1.362682 2.240801 -0.746325 -21.334929 0.584913 3.008322 -13.821221 -1e-06 -1e-06 -23.887184 -0.24908 -0.839487 -60.340229 2.358584 -1.243316 -0.294025 1.679689 0.833257 -14.218216 0.093216 1.30058 -34.212067 -0.287563 0.967165 -20.033226 0.964537 1.212841 1e-06 -0.0 1e-06 -3.440389 0.788235 0.501658 -15.928194 -3.16731 2.999707 -6.338828 -1e-06 -1e-06 -18.123457 3.648187 -4.905675 -2e-06 1e-06 -2e-06 18.115677 11.808158 16.594978 54.635437 8.671687 21.229288 0.479826 25.934195 0.174194 3.619358 -3.133931 -16.966478 2.243543 -5.255039 -3.180157 14.282896 -0.826597 6.952503 -0.0 -12.690609 -0.0 16.132626 -17.757174 2.735402 1.665667 -1.955922 -2.878299 4.727801 -4.170589 4.993925 11.02053 1e-06 -1e-06 12.109058 -3.735719 -2.866785 -1e-06 0.0 -1e-06 1.291986 -1.928551 -1.49809 14.800132 0.567466 3.865607 14.242579 -1.34174 -6.660661 19.631973 0.143923 -0.648246 49.761303 -0.626597 -6.344065 0.353029 -1.511152 -0.031939 20.222801 3.684307 2.31663 18.787283 2e-06 -3e-06 10.751633 -0.47987 1.397905 -1e-06 -0.0 -0.0 3.273808 0.305946 -0.58011 21.486816 11.830376 2.266134 8.16293 1e-06 -2e-06 18.39909 -3.79899 -4.940581 4e-06 1e-06 -1e-06 12.00878 4.545928 9.433384 -0.10147 -0.6019 40.410683 -7.691063 3.240076 9.105511 2.003302 -1.80137 -12.782593 -0.0 -0.0 -2e-06 9.859237 -7.657053 -13.215044 0.056 -0.463933 12.386225 2.493795 -0.454283 4.67691 -1.390264 0.914745 -0.367119 -0.0 -0.0 -1e-06 
0.0 0.0 0.0 0.0 -0.0 0.0 -19.662064 98.484688 262.470428 -7.037707 -2.124258 -3.615191 3.142018 -0.067672 -1.984562 0.242042 -1.489087 -6.083532 2.847938 -3.473235 15.446307 3.818669 0.92676 10.432305 -0.182329 1.57212 -3.677435 0.176965 0.997567 -12.278858 7.7e-05 -2.3e-05 6e-06 -0.002215 -0.014122 0.010022 0.690331 -3.748851 -10.551834 -0.690993 3.730891 -10.552988 -15.600338 -9.769812 16.439621 -54.11264 -9.451286 28.119272 -0.363798 -34.459351 0.125996 -0.39099 3.335585 -19.714058 -5.882111 9.86129 0.70259 -10.936878 -0.360574 7.15621 -0.0 8.774828 -3e-06 -16.427057 17.908373 5.716598 -1.844034 2.498506 -2.507278 -10.163605 4.678948 4.62111 -20.976036 -0.0 2e-06 -21.226301 2.451698 -3.594004 1e-06 -6e-06 -1e-06 -1.362682 2.2408 -0.746324 -21.334927 0.584911 3.008325 -13.821221 -1e-06 1e-06 -23.887182 -0.249078 -0.839483 -60.448357 2.437138 -1.221332 -0.294025 1.679687 0.833256 -14.218217 0.093216 1.300581 -34.212074 -0.287562 0.96717 -20.033226 0.964536 1.212843 -0.0 -0.0 1e-06 -3.44039 0.788233 0.501656 -15.928196 -3.167309 2.999709 -6.33883 -1e-06 1e-06 -18.123457 3.648185 -4.905674 -3e-06 2e-06 0.0 17.651531 12.274766 16.740986 54.581924 9.300261 21.685669 0.457913 27.824251 0.152036 3.235113 -2.592109 -17.571833 2.243541 -5.255036 -3.180157 14.28289 -0.826594 6.952501 -2e-06 -12.690601 -0.0 16.126236 -17.654573 2.741177 1.665666 -1.955921 -2.878299 4.727798 -4.170588 4.993924 11.020524 3e-06 -2e-06 12.10905 -3.735715 -2.866785 -1e-06 -0.0 -0.0 1.291986 -1.928549 -1.498089 14.800127 0.567468 3.865607 14.242569 -1.341736 -6.660658 19.631968 0.143927 -0.648246 49.724331 -0.640414 -6.269207 0.353029 -1.51115 -0.031941 20.22279 3.68431 2.316628 18.787273 5e-06 -2e-06 10.751629 -0.479868 1.397906 -2e-06 -0.0 0.0 3.273807 0.305947 -0.58011 21.486811 11.830376 2.266134 8.162928 2e-06 -0.0 18.399078 -3.798984 -4.940576 5e-06 1e-06 -1e-06 13.052215 4.679361 4.804358 -0.124391 -0.502971 50.182446 -7.290286 4.974003 12.630005 1.824173 -1.901883 -5.898201 0.0 0.0 3e-06 10.342016 -7.949146 -10.128717 0.040858 -0.421317 11.356236 1.811575 -0.437419 3.059886 -1.406011 0.927976 -0.47619 0.0 0.0 -1e-06 
0.0 0.0 0.0 0.0 -0.0 0.0 -20.218273 98.723724 265.254883 -7.117427 -2.209266 -4.278391 3.448529 0.050738 -1.639629 0.211231 -1.151179 -5.884719 2.723259 -3.143551 15.541179 3.828789 0.963267 10.87841 -0.165638 1.429757 -3.649148 0.193008 0.99579 -12.477051 7.7e-05 -2.3e-05 6e-06 -0.004334 -0.054136 0.017124 0.676389 -3.786534 -10.530308 -0.682401 3.688562 -10.528047 -15.712836 -9.054689 16.529978 -53.915802 -9.117595 28.974628 -0.420047 -34.327824 0.119083 -0.136935 3.193701 -19.210567 -5.882106 9.861284 0.702591 -10.936872 -0.360575 7.156207 0.0 8.774825 -3e-06 -16.437645 17.899748 5.767726 -1.844032 2.498504 -2.507277 -10.163599 4.678946 4.62111 -20.976023 -2e-06 5e-06 -21.226284 2.451698 -3.593999 1e-06 -5e-06 -1e-06 -1.362683 2.240799 -0.746322 -21.334913 0.584911 3.008324 -13.821213 -3e-06 -0.0 -23.887169 -0.249077 -0.839482 -60.527988 2.525164 -1.212834 -0.294024 1.679687 0.833255 -14.218208 0.093214 1.300582 -34.212051 -0.287564 0.967174 -20.033211 0.964539 1.212845 -0.0 -0.0 1e-06 -3.440389 0.788234 0.501658 -15.928187 -3.16731 2.999709 -6.338825 -1e-06 1e-06 -18.123444 3.648184 -4.90567 -2e-06 1e-06 -1e-06 17.470041 12.667995 16.984491 53.925232 10.44139 22.482145 0.408417 29.293674 0.110337 2.857802 -1.955039 -17.729525 2.243542 -5.255037 -3.180158 14.282892 -0.826595 6.952503 -3e-06 -12.690603 2e-06 16.131336 -17.584238 2.709138 1.665666 -1.95592 -2.878299 4.727798 -4.170588 4.993925 11.020526 2e-06 -2e-06 12.109053 -3.735715 -2.866785 -1e-06 -0.0 -1e-06 1.291986 -1.928548 -1.49809 14.800129 0.567468 3.865606 14.242574 -1.341735 -6.660658 19.631969 0.143927 -0.648245 49.640011 -0.695841 -6.265536 0.353029 -1.511149 -0.031939 20.222794 3.684309 2.31663 18.787273 5e-06 -1e-06 10.751627 -0.479868 1.397906 -2e-06 0.0 0.0 3.273807 0.305945 -0.580111 21.486813 11.830376 2.266131 8.162928 0.0 -0.0 18.399082 -3.798985 -4.940577 3e-06 0.0 -1e-06 13.377157 4.992368 0.504168 -0.148626 -0.308104 57.334103 -6.091927 6.806238 11.491796 1.806587 -1.970037 -3.532992 0.0 -0.0 2e-06 10.409776 -8.21774 -7.050282 -0.000945 -0.370249 10.474213 1.241042 -0.348704 1.538064 -1.408881 0.942379 -0.4984 0.0 0.0 -1e-06 
0.0 0.0 0.0 0.0 -0.0 0.0 -20.678347 98.942795 268.094238 -6.901034 -2.40467 -4.862687 3.563035 0.195558 -1.39732 0.135079 -0.822251 -5.736747 2.526392 -2.752552 15.699156 3.785945 1.021009 11.466692 -0.15532 1.372808 -3.6052 0.176461 0.95625 -12.507953 7.7e-05 -2.2e-05 6e-06 -0.0034 -0.085309 0.029798 0.665811 -3.812941 -10.511632 -0.671038 3.652861 -10.507065 -15.939889 -8.348841 16.647339 -53.697315 -8.96673 29.01067 -0.450735 -33.841816 0.124268 0.36166 3.1339 -19.112858 -5.882106 9.861286 0.702593 -10.936871 -0.360574 7.156202 -1e-06 8.774826 -1e-06 -16.424898 17.931568 5.824578 -1.844032 2.498503 -2.50728 -10.163598 4.678947 4.621109 -20.976021 -1e-06 3e-06 -21.226282 2.451702 -3.593999 2e-06 -6e-06 -1e-06 -1.362681 2.240798 -0.746323 -21.334913 0.584913 3.008321 -13.821213 -2e-06 0.0 -23.887169 -0.249077 -0.839485 -60.552074 2.59487 -1.216457 -0.294025 1.679687 0.833256 -14.218208 0.093218 1.300581 -34.212048 -0.28756 0.967169 -20.033215 0.964537 1.212842 -1e-06 1e-06 -0.0 -3.440388 0.788233 0.501655 -15.928185 -3.167308 2.999708 -6.338826 -0.0 1e-06 -18.123444 3.648185 -4.905672 -2e-06 1e-06 -2e-06 17.362009 13.062522 17.180429 53.15218 11.918713 23.093496 0.419532 30.020252 0.134018 2.414357 -1.47225 -17.392546 2.243542 -5.255037 -3.180161 14.28289 -0.826596 6.952502 -2e-06 -12.690607 2e-06 16.111362 -17.522596 2.70231 1.665666 -1.955921 -2.878301 4.727798 -4.170588 4.993926 11.020526 3e-06 -2e-06 12.109053 -3.735716 -2.866787 -1e-06 -1e-06 1e-06 1.291986 -1.928551 -1.498091 14.800131 0.567467 3.865608 14.242573 -1.341737 -6.66066 19.631969 0.143927 -0.648247 49.594364 -0.723776 -6.252123 0.353029 -1.51115 -0.031941 20.222794 3.684309 2.316626 18.787271 3e-06 -3e-06 10.751627 -0.479869 1.397905 1e-06 0.0 1e-06 3.273807 0.305946 -0.580112 21.486816 11.830377 2.266129 8.162928 2e-06 -2e-06 18.399086 -3.798985 -4.940577 4e-06 0.0 -2e-06 13.073586 5.378495 -3.651901 -0.159494 -0.065175 61.367153 -5.408109 8.055208 8.798072 1.829003 -1.979765 -3.159333 -0.0 0.0 3e-06 10.074021 -8.297434 -4.027066 0.004521 -0.344755 9.594263 0.849891 -0.218974 0.109575 -1.40631 0.949288 -0.366528 -0.0 0.0 -1e-06 
0.0 0.0 0.0 0.0 -0.0 0.0 -21.057291 99.083344 270.859009 -6.588715 -2.638944 -5.312476 3.611061 0.333346 -1.178724 0.064522 -0.465618 -5.605607 2.282485 -2.375369 15.775328 3.632134 1.082388 12.044602 -0.156101 1.407593 -3.575155 0.184116 0.865956 -12.397468 7.7e-05 -2.3e-05 6e-06 8.5e-05 -0.085455 0.040857 0.663586 -3.809819 -10.512068 -0.663025 3.649143 -10.503877 -16.127186 -7.715451 16.776529 -53.559494 -8.818003 28.682772 -0.316121 -33.493446 0.071072 0.803908 3.153482 -19.209726 -5.882107 9.86129 0.702591 -10.936873 -0.360575 7.156204 -0.0 8.774828 -0.0 -16.416491 17.995081 5.86403 -1.844033 2.498504 -2.507277 -10.1636 4.678946 4.621108 -20.976025 -5e-06 0.0 -21.226286 2.451698 -3.594001 0.0 -6e-06 -0.0 -1.362682 2.240798 -0.746323 -21.334917 0.58491 3.008324 -13.821214 -3e-06 0.0 -23.887178 -0.24908 -0.839486 -60.569252 2.647386 -1.258696 -0.294024 1.679688 0.833256 -14.21821 0.093216 1.30058 -34.212048 -0.287563 0.967169 -20.033216 0.964537 1.212842 -0.0 -1e-06 0.0 -3.440389 0.788234 0.501655 -15.928189 -3.16731 2.999706 -6.338828 -2e-06 -2e-06 -18.123447 3.648184 -4.905674 -2e-06 -1e-06 -2e-06 17.1238 13.551176 17.274422 52.528191 13.465381 23.434864 0.449629 30.360239 0.197439 1.911275 -1.156963 -17.117508 2.243543 -5.255039 -3.180157 14.282892 -0.826596 6.952501 1e-06 -12.690609 -2e-06 16.065798 -17.459358 2.725244 1.665666 -1.955922 -2.878298 4.727799 -4.170588 4.993924 11.020528 1e-06 -3e-06 12.109053 -3.735719 -2.866787 -0.0 -0.0 -0.0 1.291987 -1.928551 -1.498091 14.800129 0.567466 3.865606 14.242576 -1.341741 -6.660662 19.631969 0.143924 -0.648249 49.54364 -0.753497 -6.225039 0.353029 -1.511151 -0.03194 20.222792 3.684308 2.316628 18.787275 3e-06 -6e-06 10.751631 -0.479868 1.397903 1e-06 0.0 1e-06 3.273807 0.305947 -0.580112 21.486813 11.830378 2.266131 8.162926 1e-06 -2e-06 18.399086 -3.798986 -4.940581 5e-06 0.0 -0.0 12.424984 5.83147 -7.860735 -0.142004 0.120075 62.617332 -5.57552 8.613111 6.050026 1.832355 -1.977423 -3.060405 -0.0 -0.0 1e-06 9.546998 -8.221471 -1.171095 0.035043 -0.338836 8.678787 0.598849 -0.093082 -1.278259 -1.403652 0.947318 -0.149193 -0.0 0.0 -1e-06 
0.0 0.0 0.0 0.0 -0.0 0.0 -21.370266 99.10495 273.53125 -6.297448 -2.885065 -5.562308 3.663601 0.445883 -0.962982 0.024497 -0.090444 -5.473491 2.041757 -2.015247 15.754631 3.365441 1.187488 12.396807 -0.183948 1.419881 -3.569324 0.191227 0.781281 -12.220953 7.7e-05 -2.3e-05 6e-06 0.002309 -0.075683 0.048421 0.670408 -3.798439 -10.522318 -0.666822 3.656619 -10.510209 -16.354914 -7.154722 16.83301 -53.327217 -8.561759 28.268808 -0.102406 -33.576763 -0.012761 1.145853 3.145917 -19.587999 -5.882111 9.86129 0.702592 -10.936877 -0.360573 7.156206 -1e-06 8.77483 -1e-06 -16.389357 18.041557 5.892601 -1.844034 2.498506 -2.507279 -10.163608 4.678948 4.621109 -20.976038 -1e-06 -1e-06 -21.226301 2.451699 -3.594005 -0.0 -6e-06 -1e-06 -1.362682 2.240799 -0.746325 -21.334927 0.584913 3.00832 -13.821221 -2e-06 -2e-06 -23.887186 -0.249077 -0.839489 -60.569046 2.646864 -1.292013 -0.294024 1.679688 0.833256 -14.218217 0.093216 1.300579 -34.212067 -0.287564 0.967164 -20.033222 0.964536 1.212841 -1e-06 -0.0 0.0 -3.44039 0.788234 0.501655 -15.928198 -3.16731 2.999705 -6.33883 -1e-06 -3e-06 -18.123459 3.648185 -4.905676 -2e-06 0.0 -2e-06 16.758043 14.135139 17.257994 51.99052 14.833026 23.580238 0.430254 30.807825 0.236602 1.484704 -0.913665 -17.240337 2.243542 -5.255037 -3.180157 14.282887 -0.826595 6.952502 -2e-06 -12.690603 0.0 16.02821 -17.417477 2.754708 1.665667 -1.955922 -2.878298 4.727798 -4.170586 4.993924 11.020523 2e-06 -2e-06 12.109048 -3.735715 -2.866782 0.0 -0.0 -1e-06 1.291985 -1.928549 -1.498089 14.800125 0.567468 3.865608 14.242569 -1.341737 -6.660659 19.631968 0.143927 -0.648245 49.509007 -0.782531 -6.187137 0.353028 -1.511148 -0.03194 20.222786 3.684309 2.316629 18.78727 6e-06 -2e-06 10.751625 -0.479869 1.397907 1e-06 1e-06 -0.0 3.273806 0.305946 -0.580113 21.486809 11.830373 2.266132 8.162924 2e-06 -0.0 18.399076 -3.798987 -4.940575 6e-06 1e-06 -1e-06 11.618131 6.430496 -12.048935 -0.086304 0.252236 61.18858 -6.293408 8.661376 3.781722 1.806015 -1.961409 -2.937556 -1e-06 -1e-06 -2e-06 9.151711 -8.041969 1.307133 0.052753 -0.330789 7.894377 0.279004 -0.030004 -2.705931 -1.405443 0.938531 0.080383 0.0 0.0 -1e-06 
0.0 0.0 0.0 0.0 -0.0 0.0 -21.633551 99.033722 276.161041 -6.048355 -3.124717 -5.577912 3.7156 0.513037 -0.796005 0.019252 0.277184 -5.355327 1.828728 -1.676999 15.696538 3.01758 1.360895 12.472487 -0.224107 1.362458 -3.593187 0.189538 0.735965 -12.040735 7.7e-05 -2.2e-05 6e-06 0.003095 -0.064791 0.050947 0.678119 -3.78689 -10.530056 -0.674371 3.665196 -10.51715 -16.725683 -6.653662 16.824638 -52.901218 -8.285499 27.918795 0.125296 -33.915447 -0.0924 1.369662 3.09599 -20.195946 -5.882112 9.861295 0.702589 -10.936881 -0.360574 7.156208 -0.0 8.774832 -1e-06 -16.364996 18.05913 5.917577 -1.844034 2.498506 -2.507279 -10.163608 4.678949 4.62111 -20.97604 -3e-06 1e-06 -21.226303 2.451699 -3.594002 1e-06 -5e-06 -1e-06 -1.362683 2.2408 -0.746324 -21.334934 0.584911 3.008323 -13.821225 -2e-06 1e-06 -23.887188 -0.249079 -0.839486 -60.571819 2.586843 -1.251627 -0.294025 1.679689 0.833256 -14.218223 0.093217 1.300577 -34.212082 -0.287562 0.967168 -20.033232 0.964537 1.212842 -1e-06 0.0 -1e-06 -3.440392 0.788234 0.501655 -15.928201 -3.167311 2.999708 -6.338833 -1e-06 -1e-06 -18.123466 3.648186 -4.905676 -2e-06 -0.0 -2e-06 16.410055 14.760792 17.171381 51.345776 15.936309 23.704519 0.343044 31.549429 0.225377 1.215729 -0.708938 -17.61747 2.243545 -5.255042 -3.180159 14.282902 -0.826598 6.952506 0.0 -12.690612 0.0 16.000395 -17.39196 2.780282 1.665668 -1.955923 -2.878301 4.727804 -4.17059 4.993928 11.020535 1e-06 -1e-06 12.109062 -3.735719 -2.866787 -1e-06 -0.0 -1e-06 1.291987 -1.928551 -1.49809 14.80014 0.567466 3.865608 14.242586 -1.341738 -6.660665 19.631987 0.143923 -0.648248 49.510811 -0.790511 -6.1171 0.35303 -1.511151 -0.03194 20.222809 3.684309 2.316629 18.787289 3e-06 -4e-06 10.751638 -0.47987 1.397906 2e-06 2e-06 -1e-06 3.273808 0.305947 -0.580115 21.486832 11.830379 2.266133 8.162935 1e-06 -2e-06 18.399096 -3.798988 -4.94058 4e-06 0.0 0.0 10.69235 7.112339 -15.939601 0.009994 0.344082 57.198238 -7.076188 8.558931 2.267795 1.78023 -1.941616 -2.758959 -0.0 -0.0 3e-06 8.805872 -7.801713 3.403709 0.046566 -0.297874 7.275767 -0.021744 0.012855 -4.193526 -1.411228 0.925497 0.265271 -0.0 0.0 -1e-06 
0.0 0.0 0.0 0.0 -0.0 0.0 -21.843199 98.914703 278.794952 -5.814855 -3.35146 -5.346766 3.741488 0.510331 -0.707406 0.029202 0.632936 -5.291388 1.655133 -1.368308 15.64977 2.610782 1.5948 12.351377 -0.268156 1.303051 -3.635921 0.149979 0.700702 -11.913353 7.7e-05 -2.3e-05 6e-06 0.00423 -0.04912 0.047232 0.679269 -3.771819 -10.538021 -0.674564 3.679452 -10.53075 -17.238256 -6.196178 16.77984 -52.360935 -8.079332 27.607735 0.279729 -34.218765 -0.148349 1.506613 3.018023 -20.955475 -5.882107 9.861286 0.70259 -10.93687 -0.360574 7.156204 -1e-06 8.774824 -1e-06 -16.327841 18.052904 5.9287 -1.844032 2.498505 -2.507279 -10.1636 4.678946 4.62111 -20.976023 -0.0 1e-06 -21.226286 2.451699 -3.594003 1e-06 -6e-06 0.0 -1.362682 2.240798 -0.746323 -21.334913 0.584912 3.008322 -13.821213 -2e-06 1e-06 -23.887167 -0.249079 -0.839486 -60.545925 2.512633 -1.14619 -0.294025 1.679687 0.833256 -14.218207 0.093216 1.30058 -34.212048 -0.287561 0.967166 -20.033211 0.964538 1.212842 -0.0 -1e-06 -1e-06 -3.440388 0.788233 0.501655 -15.928185 -3.167308 2.999708 -6.338828 -0.0 1e-06 -18.123447 3.648185 -4.905673 -2e-06 1e-06 -1e-06 16.125975 15.405861 17.096115 50.556015 16.856266 23.741854 0.288032 32.494175 0.205501 1.043022 -0.50564 -17.85327 2.243542 -5.255035 -3.180155 14.282888 -0.826596 6.952502 -0.0 -12.690602 -2e-06 15.966086 -17.363943 2.776195 1.665666 -1.955922 -2.878299 4.727798 -4.170587 4.993924 11.020524 3e-06 -1e-06 12.109052 -3.735716 -2.866781 -1e-06 -1e-06 -1e-06 1.291986 -1.92855 -1.498087 14.800127 0.567468 3.865605 14.24257 -1.341738 -6.660657 19.631962 0.143924 -0.648247 49.505836 -0.770477 -6.040768 0.35303 -1.51115 -0.03194 20.222788 3.684308 2.316629 18.78727 5e-06 -2e-06 10.751628 -0.479868 1.397904 2e-06 2e-06 -3e-06 3.273806 0.305948 -0.58011 21.486813 11.830371 2.266135 8.162927 1e-06 -1e-06 18.39908 -3.798985 -4.940572 4e-06 1e-06 0.0 9.631152 7.80582 -19.308748 0.115544 0.390963 50.983196 -7.568434 8.520512 1.87 1.768618 -1.951486 -2.575731 -0.0 0.0 3e-06 8.468353 -7.527374 5.13487 0.030299 -0.236923 6.789934 -0.277884 0.02538 -5.617563 -1.418934 0.913491 0.436693 -0.0 0.0 -1e-06 
0.0 0.0 0.0 0.0 -0.0 0.0 -21.977634 98.764206 281.401367 -5.587039 -3.56043 -4.874978 3.746355 0.43717 -0.715192 0.036566 0.949974 -5.30051 1.522267 -1.06444 15.622496 2.140654 1.838537 12.133774 -0.302306 1.318917 -3.66556 0.07518 0.629938 -11.80176 7.7e-05 -2.3e-05 6e-06 0.006898 -0.022931 0.043341 0.676048 -3.746808 -10.548231 -0.667243 3.705742 -10.547653 -17.813738 -5.804461 16.715261 -51.849842 -7.954316 27.315371 0.354018 -34.320992 -0.192683 1.504394 2.976059 -21.559563 -5.882114 9.861297 0.702592 -10.936885 -0.360574 7.156213 0.0 8.774837 1e-06 -16.285879 18.04248 5.921335 -1.844035 2.498507 -2.507281 -10.163612 4.678951 4.621114 -20.976053 -4e-06 1e-06 -21.226316 2.451698 -3.594006 1e-06 -5e-06 -1e-06 -1.362684 2.240801 -0.746324 -21.334942 0.584911 3.008326 -13.821233 -2e-06 2e-06 -23.887199 -0.249079 -0.839485 -60.510246 2.509998 -1.063342 -0.294025 1.679688 0.833256 -14.218225 0.093216 1.30058 -34.212097 -0.287564 0.967168 -20.033241 0.964536 1.212843 0.0 -1e-06 -1e-06 -3.440393 0.788235 0.501656 -15.928208 -3.167313 2.99971 -6.338836 -1e-06 -0.0 -18.12347 3.648187 -4.905678 -2e-06 1e-06 -0.0 15.828166 16.025875 17.011919 49.792725 17.67288 23.824024 0.216617 33.440403 0.178431 0.942259 -0.30593 -17.858179 2.243543 -5.25504 -3.180159 14.282895 -0.826595 6.9525 -1e-06 -12.69061 -1e-06 15.92717 -17.362808 2.745196 1.665667 -1.955922 -2.8783 4.727802 -4.17059 4.993926 11.02053 2e-06 -3e-06 12.109057 -3.73572 -2.866785 -1e-06 -0.0 1e-06 1.291987 -1.92855 -1.498089 14.800134 0.567467 3.865606 14.242579 -1.34174 -6.660661 19.631973 0.143924 -0.648247 49.455925 -0.73944 -6.01639 0.35303 -1.511151 -0.03194 20.222801 3.684311 2.31663 18.787283 4e-06 -5e-06 10.751633 -0.479871 1.397904 2e-06 3e-06 -1e-06 3.273808 0.305947 -0.58011 21.486816 11.830379 2.266132 8.16293 1e-06 -1e-06 18.399092 -3.798987 -4.940579 4e-06 0.0 -1e-06 8.420587 8.536596 -21.947788 0.195009 0.422831 42.65683 -7.663705 8.68798 2.784423 1.754987 -1.987132 -2.461204 -0.0 0.0 2e-06 8.11397 -7.257998 6.559175 0.014372 -0.160287 6.419019 -0.50147 0.053725 -6.947543 -1.426273 0.909766 0.579652 0.0 0.0 -1e-06 
0.0 0.0 0.0 0.0 -0.0 0.0 -22.01543 98.548431 284.010284 -5.40607 -3.72796 -4.171318 3.763183 0.333681 -0.869994 0.027028 1.14704 -5.377182 1.461273 -0.728622 15.601141 1.652054 2.092082 11.899036 -0.341496 1.329202 -3.666149 -0.019569 0.525591 -11.659851 7.7e-05 -2.3e-05 6e-06 0.012383 0.002434 0.045806 0.677936 -3.723386 -10.563505 -0.659261 3.732778 -10.562852 -18.337568 -5.48708 16.644243 -51.507507 -7.897019 27.079142 0.358255 -34.199364 -0.215695 1.333084 3.080025 -21.82786 -5.882107 9.861285 0.702591 -10.936872 -0.360574 7.156205 -0.0 8.774824 -0.0 -16.243385 18.046165 5.920865 -1.844032 2.498504 -2.507278 -10.163601 4.678945 4.62111 -20.976023 -2e-06 4e-06 -21.226286 2.451698 -3.593998 1e-06 -6e-06 1e-06 -1.362682 2.240798 -0.746323 -21.334913 0.584912 3.008324 -13.821213 0.0 4e-06 -23.887171 -0.249076 -0.839483 -60.52906 2.578797 -1.074415 -0.294025 1.679688 0.833256 -14.218208 0.093216 1.300581 -34.212048 -0.28756 0.96717 -20.033211 0.964539 1.212842 0.0 -0.0 -1e-06 -3.440388 0.788232 0.501656 -15.928185 -3.167308 2.999709 -6.338827 -1e-06 2e-06 -18.123444 3.648185 -4.905668 -1e-06 1e-06 -2e-06 15.444045 16.517612 16.826639 49.244457 18.31727 24.034975 0.096617 34.270149 0.120979 0.942171 -0.13129 -17.628084 2.243542 -5.255036 -3.180156 14.282887 -0.826594 6.952498 -1e-06 -12.6906 -1e-06 15.928828 -17.395397 2.688062 1.665666 -1.955921 -2.878298 4.727798 -4.170586 4.993923 11.020522 3e-06 -1e-06 12.10905 -3.735715 -2.866784 1e-06 0.0 2e-06 1.291985 -1.92855 -1.498089 14.800123 0.567468 3.865604 14.242568 -1.341737 -6.660656 19.631962 0.143925 -0.648246 49.388798 -0.734345 -6.076597 0.353028 -1.511149 -0.031939 20.222786 3.684309 2.316629 18.78727 7e-06 -2e-06 10.751625 -0.479868 1.397905 1e-06 2e-06 0.0 3.273806 0.305947 -0.58011 21.486803 11.830371 2.26613 8.162924 -0.0 -2e-06 18.399075 -3.798986 -4.940575 4e-06 0.0 1e-06 7.099221 9.354596 -23.498737 0.22511 0.484873 32.064808 -7.665464 8.758699 4.687697 1.738907 -1.993754 -2.293447 -0.0 -1e-06 2e-06 7.759637 -7.060867 7.710748 -0.006576 -0.107824 6.147059 -0.677229 0.243003 -8.294986 -1.430696 0.928921 0.673249 -0.0 0.0 -1e-06 
0.0 0.0 0.0 0.0 -0.0 0.0 -21.961674 98.242508 286.732269 -5.326573 -3.884178 -3.343851 3.799909 0.266723 -1.173581 0.019289 1.20287 -5.512268 1.499406 -0.445127 15.597229 1.1934 2.345976 11.660276 -0.399949 1.288894 -3.657994 -0.136183 0.523964 -11.358342 7.7e-05 -2.3e-05 6e-06 0.017896 0.021584 0.050479 0.688855 -3.711193 -10.592511 -0.660083 3.757911 -10.583104 -18.739359 -5.17039 16.580626 -51.425056 -7.849374 26.873247 0.330529 -33.945999 -0.216008 0.994683 3.376101 -21.650902 -5.882111 9.86129 0.702591 -10.936877 -0.360574 7.156206 -1e-06 8.774828 -3e-06 -16.193256 18.034784 5.997656 -1.844033 2.498505 -2.507277 -10.163604 4.678948 4.621108 -20.976034 -1e-06 0.0 -21.226301 2.451699 -3.594005 2e-06 -6e-06 -0.0 -1.362682 2.240799 -0.746321 -21.334925 0.584913 3.008322 -13.82122 -2e-06 0.0 -23.887182 -0.249078 -0.839487 -60.645706 2.661694 -1.045402 -0.294024 1.679687 0.833256 -14.218215 0.093217 1.30058 -34.212067 -0.287562 0.967165 -20.033222 0.964537 1.21284 -0.0 -0.0 -2e-06 -3.44039 0.788234 0.501655 -15.928192 -3.167308 2.999708 -6.33883 -1e-06 0.0 -18.123457 3.648185 -4.905677 -2e-06 0.0 -2e-06 15.014803 16.890053 16.583395 48.952721 18.737242 24.28871 -0.078962 34.966209 -0.006844 1.063641 -0.058124 -17.105062 2.24354 -5.255037 -3.180157 14.282895 -0.826596 6.952507 -3e-06 -12.690607 2e-06 15.973984 -17.448814 2.656655 1.665667 -1.955922 -2.8783 4.7278 -4.170588 4.993925 11.020528 3e-06 -0.0 12.109053 -3.735717 -2.866782 0.0 0.0 1e-06 1.291985 -1.92855 -1.498089 14.800131 0.567467 3.865611 14.242577 -1.341734 -6.660658 19.631971 0.143924 -0.648243 49.423634 -0.765391 -6.138735 0.353029 -1.511152 -0.03194 20.222797 3.684309 2.316633 18.787279 5e-06 -0.0 10.751629 -0.479869 1.397908 0.0 1e-06 1e-06 3.273808 0.305947 -0.580111 21.48682 11.830376 2.266135 8.16293 1e-06 -1e-06 18.39909 -3.798986 -4.940574 3e-06 0.0 -0.0 5.821937 10.119927 -23.822811 0.144347 0.530514 19.809366 -8.091232 8.44288 6.987566 1.71431 -1.968405 -2.127651 -0.0 0.0 2e-06 7.4132 -6.961175 8.829397 -0.036651 -0.118394 5.852683 -0.725373 0.617137 -9.652406 -1.432462 0.946799 0.662685 0.0 0.0 -1e-06 
0.0 0.0 0.0 0.0 -0.0 0.0 -21.827707 97.87957 289.577148 -5.254421 -4.033562 -2.509614 3.737412 0.209939 -1.642525 0.053158 1.222999 -5.673612 1.601687 -0.356731 15.609595 0.745912 2.607736 11.476202 -0.468249 1.251268 -3.665581 -0.30517 0.652658 -10.803913 7.7e-05 -2.2e-05 6e-06 0.01645 0.020308 0.051229 0.691869 -3.72089 -10.618475 -0.666863 3.762738 -10.605642 -19.150167 -4.791193 16.59605 -51.479774 -7.67284 26.522341 0.329038 -33.71722 -0.222406 0.663002 3.591337 -21.424656 -5.88211 9.86129 0.702591 -10.936878 -0.360576 7.156209 1e-06 8.774831 -1e-06 -16.177214 18.047033 6.103293 -1.844034 2.498505 -2.50728 -10.163607 4.678947 4.621112 -20.97604 -4e-06 3e-06 -21.226301 2.451698 -3.594002 2e-06 -6e-06 -1e-06 -1.362682 2.240799 -0.746323 -21.33493 0.584909 3.008325 -13.821221 -3e-06 2e-06 -23.887188 -0.249081 -0.839483 -60.802578 2.701364 -0.970941 -0.294025 1.679688 0.833256 -14.218219 0.093215 1.300583 -34.212074 -0.287566 0.96717 -20.03323 0.964536 1.212844 -0.0 -1e-06 -1e-06 -3.440391 0.788233 0.501656 -15.928198 -3.167313 2.999709 -6.338831 -2e-06 1e-06 -18.123459 3.648184 -4.905673 -2e-06 -0.0 -1e-06 14.68552 17.181395 16.443691 48.7729 18.933342 24.520823 -0.253505 35.614437 -0.163183 1.29423 -0.102535 -16.427717 2.243544 -5.255041 -3.18016 14.282903 -0.826596 6.952507 -2e-06 -12.690612 1e-06 16.041105 -17.532513 2.701591 1.665668 -1.955924 -2.878302 4.727803 -4.170592 4.993927 11.020536 2e-06 -4e-06 12.10906 -3.735718 -2.866786 0.0 -1e-06 1e-06 1.291987 -1.92855 -1.49809 14.80014 0.567467 3.86561 14.242584 -1.341736 -6.660663 19.631985 0.143926 -0.648247 49.62746 -0.832761 -6.164342 0.35303 -1.511152 -0.031941 20.222811 3.684312 2.31663 18.787292 5e-06 -4e-06 10.751637 -0.479871 1.397905 0.0 1e-06 -0.0 3.27381 0.305947 -0.580112 21.486832 11.830381 2.266132 8.162934 -0.0 -1e-06 18.399099 -3.798988 -4.940581 3e-06 -1e-06 -0.0 4.700972 10.155085 -23.581503 -0.020888 0.40802 8.358089 -8.800119 8.061725 8.622669 1.635924 -1.986748 -2.216521 0.0 -0.0 2e-06 6.956306 -6.840746 9.980764 -0.047866 -0.210128 5.743086 -0.543369 0.985725 -10.906771 -1.432246 0.898793 0.488774 -0.0 0.0 -1e-06 
0.0 0.0 0.0 0.0 -0.0 0.0 -21.599689 97.458717 292.492828 -4.864533 -4.269464 -1.775745 3.388814 0.200428 -2.156218 0.072678 1.264044 -5.840894 1.67348 -0.378442 15.650395 0.290483 2.860597 11.37091 -0.495983 1.177816 -3.682954 -0.459907 0.769253 -10.143067 7.7e-05 -2.2e-05 6e-06 0.012501 -0.020903 0.04867 0.67113 -3.763229 -10.61615 -0.654725 3.722324 -10.605341 -19.781519 -4.561885 16.633614 -51.419842 -7.288086 25.893663 0.290222 -33.451492 -0.22165 0.344912 3.472441 -21.566515 -5.882107 9.861287 0.70259 -10.936872 -0.360574 7.156205 -1e-06 8.774826 -0.0 -16.219587 18.054209 6.085611 -1.844033 2.498505 -2.507277 -10.163602 4.678946 4.621109 -20.976023 -1e-06 2e-06 -21.22629 2.451699 -3.594002 0.0 -6e-06 0.0 -1.362682 2.240799 -0.746323 -21.334913 0.584911 3.008323 -13.821213 -2e-06 1e-06 -23.887169 -0.249077 -0.839485 -60.847164 2.707033 -0.978552 -0.294025 1.679688 0.833256 -14.218209 0.093216 1.300581 -34.212051 -0.287563 0.967168 -20.033215 0.964535 1.212842 -0.0 -0.0 -1e-06 -3.440388 0.788234 0.501655 -15.928185 -3.167309 2.999707 -6.338827 -0.0 2e-06 -18.123446 3.648184 -4.90567 -3e-06 -0.0 -1e-06 14.772339 17.23575 16.400833 48.382732 18.946707 24.71965 -0.279271 36.120731 -0.209755 1.425012 -0.030066 -16.02623 2.24354 -5.255035 -3.180156 14.282883 -0.826594 6.952496 -2e-06 -12.690601 -1e-06 16.092808 -17.560068 2.722502 1.665666 -1.955922 -2.878298 4.727796 -4.170587 4.99392 11.02052 1e-06 -2e-06 12.109048 -3.735714 -2.866783 1e-06 -0.0 1e-06 1.291986 -1.928549 -1.498089 14.800118 0.567468 3.865605 14.242566 -1.341734 -6.660657 19.631954 0.143926 -0.648246 49.728031 -0.866872 -6.231343 0.353028 -1.51115 -0.031939 20.222784 3.68431 2.316627 18.78726 6e-06 -2e-06 10.751622 -0.479866 1.397906 0.0 0.0 -0.0 3.273804 0.305947 -0.580112 21.486799 11.830369 2.266128 8.162922 1e-06 -2e-06 18.399071 -3.798983 -4.940577 3e-06 0.0 -0.0 3.52931 9.417779 -23.560879 -0.069544 0.271181 1.064946 -9.101736 8.535527 9.137282 1.578184 -2.028254 -2.475537 0.0 0.0 3e-06 6.12074 -6.557964 10.776383 -0.051459 -0.278826 6.545276 -0.228163 1.3676 -12.456039 -1.431613 0.839628 0.227011 0.0 0.0 -1e-06 
0.0 0.0 0.0 0.0 -0.0 0.0 -21.318239 97.072495 295.505493 -3.928765 -4.479577 -1.331193 2.656631 0.266375 -2.522034 -0.001845 1.396351 -5.989429 1.53903 -0.465214 15.781178 0.075708 3.007584 11.226917 -0.499117 1.040424 -3.611924 -0.640729 0.880434 -9.838945 7.7e-05 -2.3e-05 6e-06 0.008427 0.007746 0.06435 0.664912 -3.735715 -10.593114 -0.656809 3.752273 -10.586867 -20.37743 -4.618546 16.605413 -51.28244 -6.876905 25.135347 0.169852 -33.125622 -0.158342 0.008701 3.403952 -22.045404 -5.882108 9.86129 0.702591 -10.936872 -0.360574 7.156203 -2e-06 8.774828 0.0 -16.245211 17.946589 5.937757 -1.844033 2.498505 -2.507277 -10.1636 4.678947 4.621109 -20.976023 -1e-06 -0.0 -21.226288 2.4517 -3.594005 2e-06 -6e-06 -0.0 -1.362682 2.240799 -0.746324 -21.334913 0.584913 3.008322 -13.821213 -0.0 0.0 -23.887167 -0.249076 -0.839488 -60.761536 2.669206 -1.078334 -0.294025 1.679687 0.833256 -14.218208 0.093217 1.300581 -34.21204 -0.28756 0.967165 -20.033213 0.964536 1.21284 -0.0 -1e-06 -1e-06 -3.440389 0.788235 0.501656 -15.928185 -3.167308 2.999707 -6.338828 -0.0 1e-06 -18.123449 3.648186 -4.905674 -3e-06 0.0 -1e-06 15.315245 17.056782 16.439194 47.917496 18.73543 24.93372 -0.410103 36.309818 -0.143599 1.238635 0.183527 -15.964309 2.243543 -5.25504 -3.180159 14.282896 -0.826595 6.952506 -1e-06 -12.690607 0.0 16.051102 -17.528608 2.687648 1.665668 -1.955922 -2.878298 4.7278 -4.17059 4.993925 11.020529 1e-06 0.0 12.109056 -3.735717 -2.866784 0.0 0.0 1e-06 1.291986 -1.92855 -1.49809 14.800136 0.567466 3.865608 14.242579 -1.341739 -6.660662 19.631975 0.143922 -0.648246 49.630707 -0.947285 -6.293542 0.353029 -1.511152 -0.031941 20.222801 3.684307 2.316631 18.787283 3e-06 -3e-06 10.751632 -0.479868 1.397904 0.0 0.0 -0.0 3.273808 0.305946 -0.580112 21.486818 11.830376 2.266132 8.16293 -1e-06 -3e-06 18.399092 -3.798986 -4.940579 3e-06 -1e-06 -0.0 2.112003 8.238125 -24.297693 -0.004005 0.208542 0.578472 -7.49813 9.192569 10.265486 1.609426 -2.024951 -2.332882 1e-06 0.0 3e-06 4.623538 -6.232 11.643378 -0.056617 -0.269999 7.887077 0.117375 1.442431 -13.844123 -1.443604 0.820021 -0.182417 -0.0 0.0 -1e-06 
0.0 0.0 0.0 0.0 -0.0 0.0 -20.961149 96.819061 298.73468 -2.543528 -4.662028 -1.080907 1.657254 0.315045 -2.963417 -0.145111 1.518057 -6.13424 1.191683 -0.513716 16.027687 -0.013492 3.101441 11.126194 -0.556415 1.132926 -3.608806 -0.666795 0.815146 -9.44608 7.7e-05 -2.3e-05 6e-06 0.013359 -0.005077 0.068317 0.668866 -3.749745 -10.591119 -0.651036 3.7414 -10.58572 -20.9823 -4.535455 16.543648 -51.045238 -6.585011 24.621964 0.061419 -32.591892 -0.099628 -0.342834 3.361056 -22.786808 -5.882111 9.861292 0.702591 -10.936881 -0.360577 7.156209 1e-06 8.774832 0.0 -16.248812 17.990778 5.977664 -1.844035 2.498506 -2.50728 -10.163608 4.678947 4.621112 -20.976042 -7e-06 2e-06 -21.226305 2.451696 -3.594001 0.0 -6e-06 -0.0 -1.362683 2.240799 -0.746324 -21.33493 0.584907 3.008324 -13.821225 -5e-06 1e-06 -23.88719 -0.249083 -0.839482 -60.738865 2.704593 -1.014727 -0.294025 1.679688 0.833256 -14.218222 0.093213 1.30058 -34.212082 -0.287571 0.967173 -20.03323 0.964534 1.212845 -0.0 -0.0 -1e-06 -3.440391 0.788233 0.501657 -15.928201 -3.167315 2.999709 -6.338833 -2e-06 1e-06 -18.123459 3.648182 -4.905674 -2e-06 1e-06 -1e-06 16.16152 16.778585 16.612976 47.622593 18.252773 25.233437 -0.666495 36.005543 -0.235194 0.989327 0.395083 -15.789366 2.243543 -5.255041 -3.180161 14.282901 -0.826598 6.952506 -2e-06 -12.690616 1e-06 15.960653 -17.480776 2.693108 1.665667 -1.955923 -2.878302 4.727802 -4.170591 4.993929 11.020536 1e-06 -0.0 12.10906 -3.73572 -2.866787 0.0 -0.0 1e-06 1.291987 -1.928551 -1.498091 14.800139 0.567468 3.865609 14.242584 -1.341738 -6.660665 19.631979 0.143925 -0.648247 49.528904 -0.86159 -6.286369 0.35303 -1.511152 -0.031938 20.222805 3.684313 2.316629 18.787289 6e-06 -3e-06 10.751637 -0.479869 1.397905 0.0 0.0 -0.0 3.273809 0.305948 -0.580112 21.486832 11.830386 2.266133 8.162935 0.0 -2e-06 18.399099 -3.798987 -4.94058 3e-06 0.0 -1e-06 0.635582 6.800141 -24.79191 0.043222 0.220808 3.709037 -4.77006 8.844233 13.278184 1.701613 -1.993342 -1.927828 0.0 0.0 2e-06 2.605401 -5.909407 12.964907 -0.056646 -0.124258 8.939148 0.558593 1.36611 -14.194899 -1.445 0.878085 -0.763352 -0.0 1e-06 -1e-06 
0.0 0.0 0.0 0.0 -0.0 0.0 -20.545471 96.71962 302.219879 -0.9005 -4.914608 -0.960209 0.590108 0.346514 -3.399297 -0.299684 1.656261 -6.367859 0.678473 -0.446029 16.302141 -0.201615 3.195819 11.082365 -0.536845 1.220787 -3.60348 -0.642491 0.843335 -9.077901 7.7e-05 -2.3e-05 6e-06 0.024534 -0.016041 0.056376 0.672015 -3.761708 -10.59592 -0.632096 3.733137 -10.594755 -21.676916 -4.469757 16.495657 -50.676273 -6.315633 24.599434 0.054354 -31.776407 -0.076204 -0.794683 3.136212 -24.075682 -5.882106 9.861284 0.702589 -10.936872 -0.360575 7.156203 1e-06 8.774824 -0.0 -16.246969 18.056725 6.047102 -1.844033 2.498505 -2.507279 -10.1636 4.678944 4.621108 -20.976025 -5e-06 1e-06 -21.226288 2.451696 -3.594002 -2e-06 -7e-06 -0.0 -1.362682 2.240798 -0.746323 -21.334913 0.584909 3.008322 -13.821213 -3e-06 1e-06 -23.887171 -0.24908 -0.839483 -60.696571 2.689472 -0.918843 -0.294025 1.679687 0.833256 -14.218208 0.093214 1.300579 -34.212048 -0.287566 0.967168 -20.033215 0.964536 1.212843 0.0 -1e-06 -1e-06 -3.440389 0.788233 0.501657 -15.928185 -3.16731 2.999706 -6.338826 -2e-06 2e-06 -18.123444 3.64818 -4.905671 -3e-06 1e-06 -3e-06 16.973063 16.37645 16.814259 47.766857 17.518391 25.346457 -0.613827 35.173473 -0.190639 0.70146 0.494564 -15.717702 2.243543 -5.255034 -3.180157 14.282887 -0.826597 6.952505 -1e-06 -12.690599 -1e-06 15.867585 -17.436771 2.725302 1.665666 -1.955921 -2.878297 4.727798 -4.170587 4.993923 11.020522 0.0 -2e-06 12.10905 -3.735717 -2.866785 0.0 -1e-06 1e-06 1.291986 -1.928548 -1.498089 14.800125 0.567465 3.865608 14.242568 -1.341738 -6.660655 19.631962 0.143922 -0.648245 49.509243 -0.83551 -6.243907 0.353028 -1.51115 -0.03194 20.222784 3.684306 2.316631 18.78727 4e-06 -1e-06 10.751625 -0.47987 1.397906 0.0 0.0 -0.0 3.273805 0.305946 -0.580112 21.486809 11.830365 2.266132 8.162926 -0.0 -2e-06 18.399076 -3.798986 -4.940575 3e-06 0.0 -0.0 -0.920235 5.266598 -24.746469 0.073015 0.202242 6.77534 -2.395822 8.194498 16.228184 1.744657 -1.98159 -1.246872 0.0 0.0 2e-06 0.085767 -5.560837 14.693885 -0.088818 0.002788 9.890283 1.429122 1.227629 -12.95287 -1.445138 0.925742 -2.046742 0.0 0.0 -1e-06 
0.0 0.0 0.0 0.0 -0.0 0.0 -20.114943 96.634163 305.783752 0.834005 -5.06281 -0.991084 -0.405922 0.361743 -3.699739 -0.421693 1.770401 -6.59386 -0.053774 -0.278108 16.402016 -0.343307 3.38044 11.207463 -0.45194 1.258184 -3.682882 -0.619333 0.693903 -8.942766 7.7e-05 -2.3e-05 6e-06 0.02987 0.024239 0.053624 0.669317 -3.714044 -10.596247 -0.620276 3.765435 -10.586003 -21.966602 -4.450684 16.770969 -50.656532 -6.496446 24.495556 -0.117511 -30.673407 -0.023916 -1.146441 3.080467 -25.031242 -5.882109 9.861292 0.70259 -10.936875 -0.360575 7.156208 -0.0 8.774831 -2e-06 -16.320602 18.005949 5.958193 -1.844034 2.498506 -2.507275 -10.163604 4.678947 4.621109 -20.976032 -4e-06 1e-06 -21.226295 2.451698 -3.594001 -2e-06 -7e-06 -0.0 -1.362682 2.2408 -0.746324 -21.334925 0.58491 3.008322 -13.821221 -3e-06 1e-06 -23.887182 -0.249079 -0.839485 -60.675236 2.536864 -0.987451 -0.294025 1.679688 0.833257 -14.218215 0.093215 1.30058 -34.212067 -0.287565 0.967169 -20.033222 0.964537 1.212843 0.0 -0.0 -1e-06 -3.44039 0.788234 0.501655 -15.928194 -3.167311 2.999707 -6.338829 -1e-06 1e-06 -18.123459 3.648184 -4.905675 -3e-06 0.0 -3e-06 17.321018 15.934278 17.115129 48.873684 16.549192 25.478092 -0.741739 33.831501 -0.286246 0.582608 0.416275 -16.143061 2.243544 -5.255039 -3.180158 14.282895 -0.826595 6.952503 -1e-06 -12.690609 -0.0 15.891269 -17.164124 2.597924 1.665666 -1.955922 -2.8783 4.7278 -4.17059 4.993923 11.020531 2e-06 -2e-06 12.109058 -3.735718 -2.866788 1e-06 -1e-06 1e-06 1.291985 -1.928549 -1.498088 14.800132 0.567467 3.865606 14.242579 -1.341738 -6.660664 19.631973 0.143925 -0.64825 49.470253 -0.688832 -6.11399 0.353028 -1.51115 -0.03194 20.222797 3.68431 2.316627 18.787279 6e-06 -4e-06 10.751631 -0.479868 1.397904 1e-06 2e-06 0.0 3.273808 0.305947 -0.580113 21.486818 11.830378 2.26613 8.16293 1e-06 -3e-06 18.399088 -3.798985 -4.940581 5e-06 0.0 -0.0 -2.591309 3.829034 -24.17334 0.022093 0.129174 9.76575 -1.05773 8.389332 15.790202 1.702754 -1.880935 -0.371314 -0.0 -0.0 2e-06 -2.496369 -4.946285 15.487961 -0.049436 0.010319 12.704161 2.257098 1.049397 -11.373768 -1.449575 0.880322 -4.401494 0.0 0.0 -1e-06 
0.0 0.0 0.0 0.0 -0.0 0.0 -19.628447 96.898338 309.335602 2.421237 -5.024246 -1.193975 -1.102834 0.353898 -3.715164 -0.597702 1.920659 -6.667651 -0.83873 -0.086303 16.268215 -0.458034 3.307422 11.431222 -0.553863 1.280509 -3.672814 -0.462352 0.650862 -9.420306 7.7e-05 -2.2e-05 6e-06 0.036161 0.032146 0.052203 0.679612 -3.70788 -10.581277 -0.61797 3.774485 -10.580362 -21.770275 -4.65943 16.878351 -51.084881 -6.8329 24.788877 -0.02829 -29.500078 0.041647 -1.728294 3.094395 -25.677013 -5.882104 9.861284 0.702589 -10.936868 -0.360576 7.156204 2e-06 8.774824 -2e-06 -16.305626 17.909576 5.843358 -1.844032 2.498504 -2.507276 -10.163597 4.678942 4.621108 -20.976021 -6e-06 4e-06 -21.226286 2.451695 -3.593998 -2e-06 -6e-06 -0.0 -1.362681 2.240798 -0.746325 -21.334911 0.584906 3.008322 -13.821213 -3e-06 2e-06 -23.887165 -0.249081 -0.839481 -60.564381 2.408824 -1.144331 -0.294024 1.679687 0.833256 -14.218207 0.093214 1.30058 -34.212048 -0.287566 0.967174 -20.033213 0.964533 1.212845 0.0 -0.0 -0.0 -3.440388 0.788233 0.501655 -15.928185 -3.167311 2.999705 -6.338825 -2e-06 2e-06 -18.123444 3.648181 -4.905668 -4e-06 1e-06 -3e-06 16.808971 15.446249 17.197748 51.116447 15.519445 25.394522 -0.543431 31.972204 -0.114165 0.614894 0.087565 -16.647575 2.243546 -5.255041 -3.180161 14.282901 -0.826597 6.952505 0.0 -12.69061 -0.0 16.003494 -17.335592 2.579576 1.665668 -1.955922 -2.878302 4.727802 -4.170589 4.993927 11.020535 2e-06 -3e-06 12.109062 -3.735718 -2.866788 -1e-06 0.0 -0.0 1.291987 -1.928551 -1.498091 14.800139 0.567467 3.865608 14.242584 -1.341739 -6.660666 19.631985 0.143925 -0.648249 49.735165 -0.734257 -6.251163 0.353029 -1.511152 -0.03194 20.222803 3.684309 2.316627 18.787287 5e-06 -7e-06 10.751636 -0.47987 1.397904 1e-06 2e-06 -2e-06 3.27381 0.305946 -0.580112 21.486828 11.830379 2.266129 8.162933 0.0 -4e-06 18.399099 -3.798985 -4.940584 4e-06 1e-06 0.0 -4.555144 3.086871 -23.442913 0.073224 0.081107 13.278422 -0.463234 8.573252 11.278281 1.690013 -1.863161 0.056162 -0.0 -0.0 2e-06 -4.972203 -4.845108 14.960756 -0.098854 0.142075 17.932026 2.742922 0.894221 -8.56245 -1.466498 0.893417 -7.98467 0.0 0.0 -1e-06 
0.0 0.0 0.0 0.0 -0.0 0.0 -19.177254 97.293488 312.815582 3.638939 -5.060024 -1.5953 -1.653349 0.372091 -3.533874 -0.726094 1.967585 -6.599599 -1.332343 0.012223 15.981682 -0.717057 3.347971 11.689412 -0.601729 1.21812 -3.649615 -0.278856 0.683107 -9.773215 7.7e-05 -2.2e-05 6e-06 0.036485 0.051536 0.057527 0.679898 -3.685205 -10.551071 -0.617352 3.789101 -10.553712 -21.249195 -4.897992 17.035496 -51.925877 -7.28156 24.763962 0.133149 -28.775026 0.034607 -2.165636 3.20005 -25.886286 -5.882113 9.861297 0.702589 -10.936881 -0.360574 7.156207 -1e-06 8.774835 -1e-06 -16.335539 17.913445 5.815821 -1.844035 2.498507 -2.50728 -10.16361 4.678951 4.62111 -20.97604 -1e-06 -2e-06 -21.226307 2.451701 -3.594007 -2e-06 -6e-06 -0.0 -1.362683 2.240801 -0.746323 -21.33493 0.584912 3.008322 -13.821227 -1e-06 -0.0 -23.887188 -0.249077 -0.839487 -60.582794 2.403787 -1.240666 -0.294025 1.679689 0.833256 -14.21822 0.093217 1.300581 -34.212078 -0.287563 0.967165 -20.033228 0.964537 1.21284 0.0 -0.0 -0.0 -3.440392 0.788235 0.501656 -15.928201 -3.167311 2.999707 -6.338831 -0.0 2e-06 -18.123463 3.648189 -4.905678 -4e-06 1e-06 -3e-06 15.731707 15.219431 17.3652 53.64608 14.557081 25.415976 -0.196129 30.114532 0.056092 1.201974 -0.28497 -16.711035 2.243543 -5.255038 -3.180159 14.282894 -0.826597 6.952503 -1e-06 -12.690609 1e-06 16.165134 -17.510534 2.538921 1.665667 -1.955923 -2.878302 4.727801 -4.170588 4.993925 11.02053 2e-06 -2e-06 12.109056 -3.735718 -2.866786 -0.0 0.0 -1e-06 1.291986 -1.92855 -1.498088 14.800132 0.567468 3.865608 14.242579 -1.341738 -6.660661 19.631973 0.143926 -0.648248 49.840031 -0.721973 -6.417091 0.353029 -1.51115 -0.031941 20.222797 3.684309 2.31663 18.787279 5e-06 -4e-06 10.75163 -0.479871 1.397905 0.0 1e-06 -1e-06 3.273808 0.305947 -0.580112 21.486816 11.830376 2.26613 8.162928 2e-06 -2e-06 18.399084 -3.798986 -4.94058 5e-06 1e-06 -0.0 -6.186942 3.018396 -21.384884 0.004595 0.011203 14.567709 0.105161 8.575077 8.043005 1.682697 -1.863819 0.483508 -0.0 -0.0 2e-06 -7.233601 -5.153708 12.869173 -0.101693 0.246084 25.755634 2.999514 1.065994 -3.523653 -1.503659 0.875334 -12.780561 0.0 0.0 -2e-06 
0.0 0.0 0.0 0.0 -0.0 0.0 -18.728922 97.70475 316.164612 4.687711 -5.245622 -2.196595 -2.266794 0.37792 -3.22237 -0.836648 1.854235 -6.415937 -1.521857 0.001417 15.732307 -1.048653 3.546517 11.731941 -0.565622 1.168022 -3.62764 -0.191253 0.845955 -9.858618 7.7e-05 -2.2e-05 6e-06 0.035116 0.055147 0.063112 0.674596 -3.677145 -10.520286 -0.614751 3.786038 -10.521602 -20.892475 -5.111825 17.074629 -52.474205 -7.4399 24.313616 0.251856 -29.186045 0.022623 -2.183743 3.292168 -25.927982 -5.882112 9.861297 0.702592 -10.936881 -0.360574 7.156213 -1e-06 8.774835 -1e-06 -16.46026 17.92602 5.77211 -1.844034 2.498507 -2.507281 -10.163607 4.67895 4.621113 -20.976038 -2e-06 1e-06 -21.226307 2.451701 -3.594005 -2e-06 -6e-06 0.0 -1.362682 2.240801 -0.746324 -21.334932 0.584911 3.008326 -13.821225 -1e-06 3e-06 -23.887192 -0.249078 -0.839484 -60.66618 2.453467 -1.358121 -0.294025 1.679689 0.833257 -14.218221 0.093216 1.300581 -34.212074 -0.28756 0.967171 -20.033232 0.964539 1.212845 0.0 -0.0 -0.0 -3.440392 0.788234 0.501657 -15.928198 -3.16731 2.999711 -6.33883 -1e-06 2e-06 -18.123459 3.648188 -4.905677 -4e-06 0.0 -2e-06 14.882479 15.110033 17.625784 55.228687 13.584397 25.769764 0.102339 29.135473 0.180265 2.51606 -0.576232 -15.946144 2.243545 -5.255042 -3.180159 14.282904 -0.826598 6.952509 -1e-06 -12.690618 2e-06 16.336756 -17.597534 2.464653 1.665668 -1.955923 -2.878302 4.727804 -4.170592 4.993929 11.020538 1e-06 -1e-06 12.109066 -3.735719 -2.866788 -0.0 -1e-06 -1e-06 1.291987 -1.928551 -1.498091 14.800144 0.567466 3.865609 14.242588 -1.341739 -6.660665 19.631989 0.143926 -0.648249 49.767384 -0.628236 -6.507996 0.35303 -1.511152 -0.031938 20.222811 3.684312 2.316631 18.787291 4e-06 -4e-06 10.751639 -0.479869 1.397907 -1e-06 1e-06 1e-06 3.27381 0.305947 -0.580112 21.486832 11.830384 2.266135 8.162936 1e-06 -1e-06 18.399103 -3.798989 -4.940582 4e-06 0.0 -1e-06 -7.652044 3.455055 -18.387732 -0.063191 -0.022713 14.248839 0.486311 8.246518 5.565309 1.665228 -1.884991 0.651038 0.0 0.0 2e-06 -9.784329 -6.073245 9.279665 -0.030529 0.319027 35.853649 3.326422 1.765129 3.178969 -1.505619 0.808868 -14.829328 0.0 0.0 -3e-06 
0.0 0.0 0.0 0.0 -0.0 0.0 -18.303223 97.991631 319.201172 5.678463 -5.514314 -2.894681 -2.964689 0.281715 -2.816467 -0.936216 1.660378 -6.2028 -1.626878 -0.053668 15.610205 -1.322075 3.762645 11.694509 -0.387899 1.205388 -3.663283 -0.284477 1.103224 -10.189289 7.7e-05 -2.2e-05 6e-06 0.035184 0.061256 0.071029 0.683922 -3.675985 -10.5118 -0.624828 3.798084 -10.522655 -20.893864 -5.401169 17.14362 -52.138374 -7.532095 23.905735 0.220186 -30.456367 0.032598 -1.894626 3.082434 -26.31197 -5.882114 9.861299 0.70259 -10.936884 -0.360574 7.156211 -0.0 8.774835 -1e-06 -16.545309 17.869154 5.698838 -1.844035 2.498508 -2.50728 -10.163612 4.678952 4.621112 -20.976051 -1e-06 -1e-06 -21.226315 2.4517 -3.594009 -1e-06 -6e-06 -1e-06 -1.362683 2.240801 -0.746324 -21.334938 0.584913 3.008323 -13.821229 -1e-06 -0.0 -23.887196 -0.249077 -0.839489 -60.62043 2.417154 -1.391754 -0.294025 1.679689 0.833256 -14.218225 0.093217 1.300579 -34.212086 -0.28756 0.967166 -20.033236 0.96454 1.21284 0.0 -0.0 0.0 -3.440392 0.788236 0.501655 -15.928206 -3.16731 2.999709 -6.338835 0.0 1e-06 -18.12347 3.648189 -4.905679 -3e-06 0.0 -3e-06 14.697768 14.858117 17.815239 55.590458 12.608043 26.582542 0.213083 29.354252 0.198868 3.862534 -0.705032 -14.857234 2.243545 -5.255043 -3.180161 14.282907 -0.826597 6.952507 -1e-06 -12.690616 -1e-06 16.351618 -17.569038 2.4447 1.665669 -1.955925 -2.878302 4.727805 -4.170592 4.993927 11.020538 1e-06 -2e-06 12.109069 -3.735721 -2.86679 -0.0 0.0 -1e-06 1.291987 -1.928551 -1.498091 14.800142 0.567466 3.865611 14.242588 -1.341739 -6.660665 19.63199 0.143923 -0.648247 49.525188 -0.606722 -6.471839 0.353029 -1.511152 -0.031939 20.222811 3.684311 2.316631 18.787294 4e-06 -3e-06 10.751637 -0.479869 1.397908 -0.0 2e-06 -0.0 3.27381 0.305947 -0.580111 21.486835 11.830387 2.266136 8.162936 2e-06 -2e-06 18.399103 -3.798987 -4.940581 4e-06 1e-06 -2e-06 -9.041704 4.148708 -15.260192 -0.029899 0.021221 13.396398 0.664326 7.70985 3.546127 1.648662 -1.932737 0.372952 0.0 0.0 2e-06 -12.1924 -7.028912 4.943409 0.067426 0.306874 46.188717 3.592758 1.597008 9.210868 -1.372642 0.794729 -8.122553 0.0 -0.0 -1e-06 
0.0 0.0 0.0 0.0 -0.0 0.0 -17.978617 98.243073 322.017822 6.343157 -5.62297 -3.623649 -3.552983 0.152783 -2.424739 -1.018212 1.397837 -6.031656 -1.632863 -0.287074 15.739459 -1.369963 3.853238 11.771193 -0.247086 1.224211 -3.732861 -0.431159 1.369541 -10.879581 7.7e-05 -2.2e-05 6e-06 0.035598 0.06768 0.075775 0.699931 -3.6699 -10.527014 -0.640882 3.808949 -10.545096 -21.050713 -5.866274 17.164133 -51.17997 -7.923461 24.043446 0.16096 -31.586647 0.004805 -1.405826 2.629914 -27.003914 -5.88211 9.861293 0.70259 -10.936877 -0.360575 7.156209 -1e-06 8.774831 0.0 -16.516294 17.858292 5.741982 -1.844033 2.498505 -2.507279 -10.163604 4.678948 4.62111 -20.976036 -4e-06 2e-06 -21.226301 2.451698 -3.594004 -1e-06 -8e-06 0.0 -1.362683 2.2408 -0.746324 -21.334925 0.584911 3.008324 -13.82122 -2e-06 1e-06 -23.887182 -0.249078 -0.839484 -60.583977 2.381344 -1.255116 -0.294025 1.679688 0.833257 -14.218215 0.093216 1.300581 -34.212055 -0.287562 0.967169 -20.033222 0.964539 1.212842 -0.0 0.0 -1e-06 -3.44039 0.788233 0.501656 -15.928192 -3.167311 2.999709 -6.33883 -1e-06 3e-06 -18.123457 3.648185 -4.905674 -3e-06 -0.0 -2e-06 14.964407 14.301936 17.912811 55.303135 11.853376 27.467209 0.213251 30.059643 0.16483 4.099638 -0.594589 -14.152769 2.243542 -5.255038 -3.180159 14.282892 -0.826595 6.952503 -2e-06 -12.690607 -0.0 16.244827 -17.524067 2.470749 1.665667 -1.955922 -2.878302 4.727799 -4.170588 4.993922 11.020527 3e-06 -4e-06 12.109055 -3.735717 -2.866787 -1e-06 -0.0 -1e-06 1.291985 -1.928549 -1.498089 14.800129 0.567468 3.865607 14.242575 -1.341736 -6.660661 19.631969 0.143927 -0.648247 49.361366 -0.62415 -6.357059 0.353029 -1.511151 -0.031939 20.222794 3.68431 2.316628 18.787273 6e-06 -3e-06 10.751629 -0.479869 1.397904 -0.0 0.0 -0.0 3.273807 0.305947 -0.580111 21.486816 11.830377 2.266134 8.162928 2e-06 -1e-06 18.399088 -3.798985 -4.940579 4e-06 1e-06 -2e-06 -9.99928 4.693438 -12.224191 0.052763 0.095901 12.534742 0.749106 7.325485 1.94051 1.634146 -1.970235 0.17028 0.0 0.0 2e-06 -13.604611 -7.735195 0.882017 0.102493 0.203043 54.189407 3.616841 1.331925 10.453922 -1.301869 0.839922 -3.260551 -0.0 -0.0 -1e-06 
0.0 0.0 0.0 0.0 -0.0 0.0 -17.799702 98.534096 324.831421 6.308414 -5.447376 -4.276543 -3.76296 0.039668 -2.088037 -1.034454 1.036419 -5.888126 -1.515528 -0.765883 15.999679 -1.158613 3.800572 12.020909 -0.261361 1.243298 -3.744243 -0.469083 1.50758 -11.482423 7.7e-05 -2.3e-05 6e-06 0.035078 0.068684 0.073095 0.704249 -3.664775 -10.549754 -0.645943 3.808294 -10.566917 -20.94124 -6.48384 17.294817 -50.361565 -8.877975 24.070099 -0.049715 -31.947025 0.051043 -1.004382 2.356854 -26.959658 -5.882111 9.86129 0.702591 -10.93688 -0.360575 7.156211 1e-06 8.77483 -3e-06 -16.466448 17.898529 5.806087 -1.844034 2.498506 -2.507279 -10.163609 4.678947 4.621112 -20.97604 -5e-06 3e-06 -21.226305 2.451697 -3.594 2e-06 -7e-06 -1e-06 -1.362683 2.240799 -0.746324 -21.334932 0.58491 3.008325 -13.821225 -3e-06 1e-06 -23.887192 -0.249081 -0.839483 -60.632805 2.399641 -1.09657 -0.294025 1.679688 0.833257 -14.218223 0.093215 1.30058 -34.212082 -0.287566 0.967171 -20.033232 0.964537 1.212846 -0.0 1e-06 -2e-06 -3.440391 0.788234 0.501655 -15.928201 -3.16731 2.999709 -6.338832 -2e-06 1e-06 -18.123463 3.648183 -4.905674 -4e-06 1e-06 -2e-06 15.154486 13.628458 17.986542 55.258774 11.461211 27.729254 0.104422 30.521002 0.073693 3.436476 -0.497931 -14.018622 2.243542 -5.255039 -3.180159 14.282896 -0.826593 6.952503 -4e-06 -12.690609 1e-06 16.251507 -17.595173 2.490277 1.665667 -1.955922 -2.878301 4.727801 -4.17059 4.993926 11.020534 4e-06 -2e-06 12.10906 -3.735715 -2.866787 -1e-06 -1e-06 -0.0 1.291986 -1.92855 -1.498091 14.800138 0.567471 3.865608 14.242582 -1.341734 -6.660659 19.631981 0.143929 -0.648245 49.487633 -0.597396 -6.271789 0.353029 -1.511151 -0.031941 20.222803 3.684314 2.316632 18.787285 9e-06 -1e-06 10.751634 -0.479868 1.397907 0.0 0.0 -0.0 3.273809 0.305947 -0.580111 21.486826 11.830383 2.266132 8.162931 3e-06 -0.0 18.399092 -3.798987 -4.940578 4e-06 1e-06 -3e-06 -10.086409 4.960507 -9.224137 0.066962 0.094667 11.765756 0.677781 7.093341 0.413342 1.62878 -1.972194 0.109287 0.0 0.0 2e-06 -13.545288 -8.350003 -2.780373 0.108621 0.102287 58.887207 4.043928 1.658517 8.12993 -1.319675 0.860565 -2.46224 -0.0 0.0 -2e-06 
0.0 0.0 0.0 0.0 -0.0 0.0 -17.728102 98.790855 327.677856 5.881477 -5.103772 -4.882726 -3.803323 -0.066464 -1.693696 -1.000953 0.58902 -5.714907 -1.312512 -1.352308 16.129871 -0.800523 3.628005 12.390301 -0.265347 1.279032 -3.729899 -0.472692 1.588844 -11.797783 7.7e-05 -2.2e-05 6e-06 0.03467 0.054146 0.067103 0.699138 -3.678145 -10.566403 -0.640394 3.792793 -10.578022 -20.392334 -7.311484 17.457779 -49.967972 -10.075109 24.093828 -0.230909 -31.86396 0.118741 -0.900151 2.325161 -26.794313 -5.88211 9.861292 0.702589 -10.936878 -0.360576 7.156206 -0.0 8.77483 -1e-06 -16.426428 17.931601 5.843051 -1.844034 2.498507 -2.50728 -10.163605 4.678948 4.621111 -20.976038 -3e-06 1e-06 -21.226299 2.451697 -3.594004 1e-06 -7e-06 -0.0 -1.362682 2.2408 -0.746324 -21.334929 0.584909 3.008322 -13.821221 -3e-06 1e-06 -23.887184 -0.24908 -0.839486 -60.647423 2.42737 -1.001456 -0.294025 1.679687 0.833256 -14.218219 0.093215 1.30058 -34.21207 -0.287565 0.967167 -20.033226 0.964536 1.212844 0.0 -0.0 -1e-06 -3.44039 0.788233 0.501655 -15.928196 -3.167312 2.999706 -6.338832 -2e-06 1e-06 -18.123459 3.648185 -4.905675 -3e-06 0.0 -2e-06 15.165412 12.90565 17.995565 55.595432 11.234311 27.370068 0.034299 30.702322 0.017928 2.615114 -0.463729 -14.367184 2.243544 -5.255042 -3.18016 14.282904 -0.826597 6.952507 -2e-06 -12.690614 -1e-06 16.297737 -17.693193 2.513674 1.665668 -1.955924 -2.8783 4.727804 -4.170591 4.993928 11.020536 2e-06 -1e-06 12.109064 -3.735719 -2.866787 0.0 -0.0 -0.0 1.291987 -1.928551 -1.498091 14.800142 0.567467 3.865609 14.242585 -1.341738 -6.660665 19.631985 0.143926 -0.648248 49.610317 -0.561266 -6.228562 0.35303 -1.511152 -0.031941 20.222809 3.68431 2.316631 18.787289 5e-06 -3e-06 10.751638 -0.47987 1.397905 1e-06 0.0 -0.0 3.27381 0.305947 -0.580112 21.486834 11.830384 2.266134 8.162936 1e-06 -2e-06 18.399103 -3.798987 -4.940585 5e-06 1e-06 -2e-06 -9.657992 5.087809 -6.162732 0.029344 0.02958 10.92919 0.529523 6.873642 -1.159304 1.627931 -1.931545 0.135565 0.0 0.0 2e-06 -12.547661 -8.97104 -6.273639 0.115864 0.032931 60.752445 4.739998 1.88605 5.933532 -1.332337 0.864217 -2.221726 -0.0 0.0 -0.0 
0.0 0.0 0.0 0.0 -0.0 0.0 -17.732586 98.958984 330.462036 5.462834 -4.737167 -5.424356 -3.884569 -0.150089 -1.265383 -0.968507 0.123303 -5.53877 -1.119583 -1.91834 16.190353 -0.347769 3.344864 12.633116 -0.245638 1.331386 -3.703723 -0.487113 1.591773 -11.995746 7.7e-05 -2.3e-05 6e-06 0.035251 0.036182 0.061794 0.693338 -3.696641 -10.57516 -0.631897 3.774492 -10.581017 -19.776613 -8.241689 17.547983 -49.544262 -11.18995 24.151461 -0.282938 -31.926426 0.138638 -0.983051 2.369093 -26.887276 -5.882104 9.861286 0.702591 -10.936867 -0.360574 7.156204 -0.0 8.774824 1e-06 -16.382177 17.943615 5.868771 -1.844032 2.498504 -2.507277 -10.163596 4.678945 4.62111 -20.976017 -3e-06 1e-06 -21.226278 2.451697 -3.593999 1e-06 -5e-06 0.0 -1.362681 2.240797 -0.746322 -21.334906 0.58491 3.008323 -13.821208 -1e-06 2e-06 -23.887159 -0.249079 -0.839483 -60.636234 2.472499 -0.98654 -0.294025 1.679687 0.833256 -14.218205 0.093215 1.300582 -34.212036 -0.287562 0.96717 -20.033205 0.964536 1.212842 -0.0 -1e-06 -1e-06 -3.440387 0.788234 0.501656 -15.928181 -3.167308 2.999708 -6.338825 -0.0 2e-06 -18.123442 3.648185 -4.90567 -2e-06 1e-06 -1e-06 15.267059 12.213917 17.90477 55.929928 10.940043 26.668112 0.041355 30.828476 0.020627 2.042814 -0.376719 -14.658754 2.243541 -5.255037 -3.180159 14.282887 -0.826596 6.9525 -0.0 -12.690603 -1e-06 16.299139 -17.732729 2.534212 1.665666 -1.95592 -2.878298 4.727798 -4.170588 4.993923 11.020522 1e-06 -0.0 12.109051 -3.735717 -2.866786 -1e-06 -0.0 1e-06 1.291986 -1.92855 -1.49809 14.800127 0.567465 3.865608 14.24257 -1.341738 -6.660661 19.631968 0.143924 -0.648246 49.575855 -0.561176 -6.243458 0.353029 -1.511151 -0.031941 20.222786 3.684307 2.31663 18.78727 2e-06 -0.0 10.751625 -0.479868 1.397905 1e-06 1e-06 -0.0 3.273807 0.305946 -0.58011 21.486809 11.830373 2.266133 8.162926 1e-06 -0.0 18.399076 -3.798988 -4.940577 5e-06 0.0 -2e-06 -9.166405 5.200462 -3.149668 -0.013825 -0.042354 9.960131 0.383505 6.629319 -2.621328 1.62853 -1.87939 0.268685 0.0 0.0 2e-06 -11.307079 -9.660861 -9.68486 0.105439 -0.041156 60.194157 5.390312 1.767296 4.337589 -1.331831 0.847484 -2.078438 0.0 -0.0 -3e-06 
0.0 0.0 0.0 0.0 -0.0 0.0 -17.792866 99.035164 333.15686 5.158177 -4.431011 -5.79949 -3.999872 -0.193304 -0.8864 -0.95726 -0.280584 -5.403937 -0.976735 -2.413847 16.265335 0.114795 3.004522 12.664474 -0.225419 1.406574 -3.684171 -0.520496 1.552518 -12.218493 7.7e-05 -2.2e-05 6e-06 0.036332 0.014654 0.060363 0.690108 -3.714799 -10.569724 -0.625145 3.7489 -10.572776 -19.343596 -9.179315 17.545298 -48.83955 -12.17561 24.06744 -0.268114 -32.218838 0.14539 -1.068867 2.355198 -27.229771 -5.88211 9.861292 0.70259 -10.936877 -0.360575 7.156209 -1e-06 8.77483 -1e-06 -16.341234 17.955694 5.877434 -1.844033 2.498504 -2.507279 -10.163604 4.678947 4.621109 -20.976034 -3e-06 2e-06 -21.226295 2.451699 -3.594 1e-06 -6e-06 -0.0 -1.362683 2.240799 -0.746322 -21.334925 0.584909 3.008324 -13.821218 -1e-06 1e-06 -23.88718 -0.249078 -0.839483 -60.618519 2.491491 -1.007694 -0.294025 1.679689 0.833254 -14.218215 0.093215 1.30058 -34.212067 -0.287565 0.967172 -20.033222 0.964537 1.212846 0.0 -1e-06 -1e-06 -3.44039 0.788235 0.501657 -15.928194 -3.167311 2.999709 -6.33883 -2e-06 1e-06 -18.123457 3.648185 -4.905675 -2e-06 1e-06 -1e-06 15.548994 11.553203 17.758156 56.10302 10.603856 25.951023 0.038702 30.966091 0.015337 1.729867 -0.245921 -14.678437 2.243544 -5.255041 -3.180159 14.2829 -0.826597 6.952505 -1e-06 -12.690612 0.0 16.290657 -17.759914 2.558727 1.665668 -1.955923 -2.878301 4.727803 -4.17059 4.993927 11.020535 2e-06 -1e-06 12.10906 -3.735719 -2.866787 -1e-06 -0.0 -0.0 1.291987 -1.92855 -1.49809 14.800139 0.567467 3.865608 14.242584 -1.341738 -6.660664 19.631979 0.143925 -0.648247 49.544254 -0.609563 -6.259311 0.353029 -1.511151 -0.03194 20.222803 3.68431 2.316631 18.787289 5e-06 -3e-06 10.751633 -0.479869 1.397905 1e-06 0.0 1e-06 3.273809 0.305947 -0.580111 21.486828 11.830381 2.266132 8.162934 1e-06 -0.0 18.399097 -3.798988 -4.940582 5e-06 0.0 -1e-06 -8.712693 5.333661 -0.351303 -0.03729 -0.085057 8.915779 0.239426 6.366269 -3.959918 1.632541 -1.840922 0.448819 0.0 0.0 2e-06 -10.046211 -10.341022 -13.037014 0.063003 -0.106585 57.361092 5.979907 1.313536 3.314032 -1.338461 0.831311 -2.028487 0.0 -0.0 -3e-06 
0.0 0.0 0.0 0.0 -0.0 0.0 -17.907497 99.043465 335.781799 4.944769 -4.196741 -5.931883 -4.105952 -0.213993 -0.605743 -0.964265 -0.611218 -5.327273 -0.87459 -2.800525 16.34341 0.559654 2.654116 12.486116 -0.232633 1.465895 -3.674267 -0.548468 1.535273 -12.467135 7.7e-05 -2.2e-05 6e-06 0.035975 -0.008298 0.060809 0.684548 -3.73138 -10.554488 -0.619354 3.719845 -10.557421 -19.037996 -10.085932 17.446638 -47.999538 -13.077836 23.788546 -0.249908 -32.570137 0.156391 -1.008191 2.323318 -27.716146 -5.882109 9.861292 0.702592 -10.936876 -0.360576 7.156206 0.0 8.77483 -1e-06 -16.257053 17.974302 5.904508 -1.844034 2.498506 -2.507277 -10.163604 4.678947 4.621108 -20.976032 -3e-06 -1e-06 -21.226294 2.451698 -3.594003 2e-06 -6e-06 -0.0 -1.362683 2.2408 -0.746324 -21.334925 0.584909 3.008322 -13.821219 -4e-06 1e-06 -23.887182 -0.24908 -0.839484 -60.59655 2.503444 -1.04259 -0.294025 1.67969 0.833256 -14.218214 0.093216 1.300579 -34.212063 -0.287567 0.967167 -20.033222 0.964534 1.212842 1e-06 -1e-06 -1e-06 -3.440389 0.788234 0.501655 -15.928192 -3.167312 2.999706 -6.338829 -1e-06 -0.0 -18.123457 3.648183 -4.905677 -2e-06 0.0 -2e-06 15.921077 10.940982 17.569227 56.189884 10.244968 25.297483 0.059677 31.058062 0.014788 1.491722 -0.13512 -14.588914 2.243544 -5.25504 -3.180159 14.282902 -0.826595 6.952505 -3e-06 -12.690611 -1e-06 16.284143 -17.789249 2.591921 1.665668 -1.955923 -2.878302 4.727802 -4.17059 4.993926 11.020535 3e-06 -2e-06 12.10906 -3.735716 -2.866787 -1e-06 -0.0 1e-06 1.291987 -1.928551 -1.49809 14.80014 0.567469 3.865608 14.242584 -1.341734 -6.660663 19.631985 0.143928 -0.648247 49.577244 -0.681893 -6.261438 0.353029 -1.511151 -0.03194 20.222805 3.684313 2.316628 18.787289 8e-06 -2e-06 10.751636 -0.479868 1.397908 1e-06 0.0 0.0 3.273809 0.305948 -0.580111 21.486832 11.830384 2.266131 8.162933 2e-06 -2e-06 18.399099 -3.798983 -4.940581 3e-06 1e-06 -1e-06 -8.40192 5.482069 2.139895 -0.039268 -0.097363 7.811041 0.170175 6.104642 -5.099988 1.635956 -1.814585 0.649451 -0.0 0.0 2e-06 -8.787373 -10.96284 -16.170673 0.013064 -0.132341 52.272297 6.571021 0.500971 2.911675 -1.358212 0.835931 -2.095826 -0.0 0.0 -2e-06 
0.0 0.0 0.0 0.0 -0.0 0.0 -18.073496 98.990654 338.366882 4.805848 -4.00191 -5.800538 -4.195024 -0.235108 -0.452703 -0.976374 -0.903239 -5.294306 -0.820885 -3.080668 16.384726 1.00489 2.315051 12.160711 -0.273258 1.486492 -3.672235 -0.569719 1.564398 -12.705124 7.7e-05 -2.2e-05 6e-06 0.032175 -0.018035 0.06318 0.672149 -3.739087 -10.540622 -0.613874 3.708617 -10.543634 -18.744663 -10.926743 17.287485 -47.23085 -13.926605 23.433443 -0.176783 -32.857723 0.124684 -0.810631 2.308989 -28.104889 -5.882103 9.861283 0.702587 -10.936866 -0.360574 7.156203 0.0 8.774823 -2e-06 -16.132467 18.017508 5.971014 -1.844032 2.498504 -2.507277 -10.163595 4.678943 4.621107 -20.976013 -3e-06 2e-06 -21.226273 2.451696 -3.593999 1e-06 -7e-06 0.0 -1.362681 2.240799 -0.746323 -21.334906 0.584909 3.008322 -13.821208 -3e-06 1e-06 -23.887159 -0.249077 -0.839485 -60.547558 2.530513 -1.06095 -0.294024 1.679687 0.833254 -14.218203 0.093215 1.300579 -34.21204 -0.287561 0.967169 -20.033201 0.964536 1.212842 1e-06 -0.0 1e-06 -3.440388 0.788232 0.501656 -15.928179 -3.167307 2.999707 -6.338824 -1e-06 1e-06 -18.123438 3.648183 -4.905668 -2e-06 0.0 -2e-06 16.298241 10.419354 17.398403 56.289768 9.917912 24.700565 0.158665 31.067747 0.041687 1.273381 -0.100577 -14.554464 2.243541 -5.255035 -3.180157 14.282887 -0.826595 6.952499 -1e-06 -12.690598 1e-06 16.272099 -17.810244 2.625707 1.665666 -1.955921 -2.878298 4.727797 -4.170586 4.993921 11.020522 1e-06 -3e-06 12.10905 -3.735715 -2.866784 -1e-06 -0.0 0.0 1.291985 -1.928548 -1.49809 14.800123 0.567466 3.865607 14.242566 -1.341737 -6.660656 19.631958 0.143924 -0.648246 49.63028 -0.747142 -6.264918 0.353029 -1.51115 -0.03194 20.222786 3.684307 2.316628 18.78727 4e-06 -2e-06 10.751623 -0.47987 1.397904 1e-06 0.0 1e-06 3.273806 0.305946 -0.580111 21.486807 11.830368 2.266132 8.162925 1e-06 -1e-06 18.399076 -3.798984 -4.940575 3e-06 0.0 -0.0 -8.140877 5.600473 4.362467 -0.030712 -0.085078 6.666138 0.053528 5.806299 -6.131477 1.638733 -1.798266 0.798863 0.0 -0.0 2e-06 -7.525747 -11.51008 -18.844387 0.005688 -0.094876 45.083397 7.040689 -0.642582 3.261803 -1.385895 0.873126 -2.315841 0.0 -1e-06 -1e-06 
0.0 0.0 0.0 0.0 -0.0 0.0 -18.293219 98.884254 340.93457 4.698675 -3.858476 -5.414881 -4.237588 -0.273184 -0.450872 -0.97185 -1.177601 -5.28763 -0.828585 -3.26214 16.365295 1.394551 2.008633 11.71889 -0.292302 1.471143 -3.667012 -0.586304 1.654962 -12.895437 7.7e-05 -2.2e-05 6e-06 0.024343 -0.006446 0.067212 0.657946 -3.733768 -10.540527 -0.614686 3.726483 -10.543491 -18.407995 -11.623596 17.155607 -46.655155 -14.732885 23.001715 -0.023412 -33.116261 0.055273 -0.582076 2.346692 -28.205564 -5.882112 9.861296 0.70259 -10.936881 -0.360576 7.156209 0.0 8.774835 -1e-06 -16.050648 18.08466 6.030169 -1.844035 2.498508 -2.50728 -10.16361 4.67895 4.62111 -20.976044 -1e-06 -0.0 -21.226307 2.4517 -3.594005 1e-06 -7e-06 -0.0 -1.362683 2.240801 -0.746324 -21.334936 0.584912 3.008322 -13.821229 -3e-06 -1e-06 -23.887196 -0.249079 -0.839486 -60.496365 2.559327 -1.082668 -0.294025 1.679688 0.833256 -14.218223 0.093215 1.30058 -34.212078 -0.287563 0.967166 -20.033232 0.964536 1.212841 0.0 -1e-06 1e-06 -3.440392 0.788234 0.501657 -15.928203 -3.167312 2.999707 -6.338832 -2e-06 -1e-06 -18.123466 3.648185 -4.905679 -4e-06 1e-06 -2e-06 16.613176 10.019011 17.257961 56.463844 9.61884 24.289064 0.304587 30.997759 0.107584 1.187369 -0.1509 -14.663354 2.243544 -5.255041 -3.180158 14.282904 -0.826595 6.952503 -2e-06 -12.690612 -1e-06 16.252829 -17.795776 2.636374 1.665668 -1.955922 -2.8783 4.727803 -4.17059 4.993925 11.020536 3e-06 -3e-06 12.109062 -3.735718 -2.866787 -1e-06 -0.0 0.0 1.291988 -1.928552 -1.498089 14.800142 0.567468 3.865604 14.242585 -1.341739 -6.660662 19.631987 0.143927 -0.648248 49.656269 -0.783354 -6.281276 0.353029 -1.511152 -0.031939 20.222805 3.684313 2.316627 18.787291 7e-06 -5e-06 10.751638 -0.479866 1.397904 -1e-06 0.0 0.0 3.27381 0.305947 -0.580111 21.486834 11.830385 2.26613 8.162936 2e-06 -3e-06 18.399099 -3.798985 -4.940584 5e-06 1e-06 -1e-06 -7.850505 5.651779 6.295655 -0.022527 -0.03843 5.479783 -0.133706 5.517869 -7.066498 1.642095 -1.794381 0.855795 -0.0 -0.0 2e-06 -6.223022 -12.027285 -20.82855 0.063647 -0.01424 35.951847 7.331337 -1.91178 4.591001 -1.413277 0.947871 -2.594608 0.0 0.0 -1e-06 
0.0 0.0 0.0 0.0 -0.0 0.0 -18.574167 98.745529 343.575287 4.516272 -3.749578 -4.804333 -4.171142 -0.30461 -0.608782 -0.939559 -1.420972 -5.325633 -0.853827 -3.398539 16.299553 1.691991 1.788918 11.17164 -0.253723 1.460935 -3.655124 -0.607794 1.7494 -12.947938 7.7e-05 -2.3e-05 6e-06 0.013814 0.009338 0.068353 0.651306 -3.726582 -10.558678 -0.628508 3.751079 -10.563437 -18.031492 -12.11719 17.054173 -46.322433 -15.422636 22.480427 0.12165 -33.494183 0.014787 -0.41586 2.412303 -27.968508 -5.882107 9.861288 0.702591 -10.936874 -0.360577 7.156204 1e-06 8.774825 -2e-06 -16.08222 18.127846 6.013744 -1.844033 2.498504 -2.507278 -10.163604 4.678945 4.621108 -20.97603 -6e-06 1e-06 -21.226294 2.451695 -3.594001 1e-06 -7e-06 -0.0 -1.362682 2.240798 -0.746325 -21.334921 0.584907 3.00832 -13.821218 -4e-06 -0.0 -23.887178 -0.249079 -0.839483 -60.520504 2.601616 -1.162207 -0.294025 1.679687 0.833258 -14.218214 0.093215 1.300579 -34.212063 -0.287568 0.967171 -20.033218 0.964535 1.212844 -0.0 -0.0 1e-06 -3.44039 0.788233 0.501656 -15.928189 -3.167311 2.999705 -6.338827 -3e-06 -0.0 -18.123451 3.648182 -4.905671 -4e-06 1e-06 -1e-06 16.836205 9.730561 17.154066 56.668472 9.321102 24.374908 0.362671 30.862303 0.168999 1.404406 -0.254893 -14.732071 2.243543 -5.255038 -3.180157 14.282892 -0.826594 6.952497 -2e-06 -12.690604 -2e-06 16.225872 -17.784229 2.634035 1.665667 -1.955922 -2.878298 4.727798 -4.170588 4.993922 11.020528 3e-06 -4e-06 12.109055 -3.735714 -2.866787 -1e-06 -0.0 0.0 1.291986 -1.92855 -1.498089 14.800131 0.567469 3.865602 14.242577 -1.341737 -6.66066 19.631973 0.143928 -0.648249 49.676197 -0.767251 -6.320693 0.353029 -1.51115 -0.03194 20.222794 3.68431 2.316624 18.787271 7e-06 -5e-06 10.751631 -0.479866 1.397903 -1e-06 0.0 0.0 3.273808 0.305947 -0.580113 21.486818 11.830378 2.266129 8.16293 3e-06 -2e-06 18.399084 -3.798982 -4.940581 5e-06 1e-06 -2e-06 -7.490461 5.609837 8.060552 -0.008242 0.047276 4.329088 -0.344644 5.356481 -7.916688 1.643533 -1.811149 0.7855 0.0 -0.0 2e-06 -4.803085 -12.488351 -21.982586 0.127547 0.019939 25.23518 7.670714 -3.004884 6.423388 -1.423072 1.022755 -2.738463 0.0 0.0 -1e-06 
0.0 0.0 0.0 0.0 -0.0 0.0 -18.932264 98.523575 346.333435 4.239837 -3.627254 -4.085677 -4.004816 -0.306153 -0.875621 -0.905567 -1.617428 -5.419759 -0.835001 -3.513217 16.202057 1.957279 1.670983 10.593557 -0.181027 1.466393 -3.641803 -0.695455 1.775451 -12.813626 7.7e-05 -2.3e-05 6e-06 0.006158 0.02542 0.063844 0.655609 -3.713763 -10.581433 -0.647848 3.771411 -10.591437 -17.652691 -12.43765 16.92174 -46.157574 -15.846527 22.134007 0.24762 -34.170589 0.004233 -0.413522 2.450471 -27.443842 -5.882107 9.861285 0.702589 -10.936873 -0.360575 7.156205 0.0 8.774826 -1e-06 -16.189203 18.163734 5.964234 -1.844034 2.498506 -2.507278 -10.163603 4.678945 4.62111 -20.976028 -5e-06 -2e-06 -21.226294 2.451694 -3.594002 2e-06 -6e-06 -1e-06 -1.362682 2.240799 -0.746322 -21.334917 0.584908 3.008322 -13.821216 -4e-06 -1e-06 -23.887178 -0.249083 -0.839487 -60.603157 2.658555 -1.336035 -0.294025 1.679688 0.833257 -14.218212 0.093215 1.300577 -34.212063 -0.287567 0.967167 -20.033218 0.964535 1.212844 -1e-06 -0.0 1e-06 -3.44039 0.788234 0.501657 -15.928191 -3.16731 2.999705 -6.338828 -2e-06 -2e-06 -18.123453 3.648181 -4.905675 -3e-06 0.0 -1e-06 17.020796 9.512434 17.033487 56.780319 8.894454 24.910896 0.324199 30.855642 0.203845 2.01998 -0.394104 -14.343481 2.243542 -5.25504 -3.180157 14.282896 -0.826596 6.952504 -1e-06 -12.69061 0.0 16.178896 -17.791924 2.647951 1.665666 -1.955922 -2.878299 4.727801 -4.17059 4.993927 11.020529 2e-06 -1e-06 12.109056 -3.735718 -2.866784 -0.0 -1e-06 -0.0 1.291986 -1.928551 -1.49809 14.800136 0.567467 3.865609 14.242577 -1.341739 -6.660658 19.631975 0.143924 -0.648244 49.718708 -0.705638 -6.392548 0.353029 -1.511151 -0.031939 20.222801 3.68431 2.316632 18.787277 2e-06 -1e-06 10.751633 -0.479869 1.397905 1e-06 -0.0 1e-06 3.273808 0.305946 -0.580112 21.48682 11.83038 2.266135 8.16293 0.0 -0.0 18.399088 -3.798988 -4.940578 5e-06 1e-06 -1e-06 -6.974911 5.537668 9.561934 0.010183 0.116068 3.658565 -0.639829 5.295787 -8.997218 1.644488 -1.821795 0.587984 -0.0 0.0 2e-06 -3.429589 -12.582974 -22.378952 0.172792 -0.047939 14.463881 8.778261 -3.655339 7.692422 -1.395228 1.078277 -2.79088 0.0 0.0 -1e-06 
0.0 0.0 0.0 0.0 -0.0 0.0 -19.392063 98.167358 349.254761 3.885357 -3.470657 -3.426876 -3.775747 -0.292259 -1.169508 -0.905282 -1.779887 -5.562433 -0.759149 -3.569452 16.12295 2.269711 1.59076 10.111295 -0.110602 1.482917 -3.646387 -0.875364 1.800643 -12.624963 7.7e-05 -2.3e-05 6e-06 0.006322 0.042911 0.048183 0.66588 -3.697315 -10.615234 -0.657708 3.791759 -10.626856 -17.303144 -12.685097 16.692936 -46.063339 -15.872226 22.075382 0.344032 -35.112473 -0.045232 -0.515942 2.423037 -26.842386 -5.882108 9.861286 0.702591 -10.936877 -0.360575 7.156208 2e-06 8.774828 0.0 -16.273111 18.210587 5.949407 -1.844033 2.498503 -2.507278 -10.163604 4.678945 4.621109 -20.97603 -4e-06 2e-06 -21.226292 2.451699 -3.593999 1e-06 -6e-06 0.0 -1.362682 2.240798 -0.746325 -21.334925 0.584909 3.008325 -13.821218 -2e-06 3e-06 -23.887182 -0.249079 -0.839482 -60.681587 2.708878 -1.501674 -0.294024 1.679688 0.833255 -14.218215 0.093214 1.300582 -34.212067 -0.287566 0.967174 -20.033226 0.964535 1.212847 -0.0 -1e-06 -0.0 -3.44039 0.788233 0.501657 -15.928194 -3.167311 2.999707 -6.338829 -2e-06 0.0 -18.123457 3.648182 -4.90567 -4e-06 0.0 -1e-06 17.337233 9.287411 16.875082 56.662483 8.340869 25.51679 0.26314 31.013666 0.226517 2.893703 -0.523722 -13.531521 2.243541 -5.255035 -3.180157 14.282887 -0.826594 6.9525 -2e-06 -12.690598 0.0 16.107754 -17.800665 2.661584 1.665666 -1.955921 -2.878297 4.727798 -4.170585 4.993923 11.02052 1e-06 -1e-06 12.109048 -3.735715 -2.866783 -0.0 -0.0 -1e-06 1.291985 -1.928549 -1.498087 14.800122 0.567467 3.865606 14.242567 -1.341737 -6.660655 19.631962 0.143926 -0.648245 49.687595 -0.659462 -6.495822 0.353029 -1.51115 -0.031939 20.222784 3.684308 2.316631 18.787266 3e-06 0.0 10.751624 -0.479868 1.397905 0.0 0.0 2e-06 3.273806 0.305947 -0.580111 21.486809 11.830368 2.266134 8.162926 2e-06 1e-06 18.399076 -3.798986 -4.940573 5e-06 0.0 -2e-06 -6.316707 5.349922 10.876589 0.012661 0.121491 3.695729 -1.014041 5.317363 -10.511261 1.652365 -1.804679 0.422487 -0.0 0.0 2e-06 -2.431497 -11.773057 -22.509699 0.175598 -0.110785 6.022575 10.827207 -4.047492 7.834138 -1.322522 1.132028 -2.787557 -0.0 -0.0 -1e-06 
0.0 0.0 0.0 0.0 -0.0 0.0 -19.957661 97.707138 352.344421 3.382718 -3.216884 -2.947455 -3.47095 -0.293793 -1.421415 -0.898542 -1.972899 -5.699539 -0.654737 -3.631761 16.111609 2.595235 1.457981 9.81248 -0.0353 1.623187 -3.652412 -1.115685 1.887374 -12.738222 7.7e-05 -2.3e-05 6e-06 0.00951 0.054963 0.037486 0.673852 -3.684099 -10.630161 -0.65922 3.80407 -10.635752 -16.865202 -12.861915 16.405518 -46.214779 -15.65213 21.932253 0.244539 -35.940708 -0.094149 -0.437238 2.317471 -26.345474 -5.882111 9.861294 0.702589 -10.93688 -0.360574 7.156209 0.0 8.774833 2e-06 -16.311607 18.237982 5.95394 -1.844035 2.498506 -2.507281 -10.163609 4.67895 4.621112 -20.976044 -4e-06 -3e-06 -21.226311 2.451698 -3.594008 1e-06 -6e-06 -1e-06 -1.362683 2.240803 -0.746325 -21.33493 0.584909 3.00832 -13.821224 -4e-06 -2e-06 -23.88719 -0.249081 -0.839485 -60.775135 2.718784 -1.522026 -0.294024 1.679688 0.833256 -14.218221 0.093215 1.300581 -34.212082 -0.287568 0.967168 -20.03323 0.964534 1.212843 0.0 1e-06 -0.0 -3.440391 0.788235 0.501652 -15.928201 -3.167313 2.999707 -6.33883 -2e-06 -1e-06 -18.123463 3.648185 -4.905678 -4e-06 0.0 -2e-06 17.703377 9.025951 16.782713 56.474854 7.960432 25.795238 0.188483 31.0949 0.2469 3.622869 -0.617028 -13.129797 2.243545 -5.255042 -3.180161 14.282908 -0.826598 6.952512 -1e-06 -12.690619 -1e-06 16.075424 -17.792688 2.662134 1.665669 -1.955924 -2.878303 4.727805 -4.170593 4.99393 11.020541 2e-06 -2e-06 12.109068 -3.735721 -2.866787 -0.0 0.0 -2e-06 1.291987 -1.928552 -1.498091 14.800146 0.567467 3.865613 14.242592 -1.341739 -6.660665 19.631992 0.143924 -0.648247 49.570538 -0.650058 -6.590684 0.353029 -1.511152 -0.031941 20.22282 3.684313 2.316633 18.787298 3e-06 -2e-06 10.751642 -0.479869 1.397905 -1e-06 -1e-06 1e-06 3.273811 0.305947 -0.58011 21.486843 11.830388 2.266135 8.162938 -0.0 -0.0 18.399107 -3.798991 -4.940586 4e-06 0.0 -1e-06 -5.467197 4.929636 12.251805 0.01688 0.055965 4.193278 -1.537883 5.441601 -12.227263 1.668725 -1.782452 0.337516 -0.0 0.0 2e-06 -1.746373 -10.479063 -22.755892 0.086459 -0.092561 1.991293 12.639327 -4.360954 7.478374 -1.269107 1.162923 -2.798605 -0.0 -0.0 -0.0 
0.0 0.0 0.0 0.0 -0.0 0.0 -20.620386 97.194824 355.54837 2.578538 -2.850504 -2.626447 -3.008513 -0.260954 -1.656404 -0.844023 -2.242034 -5.820058 -0.499651 -3.787029 16.198515 2.927056 1.292008 9.614474 -0.006475 1.86723 -3.649435 -1.277108 1.877785 -13.16715 7.7e-05 -2.3e-05 6e-06 0.011142 0.061704 0.041911 0.676789 -3.672941 -10.610262 -0.658698 3.807936 -10.61275 -16.441643 -12.950525 16.386633 -46.568024 -15.423516 21.543144 0.105888 -36.340889 -0.129508 -0.163927 2.231139 -26.001213 -5.882103 9.861283 0.702591 -10.936865 -0.360574 7.156204 1e-06 8.774822 -2e-06 -16.366838 18.251366 5.942766 -1.844031 2.498503 -2.507278 -10.163595 4.678944 4.621109 -20.976009 -0.0 4e-06 -21.226273 2.451699 -3.593999 2e-06 -5e-06 -1e-06 -1.362681 2.240798 -0.746324 -21.334902 0.584912 3.008326 -13.821203 0.0 1e-06 -23.887154 -0.249074 -0.83948 -60.843819 2.706621 -1.447352 -0.294026 1.679688 0.833257 -14.2182 0.093217 1.300581 -34.212032 -0.287557 0.967173 -20.033201 0.96454 1.212843 0.0 -1e-06 1e-06 -3.440387 0.788233 0.501656 -15.928179 -3.167304 2.999709 -6.338822 -1e-06 -0.0 -18.123438 3.648185 -4.905665 -3e-06 0.0 -1e-06 18.166775 8.799755 16.878017 56.17178 7.931514 25.760063 0.024517 30.838236 0.23065 3.92505 -0.589035 -13.26008 2.243541 -5.255036 -3.180157 14.282885 -0.826595 6.952499 -1e-06 -12.6906 -1e-06 16.083021 -17.698112 2.618454 1.665665 -1.955922 -2.878299 4.727796 -4.170587 4.993923 11.02052 1e-06 -4e-06 12.10905 -3.735717 -2.866785 -0.0 0.0 -1e-06 1.291985 -1.928549 -1.498088 14.800118 0.567467 3.865607 14.242567 -1.341737 -6.660655 19.631958 0.143925 -0.648246 49.472923 -0.597246 -6.61386 0.353029 -1.51115 -0.03194 20.222784 3.684306 2.316631 18.787266 2e-06 -1e-06 10.751624 -0.479869 1.397904 -1e-06 1e-06 1e-06 3.273805 0.305947 -0.58011 21.486799 11.830365 2.266132 8.162922 1e-06 0.0 18.399075 -3.798986 -4.940575 5e-06 0.0 -2e-06 -4.20822 4.422961 13.551795 0.054141 -0.073077 5.379166 -2.177968 5.521203 -14.025488 1.68958 -1.79477 -0.000992 -0.0 0.0 2e-06 -1.015701 -9.364154 -23.185671 0.055488 -0.02558 3.054598 12.488992 -4.070612 8.11557 -1.289696 1.187693 -2.98648 -0.0 -0.0 -0.0 
0.0 0.0 0.0 0.0 -0.0 0.0 -21.391117 96.815346 358.883667 1.206311 -2.421825 -2.26902 -2.146955 -0.261539 -2.104312 -0.738154 -2.368257 -5.996008 -0.238202 -4.07486 16.453341 3.267574 1.067156 9.355797 -0.039233 2.018255 -3.577701 -1.364478 1.791122 -13.351864 7.7e-05 -2.3e-05 6e-06 0.015696 0.030856 0.039836 0.669897 -3.694714 -10.569543 -0.642285 3.770645 -10.576718 -16.579138 -12.965768 16.485901 -46.637218 -14.983448 21.52603 0.12776 -36.032032 -0.12666 0.169529 2.113088 -25.672628 -5.882106 9.861286 0.702591 -10.936871 -0.360574 7.156206 1e-06 8.774825 1e-06 -16.384855 18.142792 5.948857 -1.844032 2.498505 -2.507279 -10.163599 4.678945 4.621108 -20.976023 -4e-06 0.0 -21.226288 2.451695 -3.594002 1e-06 -6e-06 -1e-06 -1.362682 2.240799 -0.746322 -21.334913 0.584912 3.00832 -13.821213 -2e-06 -1e-06 -23.887171 -0.249078 -0.839484 -60.911716 2.652024 -1.338883 -0.294024 1.679688 0.833258 -14.218208 0.093215 1.30058 -34.212051 -0.287561 0.967168 -20.033211 0.964537 1.212844 0.0 0.0 -0.0 -3.440388 0.788233 0.501656 -15.928185 -3.16731 2.999709 -6.338825 -2e-06 -1e-06 -18.123444 3.648184 -4.90567 -2e-06 0.0 -1e-06 19.107471 8.54819 17.009811 55.419567 8.029126 25.458092 -0.141916 30.23875 0.14876 3.734807 -0.730945 -13.49317 2.243544 -5.255039 -3.180159 14.282899 -0.826596 6.952503 -1e-06 -12.690608 0.0 16.062117 -17.654665 2.613935 1.665668 -1.955922 -2.878302 4.727803 -4.170589 4.993924 11.020534 2e-06 -3e-06 12.109058 -3.735718 -2.866787 -0.0 0.0 -0.0 1.291987 -1.92855 -1.49809 14.800136 0.567467 3.865605 14.242584 -1.341739 -6.660662 19.631983 0.143925 -0.648248 49.4739 -0.626251 -6.585916 0.353029 -1.511151 -0.031939 20.222803 3.684309 2.316629 18.787287 4e-06 -5e-06 10.751634 -0.479869 1.397904 -0.0 0.0 1e-06 3.273809 0.305947 -0.580111 21.486828 11.830379 2.266132 8.162935 2e-06 -2e-06 18.399094 -3.798984 -4.940581 4e-06 1e-06 -1e-06 -2.094309 4.117533 14.895755 0.071513 -0.112857 6.687093 -2.973268 5.218443 -15.02683 1.74785 -1.830038 -0.702531 0.0 -0.0 2e-06 0.278962 -8.452946 -23.522762 0.085468 -0.024699 6.467144 9.808902 -3.159812 11.221373 -1.35396 1.142467 -3.100802 -0.0 -0.0 -0.0 
0.0 0.0 0.0 0.0 -0.0 0.0 -22.231506 96.562645 362.222351 -0.527383 -2.165957 -2.068992 -1.170837 -0.300555 -2.56793 -0.61636 -2.508742 -6.247649 0.34161 -4.232246 16.741003 3.450635 0.978775 9.261996 -0.051874 1.975109 -3.622727 -1.306371 1.888091 -13.232099 7.7e-05 -2.3e-05 6e-06 0.011329 -0.002481 0.01374 0.65279 -3.721407 -10.573355 -0.63226 3.730234 -10.569593 -17.139675 -12.752782 16.655537 -46.747623 -14.352608 21.964403 0.314175 -35.021168 -0.204279 0.331998 2.193079 -25.122414 -5.882109 9.861289 0.702588 -10.936873 -0.360573 7.156206 -1e-06 8.774828 -2e-06 -16.357901 18.081493 6.053803 -1.844034 2.498506 -2.507277 -10.163603 4.678947 4.621107 -20.976027 -0.0 -3e-06 -21.226294 2.4517 -3.594005 2e-06 -6e-06 -2e-06 -1.362682 2.240799 -0.746324 -21.334919 0.584912 3.00832 -13.821215 -1e-06 -3e-06 -23.887177 -0.249077 -0.839487 -60.882816 2.648533 -1.161468 -0.294025 1.679687 0.833255 -14.218211 0.093218 1.300579 -34.212051 -0.28756 0.967163 -20.033218 0.964536 1.212838 -0.0 0.0 1e-06 -3.440389 0.788233 0.501655 -15.928187 -3.167307 2.999705 -6.338827 -0.0 -1e-06 -18.123451 3.648183 -4.905676 -3e-06 0.0 -1e-06 20.179508 8.498917 17.247833 54.509819 8.082396 24.829622 -0.163247 29.480696 0.090323 3.327854 -0.984814 -13.172468 2.243544 -5.255041 -3.180161 14.282902 -0.826598 6.952509 -1e-06 -12.690612 2e-06 16.014297 -17.608414 2.66171 1.665668 -1.955922 -2.8783 4.727803 -4.17059 4.993927 11.020535 2e-06 -2e-06 12.10906 -3.735718 -2.866785 -0.0 -0.0 -0.0 1.291987 -1.928551 -1.49809 14.800139 0.567467 3.86561 14.242582 -1.341738 -6.660664 19.631979 0.143923 -0.648247 49.534382 -0.452081 -6.523141 0.353029 -1.511152 -0.031939 20.222805 3.684309 2.31663 18.787287 2e-06 -3e-06 10.751635 -0.479869 1.397905 -0.0 0.0 1e-06 3.273809 0.305947 -0.580112 21.486826 11.830379 2.266133 8.162933 0.0 -1e-06 18.399097 -3.798989 -4.94058 5e-06 1e-06 -2e-06 0.771871 4.432239 16.286545 0.078115 -0.187337 8.588914 -4.233896 4.652475 -14.837285 1.797118 -1.830636 -2.227479 0.0 0.0 2e-06 2.133009 -7.515221 -23.562538 0.008771 -0.028869 10.182736 6.307576 -2.100078 14.254654 -1.385739 1.004178 -2.581089 0.0 0.0 -1e-06 
0.0 0.0 0.0 0.0 -0.0 0.0 -23.142229 96.709007 365.63736 -2.274193 -2.215707 -2.130214 -0.353047 -0.349424 -2.905037 -0.467164 -2.572781 -6.416951 1.106753 -4.468503 16.786377 3.430081 0.881339 9.755574 -0.047536 2.19381 -3.69182 -1.152503 2.019505 -13.281149 7.7e-05 -2.2e-05 6e-06 0.005961 -0.032206 0.000569 0.644775 -3.74631 -10.546952 -0.631144 3.70134 -10.546282 -17.36013 -12.17736 16.936953 -47.749962 -13.682289 22.032869 -0.000393 -33.405098 -0.075639 0.640416 2.44465 -24.599108 -5.882114 9.861296 0.70259 -10.936885 -0.360575 7.156211 1e-06 8.774834 2e-06 -16.319738 18.222307 6.13447 -1.844034 2.498507 -2.50728 -10.163611 4.67895 4.621113 -20.976048 -5e-06 -1e-06 -21.226309 2.451698 -3.594004 1e-06 -7e-06 -0.0 -1.362684 2.240801 -0.746322 -21.334942 0.584911 3.008325 -13.82123 -3e-06 -1e-06 -23.887203 -0.249082 -0.839487 -60.672878 2.571544 -1.012214 -0.294024 1.67969 0.833257 -14.218225 0.093215 1.300579 -34.212086 -0.287567 0.967169 -20.033236 0.964534 1.212844 -0.0 -0.0 1e-06 -3.440392 0.788234 0.501656 -15.928205 -3.167313 2.999708 -6.338833 -2e-06 -1e-06 -18.123466 3.648185 -4.905675 -2e-06 1e-06 -3e-06 20.441128 8.587398 17.350998 54.352104 8.356168 24.672968 0.005914 28.383352 0.097651 2.903223 -1.423605 -12.956778 2.243542 -5.255037 -3.180159 14.282896 -0.826593 6.952505 -4e-06 -12.690609 1e-06 15.990822 -17.730228 2.707473 1.665667 -1.955922 -2.878299 4.7278 -4.170588 4.993926 11.020529 5e-06 -3e-06 12.109058 -3.735715 -2.866785 -0.0 0.0 -0.0 1.291986 -1.928549 -1.498089 14.800136 0.56747 3.865608 14.242579 -1.341734 -6.660658 19.631973 0.143929 -0.648244 49.734619 -0.4471 -6.396122 0.353029 -1.511151 -0.03194 20.222801 3.684314 2.316628 18.787279 8e-06 -2e-06 10.751634 -0.479867 1.397907 -1e-06 0.0 1e-06 3.273809 0.305947 -0.580109 21.486828 11.830383 2.266132 8.16293 3e-06 -1e-06 18.399088 -3.798984 -4.940577 4e-06 1e-06 -1e-06 3.654573 4.648164 17.001421 0.172974 -0.366554 12.270894 -5.349908 3.887331 -13.486879 1.885495 -1.996718 -5.301979 0.0 -0.0 2e-06 4.139014 -7.057348 -23.315483 -0.023561 -0.125089 14.741815 4.180358 -1.402211 11.863992 -1.394721 1.006964 -1.566797 -0.0 0.0 -1e-06 
0.0 0.0 0.0 0.0 -0.0 0.0 -24.111771 96.936455 369.118439 -3.849744 -2.494212 -2.346229 0.41423 -0.332808 -3.059801 -0.283827 -2.685697 -6.480853 1.73991 -4.472759 16.498968 3.393891 0.891875 10.425483 -0.029416 2.178974 -3.702573 -0.961814 2.074705 -13.332604 7.7e-05 -2.3e-05 6e-06 0.000926 -0.050175 0.007472 0.654053 -3.770589 -10.533565 -0.648564 3.688387 -10.522882 -16.815037 -11.68938 17.139059 -49.80711 -12.707197 22.579042 -0.02514 -31.665751 -0.029585 0.531463 2.922642 -23.460417 -5.882106 9.861283 0.702589 -10.936872 -0.360576 7.156203 2e-06 8.774823 -1e-06 -16.327175 18.110538 6.097951 -1.844033 2.498505 -2.50728 -10.163601 4.678944 4.621109 -20.976027 -6e-06 -1e-06 -21.226288 2.451694 -3.594001 1e-06 -8e-06 -0.0 -1.362682 2.240798 -0.746322 -21.334913 0.584908 3.00832 -13.821213 -5e-06 -0.0 -23.887169 -0.249083 -0.839483 -60.518661 2.511166 -1.02274 -0.294024 1.679688 0.833254 -14.218208 0.093214 1.300581 -34.212048 -0.287569 0.967169 -20.033211 0.964535 1.212842 -0.0 -0.0 -0.0 -3.440388 0.788233 0.501654 -15.928185 -3.167311 2.999707 -6.338826 -2e-06 0.0 -18.123446 3.648178 -4.905669 -2e-06 -1e-06 -3e-06 20.00264 8.954685 17.477974 54.981167 8.792407 24.74931 -0.009844 27.376949 0.047586 3.074589 -2.031574 -12.851237 2.243543 -5.255038 -3.180158 14.282896 -0.826596 6.952504 -1e-06 -12.690609 2e-06 16.083261 -17.777029 2.656414 1.665667 -1.955922 -2.8783 4.727801 -4.17059 4.993926 11.020531 2e-06 -3e-06 12.109058 -3.735718 -2.866787 -1e-06 0.0 -0.0 1.291986 -1.92855 -1.49809 14.800134 0.567467 3.865608 14.242579 -1.341737 -6.660662 19.631975 0.143926 -0.648247 49.788841 -0.459613 -6.410789 0.353029 -1.511151 -0.031941 20.222803 3.684309 2.31663 18.787287 3e-06 -4e-06 10.751633 -0.47987 1.397905 -1e-06 0.0 1e-06 3.273809 0.305947 -0.58011 21.486822 11.830379 2.266131 8.162933 1e-06 0.0 18.399092 -3.798988 -4.940578 4e-06 1e-06 -1e-06 6.412076 4.743112 16.441704 0.172079 -0.534192 18.27043 -6.289771 3.075282 -10.245592 1.977956 -2.016591 -9.969157 -0.0 0.0 2e-06 6.064147 -6.620286 -21.613066 -0.044358 -0.160373 16.833189 3.269028 -0.990737 8.044161 -1.391101 0.994636 -0.893134 -0.0 0.0 -1e-06 
0.0 0.0 0.0 0.0 -0.0 0.0 -25.040701 97.316994 372.470306 -5.166276 -2.83514 -2.594537 1.200256 -0.320219 -3.071626 -0.132336 -2.609536 -6.526205 2.133651 -4.376724 16.091211 3.321755 0.962402 11.016789 -0.060328 2.043682 -3.71738 -0.803915 2.031117 -13.178707 7.7e-05 -2.3e-05 6e-06 -0.000625 -0.056826 0.016689 0.671322 -3.78435 -10.541208 -0.667462 3.685489 -10.526141 -16.083445 -11.17181 17.315048 -51.682743 -11.623162 23.834967 0.030051 -30.638027 -0.030899 -0.15435 3.340893 -22.16992 -5.88211 9.861294 0.70259 -10.936878 -0.360576 7.156207 0.0 8.774833 -3e-06 -16.397949 17.999958 5.947991 -1.844034 2.498506 -2.50728 -10.163605 4.678948 4.621109 -20.976038 -5e-06 1e-06 -21.226301 2.451697 -3.594004 1e-06 -7e-06 -1e-06 -1.362682 2.240798 -0.746324 -21.334929 0.584908 3.008324 -13.821223 -4e-06 -1e-06 -23.88719 -0.249081 -0.839485 -60.311451 2.405482 -1.057288 -0.294025 1.679688 0.833257 -14.218219 0.093214 1.300578 -34.212074 -0.287569 0.96717 -20.03323 0.964534 1.212844 0.0 1e-06 1e-06 -3.440391 0.788234 0.501654 -15.9282 -3.167313 2.999706 -6.338831 -1e-06 -1e-06 -18.123459 3.648185 -4.905674 -2e-06 0.0 -2e-06 19.320518 9.360765 17.484241 55.691746 9.145296 24.540983 0.148306 27.193125 0.094706 3.402025 -2.534126 -12.934307 2.243544 -5.255041 -3.180161 14.282909 -0.826595 6.952511 -3e-06 -12.690614 1e-06 16.144367 -17.784044 2.642632 1.665668 -1.955923 -2.878303 4.727805 -4.17059 4.993928 11.02054 3e-06 -1e-06 12.109068 -3.735718 -2.866788 -1e-06 -0.0 -0.0 1.291987 -1.928551 -1.498091 14.800146 0.567468 3.865612 14.24259 -1.341736 -6.660663 19.631992 0.143925 -0.648244 49.808296 -0.56534 -6.373267 0.353029 -1.511152 -0.031939 20.222818 3.684313 2.316633 18.787296 4e-06 0.0 10.751643 -0.479868 1.397907 -0.0 0.0 -0.0 3.273811 0.305947 -0.58011 21.486841 11.830384 2.266136 8.162939 1e-06 0.0 18.399105 -3.798986 -4.940581 4e-06 1e-06 -1e-06 8.946321 4.891235 14.201033 0.094347 -0.633028 26.78392 -7.022225 2.194349 -5.209301 2.077094 -1.927317 -14.947854 0.0 -0.0 3e-06 7.692585 -6.205411 -18.97575 -0.023636 -0.235902 16.965366 2.458067 -0.778179 5.512847 -1.385984 0.975837 -0.379958 0.0 0.0 -1e-06 
0.0 0.0 0.0 0.0 -0.0 0.0 -25.946608 97.741798 375.706635 -6.285324 -3.002135 -2.958992 1.992848 -0.297499 -2.939798 0.002563 -2.361084 -6.478236 2.3282 -4.219252 15.726557 3.251358 1.038884 11.359459 -0.092101 1.813554 -3.710995 -0.690488 1.926656 -12.987616 7.7e-05 -2.3e-05 6e-06 0.00436 -0.030045 0.027477 0.689816 -3.764498 -10.543219 -0.675607 3.714933 -10.531468 -15.423058 -10.663474 17.330576 -52.936367 -10.384861 25.321993 -0.000247 -30.667971 -0.01217 -0.963394 3.539267 -21.055517 -5.882109 9.861288 0.702592 -10.936877 -0.360575 7.156209 2e-06 8.774829 -1e-06 -16.508999 17.933199 5.758426 -1.844033 2.498505 -2.507278 -10.163604 4.678946 4.621114 -20.976034 -4e-06 5e-06 -21.226297 2.451696 -3.593998 1e-06 -5e-06 0.0 -1.362683 2.240799 -0.746322 -21.334927 0.584907 3.008327 -13.82122 -3e-06 3e-06 -23.887182 -0.249081 -0.839478 -60.197826 2.324781 -1.152682 -0.294025 1.679688 0.833256 -14.218215 0.093214 1.300581 -34.212074 -0.287565 0.967172 -20.033226 0.964536 1.212846 -0.0 1e-06 1e-06 -3.44039 0.788234 0.501654 -15.928194 -3.167312 2.999708 -6.338829 -2e-06 0.0 -18.123457 3.648183 -4.905671 -2e-06 2e-06 -1e-06 18.789673 9.775175 17.361259 55.955463 9.245861 24.475887 0.176507 28.084988 0.143741 3.69866 -2.565018 -13.643519 2.243541 -5.255036 -3.180155 14.282887 -0.826593 6.952499 -2e-06 -12.690601 -2e-06 16.203005 -17.788189 2.681692 1.665666 -1.955921 -2.878298 4.727798 -4.170585 4.993922 11.020524 3e-06 -2e-06 12.10905 -3.735714 -2.866783 -1e-06 -0.0 -0.0 1.291985 -1.928549 -1.498088 14.800125 0.56747 3.865607 14.242569 -1.341735 -6.660654 19.631968 0.143927 -0.648243 49.788525 -0.680523 -6.339282 0.353029 -1.51115 -0.031941 20.222792 3.684311 2.31663 18.78727 6e-06 -1e-06 10.751628 -0.479867 1.397907 -1e-06 -0.0 0.0 3.273806 0.305947 -0.580111 21.486814 11.830374 2.266134 8.162926 2e-06 -0.0 18.399076 -3.798982 -4.940575 5e-06 1e-06 -2e-06 11.277604 4.897632 10.438123 -0.027074 -0.615777 37.252434 -7.859314 1.529514 1.657199 2.081919 -1.78517 -16.839792 0.0 0.0 2e-06 9.055847 -5.849472 -15.750206 0.037306 -0.320297 15.991143 1.399796 -0.944397 3.708143 -1.395629 0.963429 -0.095571 0.0 0.0 -1e-06 
0.0 0.0 0.0 0.0 -0.0 0.0 -26.792578 98.087738 378.796783 -7.148153 -2.992729 -3.481176 2.657912 -0.281027 -2.639519 0.095152 -2.03837 -6.334502 2.434346 -3.996664 15.498772 3.205637 1.054241 11.415243 -0.085048 1.667519 -3.708601 -0.673423 1.78803 -12.809172 7.7e-05 -2.3e-05 6e-06 0.009608 -0.001777 0.028455 0.700027 -3.73959 -10.533 -0.67605 3.74358 -10.530794 -15.078802 -10.114124 17.207752 -53.414585 -9.302134 26.479193 -0.129348 -31.258751 0.04713 -1.417897 3.521264 -20.34687 -5.882115 9.861297 0.702589 -10.93689 -0.360577 7.156213 2e-06 8.774837 -2e-06 -16.520559 17.897186 5.718246 -1.844036 2.498507 -2.50728 -10.163616 4.678949 4.621112 -20.976057 -5e-06 3e-06 -21.22632 2.451698 -3.594004 2e-06 -5e-06 0.0 -1.362684 2.240801 -0.746323 -21.334953 0.584908 3.008324 -13.821239 -4e-06 2e-06 -23.887215 -0.249082 -0.839482 -60.222176 2.371355 -1.16211 -0.294025 1.679688 0.833256 -14.218231 0.093215 1.300582 -34.212109 -0.287568 0.96717 -20.033247 0.964534 1.212845 -0.0 1e-06 1e-06 -3.440394 0.788235 0.501656 -15.928213 -3.167315 2.999708 -6.338837 -3e-06 0.0 -18.123474 3.648184 -4.905678 -2e-06 1e-06 -1e-06 18.487833 10.185717 17.227787 55.669464 9.328203 24.474463 0.078673 29.651613 0.143632 3.543166 -2.191617 -14.783985 2.243544 -5.255042 -3.180159 14.282909 -0.826594 6.952507 -4e-06 -12.690618 -0.0 16.200352 -17.743105 2.746489 1.665669 -1.955924 -2.8783 4.727803 -4.170592 4.993927 11.02054 4e-06 -3e-06 12.109066 -3.735718 -2.866789 -1e-06 -0.0 0.0 1.291987 -1.928552 -1.49809 14.800148 0.56747 3.86561 14.242587 -1.341737 -6.660662 19.631992 0.143929 -0.648245 49.756229 -0.723887 -6.269658 0.353029 -1.511151 -0.03194 20.222816 3.684318 2.31663 18.787294 9e-06 -1e-06 10.751641 -0.479867 1.397906 -0.0 0.0 1e-06 3.27381 0.305948 -0.580111 21.486843 11.830391 2.266134 8.162937 3e-06 -2e-06 18.399103 -3.798983 -4.94058 5e-06 1e-06 -2e-06 13.050222 4.546787 5.858397 -0.092195 -0.510316 47.957458 -8.702201 1.95655 8.228751 1.900523 -1.781813 -11.311971 0.0 -0.0 1e-06 10.141788 -5.654339 -12.353284 0.056204 -0.351512 14.720963 0.438899 -1.386896 2.155381 -1.415433 0.969505 -0.118741 -0.0 0.0 -1e-06 
0.0 0.0 0.0 0.0 -0.0 0.0 -27.54002 98.362366 381.782379 -7.594355 -2.976877 -4.104322 3.12695 -0.220866 -2.281287 0.127161 -1.684921 -6.13379 2.385417 -3.703488 15.444301 3.159682 1.096812 11.408914 -0.093853 1.534074 -3.696003 -0.684237 1.628039 -12.860973 7.7e-05 -2.2e-05 6e-06 0.008585 -0.018755 0.027699 0.696152 -3.755256 -10.515002 -0.675663 3.724986 -10.515351 -15.141165 -9.469926 17.151409 -53.337608 -8.707443 26.887905 -0.274091 -31.63076 0.090243 -1.389408 3.372383 -20.149654 -5.88211 9.861292 0.702591 -10.936876 -0.360574 7.156206 -1e-06 8.77483 -4e-06 -16.51845 17.896229 5.763043 -1.844033 2.498505 -2.507279 -10.163604 4.678948 4.621109 -20.976028 -0.0 1e-06 -21.226292 2.4517 -3.594003 1e-06 -5e-06 0.0 -1.362683 2.2408 -0.746324 -21.334921 0.584913 3.008324 -13.821217 -1e-06 -0.0 -23.887178 -0.249078 -0.839486 -60.352844 2.47264 -1.129914 -0.294025 1.679689 0.833256 -14.218214 0.093217 1.300582 -34.212063 -0.28756 0.96717 -20.033222 0.964538 1.212842 -0.0 1e-06 1e-06 -3.44039 0.788235 0.501656 -15.928192 -3.167309 2.999706 -6.338829 0.0 1e-06 -18.123457 3.648188 -4.905674 -2e-06 1e-06 -1e-06 18.288567 10.595257 17.243126 54.944633 9.887413 24.484955 0.06025 31.096169 0.101997 2.959762 -1.675184 -15.726879 2.243543 -5.25504 -3.180158 14.282896 -0.826598 6.952504 1e-06 -12.690611 -2e-06 16.156509 -17.631878 2.781842 1.665667 -1.955922 -2.878299 4.727801 -4.17059 4.993925 11.020529 0.0 -2e-06 12.109058 -3.735719 -2.866786 -1e-06 -0.0 1e-06 1.291986 -1.928551 -1.498089 14.800134 0.567466 3.865609 14.242578 -1.341741 -6.66066 19.631973 0.143923 -0.648249 49.678673 -0.754905 -6.201556 0.353029 -1.511153 -0.03194 20.222797 3.684307 2.316631 18.787277 2e-06 -4e-06 10.751634 -0.479869 1.397906 -1e-06 0.0 1e-06 3.273808 0.305946 -0.580111 21.48682 11.830378 2.266134 8.16293 0.0 -2e-06 18.399094 -3.798989 -4.940582 4e-06 1e-06 -1e-06 13.901159 4.212831 1.301276 -0.094026 -0.449823 56.954716 -8.454307 3.517459 10.843834 1.78531 -1.921314 -5.132859 0.0 -0.0 3e-06 10.787396 -5.736154 -9.041203 0.003669 -0.328997 13.595765 -0.219589 -1.661602 0.688549 -1.423394 0.981078 -0.231142 -0.0 0.0 -1e-06 
0.0 0.0 0.0 0.0 -0.0 0.0 -28.161699 98.668999 384.727814 -7.490151 -3.095419 -4.661228 3.336792 -0.082032 -2.011418 0.08747 -1.33751 -5.959589 2.119092 -3.281095 15.519887 3.083709 1.213839 11.486876 -0.151671 1.374907 -3.653356 -0.650529 1.421087 -12.965316 7.7e-05 -2.2e-05 6e-06 0.004509 -0.066383 0.033759 0.685778 -3.797388 -10.495336 -0.674916 3.672983 -10.493066 -15.446357 -8.795341 17.136324 -53.071804 -8.489103 26.639318 -0.402571 -31.483791 0.141549 -0.978685 3.244266 -20.320107 -5.88211 9.861292 0.702591 -10.936878 -0.360576 7.156209 2e-06 8.77483 -0.0 -16.520863 17.914068 5.792711 -1.844034 2.498506 -2.507279 -10.163606 4.678947 4.621113 -20.976038 -7e-06 -1e-06 -21.226299 2.451694 -3.594002 1e-06 -6e-06 -2e-06 -1.362683 2.240799 -0.746325 -21.334929 0.584908 3.008323 -13.821223 -4e-06 0.0 -23.887188 -0.249084 -0.839482 -60.454369 2.568406 -1.165923 -0.294025 1.679688 0.833256 -14.218218 0.093214 1.300579 -34.212074 -0.287568 0.96717 -20.033226 0.964533 1.212843 -1e-06 -0.0 -0.0 -3.44039 0.788232 0.501655 -15.928196 -3.167312 2.999708 -6.338831 -2e-06 2e-06 -18.123459 3.648182 -4.905673 -1e-06 1e-06 -2e-06 18.080622 11.043881 17.343626 54.107819 10.940598 24.473646 0.117017 31.918615 0.096204 2.266545 -1.284399 -16.015837 2.243544 -5.25504 -3.18016 14.282904 -0.826595 6.952506 -4e-06 -12.690614 1e-06 16.129965 -17.546679 2.781595 1.665668 -1.955922 -2.878302 4.727803 -4.17059 4.993927 11.020536 4e-06 -2e-06 12.109062 -3.735716 -2.866787 0.0 -1e-06 -1e-06 1.291987 -1.92855 -1.498091 14.800142 0.567468 3.86561 14.242585 -1.341734 -6.660665 19.631985 0.143928 -0.648247 49.623055 -0.764267 -6.19221 0.353029 -1.51115 -0.03194 20.222811 3.684313 2.316629 18.787292 7e-06 -2e-06 10.751637 -0.479867 1.397907 1e-06 -1e-06 1e-06 3.27381 0.305948 -0.580111 21.486834 11.830384 2.26613 8.162935 1e-06 -0.0 18.399099 -3.798984 -4.94058 4e-06 0.0 -2e-06 13.856495 4.366507 -3.056727 -0.121799 -0.293126 63.078423 -7.465676 4.731688 8.750836 1.803943 -1.973092 -3.587715 0.0 -0.0 2e-06 10.777812 -5.873041 -5.861554 -0.040643 -0.308801 12.478272 -0.606434 -1.670621 -0.507604 -1.417204 0.997364 -0.198875 -0.0 0.0 -1e-06 
0.0 0.0 0.0 0.0 -0.0 0.0 -28.679668 98.940964 387.646088 -7.040697 -3.351677 -5.089323 3.387638 0.089833 -1.791742 0.008358 -0.949662 -5.812484 1.700611 -2.829976 15.568258 2.915107 1.369195 11.682257 -0.212928 1.286031 -3.617852 -0.55449 1.162965 -12.910256 7.7e-05 -2.2e-05 6e-06 0.003109 -0.09596 0.040173 0.678725 -3.819845 -10.484986 -0.671998 3.636554 -10.477287 -15.707118 -8.216777 17.156603 -52.915489 -8.435606 26.059547 -0.466041 -31.153931 0.183545 -0.605418 3.218478 -20.51989 -5.882118 9.861301 0.702591 -10.93689 -0.360574 7.156215 -1e-06 8.774838 1e-06 -16.506006 17.955383 5.831211 -1.844036 2.498508 -2.507283 -10.163618 4.678953 4.621115 -20.976061 -2e-06 -1e-06 -21.226328 2.451701 -3.594008 1e-06 -6e-06 0.0 -1.362684 2.240801 -0.746325 -21.334949 0.584914 3.008324 -13.821238 -2e-06 -1e-06 -23.887215 -0.24908 -0.839489 -60.485504 2.641823 -1.196077 -0.294026 1.67969 0.833258 -14.218234 0.093217 1.30058 -34.212112 -0.287562 0.967166 -20.033251 0.964536 1.212841 -0.0 -0.0 0.0 -3.440394 0.788234 0.501658 -15.928213 -3.167313 2.99971 -6.338839 -2e-06 -2e-06 -18.123478 3.648189 -4.905682 -2e-06 0.0 -1e-06 17.662201 11.621552 17.433899 53.509117 12.237177 24.427315 0.185179 32.266697 0.13425 1.689607 -1.12562 -15.885181 2.243544 -5.255041 -3.180159 14.282898 -0.826596 6.952504 -1e-06 -12.690612 -2e-06 16.105566 -17.490435 2.762224 1.665668 -1.955922 -2.878299 4.727801 -4.170589 4.993927 11.020532 3e-06 -4e-06 12.109058 -3.735717 -2.866789 0.0 -0.0 -0.0 1.291987 -1.928552 -1.498088 14.800138 0.567469 3.865606 14.242582 -1.341737 -6.660664 19.631979 0.143927 -0.648249 49.601971 -0.727873 -6.206625 0.35303 -1.511151 -0.031941 20.222803 3.684312 2.316629 18.787285 5e-06 -2e-06 10.751633 -0.479869 1.397906 1e-06 -1e-06 0.0 3.273809 0.305946 -0.580111 21.486824 11.830381 2.266132 8.16293 3e-06 0.0 18.399092 -3.798987 -4.940581 4e-06 0.0 -0.0 13.253324 5.06447 -7.329741 -0.136728 -0.110699 66.00251 -6.663637 5.597094 5.755749 1.819716 -1.972625 -3.298759 0.0 0.0 4e-06 10.312051 -5.953215 -2.826599 -0.025196 -0.296057 11.310616 -0.850274 -1.477823 -1.620127 -1.40832 1.004764 -0.041998 -0.0 -0.0 -1e-06 
0.0 0.0 0.0 0.0 -0.0 0.0 -29.144543 99.100258 390.543823 -6.524045 -3.700364 -5.367343 3.418926 0.257457 -1.550068 -0.055943 -0.511779 -5.667599 1.24056 -2.397104 15.505192 2.636703 1.541509 11.862007 -0.260377 1.241219 -3.605522 -0.416742 0.927267 -12.697073 7.7e-05 -2.2e-05 6e-06 0.004775 -0.099644 0.04329 0.679926 -3.817797 -10.484442 -0.671213 3.626168 -10.468227 -15.890884 -7.733969 17.134792 -52.836319 -8.358529 25.61241 -0.364122 -31.113968 0.167619 -0.477987 3.210558 -20.828501 -5.882113 9.861297 0.702591 -10.936885 -0.360575 7.156211 -0.0 8.774835 -0.0 -16.486338 18.010717 5.866808 -1.844035 2.498508 -2.507279 -10.163613 4.678951 4.621109 -20.976051 -2e-06 3e-06 -21.226315 2.451702 -3.594004 -0.0 -6e-06 0.0 -1.362683 2.240801 -0.746324 -21.334942 0.584911 3.008322 -13.82123 -1e-06 -0.0 -23.887201 -0.249078 -0.839484 -60.529976 2.673559 -1.239901 -0.294026 1.67969 0.833256 -14.218225 0.093216 1.30058 -34.212086 -0.287561 0.967167 -20.033241 0.964538 1.212841 -1e-06 -0.0 0.0 -3.440392 0.788234 0.501656 -15.928205 -3.167312 2.999709 -6.338833 -1e-06 -1e-06 -18.123468 3.648189 -4.905675 -2e-06 0.0 -1e-06 17.026583 12.364367 17.42168 53.089222 13.508296 24.428169 0.200462 32.524799 0.172762 1.294626 -1.006962 -15.996779 2.243545 -5.255044 -3.180162 14.282912 -0.826595 6.952508 -4e-06 -12.690625 -1e-06 16.084881 -17.462839 2.752131 1.665669 -1.955924 -2.878302 4.727805 -4.170594 4.993929 11.020543 3e-06 -3e-06 12.10907 -3.73572 -2.866788 0.0 -0.0 -1e-06 1.291988 -1.928552 -1.498091 14.800149 0.567471 3.865608 14.242594 -1.341736 -6.660667 19.631998 0.14393 -0.648246 49.589458 -0.725318 -6.220096 0.353029 -1.511152 -0.031941 20.22282 3.684317 2.316627 18.7873 8e-06 -3e-06 10.751643 -0.479866 1.397905 1e-06 1e-06 -1e-06 3.273811 0.305948 -0.580114 21.486845 11.830396 2.266131 8.162938 3e-06 -2e-06 18.399109 -3.798987 -4.940586 6e-06 0.0 -1e-06 12.388931 6.240658 -11.571441 -0.111482 0.049365 65.808525 -6.399429 6.32711 2.950037 1.792466 -1.941714 -3.169208 1e-06 -0.0 2e-06 9.73459 -5.959459 0.042506 0.010723 -0.288659 10.114155 -1.068946 -1.264201 -2.800508 -1.404392 0.997163 0.165544 0.0 0.0 -1e-06 
0.0 0.0 0.0 0.0 -0.0 0.0 -29.561764 99.13205 393.408997 -6.059393 -4.031565 -5.429656 3.445793 0.397185 -1.342356 -0.077645 -0.062813 -5.534017 0.825156 -2.010498 15.394886 2.300507 1.737988 11.825508 -0.309364 1.175818 -3.625593 -0.266791 0.745763 -12.41754 7.7e-05 -2.2e-05 6e-06 0.00716 -0.084622 0.043532 0.686699 -3.797946 -10.478532 -0.674557 3.634752 -10.457514 -16.234543 -7.308187 17.022449 -52.5825 -8.245672 25.373547 -0.15802 -31.366596 0.111651 -0.469572 3.119116 -21.29777 -5.882108 9.861287 0.702591 -10.936873 -0.360574 7.156208 -0.0 8.774826 -0.0 -16.453344 18.029497 5.900873 -1.844032 2.498505 -2.507277 -10.163603 4.678946 4.621109 -20.976028 -1e-06 1e-06 -21.22629 2.451699 -3.594 -0.0 -5e-06 0.0 -1.362682 2.240799 -0.746324 -21.334917 0.584911 3.008323 -13.821217 -2e-06 1e-06 -23.887175 -0.249078 -0.839485 -60.606392 2.647789 -1.215729 -0.294025 1.679688 0.833256 -14.218212 0.093216 1.300582 -34.212059 -0.28756 0.96717 -20.033218 0.964539 1.212842 -1e-06 0.0 0.0 -3.440389 0.788233 0.501655 -15.928191 -3.167309 2.999708 -6.338829 -1e-06 0.0 -18.123453 3.648184 -4.905674 -2e-06 0.0 -2e-06 16.432302 13.169082 17.304314 52.577435 14.566916 24.503906 0.13388 32.852852 0.177131 0.982294 -0.77533 -16.449957 2.243541 -5.255034 -3.180158 14.282887 -0.826595 6.952499 -3e-06 -12.6906 -1e-06 16.055527 -17.461258 2.767797 1.665666 -1.955921 -2.878298 4.727798 -4.170586 4.993922 11.020524 2e-06 -2e-06 12.109052 -3.735714 -2.866783 0.0 0.0 -1e-06 1.291986 -1.928549 -1.498088 14.800123 0.567467 3.865604 14.242568 -1.341737 -6.660655 19.631966 0.143927 -0.648244 49.577755 -0.735852 -6.18973 0.353029 -1.511149 -0.031939 20.222786 3.684306 2.316628 18.78727 6e-06 -4e-06 10.751625 -0.479869 1.397907 3e-06 2e-06 -1e-06 3.273807 0.305947 -0.58011 21.486809 11.830371 2.26613 8.162924 2e-06 0.0 18.399076 -3.798983 -4.940573 5e-06 0.0 0.0 11.332498 7.646181 -15.527147 -0.024502 0.19781 62.655361 -6.500361 7.095644 0.846875 1.757174 -1.892378 -3.044057 0.0 -0.0 2e-06 9.211737 -5.875501 2.678545 0.024553 -0.268543 8.848113 -1.286647 -1.120962 -4.046274 -1.404742 0.97502 0.32164 -0.0 0.0 -1e-06 
0.0 0.0 0.0 0.0 -0.0 0.0 -29.932823 99.089401 396.302063 -5.666074 -4.293883 -5.259332 3.46128 0.467397 -1.219689 -0.066963 0.394188 -5.442327 0.482615 -1.667428 15.294512 1.923785 1.938999 11.549739 -0.357881 1.101601 -3.660859 -0.155061 0.618718 -12.112179 7.7e-05 -2.2e-05 6e-06 0.009975 -0.056439 0.042712 0.691522 -3.766914 -10.471333 -0.675087 3.658216 -10.453138 -16.785278 -6.904368 16.845095 -52.155426 -8.173841 25.234253 0.104677 -31.712982 0.025468 -0.450026 2.983626 -21.936079 -5.88211 9.861289 0.702591 -10.936877 -0.360574 7.15621 -0.0 8.774828 1e-06 -16.397919 18.028151 5.928948 -1.844033 2.498506 -2.507279 -10.163604 4.678946 4.621111 -20.97603 -3e-06 2e-06 -21.226295 2.451698 -3.594 1e-06 -5e-06 0.0 -1.362682 2.240799 -0.746325 -21.334925 0.584911 3.008326 -13.821219 -1e-06 3e-06 -23.887182 -0.249077 -0.839482 -60.624992 2.592925 -1.128253 -0.294025 1.679688 0.833257 -14.218217 0.093215 1.30058 -34.212067 -0.287562 0.96717 -20.033222 0.964538 1.212842 -0.0 -2e-06 -1e-06 -3.44039 0.788234 0.501655 -15.928198 -3.167308 2.999711 -6.338831 -1e-06 2e-06 -18.123459 3.648183 -4.905671 -1e-06 1e-06 1e-06 16.006975 13.944263 17.146042 51.857708 15.471236 24.615749 0.062007 33.187485 0.155269 0.733659 -0.489386 -16.88904 2.243542 -5.255037 -3.18016 14.282895 -0.826595 6.952501 -1e-06 -12.690609 -2e-06 16.025398 -17.448938 2.777132 1.665668 -1.955922 -2.878298 4.7278 -4.170588 4.993923 11.020528 2e-06 -2e-06 12.109056 -3.735717 -2.866785 -1e-06 -1e-06 -2e-06 1.291986 -1.92855 -1.49809 14.800132 0.567467 3.865607 14.242577 -1.341739 -6.660661 19.631973 0.143924 -0.648246 49.560394 -0.733288 -6.113607 0.35303 -1.51115 -0.031941 20.222795 3.684308 2.316628 18.787279 4e-06 -3e-06 10.751631 -0.479869 1.397905 2e-06 2e-06 -2e-06 3.273807 0.305947 -0.580111 21.486818 11.830376 2.266135 8.162928 -1e-06 -2e-06 18.399088 -3.798987 -4.940577 5e-06 0.0 0.0 10.090991 9.013135 -19.004292 0.101658 0.314538 56.876526 -6.834773 7.571692 0.036977 1.746143 -1.865473 -2.904904 0.0 -0.0 3e-06 8.766234 -5.735217 5.173583 0.018674 -0.224223 7.312037 -1.504523 -1.08188 -5.104376 -1.409094 0.949265 0.460718 0.0 0.0 -1e-06 
0.0 0.0 0.0 0.0 -0.0 0.0 -30.23394 98.988312 399.157837 -5.336113 -4.490752 -4.840994 3.47018 0.440706 -1.230286 -0.051288 0.822236 -5.42862 0.231214 -1.313352 15.232416 1.541031 2.142769 11.096538 -0.414426 1.048848 -3.69261 -0.082163 0.510535 -11.821358 7.7e-05 -2.3e-05 6e-06 0.013591 -0.021031 0.038527 0.689496 -3.732739 -10.483344 -0.666987 3.69335 -10.475184 -17.464148 -6.528308 16.69589 -51.732849 -8.219289 24.837793 0.314634 -31.94894 -0.065143 -0.338062 2.905345 -22.515779 -5.882106 9.861284 0.702593 -10.936871 -0.360574 7.156205 1e-06 8.774824 -0.0 -16.33083 18.047922 5.941664 -1.844033 2.498504 -2.507275 -10.163599 4.678945 4.62111 -20.976023 -3e-06 4e-06 -21.226286 2.451698 -3.593999 2e-06 -6e-06 1e-06 -1.362681 2.240798 -0.746324 -21.334915 0.58491 3.008324 -13.821214 -1e-06 5e-06 -23.887171 -0.249077 -0.839482 -60.58556 2.576432 -1.068856 -0.294025 1.679687 0.833256 -14.218209 0.093216 1.300582 -34.212051 -0.287562 0.967174 -20.033215 0.964539 1.212844 -0.0 -0.0 -1e-06 -3.440389 0.788232 0.501655 -15.928185 -3.167309 2.999708 -6.338826 -2e-06 2e-06 -18.123444 3.648183 -4.905668 -1e-06 0.0 -2e-06 15.699274 14.666179 16.994461 51.035885 16.311134 24.740921 -0.011605 33.38921 0.122752 0.564666 -0.202527 -17.080238 2.24354 -5.255036 -3.180158 14.282887 -0.826593 6.952503 -4e-06 -12.690601 2e-06 16.000835 -17.424475 2.751887 1.665667 -1.955922 -2.878299 4.727798 -4.170588 4.993925 11.020526 4e-06 -2e-06 12.109052 -3.735713 -2.866783 -1e-06 -0.0 -0.0 1.291984 -1.928547 -1.498091 14.800125 0.567468 3.865609 14.24257 -1.341735 -6.660657 19.631966 0.143926 -0.648245 49.486904 -0.719008 -6.062144 0.353029 -1.511151 -0.03194 20.222786 3.684312 2.316629 18.78727 6e-06 -1e-06 10.751627 -0.479868 1.397906 0.0 2e-06 -2e-06 3.273806 0.305948 -0.580111 21.486813 11.830373 2.266132 8.162926 1e-06 -1e-06 18.39908 -3.798983 -4.940574 4e-06 -0.0 0.0 8.645936 10.203803 -21.823265 0.21504 0.401571 48.592567 -7.216822 7.817445 0.729859 1.748925 -1.895068 -2.832467 -0.0 0.0 2e-06 8.366589 -5.593026 7.307054 0.008216 -0.157019 5.78222 -1.704703 -1.032182 -5.964864 -1.415153 0.919259 0.595204 -0.0 0.0 -1e-06 
0.0 0.0 0.0 0.0 -0.0 0.0 -30.429983 98.827881 401.917175 -5.092426 -4.620957 -4.209093 3.484115 0.344515 -1.397801 -0.058963 1.121581 -5.495512 0.11525 -0.905696 15.203185 1.181028 2.328141 10.576534 -0.465192 1.041749 -3.701467 -0.042247 0.385508 -11.539956 7.7e-05 -2.2e-05 6e-06 0.018041 0.006286 0.036411 0.688346 -3.708944 -10.518201 -0.657828 3.723932 -10.516017 -18.149145 -6.208255 16.580063 -51.469269 -8.275161 24.034786 0.382446 -32.086025 -0.125251 -0.091079 2.986755 -22.987911 -5.882113 9.861294 0.702592 -10.936885 -0.360576 7.156213 2e-06 8.774835 -1e-06 -16.247929 18.071808 5.959654 -1.844035 2.498507 -2.507279 -10.163612 4.678948 4.621113 -20.976053 -7e-06 2e-06 -21.226316 2.451697 -3.594001 1e-06 -6e-06 1e-06 -1.362683 2.2408 -0.746323 -21.33494 0.584908 3.008324 -13.821233 -5e-06 2e-06 -23.887203 -0.249083 -0.839483 -60.567268 2.606666 -1.088406 -0.294025 1.679689 0.833256 -14.218227 0.093213 1.300579 -34.212097 -0.287569 0.967171 -20.033237 0.964535 1.212845 -0.0 -0.0 -1e-06 -3.440393 0.788234 0.501656 -15.928206 -3.167314 2.999709 -6.338835 -2e-06 1e-06 -18.12347 3.648183 -4.905675 -2e-06 1e-06 -2e-06 15.409402 15.291998 16.800747 50.35051 16.993916 24.888353 -0.096908 33.366814 0.071095 0.468482 0.09659 -16.956984 2.243545 -5.255044 -3.180162 14.282905 -0.826596 6.952505 -3e-06 -12.690619 0.0 16.00177 -17.411783 2.70249 1.665669 -1.955924 -2.878302 4.727803 -4.170591 4.993928 11.020538 3e-06 -4e-06 12.109065 -3.735719 -2.866791 0.0 -0.0 1e-06 1.291987 -1.92855 -1.498091 14.800142 0.567469 3.865608 14.242586 -1.341737 -6.660665 19.631989 0.14393 -0.648247 49.388313 -0.705269 -6.078015 0.35303 -1.511153 -0.03194 20.222813 3.684314 2.316629 18.787296 8e-06 -5e-06 10.751639 -0.479868 1.397905 0.0 2e-06 -2e-06 3.273809 0.305948 -0.580111 21.486834 11.830387 2.266131 8.162932 1e-06 -3e-06 18.399103 -3.798987 -4.940583 3e-06 1e-06 -2e-06 7.097176 11.215319 -23.618467 0.279866 0.499554 38.139618 -7.558902 7.934019 2.536359 1.751035 -1.940937 -2.737581 -0.0 -0.0 2e-06 8.011246 -5.4972 8.956571 -0.009626 -0.090939 4.635118 -1.866175 -0.857132 -6.770011 -1.418086 0.911133 0.656106 0.0 0.0 -1e-06 
0.0 0.0 0.0 0.0 -0.0 0.0 -30.533501 98.567474 404.672302 -4.943671 -4.67499 -3.478427 3.490216 0.271473 -1.685838 -0.082993 1.231609 -5.625543 0.150903 -0.510507 15.19469 0.893912 2.479337 10.051597 -0.522148 0.995228 -3.693297 -0.035138 0.305444 -11.225973 7.7e-05 -2.2e-05 6e-06 0.022895 0.013188 0.036759 0.696901 -3.708759 -10.573744 -0.657438 3.73734 -10.563301 -18.695564 -5.95456 16.444098 -51.454918 -8.206832 23.107054 0.350591 -32.281033 -0.143873 0.15986 3.245933 -23.226484 -5.882106 9.861285 0.70259 -10.93687 -0.360574 7.156206 -1e-06 8.774824 -2e-06 -16.143879 18.059975 6.043597 -1.844032 2.498504 -2.507277 -10.163599 4.678946 4.621108 -20.976021 -1e-06 1e-06 -21.226288 2.451699 -3.594001 2e-06 -6e-06 0.0 -1.362681 2.240798 -0.746323 -21.334911 0.584911 3.008324 -13.82121 -1e-06 2e-06 -23.887167 -0.249078 -0.839485 -60.646084 2.653765 -1.091359 -0.294025 1.679687 0.833256 -14.218207 0.093216 1.30058 -34.212048 -0.287561 0.967168 -20.033211 0.964537 1.212841 -0.0 0.0 -1e-06 -3.440388 0.788234 0.501657 -15.928185 -3.167308 2.999707 -6.338825 -1e-06 1e-06 -18.123444 3.648184 -4.905672 -2e-06 1e-06 -1e-06 15.097186 15.798112 16.529985 49.918201 17.430223 25.002344 -0.17837 33.203674 -0.011953 0.423387 0.289916 -16.641096 2.243542 -5.255034 -3.18016 14.282892 -0.826596 6.952503 -3e-06 -12.690601 2e-06 16.004255 -17.417501 2.687899 1.665668 -1.955923 -2.878301 4.727799 -4.170587 4.993925 11.020528 2e-06 -3e-06 12.109052 -3.735716 -2.866783 -0.0 -0.0 -0.0 1.291984 -1.928549 -1.49809 14.800129 0.56747 3.865606 14.242574 -1.341735 -6.660658 19.631969 0.143928 -0.648246 49.339596 -0.708226 -6.116114 0.353029 -1.511151 -0.03194 20.222794 3.684308 2.316627 18.787279 5e-06 -3e-06 10.751629 -0.479867 1.397905 0.0 3e-06 0.0 3.273807 0.305948 -0.58011 21.486814 11.830373 2.266131 8.162927 2e-06 -2e-06 18.399086 -3.798986 -4.940575 3e-06 1e-06 0.0 5.554895 11.946243 -24.20573 0.258023 0.602474 26.054409 -7.862444 7.993896 4.637375 1.752711 -1.951904 -2.453582 -0.0 0.0 2e-06 7.68858 -5.509045 10.35291 -0.048552 -0.062124 3.908351 -1.981493 -0.567356 -7.721037 -1.419053 0.926913 0.590098 -0.0 0.0 -1e-06 
0.0 0.0 0.0 0.0 -0.0 0.0 -30.568632 98.228065 407.607971 -4.781796 -4.626072 -2.752525 3.37219 0.232454 -2.097921 -0.085913 1.243062 -5.7891 0.27679 -0.31116 15.222676 0.66955 2.609257 9.512888 -0.597182 0.923007 -3.684303 -0.105079 0.326303 -10.81952 7.7e-05 -2.3e-05 6e-06 0.022972 0.003364 0.038321 0.701811 -3.728843 -10.62639 -0.662995 3.736196 -10.606492 -19.149025 -5.68743 16.33885 -51.521019 -8.001926 22.31649 0.256152 -32.566158 -0.149818 0.292695 3.400054 -23.124035 -5.882106 9.861284 0.70259 -10.936873 -0.360575 7.156205 1e-06 8.774824 -0.0 -15.999496 18.042686 6.204893 -1.844032 2.498503 -2.507277 -10.1636 4.678943 4.621109 -20.976023 -4e-06 5e-06 -21.226288 2.451696 -3.593999 0.0 -6e-06 -1e-06 -1.362681 2.240798 -0.746323 -21.334917 0.584908 3.008326 -13.821215 -4e-06 2e-06 -23.887171 -0.249079 -0.839481 -60.780735 2.726842 -1.006397 -0.294025 1.679688 0.833255 -14.21821 0.093213 1.300581 -34.212051 -0.287565 0.967174 -20.033215 0.964536 1.212845 1e-06 0.0 -0.0 -3.440389 0.788233 0.501657 -15.928189 -3.16731 2.999706 -6.338828 -2e-06 3e-06 -18.123444 3.648181 -4.905668 -1e-06 0.0 -1e-06 14.838991 16.232349 16.315399 49.632191 17.60581 24.889551 -0.182429 33.153751 -0.0937 0.395498 0.251793 -16.073376 2.243541 -5.255035 -3.180156 14.282892 -0.826594 6.952506 -4e-06 -12.690602 -1e-06 15.982179 -17.421223 2.735265 1.665667 -1.955922 -2.8783 4.727799 -4.170587 4.993923 11.020528 4e-06 -1e-06 12.109053 -3.735715 -2.866781 -0.0 -0.0 -0.0 1.291984 -1.928548 -1.49809 14.800129 0.56747 3.865606 14.242573 -1.341734 -6.66066 19.631971 0.143928 -0.648244 49.395855 -0.709738 -6.123607 0.353029 -1.511152 -0.03194 20.22279 3.684312 2.316631 18.78727 8e-06 -1e-06 10.751629 -0.479868 1.397906 0.0 2e-06 0.0 3.273808 0.305947 -0.580112 21.486818 11.830376 2.266136 8.162929 2e-06 -1e-06 18.399086 -3.798985 -4.940573 3e-06 1e-06 0.0 4.083173 11.916561 -23.996937 0.100519 0.54623 13.829922 -8.072054 7.767136 6.440295 1.713457 -1.963337 -2.345232 0.0 -0.0 2e-06 7.268104 -5.533285 11.676522 -0.086031 -0.110422 3.6249 -1.955634 -0.369745 -8.748622 -1.41954 0.89814 0.377219 0.0 0.0 -1e-06 
0.0 0.0 0.0 0.0 -0.0 0.0 -30.533522 97.792923 410.743958 -4.371896 -4.605604 -2.089255 3.004966 0.171235 -2.614081 -0.069131 1.278025 -5.962413 0.39152 -0.311109 15.267105 0.37434 2.767663 9.059596 -0.636284 0.893559 -3.685346 -0.191536 0.411776 -10.309516 7.7e-05 -2.2e-05 6e-06 0.016661 -0.047717 0.043043 0.680445 -3.786437 -10.631743 -0.654925 3.690683 -10.606711 -19.72986 -5.488834 16.323353 -51.389469 -7.621475 21.8878 0.15904 -32.820969 -0.184572 0.131413 3.151625 -22.905123 -5.882111 9.861296 0.702591 -10.936878 -0.360573 7.15621 -0.0 8.774834 -0.0 -15.916221 18.087334 6.247114 -1.844033 2.498507 -2.507279 -10.163607 4.67895 4.621111 -20.976038 -1e-06 1e-06 -21.226301 2.451701 -3.594004 -0.0 -7e-06 -1e-06 -1.362682 2.240801 -0.746324 -21.334929 0.584912 3.008323 -13.821221 -1e-06 0.0 -23.887182 -0.249077 -0.839485 -60.789783 2.789895 -0.986743 -0.294025 1.679689 0.833257 -14.218219 0.093217 1.300582 -34.212074 -0.28756 0.96717 -20.033224 0.964539 1.212842 0.0 0.0 -1e-06 -3.440391 0.788235 0.501656 -15.9282 -3.16731 2.999709 -6.338832 -1e-06 1e-06 -18.123459 3.648189 -4.905677 -2e-06 0.0 -1e-06 14.796618 16.524433 16.166267 49.249039 17.49111 24.800224 -0.0142 33.40929 -0.060775 0.421697 0.106319 -15.526458 2.243545 -5.255041 -3.180157 14.282901 -0.826598 6.952505 -2e-06 -12.690612 1e-06 15.964604 -17.431217 2.754224 1.665667 -1.955921 -2.878299 4.727802 -4.17059 4.993926 11.020534 0.0 -3e-06 12.10906 -3.735717 -2.866787 1e-06 -0.0 2e-06 1.291986 -1.92855 -1.49809 14.800139 0.567465 3.865608 14.242584 -1.341738 -6.660663 19.631981 0.143923 -0.648247 49.417225 -0.682494 -6.18705 0.353029 -1.511152 -0.031941 20.222803 3.684309 2.316631 18.787287 3e-06 -3e-06 10.751636 -0.479869 1.397905 1e-06 2e-06 1e-06 3.273809 0.305946 -0.580113 21.486826 11.830381 2.266128 8.16293 -0.0 -3e-06 18.399099 -3.798987 -4.940583 3e-06 -1e-06 -0.0 2.662263 10.906396 -23.541046 -0.017974 0.363998 4.205717 -8.266028 7.710914 7.326628 1.654325 -2.017559 -2.593637 0.0 0.0 3e-06 6.498546 -5.445883 12.804403 -0.098792 -0.210113 4.126892 -1.735779 -0.179905 -10.125053 -1.421863 0.825906 0.045253 0.0 0.0 -1e-06 
0.0 0.0 0.0 0.0 -0.0 0.0 -30.449656 97.337654 413.956116 -3.587086 -4.671451 -1.723931 2.388738 0.209385 -2.951162 -0.124902 1.377459 -6.104046 0.357469 -0.423443 15.340544 0.223213 2.876261 8.694246 -0.609219 0.800868 -3.595597 -0.321163 0.568587 -10.134982 7.7e-05 -2.3e-05 6e-06 0.012299 -0.03515 0.062602 0.676148 -3.775374 -10.593031 -0.659438 3.705305 -10.564877 -20.114054 -5.635091 16.254087 -51.347115 -7.131128 21.890202 0.134991 -32.878395 -0.188648 -0.422878 2.902354 -22.704174 -5.882104 9.861279 0.702591 -10.936867 -0.360574 7.156206 1e-06 8.774821 -1e-06 -15.981626 18.023396 6.035853 -1.844032 2.498504 -2.507277 -10.163596 4.678943 4.621106 -20.976013 -2e-06 4e-06 -21.226274 2.451698 -3.593997 -0.0 -6e-06 0.0 -1.362681 2.240798 -0.746324 -21.334906 0.584911 3.008326 -13.821208 -1e-06 3e-06 -23.887163 -0.249077 -0.839482 -60.66478 2.771233 -1.129858 -0.294024 1.679685 0.833256 -14.218204 0.093215 1.300581 -34.212044 -0.287561 0.967174 -20.033209 0.964538 1.212844 0.0 -0.0 -1e-06 -3.440388 0.788233 0.501656 -15.928181 -3.167308 2.999708 -6.338824 -1e-06 2e-06 -18.123444 3.648181 -4.905668 -2e-06 1e-06 -2e-06 14.958557 16.581711 16.048048 48.869278 17.222664 25.160686 -0.05667 33.775009 0.06495 0.495675 0.082696 -15.452306 2.243541 -5.255033 -3.180154 14.282885 -0.826594 6.952499 -3e-06 -12.690598 1e-06 15.979965 -17.457655 2.715244 1.665665 -1.955919 -2.878298 4.727796 -4.170584 4.993921 11.02052 3e-06 -1e-06 12.109046 -3.735714 -2.866781 1e-06 -0.0 1e-06 1.291986 -1.928549 -1.498088 14.800122 0.567469 3.865604 14.242566 -1.341734 -6.660655 19.631964 0.143928 -0.648242 49.409828 -0.795479 -6.306087 0.353029 -1.511149 -0.03194 20.222786 3.684308 2.316627 18.787268 4e-06 1e-06 10.751625 -0.479867 1.397906 1e-06 1e-06 1e-06 3.273806 0.305946 -0.58011 21.486807 11.830368 2.266132 8.162924 2e-06 -1e-06 18.399075 -3.798984 -4.940572 3e-06 -0.0 -0.0 1.24772 9.378684 -23.525475 0.022748 0.238684 0.756987 -7.777045 7.980935 8.598216 1.639241 -2.037487 -2.650568 0.0 0.0 3e-06 5.227755 -5.425256 13.967254 -0.104506 -0.228478 5.344358 -1.46268 -0.103786 -11.432473 -1.443933 0.77595 -0.451723 -0.0 0.0 -1e-06 
0.0 0.0 0.0 0.0 -0.0 0.0 -30.285538 96.996117 417.267792 -2.434028 -4.671709 -1.650245 1.478879 0.247295 -3.279468 -0.230309 1.426809 -6.214158 0.171529 -0.586887 15.530104 0.237137 2.850734 8.41643 -0.62348 0.983578 -3.572755 -0.377687 0.634028 -9.829882 7.7e-05 -2.3e-05 6e-06 0.014383 -0.053329 0.077298 0.682196 -3.798094 -10.578467 -0.661058 3.69303 -10.546598 -20.536083 -5.67882 16.189316 -51.161194 -6.754722 22.131647 0.164543 -32.591492 -0.192735 -1.053632 2.87845 -22.619709 -5.88211 9.861293 0.702591 -10.936877 -0.360573 7.15621 -0.0 8.774831 -1e-06 -16.021339 18.097395 6.069148 -1.844033 2.498505 -2.507278 -10.163605 4.678949 4.621113 -20.976032 -2e-06 1e-06 -21.226297 2.4517 -3.594004 -0.0 -7e-06 -1e-06 -1.362682 2.2408 -0.746323 -21.334923 0.584911 3.008324 -13.821218 -1e-06 2e-06 -23.887182 -0.249077 -0.839485 -60.637115 2.834268 -1.087674 -0.294025 1.679688 0.833257 -14.218214 0.093217 1.30058 -34.212063 -0.287562 0.96717 -20.033222 0.964539 1.212843 -0.0 -0.0 -2e-06 -3.44039 0.788234 0.501655 -15.928192 -3.16731 2.999707 -6.33883 -0.0 1e-06 -18.123457 3.648187 -4.905672 -4e-06 0.0 -2e-06 15.551294 16.387754 16.164858 48.463566 16.884912 25.997818 -0.471297 33.878696 -0.094566 0.5572 0.224833 -15.316549 2.24354 -5.255036 -3.180157 14.282887 -0.826593 6.952501 -4e-06 -12.690604 0.0 15.982986 -17.479256 2.714444 1.665666 -1.955922 -2.878299 4.727798 -4.170587 4.993924 11.020526 4e-06 -2e-06 12.109052 -3.735714 -2.866784 0.0 -0.0 -0.0 1.291985 -1.928548 -1.498089 14.800125 0.56747 3.865606 14.242572 -1.341735 -6.660657 19.631969 0.143927 -0.648243 49.404354 -0.747404 -6.366089 0.35303 -1.511151 -0.031939 20.222788 3.684311 2.316627 18.78727 6e-06 -1e-06 10.751625 -0.479867 1.397905 1e-06 1e-06 1e-06 3.273805 0.305947 -0.580112 21.486813 11.830373 2.266133 8.162927 3e-06 -1e-06 18.39908 -3.798985 -4.940575 3e-06 -1e-06 -0.0 -0.155902 7.929306 -23.190979 0.057687 0.233515 2.164737 -6.315316 7.319585 11.848188 1.71302 -2.008491 -2.50418 1e-06 0.0 2e-06 3.521896 -5.431602 15.364638 -0.101881 -0.093925 6.824239 -1.059087 -0.183905 -11.771205 -1.45322 0.855139 -1.220196 -0.0 0.0 -1e-06 
0.0 0.0 0.0 0.0 -0.0 0.0 -30.053362 96.887749 420.578064 -0.909769 -4.750663 -1.671247 0.332497 0.236343 -3.730864 -0.35466 1.474956 -6.459501 -0.120911 -0.64069 15.887832 0.208001 2.828319 8.190502 -0.579127 1.18065 -3.58175 -0.399836 0.803864 -9.246302 7.7e-05 -2.3e-05 6e-06 0.024195 -0.100399 0.068661 0.682215 -3.851412 -10.590019 -0.641129 3.654153 -10.563975 -21.366606 -5.767345 16.133854 -50.611889 -6.309973 22.72562 0.353905 -31.847059 -0.254369 -1.564593 2.784135 -23.281448 -5.882105 9.861286 0.702591 -10.936868 -0.360575 7.156202 -1e-06 8.774826 0.0 -16.075466 18.153763 6.161057 -1.844032 2.498505 -2.507277 -10.163597 4.678945 4.621107 -20.976021 -4e-06 0.0 -21.226276 2.451696 -3.594003 -0.0 -6e-06 0.0 -1.362682 2.240799 -0.746324 -21.334908 0.584909 3.008321 -13.82121 -3e-06 0.0 -23.887159 -0.249078 -0.839485 -60.587254 2.821701 -0.918271 -0.294025 1.679688 0.833255 -14.218205 0.093215 1.300578 -34.212048 -0.287563 0.967168 -20.033211 0.964534 1.21284 -0.0 -0.0 -1e-06 -3.440387 0.788232 0.501656 -15.928181 -3.16731 2.999704 -6.338825 -2e-06 2e-06 -18.123442 3.648183 -4.905669 -4e-06 0.0 -2e-06 16.640656 15.939635 16.303665 47.974674 16.221052 26.534527 -0.658342 33.67844 -0.153885 0.510757 0.356885 -15.055359 2.243542 -5.255037 -3.180158 14.282889 -0.826596 6.9525 -1e-06 -12.690605 0.0 15.922807 -17.523106 2.758213 1.665667 -1.955922 -2.878297 4.7278 -4.170589 4.993923 11.020526 -1e-06 -3e-06 12.109053 -3.735718 -2.866788 0.0 -0.0 1e-06 1.291987 -1.92855 -1.498089 14.800129 0.567466 3.865607 14.242574 -1.341739 -6.660661 19.631968 0.143924 -0.648247 49.50457 -0.750827 -6.34362 0.35303 -1.511151 -0.031939 20.222788 3.684305 2.316629 18.78727 1e-06 -2e-06 10.751627 -0.479871 1.397904 1e-06 1e-06 1e-06 3.273806 0.305948 -0.58011 21.486809 11.830373 2.266135 8.162927 2e-06 -2e-06 18.399086 -3.798989 -4.940578 4e-06 -0.0 -0.0 -1.651568 6.417078 -22.432659 0.061006 0.215247 4.037815 -4.032808 6.279759 16.068731 1.761184 -1.998475 -1.923748 0.0 -0.0 2e-06 1.166905 -5.637275 17.254244 -0.11795 0.00257 7.995243 -0.228958 -0.029572 -10.055931 -1.456304 0.923853 -2.898313 -0.0 0.0 -1e-06 
0.0 0.0 0.0 0.0 -0.0 0.0 -29.814096 96.818535 423.947845 0.898069 -4.828325 -1.878181 -0.855941 0.250971 -4.017679 -0.52531 1.501971 -6.68663 -0.694699 -0.594275 16.091995 0.350635 2.910393 8.113269 -0.52472 1.299913 -3.669145 -0.464575 0.803415 -8.86745 7.7e-05 -2.3e-05 6e-06 0.032435 -0.064804 0.0618 0.681564 -3.801595 -10.569307 -0.625073 3.673432 -10.539528 -21.708355 -5.856293 16.387671 -50.559757 -6.332753 22.860586 0.299332 -30.647961 -0.237883 -1.762995 2.994401 -23.841988 -5.88211 9.861292 0.702591 -10.936877 -0.360572 7.156209 -1e-06 8.774831 0.0 -16.230679 18.025352 6.055451 -1.844034 2.498506 -2.50728 -10.163605 4.67895 4.62111 -20.976034 -1e-06 1e-06 -21.226301 2.4517 -3.594005 -1e-06 -6e-06 -0.0 -1.362682 2.2408 -0.746323 -21.334925 0.584914 3.008324 -13.821221 -1e-06 1e-06 -23.887178 -0.249075 -0.839487 -60.631454 2.647244 -0.891483 -0.294025 1.679688 0.833257 -14.218217 0.093217 1.300581 -34.21207 -0.28756 0.967168 -20.033226 0.964539 1.212841 -0.0 -0.0 -1e-06 -3.44039 0.788234 0.501656 -15.928192 -3.167309 2.999707 -6.338829 -0.0 2e-06 -18.123457 3.648187 -4.905674 -4e-06 0.0 -2e-06 17.52112 15.352829 16.592146 48.350464 15.354207 26.691778 -0.977924 33.105267 -0.288315 0.282625 0.508097 -14.966263 2.243542 -5.255037 -3.180162 14.282896 -0.826597 6.952507 -1e-06 -12.690606 3e-06 15.877014 -17.244221 2.670748 1.665667 -1.955922 -2.878301 4.727801 -4.170588 4.993929 11.02053 1e-06 -1e-06 12.109056 -3.735717 -2.866787 -0.0 -0.0 -0.0 1.291986 -1.92855 -1.498091 14.800132 0.567464 3.86561 14.242578 -1.341737 -6.660662 19.631973 0.143924 -0.648245 49.502911 -0.62266 -6.147387 0.353028 -1.511151 -0.031939 20.222795 3.684306 2.316635 18.787279 1e-06 -0.0 10.75163 -0.479872 1.397907 0.0 1e-06 0.0 3.273808 0.305946 -0.580113 21.486818 11.830373 2.266134 8.16293 -1e-06 -0.0 18.39909 -3.798989 -4.940577 2e-06 -0.0 -2e-06 -3.276005 4.645797 -21.497643 -0.006791 0.136568 6.339818 -1.990239 6.546768 17.177355 1.719012 -1.901563 -0.978214 -0.0 -0.0 2e-06 -1.748693 -5.765641 17.943207 -0.057288 -0.02887 11.631079 0.727535 0.413586 -7.997773 -1.465985 0.895066 -6.290462 -0.0 0.0 -1e-06 
0.0 0.0 0.0 0.0 -0.0 0.0 -29.560959 97.077904 427.255676 2.67464 -4.889839 -2.316284 -1.734759 0.238977 -3.898698 -0.776881 1.636488 -6.697451 -1.523954 -0.384052 15.949612 0.594355 2.643396 8.180779 -0.639796 1.384937 -3.643412 -0.312627 0.850553 -9.376081 7.7e-05 -2.3e-05 6e-06 0.038751 -0.054022 0.062759 0.710207 -3.790245 -10.557508 -0.640888 3.682683 -10.546168 -21.038738 -6.169272 16.5749 -51.414722 -6.624799 22.99534 0.32763 -29.381292 -0.150535 -2.034227 3.318335 -24.318155 -5.882111 9.861292 0.70259 -10.93688 -0.360574 7.156213 -1e-06 8.774831 0.0 -16.28335 17.861689 5.892823 -1.844034 2.498507 -2.507281 -10.163607 4.678948 4.621112 -20.97604 -2e-06 2e-06 -21.226303 2.451699 -3.594003 -1e-06 -6e-06 1e-06 -1.362683 2.2408 -0.746325 -21.334929 0.584911 3.008326 -13.82122 -1e-06 1e-06 -23.887188 -0.249079 -0.839485 -60.555954 2.464687 -1.059196 -0.294025 1.679688 0.833256 -14.218221 0.093216 1.300582 -34.212078 -0.287562 0.967169 -20.033232 0.964537 1.212842 0.0 -0.0 -1e-06 -3.440391 0.788234 0.501656 -15.928196 -3.167311 2.999709 -6.33883 -0.0 3e-06 -18.123459 3.648186 -4.905674 -4e-06 0.0 -2e-06 17.20647 14.698009 16.669609 50.524883 14.575827 26.135857 -0.858223 32.119648 -0.094089 -0.096532 0.207124 -14.86024 2.243544 -5.255041 -3.180162 14.282901 -0.826597 6.952505 -0.0 -12.690613 0.0 15.937753 -17.397633 2.651057 1.665667 -1.955922 -2.878299 4.727803 -4.170592 4.99393 11.020533 0.0 -2e-06 12.10906 -3.735721 -2.866787 -1e-06 0.0 -0.0 1.291987 -1.928552 -1.498091 14.800139 0.567466 3.86561 14.242583 -1.341739 -6.660663 19.631985 0.143925 -0.648249 49.700485 -0.653825 -6.220275 0.35303 -1.511153 -0.031942 20.222803 3.68431 2.316631 18.787287 4e-06 -3e-06 10.751634 -0.479871 1.397906 0.0 2e-06 -2e-06 3.27381 0.305946 -0.580111 21.486824 11.830379 2.266133 8.162934 2e-06 -2e-06 18.399097 -3.798988 -4.940582 3e-06 -0.0 -1e-06 -5.216914 3.672418 -20.625729 0.05801 0.063 9.614055 -1.132988 7.041237 13.105349 1.697943 -1.901254 -0.440235 -0.0 0.0 2e-06 -4.847167 -6.332787 16.849712 -0.094462 0.074637 18.410713 1.413674 1.114317 -4.566805 -1.496249 0.909957 -11.091526 -0.0 0.0 -1e-06 
0.0 0.0 0.0 0.0 -0.0 0.0 -29.330658 97.444229 430.549133 4.062967 -5.218231 -2.973982 -2.451752 0.272005 -3.466516 -0.952999 1.668151 -6.490083 -1.996536 -0.245634 15.507112 0.474793 2.618537 8.28758 -0.658766 1.305821 -3.588859 -0.159319 0.974704 -9.89577 7.7e-05 -2.2e-05 6e-06 0.03892 -0.019427 0.075201 0.724733 -3.751793 -10.523377 -0.654957 3.711884 -10.520126 -19.815666 -6.416808 16.786844 -52.854519 -6.999237 22.918764 0.267515 -28.897581 -0.051346 -2.357496 3.501243 -24.233658 -5.882109 9.86129 0.70259 -10.936877 -0.360576 7.156205 1e-06 8.774828 -2e-06 -16.332058 17.867233 5.824638 -1.844033 2.498505 -2.507278 -10.163606 4.678946 4.621107 -20.976034 -5e-06 1e-06 -21.226299 2.451697 -3.594003 -1e-06 -7e-06 -0.0 -1.362682 2.240799 -0.746324 -21.334925 0.584908 3.008322 -13.821221 -4e-06 0.0 -23.887182 -0.249081 -0.839484 -60.638474 2.437843 -1.260775 -0.294024 1.679688 0.833256 -14.218215 0.093214 1.300579 -34.212067 -0.287568 0.96717 -20.033226 0.964534 1.212844 -0.0 -0.0 -1e-06 -3.44039 0.788234 0.501654 -15.928198 -3.167313 2.999707 -6.338831 -1e-06 2e-06 -18.123457 3.648183 -4.905674 -4e-06 0.0 -2e-06 15.759316 14.427392 16.874977 53.503166 13.885507 25.56328 -0.535296 31.415476 0.063626 0.289034 -0.174977 -14.576433 2.243543 -5.255038 -3.180158 14.282896 -0.826594 6.952499 -3e-06 -12.69061 -0.0 16.080713 -17.510494 2.562306 1.665668 -1.955921 -2.878297 4.727799 -4.170588 4.993922 11.020529 4e-06 -6e-06 12.109056 -3.735714 -2.866787 0.0 0.0 -0.0 1.291986 -1.92855 -1.498089 14.800131 0.567469 3.865604 14.242576 -1.341737 -6.66066 19.631973 0.14393 -0.648249 49.783329 -0.635729 -6.354129 0.353029 -1.511152 -0.03194 20.222799 3.684313 2.316625 18.787279 9e-06 -7e-06 10.751629 -0.479868 1.397904 2e-06 2e-06 -1e-06 3.273808 0.305948 -0.580112 21.48682 11.830384 2.266127 8.16293 3e-06 -2e-06 18.399086 -3.798982 -4.940581 3e-06 0.0 0.0 -6.728532 3.583946 -18.536812 -0.024652 -0.013893 11.126728 -0.461722 7.332062 9.911637 1.682742 -1.902653 0.059955 0.0 -0.0 2e-06 -7.887169 -7.11575 13.841033 -0.050565 0.167456 28.203066 2.098041 2.094996 1.260424 -1.534767 0.85815 -15.945129 -0.0 0.0 -1e-06 
0.0 0.0 0.0 0.0 -0.0 0.0 -29.095591 97.799507 433.78891 5.27817 -5.643776 -3.748128 -3.220653 0.256473 -2.947603 -1.049664 1.584833 -6.204636 -2.22497 -0.261212 15.163135 0.15755 2.792959 8.247244 -0.572152 1.323267 -3.575242 -0.076412 1.199632 -10.299786 7.7e-05 -2.2e-05 6e-06 0.038892 0.015172 0.083223 0.728831 -3.718683 -10.497355 -0.659489 3.74625 -10.497749 -19.07107 -6.591063 16.893339 -53.397129 -7.024548 22.985043 0.194504 -29.772297 0.037112 -2.698331 3.386609 -24.146742 -5.882112 9.861296 0.702591 -10.936881 -0.360575 7.156212 -0.0 8.774835 1e-06 -16.480036 17.9272 5.701426 -1.844034 2.498507 -2.507281 -10.163609 4.67895 4.621113 -20.976044 -4e-06 2e-06 -21.226311 2.4517 -3.594005 1e-06 -7e-06 -0.0 -1.362683 2.2408 -0.746324 -21.334934 0.58491 3.008327 -13.821227 -3e-06 1e-06 -23.887194 -0.24908 -0.839482 -60.758987 2.49601 -1.523404 -0.294025 1.679689 0.833257 -14.218223 0.093214 1.300582 -34.212078 -0.287564 0.967172 -20.033236 0.964536 1.212845 -0.0 -0.0 0.0 -3.440392 0.788234 0.501656 -15.928203 -3.167313 2.999712 -6.338833 -1e-06 2e-06 -18.123466 3.648186 -4.905677 -3e-06 0.0 -2e-06 14.696416 14.300651 17.063475 55.25946 13.04652 25.899046 -0.313346 31.673197 0.125987 1.517783 -0.328184 -14.021998 2.243545 -5.255043 -3.180161 14.282908 -0.826598 6.95251 -2e-06 -12.69062 2e-06 16.251831 -17.571262 2.47533 1.665669 -1.955924 -2.878304 4.727805 -4.170593 4.99393 11.020543 3e-06 -3e-06 12.10907 -3.735721 -2.866789 -0.0 0.0 -1e-06 1.291987 -1.928552 -1.498092 14.800149 0.567467 3.865612 14.242592 -1.341738 -6.660666 19.631992 0.143926 -0.648247 49.813549 -0.605756 -6.434205 0.35303 -1.511153 -0.031939 20.222818 3.684315 2.316631 18.787296 5e-06 -4e-06 10.751641 -0.479869 1.397905 0.0 1e-06 -1e-06 3.273811 0.305947 -0.580112 21.486839 11.83039 2.266133 8.162937 1e-06 -0.0 18.399107 -3.798989 -4.940582 4e-06 -0.0 -1e-06 -8.120611 3.972558 -15.600173 -0.070631 -0.015698 11.100711 -0.054134 7.192962 7.373899 1.659408 -1.924767 0.119298 0.0 0.0 2e-06 -10.997834 -8.110088 9.43587 0.046064 0.216467 39.651554 2.850015 2.916895 8.162319 -1.474345 0.767196 -15.036916 -0.0 0.0 -5e-06 
0.0 0.0 0.0 0.0 -0.0 0.0 -28.871912 98.065727 436.801483 6.32728 -5.969889 -4.570027 -3.948523 0.158953 -2.416385 -1.103495 1.481555 -5.967474 -2.410572 -0.364964 15.101598 -0.130305 2.97239 8.245046 -0.385305 1.408144 -3.634296 -0.108862 1.42688 -10.803895 7.7e-05 -2.2e-05 6e-06 0.04153 0.041057 0.093927 0.733363 -3.699341 -10.491762 -0.659541 3.780325 -10.503545 -19.1667 -6.807513 17.093222 -52.482502 -7.0518 23.301128 0.114506 -31.244539 0.039145 -2.838212 2.85216 -24.476404 -5.882106 9.861285 0.702589 -10.936872 -0.360575 7.156205 -1e-06 8.774824 -0.0 -16.534475 17.900549 5.640633 -1.844032 2.498504 -2.507276 -10.163599 4.678945 4.621107 -20.976023 -2e-06 2e-06 -21.226286 2.451699 -3.594 -0.0 -6e-06 -1e-06 -1.362681 2.240798 -0.746323 -21.334913 0.584909 3.008323 -13.821213 -2e-06 3e-06 -23.887167 -0.249078 -0.839483 -60.701019 2.480843 -1.576502 -0.294025 1.679687 0.833255 -14.218208 0.093215 1.30058 -34.212048 -0.287562 0.967169 -20.033215 0.964537 1.212842 1e-06 -0.0 -1e-06 -3.440389 0.788233 0.501655 -15.928185 -3.167309 2.999707 -6.338828 -1e-06 2e-06 -18.123444 3.648183 -4.905667 -4e-06 0.0 -2e-06 14.619007 13.963911 17.143391 55.515976 12.164901 27.052462 -0.246167 32.548241 0.077939 2.680023 -0.318303 -13.387642 2.243542 -5.255036 -3.180158 14.282889 -0.826595 6.952499 -1e-06 -12.690601 0.0 16.294359 -17.55398 2.467999 1.665666 -1.955922 -2.878301 4.727799 -4.170587 4.993925 11.020526 3e-06 -1e-06 12.109052 -3.735716 -2.866785 1e-06 -0.0 -1e-06 1.291985 -1.928549 -1.498088 14.800129 0.567468 3.865607 14.242574 -1.341737 -6.660661 19.631968 0.143925 -0.648246 49.705894 -0.621245 -6.391577 0.353029 -1.511151 -0.031941 20.22279 3.684309 2.316628 18.787271 3e-06 -2e-06 10.751629 -0.479867 1.397903 -1e-06 1e-06 -1e-06 3.273808 0.305946 -0.580111 21.486811 11.830373 2.266133 8.162928 2e-06 0.0 18.39908 -3.798985 -4.940578 4e-06 1e-06 -0.0 -9.38793 4.584462 -12.489141 -0.014682 0.077417 10.477187 0.054254 6.769366 5.31172 1.643317 -1.972296 -0.13108 0.0 -0.0 2e-06 -13.311028 -8.7377 4.736135 0.102481 0.137282 50.177132 2.476951 1.99818 13.74246 -1.26705 0.774603 -6.476823 -0.0 0.0 -1e-06 
0.0 0.0 0.0 0.0 -0.0 0.0 -28.728315 98.319603 439.694214 7.014231 -6.03613 -5.397088 -4.454039 0.094155 -1.993091 -1.172241 1.245331 -5.7923 -2.482034 -0.59401 15.347558 -0.271361 3.112002 8.488272 -0.294175 1.398336 -3.709624 -0.170823 1.566687 -11.375662 7.7e-05 -2.2e-05 6e-06 0.042002 0.043208 0.097244 0.733743 -3.694506 -10.500839 -0.659398 3.783772 -10.516467 -19.658718 -7.20336 17.149443 -50.907345 -7.356934 23.882702 0.122778 -32.058662 -0.07482 -2.436696 2.241222 -25.184864 -5.882108 9.861288 0.70259 -10.936875 -0.360575 7.156206 -1e-06 8.774826 -3e-06 -16.479664 17.920811 5.751071 -1.844033 2.498505 -2.507279 -10.163604 4.678946 4.621107 -20.97603 -3e-06 4e-06 -21.226294 2.451699 -3.594001 1e-06 -6e-06 -1e-06 -1.362682 2.240798 -0.746324 -21.334921 0.58491 3.008322 -13.821218 -2e-06 3e-06 -23.887178 -0.249078 -0.839485 -60.643501 2.478897 -1.382546 -0.294025 1.679688 0.833256 -14.218214 0.093216 1.300581 -34.212063 -0.287564 0.96717 -20.033218 0.964537 1.212843 -0.0 -1e-06 -2e-06 -3.44039 0.788233 0.501657 -15.928191 -3.167311 2.999707 -6.338828 -1e-06 2e-06 -18.123447 3.648184 -4.905673 -3e-06 0.0 -3e-06 15.010007 13.41555 17.137789 55.226944 11.503963 28.328075 -0.200392 33.056885 0.023495 3.072368 -0.126276 -12.737228 2.243543 -5.25504 -3.180157 14.282898 -0.826595 6.952506 -2e-06 -12.690611 2e-06 16.279173 -17.584925 2.487299 1.665668 -1.955923 -2.8783 4.727801 -4.17059 4.993925 11.020532 3e-06 -3e-06 12.109058 -3.735718 -2.866786 -0.0 -1e-06 -1e-06 1.291986 -1.92855 -1.498089 14.800136 0.567469 3.865607 14.24258 -1.341736 -6.660663 19.631981 0.143928 -0.648245 49.69178 -0.661378 -6.317803 0.35303 -1.511153 -0.03194 20.222801 3.684313 2.316628 18.787287 5e-06 -4e-06 10.751635 -0.47987 1.397906 -0.0 1e-06 -1e-06 3.273809 0.305947 -0.580111 21.486824 11.83038 2.266131 8.16293 3e-06 -1e-06 18.399094 -3.798986 -4.94058 4e-06 0.0 0.0 -10.230892 5.093844 -9.313585 0.055814 0.145706 9.646121 -0.022338 6.44067 3.642039 1.626362 -2.006858 -0.180999 0.0 -0.0 2e-06 -14.49762 -9.175894 0.47579 0.087053 -0.030152 58.243668 0.985801 0.649857 13.446017 -1.236775 0.823009 -2.933226 -0.0 -0.0 -1e-06 
0.0 0.0 0.0 0.0 -0.0 0.0 -28.683836 98.594727 442.572937 7.040943 -5.785706 -6.066945 -4.549252 0.028044 -1.642723 -1.189226 0.882088 -5.647786 -2.400128 -0.990564 15.649335 -0.29524 3.172075 8.869893 -0.322557 1.351846 -3.726036 -0.204025 1.588547 -11.701996 7.7e-05 -2.2e-05 6e-06 0.039959 0.039624 0.088288 0.726831 -3.692867 -10.521802 -0.656059 3.777355 -10.536637 -19.887224 -7.728935 17.228777 -49.724594 -8.194862 23.913935 0.043269 -31.783449 -0.120124 -1.804819 2.014668 -25.344477 -5.882109 9.86129 0.70259 -10.936873 -0.360575 7.156204 -2e-06 8.774827 -2e-06 -16.458628 17.965551 5.850287 -1.844033 2.498505 -2.507277 -10.163602 4.678947 4.621106 -20.976027 -1e-06 0.0 -21.22629 2.451699 -3.594003 2e-06 -5e-06 0.0 -1.362682 2.240799 -0.746323 -21.334919 0.584911 3.008321 -13.821216 -1e-06 2e-06 -23.887175 -0.249077 -0.839486 -60.669983 2.478417 -1.164814 -0.294025 1.679688 0.833255 -14.218211 0.093217 1.30058 -34.212059 -0.287562 0.967166 -20.033218 0.964538 1.212839 1e-06 -0.0 -1e-06 -3.440389 0.788234 0.501654 -15.928189 -3.16731 2.999708 -6.33883 -1e-06 1e-06 -18.123453 3.648185 -4.905674 -3e-06 0.0 -0.0 15.218928 12.860201 17.140081 55.356968 11.080259 28.801888 -0.131517 32.823479 0.0089 2.78176 -0.057373 -12.102874 2.243543 -5.255038 -3.180158 14.282898 -0.826596 6.952503 -0.0 -12.690609 -2e-06 16.286156 -17.68432 2.504091 1.665667 -1.955921 -2.878299 4.727801 -4.170589 4.993923 11.020533 2e-06 -0.0 12.109058 -3.735718 -2.866785 -1e-06 -0.0 -1e-06 1.291986 -1.928549 -1.498091 14.800136 0.567468 3.865608 14.242579 -1.341738 -6.660659 19.631979 0.143923 -0.648246 49.83033 -0.640406 -6.238187 0.353029 -1.511151 -0.031938 20.222801 3.684309 2.31663 18.787283 4e-06 -2e-06 10.751635 -0.479867 1.397904 -1e-06 1e-06 -1e-06 3.273809 0.305946 -0.580111 21.486824 11.830379 2.266133 8.16293 2e-06 -2e-06 18.399094 -3.798986 -4.940581 4e-06 1e-06 0.0 -10.296176 5.401761 -6.276091 0.051507 0.131977 8.937046 -0.29063 6.141532 2.033485 1.620049 -2.015635 -0.152453 0.0 -0.0 2e-06 -14.319527 -9.541378 -3.460953 0.067144 -0.112012 62.880253 0.678203 0.249505 10.474605 -1.293748 0.847887 -2.344714 -0.0 -0.0 -1e-06 
0.0 0.0 0.0 0.0 -0.0 0.0 -28.713188 98.808334 445.452454 6.731344 -5.350732 -6.563106 -4.485639 -0.056941 -1.253638 -1.160049 0.47477 -5.486188 -2.220525 -1.506996 15.776231 -0.242966 3.152342 9.257639 -0.322979 1.340971 -3.707342 -0.259167 1.565912 -11.815022 7.7e-05 -2.2e-05 6e-06 0.037301 0.028508 0.077561 0.717307 -3.702067 -10.543155 -0.650833 3.764284 -10.55487 -19.594049 -8.357111 17.308405 -49.209663 -9.198365 23.547678 0.003493 -31.211424 -0.104878 -1.39966 2.093429 -25.357754 -5.882109 9.86129 0.702591 -10.936878 -0.360576 7.156207 1e-06 8.77483 -0.0 -16.43569 17.981396 5.910269 -1.844034 2.498506 -2.507279 -10.163606 4.678946 4.621109 -20.976038 -7e-06 3e-06 -21.226301 2.451693 -3.594002 1e-06 -6e-06 -1e-06 -1.362682 2.240799 -0.746323 -21.334927 0.584906 3.008326 -13.821222 -4e-06 3e-06 -23.887184 -0.249081 -0.839483 -60.700691 2.491298 -1.034734 -0.294025 1.679688 0.833258 -14.218219 0.093213 1.300579 -34.212074 -0.287569 0.967174 -20.03323 0.964534 1.212847 0.0 -1e-06 0.0 -3.44039 0.788234 0.501655 -15.928198 -3.167313 2.999708 -6.338832 -2e-06 1e-06 -18.123459 3.648182 -4.905672 -1e-06 1e-06 -1e-06 15.161222 12.340072 17.151608 55.873577 10.667902 28.436665 -0.040709 32.403267 0.040546 2.367064 -0.181604 -11.885909 2.243542 -5.255037 -3.180158 14.282896 -0.826594 6.952503 -3e-06 -12.690606 0.0 16.291859 -17.76325 2.523288 1.665668 -1.955922 -2.878299 4.727799 -4.170587 4.993925 11.020529 4e-06 -2e-06 12.109056 -3.735716 -2.866783 -1e-06 -1e-06 -1e-06 1.291986 -1.928549 -1.498089 14.800132 0.567469 3.865607 14.242576 -1.341735 -6.660657 19.631973 0.143927 -0.648242 49.878361 -0.58468 -6.196083 0.353029 -1.51115 -0.031938 20.222797 3.684311 2.31663 18.787275 7e-06 -0.0 10.75163 -0.479869 1.397907 0.0 1e-06 1e-06 3.273808 0.305948 -0.580111 21.486822 11.830381 2.266131 8.16293 3e-06 -0.0 18.399088 -3.798984 -4.940577 5e-06 1e-06 0.0 -9.938361 5.557042 -3.405452 -0.00324 0.060634 8.288321 -0.587233 5.792705 0.341182 1.61907 -1.978564 -0.063181 0.0 0.0 2e-06 -13.379623 -9.981133 -7.213294 0.084167 -0.09009 64.106415 1.870291 0.92222 7.899917 -1.330138 0.858116 -2.162676 0.0 0.0 -1e-06 
0.0 0.0 0.0 0.0 -0.0 0.0 -28.806288 98.927101 448.283966 6.444261 -4.903908 -6.874641 -4.492818 -0.131318 -0.841877 -1.114578 0.099755 -5.329675 -2.036497 -2.034729 15.792701 -0.084689 3.041853 9.437502 -0.296545 1.363698 -3.673476 -0.326023 1.536384 -11.93962 7.7e-05 -2.2e-05 6e-06 0.036139 0.01166 0.06627 0.714595 -3.716434 -10.551923 -0.649281 3.743133 -10.560789 -19.130081 -9.041762 17.285929 -48.796303 -10.021133 23.114054 -0.028637 -31.017952 -0.052563 -1.31702 2.219705 -25.402397 -5.882109 9.861292 0.702591 -10.936875 -0.360575 7.156207 -0.0 8.774831 -1e-06 -16.367153 17.970495 5.949153 -1.844034 2.498506 -2.507279 -10.163602 4.678948 4.621109 -20.976032 -3e-06 -1e-06 -21.226297 2.451697 -3.594004 1e-06 -6e-06 -1e-06 -1.362682 2.2408 -0.746325 -21.334925 0.584911 3.008323 -13.82122 -3e-06 1e-06 -23.887178 -0.249079 -0.839483 -60.713287 2.52174 -1.015873 -0.294025 1.679687 0.833257 -14.218214 0.093215 1.300582 -34.212063 -0.287564 0.967165 -20.03322 0.964536 1.212843 -0.0 -1e-06 -1e-06 -3.44039 0.788234 0.501657 -15.928192 -3.167312 2.999705 -6.338829 -1e-06 -1e-06 -18.123453 3.648185 -4.905675 -2e-06 1e-06 -1e-06 15.181623 11.864077 17.072126 56.264633 10.061641 27.74367 0.02518 32.255394 0.063392 2.102871 -0.267915 -12.175061 2.243542 -5.255038 -3.180161 14.282898 -0.826594 6.952509 -4e-06 -12.690609 1e-06 16.285139 -17.790163 2.527819 1.665667 -1.955922 -2.8783 4.727801 -4.170589 4.993929 11.020531 4e-06 0.0 12.109059 -3.735717 -2.866784 -1e-06 -0.0 -0.0 1.291986 -1.92855 -1.49809 14.800138 0.56747 3.865611 14.242579 -1.341735 -6.660661 19.631975 0.143928 -0.648244 49.779633 -0.564727 -6.221521 0.35303 -1.511152 -0.03194 20.222803 3.684313 2.316632 18.787283 6e-06 1e-06 10.751635 -0.47987 1.397908 0.0 0.0 1e-06 3.273808 0.305949 -0.580111 21.486828 11.830381 2.266137 8.16293 2e-06 1e-06 18.399088 -3.798987 -4.940575 5e-06 -0.0 -1e-06 -9.509483 5.582924 -0.727048 -0.051716 -0.017101 7.561365 -0.839449 5.461117 -1.305284 1.623517 -1.912772 0.091651 0.0 0.0 2e-06 -12.299549 -10.689666 -10.841259 0.099479 -0.055162 62.299782 3.734417 2.021099 6.120799 -1.348873 0.862264 -2.079604 0.0 -0.0 -3e-06 
0.0 0.0 0.0 0.0 -0.0 0.0 -28.948795 98.976608 450.95874 6.237793 -4.549222 -6.948529 -4.558658 -0.175809 -0.485616 -1.073119 -0.208028 -5.215644 -1.87115 -2.49643 15.794189 0.147372 2.847801 9.37229 -0.28082 1.392811 -3.643486 -0.361413 1.496315 -12.141464 7.7e-05 -2.3e-05 6e-06 0.035689 -0.012226 0.056561 0.714459 -3.734987 -10.543299 -0.649002 3.712488 -10.548735 -18.760616 -9.770352 17.172855 -48.158928 -10.679502 22.669798 -0.11777 -31.179142 0.038846 -1.361122 2.333076 -25.380095 -5.882106 9.861284 0.702588 -10.936872 -0.360575 7.156206 0.0 8.774824 -2e-06 -16.265182 17.971579 5.994774 -1.844033 2.498504 -2.507278 -10.163599 4.678944 4.621105 -20.976023 -4e-06 0.0 -21.226286 2.451694 -3.594002 1e-06 -6e-06 -1e-06 -1.362682 2.240797 -0.746323 -21.334911 0.584908 3.008321 -13.821213 -3e-06 0.0 -23.887167 -0.24908 -0.839483 -60.731228 2.54151 -1.033796 -0.294024 1.679687 0.833256 -14.218205 0.093213 1.300577 -34.212048 -0.287568 0.967168 -20.033211 0.964536 1.212844 0.0 -1e-06 -1e-06 -3.440388 0.788234 0.501656 -15.928183 -3.16731 2.999704 -6.338825 -1e-06 -0.0 -18.123444 3.64818 -4.905672 -2e-06 -0.0 -2e-06 15.393481 11.387765 16.925707 56.397034 9.406697 27.128428 0.0685 32.245361 0.06229 1.968789 -0.209468 -12.580704 2.243543 -5.255037 -3.180158 14.282894 -0.826596 6.952502 -0.0 -12.690603 0.0 16.293058 -17.811317 2.530736 1.665667 -1.955922 -2.878298 4.7278 -4.170588 4.993925 11.020528 2e-06 -2e-06 12.109055 -3.735717 -2.866784 -1e-06 0.0 1e-06 1.291986 -1.92855 -1.498089 14.800129 0.567467 3.865605 14.242575 -1.341737 -6.66066 19.631969 0.143924 -0.648248 49.673134 -0.608735 -6.273487 0.353029 -1.511151 -0.031941 20.222792 3.684306 2.316629 18.787279 3e-06 -3e-06 10.751629 -0.479871 1.397906 -1e-06 0.0 1e-06 3.273807 0.305947 -0.580112 21.486813 11.830371 2.266132 8.162928 0.0 -1e-06 18.399086 -3.798987 -4.940577 5e-06 0.0 -1e-06 -9.236481 5.503529 1.533227 -0.071289 -0.064771 6.806721 -0.872026 5.234422 -2.66316 1.633482 -1.85244 0.287713 0.0 0.0 2e-06 -11.147632 -11.604897 -14.347583 0.06996 -0.062392 57.738445 5.491057 2.587302 5.113573 -1.36419 0.8641 -2.060199 0.0 0.0 -4e-06 
0.0 0.0 0.0 0.0 -0.0 0.0 -29.136444 98.976875 453.542084 6.064188 -4.292468 -6.727952 -4.619709 -0.203644 -0.251462 -1.050865 -0.476104 -5.148938 -1.711466 -2.862435 15.778088 0.437148 2.591345 9.120513 -0.311611 1.449018 -3.630401 -0.344873 1.457004 -12.372371 7.7e-05 -2.2e-05 6e-06 0.033045 -0.033738 0.049896 0.705705 -3.752712 -10.528083 -0.644705 3.687182 -10.528478 -18.456173 -10.516271 16.983555 -47.409855 -11.239464 22.293392 -0.204105 -31.518007 0.122273 -1.382774 2.464065 -25.456696 -5.88211 9.86129 0.702592 -10.93688 -0.360575 7.156211 1e-06 8.774831 -0.0 -16.153725 17.995993 6.074315 -1.844035 2.498505 -2.507277 -10.163609 4.678947 4.62111 -20.97604 -5e-06 2e-06 -21.226301 2.451698 -3.594001 1e-06 -5e-06 -1e-06 -1.362682 2.240799 -0.746322 -21.334929 0.584909 3.008324 -13.82122 -3e-06 1e-06 -23.887184 -0.249079 -0.839483 -60.786293 2.562492 -1.027383 -0.294025 1.679688 0.833257 -14.218217 0.093214 1.300582 -34.21207 -0.287566 0.96717 -20.033226 0.964536 1.212846 -0.0 -0.0 -1e-06 -3.44039 0.788234 0.501655 -15.928196 -3.167312 2.999708 -6.338831 -2e-06 2e-06 -18.123459 3.648182 -4.905674 -1e-06 1e-06 -3e-06 15.679542 10.944247 16.796356 56.43494 8.862049 26.540365 0.157136 32.200054 0.080531 1.916525 -0.131221 -12.793605 2.243543 -5.25504 -3.180159 14.282898 -0.826596 6.952503 -0.0 -12.69061 -1e-06 16.311954 -17.841484 2.547274 1.665668 -1.955924 -2.878301 4.727801 -4.170589 4.993926 11.020531 1e-06 -0.0 12.10906 -3.735718 -2.866786 -1e-06 -1e-06 1e-06 1.291987 -1.928552 -1.498089 14.800134 0.567467 3.865608 14.24258 -1.341739 -6.660664 19.631979 0.143924 -0.648247 49.638794 -0.698034 -6.317536 0.35303 -1.511152 -0.031941 20.222801 3.684309 2.316631 18.787283 2e-06 -1e-06 10.751634 -0.479868 1.397905 1e-06 0.0 -0.0 3.273808 0.305946 -0.58011 21.486824 11.83038 2.266134 8.16293 1e-06 -3e-06 18.399094 -3.798986 -4.94058 5e-06 0.0 -1e-06 -8.99907 5.337877 3.545035 -0.06907 -0.080015 5.900846 -0.850414 5.089321 -3.901163 1.642373 -1.821264 0.514174 0.0 -0.0 2e-06 -9.860943 -12.562214 -17.512526 0.039074 -0.060077 50.580662 6.934393 2.267808 4.817475 -1.388152 0.877974 -2.173636 0.0 0.0 -1e-06 
0.0 0.0 0.0 0.0 -0.0 0.0 -29.367521 98.937027 456.147247 5.896584 -4.117778 -6.20405 -4.63581 -0.234699 -0.197263 -1.03084 -0.747923 -5.111399 -1.593588 -3.104886 15.728792 0.759587 2.324657 8.753763 -0.367398 1.473109 -3.623671 -0.296641 1.456972 -12.543007 7.7e-05 -2.3e-05 6e-06 0.025658 -0.033521 0.052054 0.687025 -3.756145 -10.512362 -0.640076 3.691485 -10.510323 -18.161268 -11.209081 16.773046 -46.711067 -11.752347 21.963612 -0.210999 -31.905737 0.150024 -1.366876 2.598866 -25.736469 -5.882108 9.861287 0.702591 -10.936873 -0.360576 7.156204 0.0 8.774828 -1e-06 -16.102562 18.024975 6.133825 -1.844033 2.498505 -2.507277 -10.163603 4.678944 4.621109 -20.976027 -5e-06 1e-06 -21.226292 2.451695 -3.594001 2e-06 -6e-06 0.0 -1.362682 2.240798 -0.746323 -21.334921 0.584909 3.008322 -13.821217 -3e-06 0.0 -23.887177 -0.24908 -0.839483 -60.84301 2.575654 -1.010354 -0.294024 1.679687 0.833256 -14.218212 0.093214 1.300581 -34.212063 -0.287567 0.96717 -20.03322 0.964535 1.212845 -0.0 -0.0 1e-06 -3.440388 0.788233 0.501655 -15.928189 -3.167311 2.999709 -6.338827 -2e-06 1e-06 -18.123447 3.648183 -4.90567 -3e-06 -1e-06 -3e-06 15.926956 10.58946 16.703636 56.547466 8.449933 25.940338 0.309329 32.084999 0.146651 1.941524 -0.185096 -12.790894 2.243541 -5.255037 -3.180157 14.282889 -0.826596 6.952507 -1e-06 -12.690605 1e-06 16.311686 -17.843882 2.562909 1.665666 -1.955923 -2.878298 4.727799 -4.170588 4.993925 11.020525 2e-06 1e-06 12.109052 -3.735717 -2.866784 -1e-06 -0.0 -0.0 1.291985 -1.928548 -1.498089 14.800127 0.567468 3.86561 14.242568 -1.341738 -6.660656 19.631964 0.143923 -0.648243 49.626812 -0.764612 -6.351483 0.353029 -1.511151 -0.03194 20.222786 3.684307 2.316633 18.78727 1e-06 3e-06 10.751627 -0.479871 1.397908 1e-06 -1e-06 1e-06 3.273806 0.305947 -0.58011 21.486811 11.830371 2.266138 8.162928 1e-06 1e-06 18.39908 -3.798989 -4.940574 3e-06 1e-06 -2e-06 -8.768467 5.0893 5.318056 -0.056833 -0.050051 4.856178 -0.813326 4.992126 -5.009187 1.64682 -1.823444 0.678801 0.0 -0.0 2e-06 -8.398095 -13.425102 -20.000484 0.074745 -0.007276 41.053101 7.682888 1.022619 5.385053 -1.419014 0.914069 -2.428699 0.0 0.0 -1e-06 
0.0 0.0 0.0 0.0 -0.0 0.0 -29.654491 98.886108 458.908234 5.655257 -3.971165 -5.431496 -4.5415 -0.288072 -0.313853 -0.990466 -1.017077 -5.11453 -1.521577 -3.242101 15.677879 1.047893 2.094454 8.311237 -0.37123 1.460582 -3.610294 -0.248169 1.506496 -12.60199 7.7e-05 -2.2e-05 6e-06 0.014352 -0.024642 0.063107 0.671108 -3.756647 -10.514716 -0.646144 3.710344 -10.514816 -17.863569 -11.77878 16.605835 -46.133667 -12.264293 21.567379 -0.146614 -32.35342 0.137616 -1.336177 2.703706 -26.133183 -5.88211 9.861291 0.70259 -10.936878 -0.360577 7.156204 2e-06 8.77483 -2e-06 -16.153837 18.039625 6.104002 -1.844034 2.498507 -2.507277 -10.163606 4.678946 4.621107 -20.976038 -6e-06 -1e-06 -21.226301 2.451695 -3.594004 2e-06 -7e-06 0.0 -1.362683 2.2408 -0.746324 -21.334929 0.584907 3.008319 -13.821223 -5e-06 -3e-06 -23.887192 -0.249086 -0.839489 -60.871834 2.574101 -1.068145 -0.294025 1.679688 0.833257 -14.218219 0.093216 1.300579 -34.212074 -0.28757 0.967164 -20.033228 0.964531 1.212841 -0.0 1e-06 1e-06 -3.440391 0.788234 0.501655 -15.928198 -3.167313 2.999703 -6.33883 -3e-06 -1e-06 -18.123459 3.648181 -4.905676 -3e-06 0.0 -2e-06 16.069416 10.317616 16.590363 56.768177 8.092536 25.639799 0.370508 31.898165 0.211999 2.1032 -0.382896 -12.643865 2.243541 -5.255037 -3.180158 14.282898 -0.826592 6.952504 -4e-06 -12.690611 -0.0 16.3029 -17.83333 2.56753 1.665667 -1.955922 -2.878299 4.7278 -4.170589 4.993924 11.020532 4e-06 -2e-06 12.109058 -3.735717 -2.866785 -1e-06 -0.0 0.0 1.291986 -1.92855 -1.498089 14.800138 0.567471 3.865608 14.24258 -1.341736 -6.660661 19.631975 0.143929 -0.648244 49.659389 -0.778823 -6.373592 0.353028 -1.511151 -0.031941 20.222803 3.684314 2.316631 18.787285 7e-06 1e-06 10.751634 -0.479869 1.397908 -0.0 -1e-06 1e-06 3.273808 0.305949 -0.580112 21.486828 11.830384 2.266134 8.16293 2e-06 -0.0 18.399092 -3.798984 -4.940577 4e-06 0.0 -1e-06 -8.44521 4.722221 6.863657 -0.037706 0.042979 3.823711 -0.821856 5.013533 -5.951016 1.646892 -1.848023 0.724957 0.0 -0.0 2e-06 -6.690102 -14.148544 -21.549593 0.143158 0.029911 29.287273 7.626923 -0.815175 6.697209 -1.445267 0.975802 -2.638629 0.0 0.0 -1e-06 
0.0 0.0 0.0 0.0 -0.0 0.0 -30.00189 98.7659 461.854462 5.351545 -3.759613 -4.598191 -4.372705 -0.321076 -0.51525 -0.951743 -1.230152 -5.17534 -1.451141 -3.355171 15.645481 1.304222 1.906114 7.919161 -0.299112 1.452154 -3.602538 -0.2419 1.510241 -12.515965 7.7e-05 -2.2e-05 6e-06 0.003809 -0.012984 0.067554 0.667079 -3.749506 -10.532053 -0.662832 3.727975 -10.539049 -17.541946 -12.205158 16.533741 -45.678162 -12.779011 21.303724 -0.019987 -32.994049 0.112 -1.375509 2.765428 -26.471659 -5.882113 9.861296 0.702592 -10.936883 -0.360573 7.156211 -0.0 8.774833 -0.0 -16.239302 18.042915 6.016424 -1.844034 2.498506 -2.507279 -10.163611 4.678951 4.621114 -20.976044 0.0 0.0 -21.226311 2.451702 -3.594003 2e-06 -7e-06 -1e-06 -1.362683 2.2408 -0.746322 -21.334934 0.584914 3.008325 -13.821227 0.0 -1e-06 -23.887196 -0.249077 -0.839487 -60.852859 2.579808 -1.278198 -0.294025 1.679689 0.833258 -14.218223 0.093218 1.300581 -34.212078 -0.287559 0.967167 -20.033232 0.964538 1.212841 -0.0 1e-06 -0.0 -3.440392 0.788235 0.501656 -15.928203 -3.16731 2.999709 -6.338833 -1e-06 -1e-06 -18.123468 3.648188 -4.905676 -3e-06 0.0 -3e-06 16.089745 10.072495 16.480122 57.055721 7.689309 25.732515 0.281054 31.745346 0.236556 2.475227 -0.652205 -12.373336 2.243543 -5.255039 -3.180159 14.282901 -0.826596 6.952507 -2e-06 -12.69061 -0.0 16.277853 -17.865467 2.596416 1.665667 -1.955922 -2.8783 4.727801 -4.170589 4.993925 11.020534 3e-06 -1e-06 12.109059 -3.735717 -2.866786 -1e-06 -0.0 -1e-06 1.291986 -1.92855 -1.498091 14.800136 0.567469 3.865608 14.24258 -1.341737 -6.660661 19.631983 0.143927 -0.648246 49.80418 -0.743335 -6.400853 0.353029 -1.51115 -0.031939 20.222803 3.684311 2.31663 18.787283 5e-06 -1e-06 10.751633 -0.479869 1.397906 1e-06 0.0 1e-06 3.273809 0.305947 -0.580111 21.486826 11.830379 2.266135 8.162933 2e-06 -1e-06 18.39909 -3.798988 -4.940577 3e-06 1e-06 -2e-06 -7.988382 4.350963 8.41153 -0.001983 0.14098 2.832035 -0.951955 5.066886 -6.9196 1.643387 -1.872488 0.629875 0.0 -0.0 2e-06 -4.940146 -14.618996 -22.083193 0.189213 -0.033491 16.640556 7.951153 -2.270503 7.720498 -1.429887 1.036114 -2.709342 -0.0 0.0 -1e-06 
0.0 0.0 0.0 0.0 -0.0 0.0 -30.433903 98.496323 464.957153 5.038434 -3.489316 -3.842496 -4.173598 -0.32306 -0.754022 -0.947549 -1.364832 -5.306878 -1.384595 -3.425785 15.611479 1.635781 1.769961 7.704749 -0.23648 1.36959 -3.620592 -0.323989 1.482342 -12.264889 7.7e-05 -2.2e-05 6e-06 0.003272 0.019901 0.050438 0.676362 -3.718296 -10.581507 -0.67306 3.765144 -10.593797 -17.205107 -12.539821 16.386583 -45.247746 -13.062 21.573715 0.161032 -33.910278 0.023291 -1.569969 2.808165 -26.621794 -5.882113 9.861297 0.702591 -10.936881 -0.360575 7.156209 -1e-06 8.774833 -3e-06 -16.270359 18.068188 5.979565 -1.844035 2.498508 -2.507279 -10.16361 4.67895 4.621109 -20.97604 -2e-06 -1e-06 -21.226307 2.451699 -3.594006 1e-06 -7e-06 -0.0 -1.362684 2.240802 -0.746323 -21.334932 0.584912 3.008322 -13.821227 -3e-06 -2e-06 -23.887192 -0.24908 -0.839488 -60.76685 2.571811 -1.53761 -0.294025 1.679688 0.833255 -14.218221 0.093216 1.300581 -34.212082 -0.287564 0.967165 -20.03323 0.964536 1.212842 -1e-06 -0.0 1e-06 -3.440392 0.788235 0.501655 -15.928201 -3.167312 2.999706 -6.338832 -2e-06 -1e-06 -18.123465 3.648185 -4.905678 -3e-06 -1e-06 -3e-06 16.144224 9.809114 16.282043 57.281166 7.058558 26.043112 0.198029 31.666834 0.255218 3.04154 -0.905761 -11.831482 2.243543 -5.25504 -3.180158 14.282898 -0.826596 6.952501 -0.0 -12.690612 -2e-06 16.175875 -17.866085 2.636992 1.665667 -1.955923 -2.878298 4.727802 -4.17059 4.993922 11.020535 2e-06 -2e-06 12.109059 -3.735719 -2.866786 -0.0 -1e-06 -1e-06 1.291987 -1.928551 -1.49809 14.800136 0.567467 3.865609 14.242582 -1.341738 -6.66066 19.631981 0.143926 -0.648247 49.857571 -0.693684 -6.465744 0.353029 -1.511151 -0.03194 20.222801 3.684311 2.316628 18.787283 5e-06 -4e-06 10.751635 -0.479867 1.397905 0.0 0.0 1e-06 3.273809 0.305947 -0.580111 21.486824 11.830381 2.266133 8.162931 2e-06 -3e-06 18.399096 -3.798985 -4.940582 5e-06 1e-06 -2e-06 -7.435819 3.993891 9.994402 0.015858 0.176903 2.301019 -1.168592 5.078645 -8.255015 1.64819 -1.849533 0.486432 -0.0 0.0 2e-06 -3.561242 -14.210537 -22.274286 0.223828 -0.127691 5.914061 10.037458 -3.072217 7.575352 -1.344774 1.10432 -2.752643 -0.0 0.0 -0.0 
0.0 0.0 0.0 0.0 -0.0 0.0 -30.953983 98.081223 468.155914 4.619388 -3.158833 -3.301036 -3.910091 -0.321719 -0.993212 -0.933296 -1.476086 -5.446472 -1.319504 -3.477439 15.60105 1.981066 1.60024 7.73299 -0.166972 1.387767 -3.657978 -0.465938 1.478306 -12.119814 7.7e-05 -2.2e-05 6e-06 0.009095 0.052509 0.024878 0.684883 -3.687615 -10.638368 -0.669617 3.80181 -10.647171 -16.859419 -12.762699 16.122498 -44.993809 -13.1309 22.009834 0.257085 -34.781898 -0.132064 -1.810346 2.822618 -26.300304 -5.882108 9.861288 0.70259 -10.936871 -0.360574 7.156203 -1e-06 8.774826 -4e-06 -16.232965 18.127964 6.025775 -1.844032 2.498506 -2.507277 -10.163599 4.678946 4.621105 -20.976023 -1e-06 -1e-06 -21.226288 2.451698 -3.594 1e-06 -6e-06 -1e-06 -1.362681 2.240798 -0.746323 -21.334913 0.584912 3.00832 -13.821213 -2e-06 -0.0 -23.887173 -0.249078 -0.839486 -60.763569 2.596481 -1.533314 -0.294025 1.679687 0.833257 -14.218207 0.093215 1.300578 -34.212051 -0.287563 0.967167 -20.033211 0.964538 1.212841 -0.0 -0.0 1e-06 -3.440388 0.788233 0.501655 -15.928185 -3.167309 2.999706 -6.338825 0.0 -0.0 -18.123446 3.648183 -4.905672 -4e-06 1e-06 -2e-06 16.280918 9.591399 16.181877 57.408348 6.497881 26.448082 0.123815 31.356613 0.284554 3.647457 -1.148571 -11.43553 2.243543 -5.25504 -3.180159 14.282898 -0.826597 6.952503 -1e-06 -12.69061 0.0 16.069918 -17.827778 2.676641 1.665667 -1.955922 -2.878298 4.727801 -4.17059 4.993925 11.020532 2e-06 -1e-06 12.109059 -3.735719 -2.866787 -0.0 1e-06 -1e-06 1.291986 -1.92855 -1.498091 14.800136 0.567466 3.865608 14.24258 -1.341738 -6.660664 19.631975 0.143927 -0.648247 49.721855 -0.677374 -6.551939 0.353029 -1.511152 -0.031941 20.222801 3.684309 2.316629 18.787285 4e-06 -1e-06 10.751633 -0.479869 1.397905 0.0 -1e-06 1e-06 3.273809 0.305946 -0.580112 21.486824 11.830379 2.266132 8.162934 1e-06 -1e-06 18.399096 -3.798988 -4.940579 4e-06 1e-06 -1e-06 -6.728292 3.468501 11.620428 0.000998 0.147559 2.287252 -1.580775 5.186966 -9.963619 1.66513 -1.806051 0.394698 0.0 0.0 2e-06 -2.579617 -13.020464 -22.717533 0.157418 -0.080561 -0.071591 12.959231 -3.724875 6.438961 -1.256555 1.129946 -2.70554 -0.0 -0.0 -1e-06 
0.0 0.0 0.0 0.0 -0.0 0.0 -31.537876 97.57312 471.356018 3.953758 -2.780254 -3.00348 -3.524243 -0.300035 -1.205731 -0.867619 -1.681736 -5.558647 -1.150671 -3.562028 15.651742 2.267236 1.473264 7.893574 -0.117195 1.583718 -3.65376 -0.61136 1.385838 -12.314063 7.7e-05 -2.2e-05 6e-06 0.009778 0.051837 0.021029 0.68846 -3.685309 -10.655061 -0.671366 3.798882 -10.658421 -16.489748 -12.782888 16.086514 -45.115997 -13.245776 21.973339 0.207943 -35.458469 -0.233338 -1.821553 2.839456 -25.557529 -5.882111 9.861293 0.702588 -10.936878 -0.360575 7.156205 1e-06 8.774833 -2e-06 -16.307756 18.233728 5.99349 -1.844035 2.498507 -2.507279 -10.163609 4.678948 4.621107 -20.97604 -5e-06 -1e-06 -21.226305 2.451697 -3.594005 2e-06 -6e-06 -0.0 -1.362682 2.2408 -0.746325 -21.334929 0.584908 3.008319 -13.821221 -3e-06 -3e-06 -23.887186 -0.249082 -0.839488 -60.87336 2.633811 -1.488104 -0.294024 1.679688 0.833257 -14.218219 0.093214 1.300578 -34.212078 -0.287568 0.967166 -20.03323 0.964533 1.212843 -1e-06 1e-06 1e-06 -3.440391 0.788234 0.501656 -15.9282 -3.167315 2.999706 -6.33883 -1e-06 0.0 -18.123459 3.648182 -4.905674 -2e-06 1e-06 -1e-06 16.455572 9.444666 16.38545 57.373943 6.328724 26.858845 0.037739 30.605005 0.325354 4.128099 -1.363596 -11.088194 2.243544 -5.255042 -3.180159 14.282906 -0.826595 6.952507 -4e-06 -12.690618 1e-06 16.085302 -17.771046 2.625341 1.665668 -1.955922 -2.8783 4.727803 -4.170592 4.993928 11.020538 4e-06 -0.0 12.109062 -3.735717 -2.866786 -0.0 0.0 -2e-06 1.291987 -1.928551 -1.49809 14.800146 0.56747 3.865611 14.242585 -1.341736 -6.660662 19.631989 0.143929 -0.648244 49.578964 -0.606561 -6.648015 0.353029 -1.511152 -0.031939 20.222815 3.684316 2.316632 18.787291 7e-06 -1e-06 10.751642 -0.479866 1.397908 1e-06 1e-06 1e-06 3.27381 0.305947 -0.580112 21.486839 11.830391 2.266133 8.162938 4e-06 -0.0 18.399101 -3.798985 -4.940581 4e-06 0.0 -1e-06 -5.764615 2.760029 13.285787 0.01106 0.058581 2.847712 -2.098963 5.369382 -11.886184 1.688852 -1.815009 0.139961 -0.0 -0.0 2e-06 -1.704473 -12.028812 -23.53816 0.097056 0.034491 0.21207 14.365739 -3.768808 6.021012 -1.254217 1.10636 -2.829885 -0.0 -0.0 -1e-06 
0.0 0.0 0.0 0.0 -0.0 0.0 -32.216152 97.088852 474.626495 2.755089 -2.331904 -2.705906 -2.715047 -0.26722 -1.642853 -0.783823 -1.917116 -5.711234 -0.88179 -3.677005 15.865737 2.554283 1.328237 7.974173 -0.130272 1.723469 -3.571824 -0.659531 1.175478 -12.522497 7.7e-05 -2.3e-05 6e-06 0.013229 0.019785 0.033681 0.681298 -3.712042 -10.618057 -0.656969 3.761909 -10.625112 -16.395952 -12.688381 16.114744 -45.368134 -13.121792 21.671082 0.099705 -35.869331 -0.129604 -1.639941 2.721983 -24.808666 -5.882115 9.861297 0.702589 -10.936883 -0.360573 7.156207 0.0 8.774835 2e-06 -16.413342 18.236784 5.925837 -1.844035 2.498509 -2.50728 -10.163612 4.678952 4.621112 -20.976053 -1e-06 -4e-06 -21.226316 2.4517 -3.594009 2e-06 -7e-06 -1e-06 -1.362684 2.240801 -0.746324 -21.334938 0.584912 3.00832 -13.821229 -2e-06 -3e-06 -23.887197 -0.24908 -0.83949 -61.044453 2.656047 -1.482949 -0.294026 1.679689 0.833257 -14.218225 0.093216 1.300578 -34.212086 -0.287563 0.967163 -20.033236 0.964537 1.21284 -0.0 -0.0 1e-06 -3.440392 0.788234 0.501654 -15.928203 -3.167311 2.999707 -6.338832 1e-06 -1e-06 -18.12347 3.648187 -4.905678 -4e-06 2e-06 -2e-06 16.980097 9.177692 16.76066 56.881809 6.442331 27.009283 0.011994 29.535908 0.319273 4.4345 -1.674486 -10.667546 2.243544 -5.255041 -3.180159 14.282903 -0.826596 6.952504 -2e-06 -12.690615 -1e-06 16.121456 -17.785809 2.555617 1.665668 -1.955923 -2.878301 4.727803 -4.170591 4.993924 11.020535 2e-06 -2e-06 12.10906 -3.735719 -2.866787 -0.0 0.0 -1e-06 1.291987 -1.928552 -1.498089 14.80014 0.567468 3.865609 14.242585 -1.341739 -6.660663 19.631985 0.143926 -0.648246 49.499519 -0.587336 -6.732117 0.353029 -1.511151 -0.03194 20.222809 3.684313 2.316631 18.787289 4e-06 -3e-06 10.751637 -0.479868 1.397906 -1e-06 -0.0 1e-06 3.273809 0.305947 -0.580111 21.486832 11.830384 2.266135 8.162934 2e-06 -1e-06 18.399097 -3.798988 -4.940581 3e-06 1e-06 -1e-06 -4.139473 1.988556 14.598155 0.030876 0.012345 4.283921 -2.662405 5.300489 -13.800541 1.744309 -1.825853 -0.299984 0.0 0.0 2e-06 -0.604503 -11.170557 -24.110537 0.095215 0.072506 4.486237 12.825962 -3.375893 7.826677 -1.324249 1.109627 -3.142865 -0.0 -0.0 -0.0 
0.0 0.0 0.0 0.0 -0.0 0.0 -33.007603 96.64167 478.046509 1.104217 -1.865775 -2.383355 -1.641231 -0.238425 -2.228905 -0.680223 -2.080935 -5.979941 -0.459283 -3.828744 16.158501 2.831674 1.129731 8.002891 -0.088578 1.880095 -3.573792 -0.648904 1.041412 -12.349941 7.7e-05 -2.2e-05 6e-06 0.014989 0.017516 0.040842 0.678231 -3.707622 -10.595043 -0.649227 3.753873 -10.603477 -16.892965 -12.478618 16.292944 -45.302803 -12.719396 21.873219 0.325675 -36.115456 -0.240957 -1.489307 2.842721 -24.407724 -5.882114 9.861297 0.70259 -10.936883 -0.360572 7.156211 -1e-06 8.774835 -0.0 -16.447985 18.149801 5.989314 -1.844035 2.498508 -2.50728 -10.163612 4.678954 4.621113 -20.976051 -0.0 -2e-06 -21.226315 2.451702 -3.59401 2e-06 -7e-06 -1e-06 -1.362683 2.240801 -0.746325 -21.334938 0.584914 3.008322 -13.821229 0.0 -3e-06 -23.887199 -0.249076 -0.839491 -61.060497 2.637315 -1.232691 -0.294025 1.679689 0.833256 -14.218224 0.093218 1.300582 -34.212082 -0.28756 0.967166 -20.033232 0.964539 1.212841 -1e-06 -0.0 -0.0 -3.440391 0.788235 0.501657 -15.928201 -3.16731 2.999709 -6.338833 1e-06 0.0 -18.123466 3.64819 -4.905678 -3e-06 1e-06 -2e-06 17.950424 8.922061 16.896378 55.983257 6.152872 26.992586 0.024279 28.537958 0.25318 4.355745 -1.854147 -10.608687 2.243543 -5.255038 -3.180157 14.282889 -0.826597 6.952503 0.0 -12.690608 -1e-06 16.034204 -17.687511 2.55534 1.665666 -1.955922 -2.878299 4.727799 -4.170589 4.993923 11.020528 1e-06 -1e-06 12.109055 -3.735719 -2.866784 0.0 -1e-06 -1e-06 1.291986 -1.92855 -1.498089 14.800127 0.567466 3.865608 14.242574 -1.34174 -6.660658 19.631968 0.143923 -0.648245 49.406853 -0.508308 -6.6113 0.353029 -1.511151 -0.031939 20.222792 3.684307 2.31663 18.787273 2e-06 -2e-06 10.75163 -0.47987 1.397905 -1e-06 -0.0 -0.0 3.273807 0.305946 -0.580111 21.486814 11.830376 2.266133 8.162929 -0.0 -0.0 18.399088 -3.79899 -4.94058 3e-06 1e-06 -1e-06 -1.74785 1.764074 15.774647 0.042893 -0.036114 6.235852 -3.473564 4.784873 -15.212828 1.772953 -1.862638 -1.051726 -0.0 0.0 2e-06 0.7793 -9.949698 -24.145502 0.098561 0.024003 8.358681 9.495183 -2.633934 11.627662 -1.388288 1.041779 -3.050892 -0.0 0.0 -1e-06 
0.0 0.0 0.0 0.0 -0.0 0.0 -33.846821 96.412224 481.4953 -0.727024 -1.524058 -2.192928 -0.625674 -0.220397 -2.727315 -0.512703 -2.251683 -6.251645 0.225794 -3.928466 16.362202 3.021135 1.037475 7.9786 -0.173877 1.791607 -3.626939 -0.480717 1.072239 -12.207742 7.7e-05 -2.2e-05 6e-06 0.008606 2e-06 0.009204 0.677659 -3.720253 -10.619238 -0.659854 3.731742 -10.615227 -17.522192 -11.992978 16.331739 -45.64806 -12.251469 22.252672 0.531733 -35.63765 -0.290205 -1.286778 2.993903 -24.033443 -5.882107 9.861284 0.702589 -10.936872 -0.360574 7.156202 -0.0 8.774824 -1e-06 -16.500624 18.038691 6.019904 -1.844033 2.498506 -2.507277 -10.163601 4.678946 4.621109 -20.976027 -1e-06 0.0 -21.226286 2.4517 -3.594002 1e-06 -6e-06 -2e-06 -1.362682 2.240798 -0.746323 -21.334913 0.584911 3.008325 -13.821213 -2e-06 -0.0 -23.887171 -0.249078 -0.839487 -61.006512 2.587404 -1.052364 -0.294024 1.679687 0.833256 -14.218209 0.093217 1.300581 -34.212048 -0.287562 0.967168 -20.033213 0.964537 1.212842 -1e-06 -0.0 -0.0 -3.440389 0.788234 0.501657 -15.928185 -3.167307 2.999705 -6.338827 0.0 0.0 -18.123449 3.648182 -4.905671 -4e-06 -0.0 -2e-06 18.801497 8.875088 17.099016 55.156143 5.822712 26.372301 0.086627 27.56657 0.199216 4.233293 -2.143585 -10.608061 2.243543 -5.255039 -3.18016 14.282896 -0.826595 6.952507 -2e-06 -12.69061 -1e-06 15.97981 -17.643274 2.569303 1.665667 -1.955922 -2.878301 4.7278 -4.170589 4.993925 11.020529 3e-06 -1e-06 12.109056 -3.735717 -2.866784 0.0 -1e-06 -1e-06 1.291986 -1.92855 -1.49809 14.800132 0.567468 3.865609 14.242577 -1.341738 -6.66066 19.631973 0.143926 -0.648244 49.314041 -0.390932 -6.603773 0.353029 -1.511152 -0.031939 20.222801 3.684311 2.316632 18.787283 4e-06 0.0 10.75163 -0.479868 1.397905 0.0 0.0 1e-06 3.273808 0.305948 -0.58011 21.486822 11.830379 2.266135 8.16293 1e-06 1e-06 18.39909 -3.798987 -4.940577 2e-06 1e-06 -2e-06 1.055553 1.859238 17.10317 0.059045 -0.136468 8.471769 -4.567132 4.136693 -14.648088 1.822036 -1.852403 -2.857207 0.0 -0.0 2e-06 2.615145 -8.973965 -23.9231 -0.007127 0.019749 11.87544 6.395638 -1.790439 13.214459 -1.397264 0.956423 -2.336274 0.0 0.0 -1e-06 
0.0 0.0 0.0 0.0 -0.0 0.0 -34.737839 96.640572 484.951538 -2.415395 -1.492012 -2.220546 0.148359 -0.218617 -3.009052 -0.33462 -2.270367 -6.411381 1.049778 -4.102921 16.241648 2.985876 0.914283 8.345436 -0.139607 1.953016 -3.686111 -0.223425 1.168248 -12.196548 7.7e-05 -2.2e-05 6e-06 0.000224 -0.021038 -0.007089 0.678913 -3.735299 -10.60757 -0.67421 3.709512 -10.605423 -17.663389 -11.284718 16.463804 -47.134819 -11.795767 21.894161 0.219107 -34.393776 -0.136723 -0.945007 3.329434 -23.381571 -5.88211 9.86129 0.702589 -10.936877 -0.360573 7.156207 -1e-06 8.774828 -2e-06 -16.500116 18.147846 6.017881 -1.844033 2.498506 -2.507277 -10.163604 4.678948 4.62111 -20.976034 0.0 1e-06 -21.226297 2.451701 -3.594001 1e-06 -7e-06 -1e-06 -1.362682 2.2408 -0.746324 -21.334921 0.584913 3.008325 -13.821218 0.0 0.0 -23.88718 -0.249076 -0.839487 -60.738461 2.493379 -0.919821 -0.294025 1.679687 0.833257 -14.218215 0.093217 1.300582 -34.212059 -0.287559 0.967169 -20.033222 0.964539 1.212842 -0.0 1e-06 1e-06 -3.440391 0.788234 0.501657 -15.928192 -3.167307 2.999709 -6.338829 -1e-06 0.0 -18.123457 3.648185 -4.905673 -4e-06 0.0 -4e-06 18.763464 8.89519 17.120527 55.118931 5.927307 26.052153 0.256115 26.123615 0.187541 4.076811 -2.698671 -10.896852 2.243542 -5.25504 -3.180156 14.282896 -0.826595 6.952501 -1e-06 -12.690609 -2e-06 15.967378 -17.744047 2.553927 1.665667 -1.955923 -2.878299 4.7278 -4.170589 4.993922 11.020528 1e-06 -1e-06 12.109056 -3.735719 -2.866785 1e-06 -1e-06 0.0 1.291986 -1.92855 -1.49809 14.800132 0.567468 3.865608 14.242577 -1.341739 -6.66066 19.631971 0.143925 -0.648246 49.446674 -0.376616 -6.494501 0.353029 -1.511151 -0.03194 20.222797 3.684309 2.31663 18.787279 3e-06 -3e-06 10.751629 -0.479868 1.397904 -1e-06 0.0 -0.0 3.273808 0.305947 -0.580109 21.486816 11.830379 2.266133 8.16293 2e-06 -1e-06 18.399088 -3.798986 -4.940579 3e-06 1e-06 -1e-06 3.699809 1.924891 17.448124 0.165474 -0.355036 12.820046 -5.405032 3.198258 -12.82249 1.914666 -1.983659 -6.512471 -0.0 -0.0 2e-06 4.487228 -8.543541 -23.353916 -0.042765 -0.098797 15.773289 4.440643 -1.298127 10.482932 -1.407095 0.955015 -1.302452 0.0 0.0 -1e-06 
0.0 0.0 0.0 0.0 -0.0 0.0 -35.641972 96.99556 488.501221 -3.598602 -1.618857 -2.456292 0.718713 -0.169936 -3.077416 -0.169165 -2.311238 -6.425228 1.529473 -3.996865 15.790964 3.085712 0.865352 8.891582 -0.119595 1.805352 -3.674488 0.031486 1.144696 -12.241374 7.7e-05 -2.2e-05 6e-06 -0.006148 -0.034449 0.005849 0.692587 -3.755355 -10.597323 -0.698973 3.700872 -10.585876 -17.007895 -10.831285 16.55578 -49.541718 -11.097052 21.974165 0.182025 -32.827049 -0.082207 -1.081765 3.70431 -22.414074 -5.882114 9.861298 0.70259 -10.936887 -0.360576 7.156214 1e-06 8.774837 -1e-06 -16.488768 18.018112 5.953252 -1.844036 2.498508 -2.507281 -10.163613 4.67895 4.621112 -20.976055 -6e-06 -2e-06 -21.226322 2.451698 -3.594005 2e-06 -8e-06 -1e-06 -1.362684 2.240802 -0.746324 -21.334946 0.584909 3.008322 -13.821235 -4e-06 -1e-06 -23.887207 -0.249084 -0.839484 -60.563301 2.441936 -0.956284 -0.294025 1.679689 0.833257 -14.218231 0.093215 1.30058 -34.212105 -0.28757 0.967167 -20.033243 0.964533 1.212843 -0.0 -0.0 1e-06 -3.440393 0.788234 0.501656 -15.928209 -3.167315 2.999708 -6.338835 -4e-06 -1e-06 -18.123472 3.648184 -4.905678 -2e-06 0.0 -2e-06 18.223305 9.228522 17.144072 55.639606 6.206707 25.888636 0.19547 24.830904 0.124913 4.430931 -3.511223 -11.04891 2.243543 -5.255041 -3.18016 14.282905 -0.826594 6.952507 -4e-06 -12.690618 2e-06 16.065159 -17.75639 2.475218 1.665668 -1.955923 -2.878301 4.727803 -4.170591 4.993926 11.020538 5e-06 -1e-06 12.109064 -3.735717 -2.866786 1e-06 -0.0 0.0 1.291987 -1.928551 -1.49809 14.800146 0.567471 3.865609 14.242588 -1.341735 -6.660663 19.63199 0.143929 -0.648245 49.402927 -0.399143 -6.520549 0.353029 -1.511152 -0.03194 20.222815 3.684315 2.316631 18.787291 8e-06 -2e-06 10.751639 -0.479868 1.397908 -1e-06 -0.0 0.0 3.27381 0.305948 -0.580111 21.486834 11.830389 2.266134 8.162936 3e-06 -0.0 18.399103 -3.798985 -4.940579 1e-06 -0.0 -1e-06 5.848723 1.918019 16.369772 0.162663 -0.508877 19.539026 -5.986547 2.337917 -8.833987 2.011444 -1.98332 -11.731214 -0.0 -0.0 2e-06 5.867071 -8.234143 -21.415104 -0.036692 -0.135964 17.488428 3.442591 -0.937597 6.88251 -1.40511 0.915695 -0.650914 0.0 0.0 -1e-06 
0.0 0.0 0.0 0.0 -0.0 0.0 -36.493496 97.543083 492.004303 -4.413029 -1.758601 -2.753249 1.297324 -0.126888 -3.039264 -0.058099 -2.140925 -6.404899 1.690063 -3.796746 15.359177 3.138356 0.912456 9.289713 -0.202837 1.48218 -3.644343 0.237693 0.92115 -12.098202 7.7e-05 -2.2e-05 6e-06 -0.004425 -0.031367 0.023643 0.706552 -3.75559 -10.585961 -0.708671 3.704361 -10.575194 -16.521944 -10.425061 16.565159 -51.271839 -10.251114 22.724028 0.167995 -31.796839 -0.070293 -1.78256 3.847913 -21.754496 -5.88211 9.861293 0.702592 -10.936877 -0.360574 7.156207 -0.0 8.774833 -1e-06 -16.498922 17.89131 5.851408 -1.844033 2.498506 -2.507279 -10.163604 4.67895 4.621109 -20.976034 -0.0 1e-06 -21.226297 2.451703 -3.594005 1e-06 -6e-06 -0.0 -1.362682 2.2408 -0.746325 -21.334925 0.584911 3.008322 -13.82122 -1e-06 -1e-06 -23.887184 -0.249077 -0.839486 -60.392746 2.355208 -1.004447 -0.294024 1.679688 0.833254 -14.218215 0.093217 1.300581 -34.212067 -0.287563 0.967166 -20.033226 0.964539 1.21284 0.0 -0.0 -0.0 -3.44039 0.788234 0.501658 -15.928192 -3.167311 2.999705 -6.338829 -1e-06 -1e-06 -18.123457 3.648185 -4.905676 -2e-06 0.0 -2e-06 17.687613 9.601145 17.024921 55.860245 6.411326 25.340923 0.277319 24.418571 0.151741 4.785454 -4.055015 -11.16809 2.243541 -5.255037 -3.180159 14.282889 -0.826595 6.952499 -1e-06 -12.690605 -2e-06 16.153414 -17.74437 2.47944 1.665666 -1.955922 -2.878298 4.727798 -4.170588 4.993922 11.020526 2e-06 -2e-06 12.109053 -3.735717 -2.866785 -0.0 -0.0 0.0 1.291986 -1.92855 -1.498089 14.800125 0.567467 3.865609 14.242571 -1.341737 -6.660657 19.631966 0.143925 -0.648246 49.396648 -0.490768 -6.497353 0.353029 -1.511151 -0.031939 20.222788 3.684308 2.31663 18.78727 3e-06 -4e-06 10.751626 -0.479869 1.397904 -2e-06 -1e-06 0.0 3.273806 0.305947 -0.58011 21.486809 11.830373 2.266134 8.162924 1e-06 -0.0 18.399076 -3.798985 -4.940574 2e-06 -0.0 -1e-06 7.7138 2.180842 13.509496 0.075262 -0.542756 28.839466 -6.421271 1.570261 -3.081226 2.09126 -1.885622 -16.018461 0.0 0.0 4e-06 6.806678 -7.999424 -18.445436 0.017228 -0.21512 17.208603 2.591367 -0.682171 4.483289 -1.402026 0.871562 -0.273056 0.0 0.0 -1e-06 
0.0 0.0 0.0 0.0 -0.0 0.0 -37.253277 98.112442 495.285858 -5.079684 -1.759102 -3.114445 1.938676 -0.067318 -2.851012 0.039736 -1.836815 -6.295329 1.705169 -3.548675 15.018317 3.106537 1.01986 9.348279 -0.331758 1.101986 -3.6214 0.355134 0.579913 -11.908261 7.7e-05 -2.2e-05 6e-06 0.001523 -0.006528 0.034711 0.713103 -3.734739 -10.573446 -0.703702 3.729558 -10.570333 -16.301239 -10.048482 16.392113 -52.201694 -9.34409 23.742144 0.105244 -31.502268 -0.043105 -2.569328 3.778902 -21.467415 -5.882102 9.861281 0.702589 -10.936869 -0.360577 7.156203 2e-06 8.774822 -3e-06 -16.543144 17.808903 5.759054 -1.844032 2.498503 -2.507277 -10.163597 4.678941 4.621107 -20.976021 -6e-06 2e-06 -21.226282 2.451694 -3.593997 1e-06 -6e-06 -2e-06 -1.362682 2.240797 -0.746322 -21.334911 0.584907 3.008322 -13.82121 -4e-06 2e-06 -23.887167 -0.249082 -0.839482 -60.344929 2.330576 -1.075644 -0.294024 1.679686 0.833256 -14.218206 0.093213 1.30058 -34.212048 -0.287568 0.967173 -20.033211 0.964534 1.212846 -1e-06 -1e-06 -1e-06 -3.440387 0.788233 0.501655 -15.928183 -3.16731 2.999706 -6.338825 -2e-06 1e-06 -18.123444 3.64818 -4.905666 -2e-06 0.0 -2e-06 17.306484 10.06628 16.838392 55.514271 6.490409 24.82773 0.293738 25.028704 0.204784 4.980484 -4.030848 -11.760886 2.24354 -5.255033 -3.180155 14.282883 -0.826592 6.952497 -3e-06 -12.690598 -1e-06 16.240524 -17.745468 2.544896 1.665665 -1.95592 -2.878295 4.727796 -4.170584 4.993921 11.020519 4e-06 -1e-06 12.109045 -3.735712 -2.866781 0.0 -0.0 -1e-06 1.291985 -1.928548 -1.498088 14.800122 0.56747 3.865604 14.242564 -1.341735 -6.660654 19.631958 0.14393 -0.648244 49.482254 -0.54477 -6.451287 0.353029 -1.51115 -0.031939 20.222778 3.684311 2.316628 18.787258 7e-06 -0.0 10.75162 -0.479866 1.397906 -2e-06 -1e-06 -0.0 3.273805 0.305947 -0.580109 21.486801 11.830372 2.26613 8.162923 3e-06 -0.0 18.399071 -3.79898 -4.940572 2e-06 1e-06 -2e-06 9.434064 2.555955 9.071141 -0.03639 -0.452697 39.938839 -6.966852 1.632581 3.714178 2.023301 -1.794593 -14.692278 -0.0 -0.0 3e-06 7.536204 -7.855425 -14.904928 0.078599 -0.291817 15.578451 1.84513 -0.688898 2.947451 -1.411794 0.849547 -0.250749 -0.0 -0.0 -1e-06 
0.0 0.0 0.0 0.0 -0.0 0.0 -37.895016 98.528061 498.377563 -5.684299 -1.696867 -3.532644 2.589299 -0.003129 -2.50713 0.114677 -1.474758 -6.119089 1.721081 -3.309264 14.816646 2.992353 1.124123 9.164233 -0.416849 0.83544 -3.641088 0.328266 0.290769 -11.899189 7.7e-05 -2.3e-05 6e-06 0.001567 -0.000452 0.027406 0.706176 -3.730592 -10.561552 -0.698033 3.735001 -10.565662 -16.338442 -9.591615 16.142426 -52.473953 -8.706197 24.604733 -0.02063 -31.633326 0.005822 -2.968036 3.521752 -21.406057 -5.882113 9.861295 0.702592 -10.936881 -0.360574 7.156211 0.0 8.774831 -1e-06 -16.568821 17.791128 5.773743 -1.844035 2.498507 -2.507279 -10.16361 4.678949 4.621113 -20.976044 -2e-06 1e-06 -21.226311 2.4517 -3.594004 1e-06 -6e-06 -1e-06 -1.362683 2.2408 -0.746323 -21.334934 0.584913 3.008327 -13.821227 -1e-06 1e-06 -23.887192 -0.249077 -0.839484 -60.41378 2.435037 -1.072046 -0.294025 1.679689 0.833256 -14.218223 0.093216 1.30058 -34.212082 -0.287561 0.967169 -20.033232 0.964538 1.212842 0.0 -0.0 0.0 -3.440392 0.788234 0.501655 -15.928201 -3.16731 2.999709 -6.338831 -0.0 -0.0 -18.123466 3.648187 -4.905676 -2e-06 -0.0 -1e-06 17.097343 10.596578 16.692484 54.501297 6.739128 24.616831 0.293189 26.287365 0.232203 4.835028 -3.648446 -12.805327 2.243542 -5.255038 -3.180159 14.282896 -0.826597 6.952506 -2e-06 -12.690608 2e-06 16.247713 -17.687353 2.596933 1.665667 -1.955921 -2.878299 4.7278 -4.170588 4.993926 11.020529 2e-06 -2e-06 12.109056 -3.735716 -2.866784 -0.0 0.0 -1e-06 1.291986 -1.92855 -1.498091 14.800132 0.567467 3.865608 14.242576 -1.341737 -6.660659 19.631969 0.143925 -0.648246 49.557884 -0.538703 -6.383519 0.353029 -1.511151 -0.031939 20.222801 3.684309 2.31663 18.787281 4e-06 -0.0 10.751632 -0.479869 1.397906 0.0 0.0 1e-06 3.273808 0.305946 -0.580112 21.48682 11.830376 2.266133 8.16293 1e-06 -1e-06 18.399094 -3.798986 -4.940577 2e-06 1e-06 -2e-06 10.752889 2.849226 3.936841 -0.061524 -0.353899 50.619759 -7.17473 3.153361 8.617604 1.834977 -1.895628 -7.098563 0.0 0.0 1e-06 8.200006 -7.842508 -11.373021 0.057277 -0.316079 13.745154 1.410534 -0.848824 1.617512 -1.423302 0.860537 -0.428498 -0.0 0.0 -1e-06 
0.0 0.0 0.0 0.0 -0.0 0.0 -38.415562 98.807854 501.380096 -6.059386 -1.770843 -3.961697 3.119153 0.094562 -2.17739 0.13999 -1.134321 -5.949635 1.688299 -3.027704 14.804311 2.808434 1.302633 9.049682 -0.461083 0.582783 -3.634987 0.218433 0.151994 -12.193815 7.7e-05 -2.3e-05 6e-06 -0.003152 -0.033694 0.024452 0.697667 -3.762218 -10.555374 -0.700624 3.700227 -10.56097 -16.565802 -9.013301 15.982832 -52.427662 -8.439286 24.98851 -0.136708 -31.676512 0.035425 -2.755189 3.191005 -21.55949 -5.882107 9.861284 0.70259 -10.936873 -0.360574 7.156208 0.0 8.774826 0.0 -16.551456 17.792414 5.804765 -1.844033 2.498505 -2.507278 -10.1636 4.678946 4.621111 -20.976027 -3e-06 3e-06 -21.226286 2.451698 -3.593999 1e-06 -5e-06 0.0 -1.362682 2.240799 -0.746322 -21.334917 0.584909 3.008324 -13.821213 -2e-06 3e-06 -23.887175 -0.249078 -0.839481 -60.467541 2.525572 -1.103528 -0.294025 1.679688 0.833256 -14.21821 0.093216 1.300581 -34.212051 -0.287562 0.96717 -20.033215 0.964537 1.212845 -0.0 -1e-06 0.0 -3.440389 0.788233 0.501657 -15.928189 -3.167309 2.999708 -6.338826 -1e-06 -0.0 -18.123449 3.648184 -4.90567 -2e-06 0.0 -2e-06 17.046728 11.061572 16.698893 52.996777 7.552484 24.578346 0.40698 27.437243 0.228902 4.345368 -3.098441 -13.691436 2.243541 -5.255036 -3.180156 14.282885 -0.826596 6.952503 -1e-06 -12.6906 -0.0 16.223753 -17.573111 2.588703 1.665666 -1.955921 -2.878298 4.727797 -4.170587 4.993923 11.020521 1e-06 -1e-06 12.109048 -3.735717 -2.866784 -1e-06 0.0 -1e-06 1.291985 -1.928549 -1.49809 14.800122 0.567466 3.865606 14.242564 -1.341738 -6.660657 19.631958 0.143923 -0.648246 49.519196 -0.575153 -6.349893 0.353029 -1.51115 -0.03194 20.22278 3.684306 2.316628 18.787262 1e-06 -1e-06 10.751622 -0.47987 1.397904 0.0 0.0 -1e-06 3.273805 0.305946 -0.58011 21.486801 11.830368 2.266131 8.162924 0.0 -1e-06 18.399076 -3.798987 -4.940576 3e-06 -0.0 -1e-06 11.434934 3.319244 -0.898347 -0.08677 -0.24558 58.398308 -6.652163 4.584762 8.610585 1.798651 -1.983562 -3.874587 0.0 -0.0 3e-06 8.602129 -7.852429 -8.103312 -0.018359 -0.319045 12.277865 1.162351 -0.95719 0.253902 -1.420565 0.885994 -0.452677 0.0 0.0 -1e-06 
0.0 0.0 0.0 0.0 -0.0 0.0 -38.868252 99.01741 504.432159 -6.035808 -1.985661 -4.365829 3.390911 0.217024 -1.931543 0.107058 -0.837233 -5.819588 1.518216 -2.685373 14.906741 2.634073 1.473287 9.137376 -0.506452 0.45182 -3.617429 0.105457 0.068867 -12.440155 7.7e-05 -2.3e-05 6e-06 -0.0086 -0.087314 0.028034 0.690034 -3.811444 -10.557367 -0.705161 3.642729 -10.562032 -16.731195 -8.464336 15.926185 -52.471981 -8.302949 24.800068 -0.240271 -31.475435 0.094363 -2.180486 2.971313 -21.707226 -5.882107 9.861284 0.702589 -10.936873 -0.360574 7.156209 0.0 8.774824 0.0 -16.482012 17.799482 5.842864 -1.844033 2.498504 -2.507278 -10.163602 4.678945 4.621111 -20.976027 -3e-06 1e-06 -21.226288 2.451696 -3.594 1e-06 -5e-06 0.0 -1.362682 2.240799 -0.746324 -21.334917 0.584911 3.008326 -13.821217 -1e-06 3e-06 -23.887175 -0.249078 -0.839483 -60.474529 2.567699 -1.146085 -0.294025 1.679687 0.833256 -14.21821 0.093215 1.300582 -34.212051 -0.287562 0.967173 -20.033215 0.96454 1.212844 -0.0 -1e-06 0.0 -3.440389 0.788234 0.501657 -15.928189 -3.167308 2.99971 -6.338829 -1e-06 -1e-06 -18.123453 3.648183 -4.905673 -1e-06 1e-06 -0.0 16.979296 11.49681 16.78829 51.608902 8.904357 24.180008 0.535636 28.070986 0.241545 3.648179 -2.699478 -14.066929 2.243542 -5.255037 -3.180156 14.282887 -0.826596 6.952502 0.0 -12.690605 -1e-06 16.215542 -17.521509 2.577311 1.665666 -1.955922 -2.878298 4.727798 -4.170588 4.993924 11.020524 1e-06 -2e-06 12.109051 -3.735717 -2.866784 0.0 0.0 -0.0 1.291985 -1.92855 -1.49809 14.800125 0.567466 3.865608 14.242569 -1.341738 -6.660657 19.631962 0.143925 -0.648246 49.504292 -0.582159 -6.350661 0.353029 -1.51115 -0.031939 20.222786 3.684307 2.316627 18.787268 2e-06 -1e-06 10.751625 -0.47987 1.397903 -1e-06 1e-06 -1e-06 3.273806 0.305946 -0.580109 21.486805 11.830371 2.266133 8.162924 0.0 -2e-06 18.399078 -3.798987 -4.940577 3e-06 1e-06 -1e-06 11.394319 4.101673 -5.441573 -0.117239 -0.068458 62.611572 -5.919141 5.673604 5.957278 1.806621 -1.987164 -3.279186 0.0 0.0 3e-06 8.523799 -7.730233 -4.928867 -0.043825 -0.313384 10.986457 0.82225 -0.936738 -1.210549 -1.415025 0.906522 -0.272774 -0.0 0.0 -1e-06 
0.0 0.0 0.0 0.0 -0.0 0.0 -39.277664 99.138351 507.484619 -5.716884 -2.262045 -4.705222 3.482391 0.343261 -1.702365 0.05081 -0.521117 -5.697823 1.194105 -2.341168 14.957351 2.475753 1.592476 9.339305 -0.547634 0.419047 -3.612838 0.065629 -0.013917 -12.434566 7.7e-05 -2.3e-05 6e-06 -0.009468 -0.117108 0.032094 0.687231 -3.83859 -10.564447 -0.705186 3.610202 -10.564318 -16.772678 -8.044847 15.941706 -52.61393 -8.127627 24.446712 -0.247387 -31.342697 0.127886 -1.755616 2.908931 -21.749977 -5.882108 9.86129 0.702589 -10.936875 -0.360574 7.156209 -1e-06 8.774829 -2e-06 -16.39073 17.828793 5.913182 -1.844034 2.498505 -2.507279 -10.163603 4.678948 4.62111 -20.97603 -2e-06 1e-06 -21.226292 2.451698 -3.594005 1e-06 -5e-06 0.0 -1.362682 2.240799 -0.746324 -21.334917 0.584911 3.008325 -13.821217 -2e-06 0.0 -23.887177 -0.249079 -0.839486 -60.446251 2.58181 -1.157248 -0.294024 1.679687 0.833256 -14.218212 0.093215 1.300582 -34.212051 -0.287563 0.967168 -20.033218 0.964535 1.212842 -0.0 -0.0 -1e-06 -3.440389 0.788233 0.501656 -15.928189 -3.16731 2.999707 -6.33883 -1e-06 1e-06 -18.123447 3.648184 -4.905674 -2e-06 1e-06 -0.0 16.778856 11.986678 16.8503 50.679699 10.401195 23.283058 0.575679 28.44346 0.257702 2.847262 -2.548399 -14.516797 2.243543 -5.255039 -3.180159 14.282896 -0.826596 6.952505 -0.0 -12.690609 -1e-06 16.202858 -17.530313 2.595971 1.665667 -1.955922 -2.878299 4.7278 -4.170589 4.993927 11.020528 1e-06 -3e-06 12.109055 -3.735718 -2.866785 0.0 -1e-06 -0.0 1.291986 -1.928551 -1.49809 14.800132 0.567466 3.865608 14.242577 -1.341738 -6.66066 19.631973 0.143925 -0.648247 49.497086 -0.579464 -6.374546 0.353029 -1.511152 -0.031941 20.222797 3.684308 2.316632 18.787279 3e-06 -1e-06 10.751631 -0.47987 1.397908 -1e-06 1e-06 -2e-06 3.273808 0.305946 -0.580111 21.486816 11.830377 2.266134 8.16293 1e-06 -1e-06 18.399086 -3.798988 -4.940579 4e-06 1e-06 -3e-06 10.7314 5.048855 -9.788176 -0.096031 0.113544 63.448666 -5.416686 6.660056 3.070421 1.798666 -1.967484 -3.036531 -0.0 0.0 2e-06 8.105935 -7.461596 -1.84151 -0.024223 -0.288069 9.699116 0.360751 -0.910667 -2.761214 -1.410514 0.917416 0.014317 -0.0 -0.0 -1e-06 
0.0 0.0 0.0 0.0 -0.0 0.0 -39.652634 99.173286 510.451355 -5.275422 -2.539014 -4.907959 3.485721 0.452035 -1.492914 0.009496 -0.15985 -5.592757 0.806969 -2.001891 14.937694 2.31018 1.672833 9.436775 -0.591722 0.403728 -3.616741 0.095613 -0.104178 -12.235665 7.7e-05 -2.2e-05 6e-06 -0.006743 -0.11601 0.036547 0.692151 -3.836101 -10.567269 -0.705785 3.609742 -10.564437 -16.890825 -7.705939 15.942859 -52.587723 -7.859947 24.395737 -0.112013 -31.478767 0.105132 -1.636045 2.863829 -21.875692 -5.882107 9.861289 0.702591 -10.936875 -0.360576 7.156209 1e-06 8.77483 1e-06 -16.300388 17.86482 5.989697 -1.844033 2.498506 -2.507278 -10.163603 4.678946 4.62111 -20.97603 -4e-06 5e-06 -21.226292 2.451697 -3.593998 1e-06 -5e-06 0.0 -1.362682 2.240799 -0.746324 -21.334921 0.584908 3.008326 -13.821217 -2e-06 4e-06 -23.887175 -0.249078 -0.83948 -60.444046 2.583272 -1.139138 -0.294025 1.679688 0.833257 -14.218213 0.093214 1.300583 -34.212063 -0.287564 0.967177 -20.033218 0.964539 1.212847 -0.0 -1e-06 -0.0 -3.440389 0.788233 0.501656 -15.928191 -3.167311 2.999709 -6.338829 -2e-06 1e-06 -18.123453 3.648184 -4.905672 -1e-06 0.0 -3e-06 16.597591 12.560459 16.854582 49.964298 11.753918 22.213417 0.495863 28.87195 0.241727 2.060459 -2.407733 -15.19856 2.243544 -5.25504 -3.180161 14.282904 -0.826595 6.95251 -4e-06 -12.690614 1e-06 16.156651 -17.527002 2.636508 1.665667 -1.955923 -2.878302 4.727804 -4.170593 4.993927 11.020538 3e-06 0.0 12.109065 -3.735719 -2.866786 -1e-06 0.0 1e-06 1.291988 -1.928551 -1.498091 14.800146 0.56747 3.865612 14.242587 -1.341735 -6.660661 19.63199 0.143928 -0.648243 49.460384 -0.598518 -6.366072 0.353029 -1.511152 -0.03194 20.222815 3.684314 2.316633 18.787291 5e-06 1e-06 10.751641 -0.479868 1.397907 -1e-06 2e-06 0.0 3.27381 0.305948 -0.580111 21.486835 11.830386 2.266133 8.162938 3e-06 0.0 18.399099 -3.798988 -4.94058 5e-06 -0.0 1e-06 9.694354 6.00225 -13.883955 -0.01599 0.265517 61.187485 -5.567562 7.130315 0.783282 1.775111 -1.936349 -2.817403 -0.0 0.0 1e-06 7.573215 -7.133901 0.998336 -0.004061 -0.24987 8.333645 -0.059765 -0.930871 -4.189187 -1.409167 0.911281 0.309156 0.0 0.0 -1e-06 
0.0 0.0 0.0 0.0 -0.0 0.0 -39.98341 99.118767 513.28125 -4.812788 -2.820552 -4.925735 3.436431 0.50733 -1.356965 -0.012031 0.244691 -5.516582 0.450488 -1.665047 14.908908 2.149597 1.745756 9.31006 -0.628083 0.384093 -3.63426 0.119225 -0.157132 -11.944811 7.7e-05 -2.2e-05 6e-06 -0.002708 -0.096148 0.040875 0.698494 -3.815701 -10.567661 -0.705217 3.628365 -10.570107 -17.222214 -7.380925 15.948581 -52.280483 -7.610604 24.63167 0.099294 -31.806265 0.038064 -1.684129 2.798332 -22.080585 -5.882107 9.861284 0.702592 -10.936873 -0.360576 7.156206 2e-06 8.774826 0.0 -16.231331 17.891443 6.041826 -1.844032 2.498504 -2.507278 -10.163603 4.678945 4.621109 -20.976028 -5e-06 3e-06 -21.226292 2.451695 -3.593999 1e-06 -6e-06 1e-06 -1.362681 2.240798 -0.746325 -21.334921 0.584907 3.008324 -13.821217 -3e-06 4e-06 -23.887178 -0.249081 -0.839479 -60.470043 2.580806 -1.0719 -0.294025 1.679688 0.833256 -14.218212 0.093213 1.30058 -34.212063 -0.287567 0.967171 -20.033215 0.964536 1.212845 -0.0 -1e-06 -1e-06 -3.440389 0.788233 0.501655 -15.928192 -3.167312 2.999707 -6.338829 -2e-06 1e-06 -18.123453 3.64818 -4.90567 -2e-06 0.0 -2e-06 16.561686 13.215665 16.86208 49.203331 12.916551 21.274836 0.368882 29.464043 0.207295 1.470662 -2.151551 -15.749404 2.243542 -5.255037 -3.180158 14.282896 -0.826595 6.952506 -4e-06 -12.690606 1e-06 16.097569 -17.482143 2.667581 1.665667 -1.95592 -2.878299 4.727799 -4.170588 4.993927 11.020531 4e-06 -1e-06 12.109058 -3.735714 -2.866785 -1e-06 0.0 -0.0 1.291986 -1.928549 -1.49809 14.800132 0.567469 3.865606 14.242578 -1.341735 -6.66066 19.631979 0.143927 -0.648245 49.426125 -0.628663 -6.295571 0.353029 -1.51115 -0.031941 20.222799 3.684311 2.316628 18.787279 7e-06 -0.0 10.751633 -0.479868 1.397906 0.0 2e-06 -0.0 3.273808 0.305948 -0.580112 21.48682 11.830376 2.26613 8.16293 4e-06 -0.0 18.399084 -3.798984 -4.940575 3e-06 -0.0 -1e-06 8.473261 6.884255 -17.461996 0.093896 0.372507 56.230778 -6.13208 7.128704 -0.48389 1.774278 -1.932709 -2.602248 -0.0 -0.0 2e-06 7.027883 -6.85055 3.631654 0.001304 -0.198283 7.002478 -0.357921 -0.933933 -5.607146 -1.412282 0.88624 0.581255 -0.0 0.0 -1e-06 
0.0 0.0 0.0 0.0 -0.0 0.0 -40.268795 98.987526 516.102539 -4.380564 -3.122734 -4.748503 3.358366 0.495767 -1.324376 -0.027341 0.663836 -5.493802 0.180463 -1.297499 14.918902 2.02878 1.82541 9.009535 -0.664318 0.376645 -3.66151 0.112976 -0.165086 -11.617352 7.7e-05 -2.2e-05 6e-06 0.000764 -0.079985 0.041648 0.69507 -3.801017 -10.567526 -0.695921 3.645437 -10.579269 -17.723648 -7.044981 15.952106 -51.804382 -7.419816 25.013041 0.313276 -32.168839 -0.06987 -1.701501 2.711036 -22.559883 -5.88211 9.861289 0.702589 -10.936878 -0.360576 7.156207 1e-06 8.774828 -2e-06 -16.193937 17.920542 6.049929 -1.844034 2.498505 -2.507279 -10.163607 4.678946 4.62111 -20.976038 -4e-06 3e-06 -21.226301 2.451696 -3.594 2e-06 -6e-06 1e-06 -1.362682 2.240798 -0.746324 -21.334929 0.584908 3.008323 -13.821222 -3e-06 2e-06 -23.887184 -0.24908 -0.839482 -60.464825 2.587433 -0.97959 -0.294025 1.679688 0.833256 -14.218217 0.093214 1.30058 -34.21207 -0.287566 0.96717 -20.033228 0.964536 1.212844 -0.0 -0.0 -0.0 -3.44039 0.788233 0.501655 -15.928198 -3.167311 2.999707 -6.338831 -2e-06 1e-06 -18.123457 3.648182 -4.905671 -2e-06 -0.0 -2e-06 16.590836 13.923981 16.869438 48.411137 13.950991 20.639452 0.24448 30.169168 0.174598 1.130564 -1.804631 -16.013187 2.243541 -5.255037 -3.180156 14.282889 -0.826592 6.952502 -5e-06 -12.690603 -0.0 16.04426 -17.436758 2.66049 1.665667 -1.955922 -2.878298 4.727799 -4.170586 4.993923 11.020528 5e-06 -3e-06 12.109053 -3.735715 -2.866785 -0.0 0.0 -1e-06 1.291985 -1.928549 -1.498089 14.800131 0.56747 3.865608 14.242572 -1.341736 -6.660657 19.631969 0.143928 -0.648243 49.389317 -0.64063 -6.218082 0.353029 -1.511151 -0.03194 20.222794 3.684312 2.316627 18.78727 6e-06 0.0 10.751627 -0.479867 1.397906 2e-06 1e-06 -2e-06 3.273807 0.305949 -0.580109 21.486813 11.830378 2.266132 8.162927 3e-06 -1e-06 18.39908 -3.798983 -4.940572 4e-06 1e-06 -2e-06 7.179076 7.657805 -20.356043 0.195227 0.443373 48.985199 -6.383088 7.297848 -0.581356 1.794063 -1.973951 -2.427844 0.0 -0.0 4e-06 6.474534 -6.676291 5.93773 -0.002365 -0.132215 5.754738 -0.524501 -0.857314 -6.924 -1.420463 0.865527 0.831134 -0.0 0.0 -1e-06 
0.0 0.0 0.0 0.0 -0.0 0.0 -40.488525 98.782944 519.072571 -4.019852 -3.469234 -4.382333 3.287453 0.44086 -1.418313 -0.051092 1.035733 -5.546456 0.041308 -0.847944 14.973465 1.940239 1.89853 8.645241 -0.704542 0.405056 -3.664493 0.10103 -0.19101 -11.273366 7.7e-05 -2.2e-05 6e-06 0.00357 -0.081778 0.042906 0.6882 -3.804786 -10.568764 -0.68434 3.646049 -10.583822 -18.255989 -6.700687 15.922959 -51.340176 -7.262735 25.442711 0.470081 -32.446362 -0.182135 -1.705619 2.597896 -23.156471 -5.882107 9.861284 0.702591 -10.936875 -0.360577 7.156204 2e-06 8.774827 -1e-06 -16.16976 17.966406 6.037595 -1.844033 2.498504 -2.507278 -10.163603 4.678944 4.621109 -20.976032 -7e-06 2e-06 -21.226295 2.451694 -3.594 2e-06 -6e-06 -0.0 -1.362682 2.240798 -0.746323 -21.334921 0.584905 3.008323 -13.821217 -6e-06 3e-06 -23.88718 -0.249084 -0.839479 -60.430687 2.641344 -0.937125 -0.294024 1.679688 0.833256 -14.218214 0.093212 1.300579 -34.212063 -0.287571 0.967171 -20.033224 0.964534 1.212844 -1e-06 -1e-06 -1e-06 -3.44039 0.788233 0.501656 -15.928192 -3.167313 2.999707 -6.338828 -3e-06 1e-06 -18.123449 3.648178 -4.90567 -1e-06 0.0 -1e-06 16.543018 14.639551 16.842564 47.766205 14.900239 20.313637 0.109876 30.810987 0.122572 0.964753 -1.44979 -15.853742 2.243545 -5.25504 -3.180158 14.282902 -0.826598 6.952501 -0.0 -12.690615 1e-06 15.999073 -17.438356 2.623956 1.665668 -1.955922 -2.878302 4.727803 -4.170592 4.993925 11.020536 1e-06 -2e-06 12.109062 -3.735719 -2.866789 -0.0 0.0 -1e-06 1.291987 -1.92855 -1.498089 14.800139 0.567467 3.865608 14.242584 -1.341738 -6.660663 19.631985 0.143925 -0.648247 49.340595 -0.61908 -6.215892 0.353029 -1.511152 -0.031939 20.222805 3.68431 2.316629 18.787289 3e-06 -4e-06 10.751637 -0.479869 1.397906 1e-06 1e-06 -1e-06 3.27381 0.305946 -0.580113 21.486832 11.830381 2.266129 8.162935 1e-06 -3e-06 18.399101 -3.798988 -4.940584 4e-06 -0.0 -1e-06 5.8995 8.340072 -22.31251 0.264872 0.517253 39.582745 -6.337101 7.712217 0.346452 1.801582 -2.026528 -2.340244 -0.0 -1e-06 2e-06 5.882113 -6.752232 8.103391 -0.006296 -0.067485 4.513145 -0.563639 -0.553425 -8.145172 -1.432096 0.871598 1.017296 0.0 0.0 -1e-06 
0.0 0.0 0.0 0.0 -0.0 0.0 -40.647854 98.463181 522.347534 -3.83293 -3.849243 -3.894296 3.280494 0.374536 -1.635544 -0.074815 1.251987 -5.642352 0.086809 -0.309987 15.008547 1.827281 1.964798 8.332952 -0.707777 0.46344 -3.644063 0.076834 -0.153073 -10.912895 7.7e-05 -2.2e-05 6e-06 0.004991 -0.108909 0.049184 0.687153 -3.834736 -10.58036 -0.681235 3.621845 -10.579706 -18.684813 -6.325532 15.863952 -51.044365 -7.096454 25.980545 0.524821 -32.552921 -0.247811 -1.848347 2.483167 -23.582842 -5.882108 9.861291 0.702592 -10.936875 -0.360574 7.156211 -0.0 8.774829 0.0 -16.118542 18.007421 6.076886 -1.844033 2.498505 -2.507278 -10.163603 4.678948 4.621112 -20.97603 -2e-06 3e-06 -21.226292 2.451699 -3.594003 1e-06 -6e-06 0.0 -1.362682 2.240799 -0.746324 -21.334921 0.584911 3.008325 -13.821218 -2e-06 3e-06 -23.887178 -0.249078 -0.839483 -60.44669 2.723119 -0.922036 -0.294024 1.679688 0.833256 -14.218214 0.093215 1.300581 -34.212055 -0.287561 0.967171 -20.033218 0.964539 1.212844 -0.0 -0.0 -1e-06 -3.440389 0.788234 0.501656 -15.928192 -3.16731 2.999711 -6.338829 -1e-06 2e-06 -18.123453 3.648185 -4.905671 -2e-06 1e-06 -1e-06 16.359728 15.343134 16.74777 47.331993 15.717711 20.473309 -0.086407 31.376299 -0.026008 0.906254 -1.184283 -15.398791 2.243544 -5.255039 -3.180159 14.282896 -0.826598 6.952507 -0.0 -12.690608 1e-06 15.96865 -17.460159 2.602111 1.665666 -1.955922 -2.8783 4.7278 -4.170588 4.993925 11.020528 0.0 -2e-06 12.109055 -3.735717 -2.866785 0.0 0.0 -0.0 1.291986 -1.928551 -1.498089 14.800132 0.567465 3.865609 14.242577 -1.341739 -6.660659 19.631971 0.143922 -0.648245 49.32283 -0.585747 -6.25737 0.35303 -1.511151 -0.031942 20.222797 3.684307 2.316632 18.787279 1e-06 -2e-06 10.751629 -0.479872 1.397906 0.0 3e-06 -2e-06 3.273808 0.305945 -0.580113 21.486818 11.830373 2.266135 8.16293 1e-06 -0.0 18.399088 -3.798988 -4.940577 4e-06 -0.0 -2e-06 4.808318 8.896369 -23.080389 0.269347 0.622595 28.073933 -6.599677 7.931899 1.639005 1.783376 -2.038876 -2.160625 0.0 0.0 2e-06 5.312576 -7.128903 10.183901 -0.011243 -0.037989 3.342566 -0.466214 0.079131 -9.340213 -1.443295 0.898458 1.140097 -0.0 0.0 -1e-06 
0.0 0.0 0.0 0.0 -0.0 0.0 -40.764629 97.991928 525.797241 -3.870833 -4.146911 -3.371573 3.345424 0.347533 -1.987853 -0.041227 1.349745 -5.749932 0.268964 0.07289 15.022071 1.541094 1.982291 8.123692 -0.647118 0.585774 -3.641793 0.099666 0.114408 -10.448172 7.7e-05 -2.2e-05 6e-06 0.000806 -0.141561 0.059242 0.685577 -3.875463 -10.605758 -0.688672 3.595351 -10.57715 -19.070978 -5.923007 15.838572 -50.920914 -6.891031 26.494049 0.420439 -32.359291 -0.228537 -2.115664 2.328172 -23.616835 -5.882113 9.861295 0.702592 -10.936881 -0.360572 7.156211 -1e-06 8.774831 0.0 -16.044636 18.090475 6.207068 -1.844035 2.498507 -2.50728 -10.16361 4.678952 4.621111 -20.976042 -0.0 0.0 -21.226309 2.451702 -3.594006 1e-06 -7e-06 -1e-06 -1.362683 2.2408 -0.746322 -21.334934 0.584914 3.008323 -13.821227 -0.0 1e-06 -23.887196 -0.249076 -0.839488 -60.558468 2.863432 -0.894794 -0.294025 1.679688 0.833255 -14.218224 0.093218 1.300581 -34.212082 -0.28756 0.967167 -20.033236 0.964539 1.212841 -0.0 1e-06 -2e-06 -3.440392 0.788235 0.501657 -15.928201 -3.167309 2.999709 -6.338832 -0.0 1e-06 -18.123459 3.648188 -4.905675 -3e-06 1e-06 -2e-06 16.13048 15.925141 16.534992 47.063293 16.268839 21.181082 -0.44198 32.138279 -0.318434 1.024726 -1.151787 -14.888918 2.243543 -5.255038 -3.180157 14.282896 -0.826597 6.952503 -0.0 -12.690609 1e-06 15.999116 -17.528412 2.631624 1.665666 -1.955923 -2.878298 4.727801 -4.170588 4.993922 11.020529 0.0 -0.0 12.109056 -3.735719 -2.866783 -0.0 0.0 1e-06 1.291986 -1.92855 -1.498088 14.800132 0.567467 3.865609 14.242576 -1.341738 -6.660658 19.631973 0.143923 -0.648245 49.533588 -0.596074 -6.27163 0.35303 -1.511151 -0.03194 20.222799 3.684308 2.316632 18.787281 2e-06 -2e-06 10.751633 -0.479869 1.397904 2e-06 1e-06 1e-06 3.273808 0.305947 -0.580112 21.486816 11.830374 2.266133 8.16293 1e-06 -1e-06 18.399092 -3.79899 -4.940578 4e-06 1e-06 -1e-06 4.027652 9.004367 -23.168613 0.155295 0.631017 16.414953 -7.452533 7.470716 2.715982 1.716696 -2.059276 -2.107031 -0.0 -0.0 2e-06 4.904511 -7.460807 11.816421 -0.024538 -0.0673 3.034062 -0.280113 0.471156 -10.85674 -1.449255 0.894816 1.169433 -0.0 0.0 -1e-06 
0.0 0.0 0.0 0.0 -0.0 0.0 -40.788864 97.443298 529.062378 -3.890449 -4.38564 -2.787099 3.301735 0.376199 -2.414169 0.054877 1.475817 -5.893882 0.447541 0.112528 15.02052 1.061611 1.894131 7.930313 -0.530496 0.887283 -3.6499 0.162329 0.41987 -9.939894 7.7e-05 -2.2e-05 6e-06 -0.004436 -0.13178 0.06057 0.669741 -3.870471 -10.623192 -0.683754 3.608388 -10.581847 -19.577427 -5.568196 15.891979 -50.839802 -6.659614 26.558464 0.188115 -31.740152 -0.176487 -2.298104 1.932113 -23.221458 -5.882109 9.86129 0.702589 -10.936877 -0.360576 7.156206 0.0 8.77483 -3e-06 -16.115173 18.191423 6.161937 -1.844033 2.498506 -2.507278 -10.163606 4.678947 4.621108 -20.976034 -4e-06 4e-06 -21.226299 2.451697 -3.594003 2e-06 -7e-06 -1e-06 -1.362682 2.240799 -0.746324 -21.334925 0.584908 3.008323 -13.821221 -4e-06 2e-06 -23.887182 -0.24908 -0.839483 -60.719994 2.968985 -0.931353 -0.294025 1.679688 0.833256 -14.218214 0.093214 1.30058 -34.212063 -0.287566 0.967171 -20.033222 0.964536 1.212844 -0.0 -0.0 -1e-06 -3.44039 0.788233 0.501656 -15.928194 -3.167313 2.999706 -6.338829 -2e-06 3e-06 -18.123457 3.648185 -4.905674 -3e-06 1e-06 -1e-06 16.091904 16.377886 16.475569 46.729668 16.672691 21.694031 -0.715493 33.163658 -0.536577 1.276335 -1.297554 -14.349167 2.243543 -5.25504 -3.18016 14.282897 -0.826596 6.952508 -2e-06 -12.690609 1e-06 16.014826 -17.685268 2.695162 1.665666 -1.95592 -2.878299 4.727802 -4.17059 4.993926 11.020531 1e-06 -1e-06 12.109058 -3.735717 -2.866784 -0.0 0.0 -1e-06 1.291985 -1.928549 -1.498091 14.800136 0.567467 3.86561 14.242579 -1.341737 -6.660659 19.631975 0.143925 -0.648246 49.803699 -0.693027 -6.321477 0.353028 -1.511151 -0.031939 20.222803 3.684311 2.316633 18.787287 4e-06 -1e-06 10.751636 -0.479868 1.397906 0.0 2e-06 0.0 3.273807 0.305946 -0.580112 21.486824 11.830379 2.266134 8.162933 1e-06 -1e-06 18.399096 -3.798987 -4.940578 3e-06 -0.0 -1e-06 3.369152 8.459852 -23.487635 -0.001247 0.499562 7.299824 -8.135649 7.350638 3.619741 1.667078 -2.10068 -2.354857 0.0 -1e-06 3e-06 4.533516 -7.417263 13.370466 -0.045669 -0.102505 2.789096 0.047457 0.413835 -12.315317 -1.446811 0.868749 0.964256 0.0 0.0 -1e-06 
